[2026-07-23T17:04:21.594] [DEBUG] debug-file - env: nodejsVersion=v24.14.1
[2026-07-23T17:04:21.706] [DEBUG] debug-file - Hvigor init with startParameters:{
  hvigorfileTypeCheck: false,
  parallelExecution: true,
  incrementalExecution: true,
  printStackTrace: false,
  daemon: false,
  analyze: 0,
  logLevel: Level { level: 20000, levelStr: 'INFO', colour: 'green' },
  optimizationStrategy: 'memory',
  hotCompile: undefined,
  hotReloadBuild: undefined,
  customizedParam: undefined
}
[2026-07-23T17:04:22.313] [DEBUG] debug-file - hvigorfile, require result:  { default: { system: [Function: appTasks], plugins: [] } }
[2026-07-23T17:04:22.378] [DEBUG] debug-file - Start initialize project's product build option map with build mode debug.
[2026-07-23T17:04:22.313] [DEBUG] debug-file - Starting plugin build process
[2026-07-23T17:04:22.384] [DEBUG] debug-file - Start recording SDK configuration permission data.
[2026-07-23T17:04:22.379] [DEBUG] debug-file - Obtain build option for product 'default'in this build.
[2026-07-23T17:04:22.400] [DEBUG] debug-file - Project task initialization takes 2 ms 
[2026-07-23T17:04:22.403] [DEBUG] debug-file - failed to load cangjie to dynamically generate schemas: Error: Cannot find module '@ohos/cangjie-build-support/index'
Require stack:
- /Users/guoyutong/command-line-tools/hvigor/hvigor-ohos-plugin/src/plugin/hooks/cangjie-register.js
- /Users/guoyutong/command-line-tools/hvigor/hvigor-ohos-plugin/src/plugin/strategy/stage-init-strategy.js
- /Users/guoyutong/command-line-tools/hvigor/hvigor-ohos-plugin/src/plugin/builder/abstract-plugin-builder.js
- /Users/guoyutong/command-line-tools/hvigor/hvigor-ohos-plugin/src/plugin/builder/app-plugin-builder.js
- /Users/guoyutong/command-line-tools/hvigor/hvigor-ohos-plugin/src/plugin/factory/plugin-factory.js
- /Users/guoyutong/command-line-tools/hvigor/hvigor-ohos-plugin/index.js
- /Users/guoyutong/MyWorkSpace/TestThirdParty/cases/tinyxml2/harmony-demo/hvigorfile.ts
- /Users/guoyutong/command-line-tools/hvigor/hvigor/src/base/internal/lifecycle/configuration.js
- /Users/guoyutong/command-line-tools/hvigor/hvigor/src/base/boot/index.js
- /Users/guoyutong/command-line-tools/hvigor/hvigor/src/cli/main/cli.js
- /Users/guoyutong/command-line-tools/hvigor/hvigor/bin/hvigor.js
[2026-07-23T17:04:22.406] [DEBUG] debug-file - Start initialize module-target build option map, moduleName=entry, buildMode=debug
[2026-07-23T17:04:22.378] [DEBUG] debug-file - App plugin register hook start...
[2026-07-23T17:04:21.595] [DEBUG] debug-file - env: hvigor-config.json5 content = {
  modelVersion: '6.1.0',
  dependencies: {},
  execution: {},
  logging: {},
  debugging: {},
  nodeOptions: {}
}
[2026-07-23T17:04:22.425] [DEBUG] debug-file - Create  resident worker with id: 0.
[2026-07-23T17:04:21.706] [DEBUG] debug-file - Since current hvigor version 6.26.1 differs from last hvigor version 
      undefined, delete file-cache.json and task-cache.json.
[2026-07-23T17:04:22.313] [DEBUG] debug-file - hvigorfile, binding system plugins [Function: appTasks]
[2026-07-23T17:04:22.378] [DEBUG] debug-file - Picking option from product 'default' with build mode 'debug'.
[2026-07-23T17:04:22.313] [DEBUG] debug-file - App plugin prepare start...
[2026-07-23T17:04:22.398] [DEBUG] debug-file - Sdk init in 18 ms 
[2026-07-23T17:04:22.380] [DEBUG] debug-file - No signingConfig found, initRemoteHspCache failed.
[2026-07-23T17:04:22.400] [DEBUG] debug-file - hvigorfile, begin to bind custom plugins...
[2026-07-23T17:04:22.406] [DEBUG] debug-file - Target 'default' config initialized
[2026-07-23T17:04:22.378] [DEBUG] debug-file - App plugin register hook end...
[2026-07-23T17:04:21.596] [DEBUG] debug-file - env: daemon=false
[2026-07-23T17:04:22.427] [DEBUG] debug-file - Create  resident worker with id: 1.
[2026-07-23T17:04:21.707] [DEBUG] debug-file - Cache service initialization finished in 1 ms 
[2026-07-23T17:04:22.379] [DEBUG] debug-file - Product 'default' build option initialized
[2026-07-23T17:04:22.313] [DEBUG] debug-file - App plugin prepare end...
[2026-07-23T17:04:22.381] [DEBUG] debug-file - Local scan or download HarmonyOS sdk components toolchains,ets,js,native,previewer
[2026-07-23T17:04:22.400] [DEBUG] debug-file - hvigorfile, no custom plugins were found in /Users/guoyutong/MyWorkSpace/TestThirdParty/cases/tinyxml2/harmony-demo/hvigorfile.ts
[2026-07-23T17:04:22.406] [DEBUG] debug-file - Target 'ohosTest' config initialized
[2026-07-23T17:04:22.378] [DEBUG] debug-file - Plugin build process completed
[2026-07-23T17:04:21.596] [DEBUG] debug-file - no-daemon, use the parent process.execArgv --max-old-space-size=8192,--max-semi-space-size=16,--expose-gc
[2026-07-23T17:04:22.428] [DEBUG] debug-file - Current worker pool is stopped or closed.
[2026-07-23T17:04:21.707] [DEBUG] debug-file - hvigorfile, resolving /Users/guoyutong/MyWorkSpace/TestThirdParty/cases/tinyxml2/harmony-demo/hvigorfile.ts
[2026-07-23T17:04:22.379] [DEBUG] debug-file - End initialize project's product build option map with build mode 'debug'.
[2026-07-23T17:04:22.313] [DEBUG] debug-file - App plugin creating...
[2026-07-23T17:04:22.383] [DEBUG] debug-file - Local scan or download hmscore sdk components toolchains,ets,native
[2026-07-23T17:04:22.400] [DEBUG] debug-file - hvigorfile, resolve finished /Users/guoyutong/MyWorkSpace/TestThirdParty/cases/tinyxml2/harmony-demo/hvigorfile.ts
[2026-07-23T17:04:22.406] [DEBUG] debug-file - Module 'entry' target 'default' build option initialized
[2026-07-23T17:04:22.428] [DEBUG] debug-file - Clear worker 0.
[2026-07-23T17:04:22.401] [DEBUG] debug-file - hvigorfile, resolving /Users/guoyutong/MyWorkSpace/TestThirdParty/cases/tinyxml2/harmony-demo/entry/hvigorfile.ts
[2026-07-23T17:04:22.406] [DEBUG] debug-file - Module 'entry' target 'ohosTest' build option initialized
[2026-07-23T17:04:22.428] [DEBUG] debug-file - Worker 0 has been cleared.
[2026-07-23T17:04:22.403] [DEBUG] debug-file - hvigorfile, require result:  { default: { system: [Function: hapTasks], plugins: [] } }
[2026-07-23T17:04:22.406] [DEBUG] debug-file - End initialize module-target build option map, moduleName=entry
[2026-07-23T17:04:22.428] [DEBUG] debug-file - Current idle worker size: 1.
[2026-07-23T17:04:22.403] [DEBUG] debug-file - hvigorfile, binding system plugins [Function: hapTasks]
[2026-07-23T17:04:22.406] [DEBUG] debug-file - Start initialize module-target build option map, moduleName=entry, buildMode=release
[2026-07-23T17:04:22.428] [DEBUG] debug-file - Current busy worker size: 0.
[2026-07-23T17:04:22.403] [DEBUG] debug-file - Starting plugin build process
[2026-07-23T17:04:22.406] [DEBUG] debug-file - Target 'default' config initialized
[2026-07-23T17:04:22.428] [DEBUG] debug-file - Clear worker 1.
[2026-07-23T17:04:22.403] [DEBUG] debug-file - Hap plugin creating...
[2026-07-23T17:04:22.406] [DEBUG] debug-file - Target 'ohosTest' config initialized
[2026-07-23T17:04:22.428] [DEBUG] debug-file - Worker 1 has been cleared.
[2026-07-23T17:04:22.406] [DEBUG] debug-file - Module 'entry' target 'default' build option initialized
[2026-07-23T17:04:22.428] [DEBUG] debug-file - Current idle worker size: 0.
[2026-07-23T17:04:22.406] [DEBUG] debug-file - Module 'entry' target 'ohosTest' build option initialized
[2026-07-23T17:04:22.428] [DEBUG] debug-file - Current busy worker size: 0.
[2026-07-23T17:04:22.406] [DEBUG] debug-file - End initialize module-target build option map, moduleName=entry
[2026-07-23T17:04:22.428] [DEBUG] debug-file - hvigor build process will be closed.
[2026-07-23T17:04:22.406] [DEBUG] debug-file - Start initialize module-target build option map, moduleName=entry, buildMode=debug
[2026-07-23T17:04:22.431] [DEBUG] debug-file - worker[0] exits with exit code 0.
[2026-07-23T17:04:22.431] [DEBUG] debug-file - Current worker pool is terminated.
[2026-07-23T17:04:22.406] [DEBUG] debug-file - Target 'default' config initialized
[2026-07-23T17:04:22.432] [DEBUG] debug-file - worker[1] exits with exit code 0.
[2026-07-23T17:04:22.406] [DEBUG] debug-file - Target 'ohosTest' config initialized
[2026-07-23T17:04:22.406] [DEBUG] debug-file - Module 'entry' target 'default' build option initialized
[2026-07-23T17:04:22.406] [DEBUG] debug-file - Module 'entry' target 'ohosTest' build option initialized
[2026-07-23T17:04:22.406] [DEBUG] debug-file - End initialize module-target build option map, moduleName=entry
[2026-07-23T17:04:22.406] [DEBUG] debug-file - Obtain build option for module 'entry' target 'default'in this build.
[2026-07-23T17:04:22.407] [DEBUG] debug-file - hvigor build process will be closed with an error.
[2026-07-23T17:04:22.418] [DEBUG] debug-file - ERROR: stacktrace = Error: [31mError Code: 00308018 Unknown Error
api version parameter is illegal! Expected format: <major>[.<minor>][.<patch>], e.g., "17", "17.2", "17.2.3"

* Try the following:
  > This error is unknown, view the detailed error logs in the '.hvigor > outputs > build-logs' directory in the project directory for analysis, or contact the developer's official website for help.
  > More info: https://developer.huawei.com/consumer/en/doc/harmonyos-faqs/faqs-compiling-and-building

    at new ApiVersion (/Users/guoyutong/command-line-tools/hvigor/hvigor-ohos-plugin/node_modules/@ohos/sdkmanager-common/build/src/core/loader/abstract-component-dto.js:99:19)
    at ValidateUtil.integrationVersionCheck (/Users/guoyutong/command-line-tools/hvigor/hvigor-ohos-plugin/src/utils/validate/validate-util.js:1:4655)
    at new TargetTaskService (/Users/guoyutong/command-line-tools/hvigor/hvigor-ohos-plugin/src/tasks/service/target-task-service.js:1:2924)
    at HapPlugin.initTargetDepends (/Users/guoyutong/command-line-tools/hvigor/hvigor-ohos-plugin/src/plugin/common/abstract-module-plugin.js:1:3079)
    at StageInitializationStrategy.setUpModulePlugin (/Users/guoyutong/command-line-tools/hvigor/hvigor-ohos-plugin/src/plugin/strategy/stage-init-strategy.js:1:3068)
    at StageInitializationStrategy.createHapPlugin (/Users/guoyutong/command-line-tools/hvigor/hvigor-ohos-plugin/src/plugin/strategy/stage-init-strategy.js:1:1229)
    at HapPluginBuilder.createPlugin (/Users/guoyutong/command-line-tools/hvigor/hvigor-ohos-plugin/src/plugin/builder/hap-plugin-builder.js:1:622)
    at HapPluginBuilder.build (/Users/guoyutong/command-line-tools/hvigor/hvigor-ohos-plugin/src/plugin/builder/abstract-plugin-builder.js:1:756)
    at PluginFactory.getHapPlugin (/Users/guoyutong/command-line-tools/hvigor/hvigor-ohos-plugin/src/plugin/factory/plugin-factory.js:1:574)
    at hapTasks (/Users/guoyutong/command-line-tools/hvigor/hvigor-ohos-plugin/index.js:1:443)
[2026-07-23T17:04:22.418] [ERROR] debug-file - Error: [31mError Code: 00308018 Unknown Error
api version parameter is illegal! Expected format: <major>[.<minor>][.<patch>], e.g., "17", "17.2", "17.2.3"

* Try the following:
  > This error is unknown, view the detailed error logs in the '.hvigor > outputs > build-logs' directory in the project directory for analysis, or contact the developer's official website for help.
  > More info: https://developer.huawei.com/consumer/en/doc/harmonyos-faqs/faqs-compiling-and-building

    at new ApiVersion (/Users/guoyutong/command-line-tools/hvigor/hvigor-ohos-plugin/node_modules/@ohos/sdkmanager-common/build/src/core/loader/abstract-component-dto.js:99:19)
    at ValidateUtil.integrationVersionCheck (/Users/guoyutong/command-line-tools/hvigor/hvigor-ohos-plugin/src/utils/validate/validate-util.js:1:4655)
    at new TargetTaskService (/Users/guoyutong/command-line-tools/hvigor/hvigor-ohos-plugin/src/tasks/service/target-task-service.js:1:2924)
    at HapPlugin.initTargetDepends (/Users/guoyutong/command-line-tools/hvigor/hvigor-ohos-plugin/src/plugin/common/abstract-module-plugin.js:1:3079)
    at StageInitializationStrategy.setUpModulePlugin (/Users/guoyutong/command-line-tools/hvigor/hvigor-ohos-plugin/src/plugin/strategy/stage-init-strategy.js:1:3068)
    at StageInitializationStrategy.createHapPlugin (/Users/guoyutong/command-line-tools/hvigor/hvigor-ohos-plugin/src/plugin/strategy/stage-init-strategy.js:1:1229)
    at HapPluginBuilder.createPlugin (/Users/guoyutong/command-line-tools/hvigor/hvigor-ohos-plugin/src/plugin/builder/hap-plugin-builder.js:1:622)
    at HapPluginBuilder.build (/Users/guoyutong/command-line-tools/hvigor/hvigor-ohos-plugin/src/plugin/builder/abstract-plugin-builder.js:1:756)
    at PluginFactory.getHapPlugin (/Users/guoyutong/command-line-tools/hvigor/hvigor-ohos-plugin/src/plugin/factory/plugin-factory.js:1:574)
    at hapTasks (/Users/guoyutong/command-line-tools/hvigor/hvigor-ohos-plugin/index.js:1:443)
[2026-07-23T17:04:22.419] [ERROR] debug-file - BUILD FAILED in 715 ms 
[2026-07-23T17:04:22.425] [DEBUG] debug-file - Since there is no instance or instance is terminated, create a new worker pool.
[2026-07-23T17:04:22.425] [DEBUG] debug-file - Worker pool is initialized with config:  {
  minPoolNum: 2,
  maxPoolNum: undefined,
  maxCoreSize: undefined,
  cacheCapacity: undefined,
  cacheTtl: undefined
}
[2026-07-23T17:04:33.126] [DEBUG] debug-file - env: nodejsVersion=v24.14.1
[2026-07-23T17:04:33.224] [DEBUG] debug-file - Hvigor init with startParameters:{
  hvigorfileTypeCheck: false,
  parallelExecution: true,
  incrementalExecution: true,
  printStackTrace: false,
  daemon: false,
  analyze: 0,
  logLevel: Level { level: 20000, levelStr: 'INFO', colour: 'green' },
  optimizationStrategy: 'memory',
  hotCompile: undefined,
  hotReloadBuild: undefined,
  customizedParam: undefined
}
[2026-07-23T17:04:33.578] [DEBUG] debug-file - hvigorfile, require result:  { default: { system: [Function: appTasks], plugins: [] } }
[2026-07-23T17:04:33.579] [DEBUG] debug-file - Starting plugin build process
[2026-07-23T17:04:33.644] [DEBUG] debug-file - hvigor build process will be closed with an error.
[2026-07-23T17:04:33.126] [DEBUG] debug-file - env: hvigor-config.json5 content = {
  modelVersion: '6.1.0',
  dependencies: {},
  execution: {},
  logging: {},
  debugging: {},
  nodeOptions: {}
}
[2026-07-23T17:04:33.225] [DEBUG] debug-file - Cache service initialization finished in 1 ms 
[2026-07-23T17:04:33.654] [DEBUG] debug-file - Create  resident worker with id: 0.
[2026-07-23T17:04:33.578] [DEBUG] debug-file - hvigorfile, binding system plugins [Function: appTasks]
[2026-07-23T17:04:33.579] [DEBUG] debug-file - App plugin prepare start...
[2026-07-23T17:04:33.651] [ERROR] debug-file - [31m00306042 Specification Limit Violation
Error Message: In HarmonyOS configuration:
- For API versions 10 to 25, the value of compatibleSdkVersion/targetSdkVersion must be a string (for example, '5.0.0(12)').
- For API version 26 and later, the value of compatibleSdkVersion/targetSdkVersion must be a string (for example, '26.0.0').

* Try the following:
  > Check the project's build-profile.json5. At file: /Users/guoyutong/MyWorkSpace/TestThirdParty/cases/tinyxml2/harmony-demo/build-profile.json5
[39m

[31m* Try:
> Run with --stacktrace option to get the stack trace.
> Run with --debug option to get more log output.

[2026-07-23T17:04:33.127] [DEBUG] debug-file - env: daemon=false
[2026-07-23T17:04:33.225] [DEBUG] debug-file - hvigorfile, resolving /Users/guoyutong/MyWorkSpace/TestThirdParty/cases/tinyxml2/harmony-demo/hvigorfile.ts
[2026-07-23T17:04:33.655] [DEBUG] debug-file - Create  resident worker with id: 1.
[2026-07-23T17:04:33.579] [DEBUG] debug-file - App plugin prepare end...
[2026-07-23T17:04:33.651] [DEBUG] debug-file - ERROR: stacktrace = AdaptorError: [31m00306042 Specification Limit Violation
Error Message: In HarmonyOS configuration:
- For API versions 10 to 25, the value of compatibleSdkVersion/targetSdkVersion must be a string (for example, '5.0.0(12)').
- For API version 26 and later, the value of compatibleSdkVersion/targetSdkVersion must be a string (for example, '26.0.0').

* Try the following:
  > Check the project's build-profile.json5. At file: /Users/guoyutong/MyWorkSpace/TestThirdParty/cases/tinyxml2/harmony-demo/build-profile.json5
[39m
    at OhosLogger.printErrorExit (/Users/guoyutong/command-line-tools/hvigor/hvigor/src/base/log/hvigor-log.js:1:5087)
    at parseApiVersion (/Users/guoyutong/command-line-tools/hvigor/hvigor-ohos-plugin/src/sdk/sdk-util.js:1:2442)
    at ProjectModelImpl.initializeApiMetadata (/Users/guoyutong/command-line-tools/hvigor/hvigor-ohos-plugin/src/model/project/core-project-model-impl.js:1:6475)
    at new CoreProjectModelImpl (/Users/guoyutong/command-line-tools/hvigor/hvigor-ohos-plugin/src/model/project/core-project-model-impl.js:1:2919)
    at new ProjectModelImpl (/Users/guoyutong/command-line-tools/hvigor/hvigor-ohos-plugin/src/model/project/project-model-impl.js:1:596)
    at new AppPlugin (/Users/guoyutong/command-line-tools/hvigor/hvigor-ohos-plugin/src/plugin/app-plugin.js:1:514)
    at StageInitializationStrategy.createAppPlugin (/Users/guoyutong/command-line-tools/hvigor/hvigor-ohos-plugin/src/plugin/strategy/stage-init-strategy.js:1:949)
    at AppPluginBuilder.createPlugin (/Users/guoyutong/command-line-tools/hvigor/hvigor-ohos-plugin/src/plugin/builder/app-plugin-builder.js:1:1672)
    at AppPluginBuilder.build (/Users/guoyutong/command-line-tools/hvigor/hvigor-ohos-plugin/src/plugin/builder/abstract-plugin-builder.js:1:756)
    at PluginFactory.getAppPlugin (/Users/guoyutong/command-line-tools/hvigor/hvigor-ohos-plugin/src/plugin/factory/plugin-factory.js:1:481)
[2026-07-23T17:04:33.127] [DEBUG] debug-file - no-daemon, use the parent process.execArgv --max-old-space-size=8192,--max-semi-space-size=16,--expose-gc
[2026-07-23T17:04:33.655] [DEBUG] debug-file - Current worker pool is stopped or closed.
[2026-07-23T17:04:33.579] [DEBUG] debug-file - App plugin creating...
[2026-07-23T17:04:33.651] [ERROR] debug-file - AdaptorError: [31m00306042 Specification Limit Violation
Error Message: In HarmonyOS configuration:
- For API versions 10 to 25, the value of compatibleSdkVersion/targetSdkVersion must be a string (for example, '5.0.0(12)').
- For API version 26 and later, the value of compatibleSdkVersion/targetSdkVersion must be a string (for example, '26.0.0').

* Try the following:
  > Check the project's build-profile.json5. At file: /Users/guoyutong/MyWorkSpace/TestThirdParty/cases/tinyxml2/harmony-demo/build-profile.json5
[39m
    at OhosLogger.printErrorExit (/Users/guoyutong/command-line-tools/hvigor/hvigor/src/base/log/hvigor-log.js:1:5087)
    at parseApiVersion (/Users/guoyutong/command-line-tools/hvigor/hvigor-ohos-plugin/src/sdk/sdk-util.js:1:2442)
    at ProjectModelImpl.initializeApiMetadata (/Users/guoyutong/command-line-tools/hvigor/hvigor-ohos-plugin/src/model/project/core-project-model-impl.js:1:6475)
    at new CoreProjectModelImpl (/Users/guoyutong/command-line-tools/hvigor/hvigor-ohos-plugin/src/model/project/core-project-model-impl.js:1:2919)
    at new ProjectModelImpl (/Users/guoyutong/command-line-tools/hvigor/hvigor-ohos-plugin/src/model/project/project-model-impl.js:1:596)
    at new AppPlugin (/Users/guoyutong/command-line-tools/hvigor/hvigor-ohos-plugin/src/plugin/app-plugin.js:1:514)
    at StageInitializationStrategy.createAppPlugin (/Users/guoyutong/command-line-tools/hvigor/hvigor-ohos-plugin/src/plugin/strategy/stage-init-strategy.js:1:949)
    at AppPluginBuilder.createPlugin (/Users/guoyutong/command-line-tools/hvigor/hvigor-ohos-plugin/src/plugin/builder/app-plugin-builder.js:1:1672)
    at AppPluginBuilder.build (/Users/guoyutong/command-line-tools/hvigor/hvigor-ohos-plugin/src/plugin/builder/abstract-plugin-builder.js:1:756)
    at PluginFactory.getAppPlugin (/Users/guoyutong/command-line-tools/hvigor/hvigor-ohos-plugin/src/plugin/factory/plugin-factory.js:1:481)
[2026-07-23T17:04:33.655] [DEBUG] debug-file - Clear worker 0.
[2026-07-23T17:04:33.651] [ERROR] debug-file - BUILD FAILED in 429 ms 
[2026-07-23T17:04:33.655] [DEBUG] debug-file - Worker 0 has been cleared.
[2026-07-23T17:04:33.654] [DEBUG] debug-file - Since there is no instance or instance is terminated, create a new worker pool.
[2026-07-23T17:04:33.655] [DEBUG] debug-file - Current idle worker size: 1.
[2026-07-23T17:04:33.654] [DEBUG] debug-file - Worker pool is initialized with config:  {
  minPoolNum: 2,
  maxPoolNum: undefined,
  maxCoreSize: undefined,
  cacheCapacity: undefined,
  cacheTtl: undefined
}
[2026-07-23T17:04:33.655] [DEBUG] debug-file - Current busy worker size: 0.
[2026-07-23T17:04:33.655] [DEBUG] debug-file - Clear worker 1.
[2026-07-23T17:04:33.655] [DEBUG] debug-file - Worker 1 has been cleared.
[2026-07-23T17:04:33.655] [DEBUG] debug-file - Current idle worker size: 0.
[2026-07-23T17:04:33.655] [DEBUG] debug-file - Current busy worker size: 0.
[2026-07-23T17:04:33.658] [DEBUG] debug-file - hvigor build process will be closed.
[2026-07-23T17:04:33.660] [DEBUG] debug-file - worker[1] exits with exit code 0.
[2026-07-23T17:04:33.660] [DEBUG] debug-file - worker[0] exits with exit code 0.
[2026-07-23T17:04:33.660] [DEBUG] debug-file - Current worker pool is terminated.
[2026-07-23T17:04:52.662] [DEBUG] debug-file - env: nodejsVersion=v24.14.1
[2026-07-23T17:04:52.759] [DEBUG] debug-file - Hvigor init with startParameters:{
  hvigorfileTypeCheck: false,
  parallelExecution: true,
  incrementalExecution: true,
  printStackTrace: false,
  daemon: false,
  analyze: 0,
  logLevel: Level { level: 20000, levelStr: 'INFO', colour: 'green' },
  optimizationStrategy: 'memory',
  hotCompile: undefined,
  hotReloadBuild: undefined,
  customizedParam: undefined
}
[2026-07-23T17:04:53.112] [DEBUG] debug-file - hvigorfile, require result:  { default: { system: [Function: appTasks], plugins: [] } }
[2026-07-23T17:04:53.112] [DEBUG] debug-file - Starting plugin build process
[2026-07-23T17:04:53.177] [DEBUG] debug-file - Start initialize project's product build option map with build mode debug.
[2026-07-23T17:04:53.176] [DEBUG] debug-file - App plugin register hook start...
[2026-07-23T17:04:53.177] [DEBUG] debug-file - Obtain build option for product 'default'in this build.
[2026-07-23T17:04:53.180] [DEBUG] debug-file - Start recording SDK configuration permission data.
[2026-07-23T17:04:53.197] [DEBUG] debug-file - failed to load cangjie to dynamically generate schemas: Error: Cannot find module '@ohos/cangjie-build-support/index'
Require stack:
- /Users/guoyutong/command-line-tools/hvigor/hvigor-ohos-plugin/src/plugin/hooks/cangjie-register.js
- /Users/guoyutong/command-line-tools/hvigor/hvigor-ohos-plugin/src/plugin/strategy/stage-init-strategy.js
- /Users/guoyutong/command-line-tools/hvigor/hvigor-ohos-plugin/src/plugin/builder/abstract-plugin-builder.js
- /Users/guoyutong/command-line-tools/hvigor/hvigor-ohos-plugin/src/plugin/builder/app-plugin-builder.js
- /Users/guoyutong/command-line-tools/hvigor/hvigor-ohos-plugin/src/plugin/factory/plugin-factory.js
- /Users/guoyutong/command-line-tools/hvigor/hvigor-ohos-plugin/index.js
- /Users/guoyutong/MyWorkSpace/TestThirdParty/cases/tinyxml2/harmony-demo/hvigorfile.ts
- /Users/guoyutong/command-line-tools/hvigor/hvigor/src/base/internal/lifecycle/configuration.js
- /Users/guoyutong/command-line-tools/hvigor/hvigor/src/base/boot/index.js
- /Users/guoyutong/command-line-tools/hvigor/hvigor/src/cli/main/cli.js
- /Users/guoyutong/command-line-tools/hvigor/hvigor/bin/hvigor.js
[2026-07-23T17:04:53.200] [DEBUG] debug-file - Start initialize module-target build option map, moduleName=entry, buildMode=debug
[2026-07-23T17:04:53.195] [DEBUG] debug-file - Project task initialization takes 2 ms 
[2026-07-23T17:04:53.203] [DEBUG] debug-file - project has submodules:entry
[2026-07-23T17:04:53.206] [DEBUG] debug-file - Start to initialize dependency information.
[2026-07-23T17:04:53.203] [DEBUG] debug-file - start to load updatedOhPackageInfo to the disk
[2026-07-23T17:04:53.211] [DEBUG] debug-file - Executing task :entry:default@PreBuild
[2026-07-23T17:04:52.663] [DEBUG] debug-file - env: hvigor-config.json5 content = {
  modelVersion: '6.1.0',
  dependencies: {},
  execution: {},
  logging: {},
  debugging: {},
  nodeOptions: {}
}
[2026-07-23T17:04:53.237] [DEBUG] debug-file - Create  resident worker with id: 0.
[2026-07-23T17:04:52.760] [DEBUG] debug-file - Cache service initialization finished in 1 ms 
[2026-07-23T17:04:53.112] [DEBUG] debug-file - hvigorfile, binding system plugins [Function: appTasks]
[2026-07-23T17:04:53.112] [DEBUG] debug-file - App plugin prepare start...
[2026-07-23T17:04:53.177] [DEBUG] debug-file - Picking option from product 'default' with build mode 'debug'.
[2026-07-23T17:04:53.176] [DEBUG] debug-file - App plugin register hook end...
[2026-07-23T17:04:53.178] [DEBUG] debug-file - No signingConfig found, initRemoteHspCache failed.
[2026-07-23T17:04:53.193] [DEBUG] debug-file - Sdk init in 15 ms 
[2026-07-23T17:04:53.200] [DEBUG] debug-file - Target 'default' config initialized
[2026-07-23T17:04:53.195] [DEBUG] debug-file - hvigorfile, begin to bind custom plugins...
[2026-07-23T17:04:53.207] [DEBUG] debug-file - Module entry Collected Dependency: /Users/guoyutong/MyWorkSpace/TestThirdParty/cases/tinyxml2/harmony-demo/entry/src/main/cpp/types/libentry
[2026-07-23T17:04:53.204] [DEBUG] debug-file - load to the disk finished
[2026-07-23T17:04:53.213] [DEBUG] debug-file - Task 'entry:default@PreBuild' cost while wrapping incremental declarations: 1 ms 
[2026-07-23T17:04:52.663] [DEBUG] debug-file - env: daemon=false
[2026-07-23T17:04:53.238] [DEBUG] debug-file - Create  resident worker with id: 1.
[2026-07-23T17:04:52.760] [DEBUG] debug-file - hvigorfile, resolving /Users/guoyutong/MyWorkSpace/TestThirdParty/cases/tinyxml2/harmony-demo/hvigorfile.ts
[2026-07-23T17:04:53.112] [DEBUG] debug-file - App plugin prepare end...
[2026-07-23T17:04:53.177] [DEBUG] debug-file - Product 'default' build option initialized
[2026-07-23T17:04:53.178] [DEBUG] debug-file - Local scan or download HarmonyOS sdk components toolchains,ets,js,native,previewer
[2026-07-23T17:04:53.176] [DEBUG] debug-file - Plugin build process completed
[2026-07-23T17:04:53.200] [DEBUG] debug-file - Target 'ohosTest' config initialized
[2026-07-23T17:04:53.195] [DEBUG] debug-file - hvigorfile, no custom plugins were found in /Users/guoyutong/MyWorkSpace/TestThirdParty/cases/tinyxml2/harmony-demo/hvigorfile.ts
[2026-07-23T17:04:53.207] [DEBUG] debug-file - Module entry's total dependency: 1
[2026-07-23T17:04:53.204] [DEBUG] debug-file - Start to initialize dependency information.
[2026-07-23T17:04:53.227] [ERROR] debug-file - Failed :entry:default@PreBuild... 
[2026-07-23T17:04:52.663] [DEBUG] debug-file - no-daemon, use the parent process.execArgv --max-old-space-size=8192,--max-semi-space-size=16,--expose-gc
[2026-07-23T17:04:53.238] [DEBUG] debug-file - Current worker pool is stopped or closed.
[2026-07-23T17:04:53.112] [DEBUG] debug-file - App plugin creating...
[2026-07-23T17:04:53.177] [DEBUG] debug-file - End initialize project's product build option map with build mode 'debug'.
[2026-07-23T17:04:53.179] [DEBUG] debug-file - Local scan or download hmscore sdk components toolchains,ets,native
[2026-07-23T17:04:53.200] [DEBUG] debug-file - Module 'entry' target 'default' build option initialized
[2026-07-23T17:04:53.195] [DEBUG] debug-file - hvigorfile, resolve finished /Users/guoyutong/MyWorkSpace/TestThirdParty/cases/tinyxml2/harmony-demo/hvigorfile.ts
[2026-07-23T17:04:53.208] [DEBUG] debug-file - Configuration phase cost:449 ms 
[2026-07-23T17:04:53.206] [DEBUG] debug-file - Module harmony-demo Collected Dependency: 
[2026-07-23T17:04:53.227] [DEBUG] debug-file - hvigor build process will be closed with an error.
[2026-07-23T17:04:53.238] [DEBUG] debug-file - Clear worker 0.
[2026-07-23T17:04:53.201] [DEBUG] debug-file - Module 'entry' target 'ohosTest' build option initialized
[2026-07-23T17:04:53.195] [DEBUG] debug-file - hvigorfile, resolving /Users/guoyutong/MyWorkSpace/TestThirdParty/cases/tinyxml2/harmony-demo/entry/hvigorfile.ts
[2026-07-23T17:04:53.209] [DEBUG] debug-file - Configuration task cost before running: 452 ms 
[2026-07-23T17:04:53.206] [DEBUG] debug-file - Module harmony-demo's total dependency: 0
[2026-07-23T17:04:53.233] [ERROR] debug-file - [31m00303038 Configuration Error
Error Message: Schema validate failed, at file: /Users/guoyutong/MyWorkSpace/TestThirdParty/cases/tinyxml2/harmony-demo/AppScope/app.json5

* Try the following:
  > Please check the following fields. 
 {
  instancePath: 'app',
  keyword: 'required',
  params: { missingProperty: 'icon' },
  message: "must have required property 'icon'",
  location: '/Users/guoyutong/MyWorkSpace/TestThirdParty/cases/tinyxml2/harmony-demo/AppScope/app.json5:2:11'
} 

[39m

[31m* Try:
> Run with --stacktrace option to get the stack trace.
> Run with --debug option to get more log output.

[2026-07-23T17:04:53.238] [DEBUG] debug-file - Worker 0 has been cleared.
[2026-07-23T17:04:53.201] [DEBUG] debug-file - End initialize module-target build option map, moduleName=entry
[2026-07-23T17:04:53.197] [DEBUG] debug-file - hvigorfile, require result:  { default: { system: [Function: hapTasks], plugins: [] } }
[2026-07-23T17:04:53.233] [DEBUG] debug-file - ERROR: stacktrace = AdaptorError: [31m00303038 Configuration Error
Error Message: Schema validate failed, at file: /Users/guoyutong/MyWorkSpace/TestThirdParty/cases/tinyxml2/harmony-demo/AppScope/app.json5

* Try the following:
  > Please check the following fields. 
 {
  instancePath: 'app',
  keyword: 'required',
  params: { missingProperty: 'icon' },
  message: "must have required property 'icon'",
  location: '/Users/guoyutong/MyWorkSpace/TestThirdParty/cases/tinyxml2/harmony-demo/AppScope/app.json5:2:11'
} 

[39m
    at OhosLogger.printErrorExit (/Users/guoyutong/command-line-tools/hvigor/hvigor/src/base/log/hvigor-log.js:1:5087)
    at ValidateUtil.doSchemaCheck (/Users/guoyutong/command-line-tools/hvigor/hvigor-ohos-plugin/src/utils/validate/validate-util.js:1:8177)
    at ValidateUtil.submitSchemaCheckWork (/Users/guoyutong/command-line-tools/hvigor/hvigor-ohos-plugin/src/utils/validate/validate-util.js:1:7013)
    at PreBuild.appJson5Validate (/Users/guoyutong/command-line-tools/hvigor/hvigor-ohos-plugin/src/tasks/pre-build.js:1:14582)
    at PreBuild.doValidateForDiffApiType (/Users/guoyutong/command-line-tools/hvigor/hvigor-ohos-plugin/src/tasks/pre-build.js:1:9869)
    at PreBuild.doTaskAction (/Users/guoyutong/command-line-tools/hvigor/hvigor-ohos-plugin/src/tasks/abstract/abstract-pre-build.js:1:7626)
    at PreBuild.<anonymous> (/Users/guoyutong/command-line-tools/hvigor/hvigor-ohos-plugin/src/tasks/task/ohos-module-task.js:1:2137)
    at process.processTicksAndRejections (node:internal/process/task_queues:104:5)
    at async PreBuild.execute (/Users/guoyutong/command-line-tools/hvigor/hvigor/src/base/external/task/core-task-impl.js:1:2258)
    at async TaskProxy.execute (/Users/guoyutong/command-line-tools/hvigor/hvigor/src/base/internal/task/proxy/task-proxy.js:1:6613)
[2026-07-23T17:04:53.238] [DEBUG] debug-file - Current idle worker size: 1.
[2026-07-23T17:04:53.201] [DEBUG] debug-file - Start initialize module-target build option map, moduleName=entry, buildMode=release
[2026-07-23T17:04:53.197] [DEBUG] debug-file - hvigorfile, binding system plugins [Function: hapTasks]
[2026-07-23T17:04:53.233] [ERROR] debug-file - AdaptorError: [31m00303038 Configuration Error
Error Message: Schema validate failed, at file: /Users/guoyutong/MyWorkSpace/TestThirdParty/cases/tinyxml2/harmony-demo/AppScope/app.json5

* Try the following:
  > Please check the following fields. 
 {
  instancePath: 'app',
  keyword: 'required',
  params: { missingProperty: 'icon' },
  message: "must have required property 'icon'",
  location: '/Users/guoyutong/MyWorkSpace/TestThirdParty/cases/tinyxml2/harmony-demo/AppScope/app.json5:2:11'
} 

[39m
    at OhosLogger.printErrorExit (/Users/guoyutong/command-line-tools/hvigor/hvigor/src/base/log/hvigor-log.js:1:5087)
    at ValidateUtil.doSchemaCheck (/Users/guoyutong/command-line-tools/hvigor/hvigor-ohos-plugin/src/utils/validate/validate-util.js:1:8177)
    at ValidateUtil.submitSchemaCheckWork (/Users/guoyutong/command-line-tools/hvigor/hvigor-ohos-plugin/src/utils/validate/validate-util.js:1:7013)
    at PreBuild.appJson5Validate (/Users/guoyutong/command-line-tools/hvigor/hvigor-ohos-plugin/src/tasks/pre-build.js:1:14582)
    at PreBuild.doValidateForDiffApiType (/Users/guoyutong/command-line-tools/hvigor/hvigor-ohos-plugin/src/tasks/pre-build.js:1:9869)
    at PreBuild.doTaskAction (/Users/guoyutong/command-line-tools/hvigor/hvigor-ohos-plugin/src/tasks/abstract/abstract-pre-build.js:1:7626)
    at PreBuild.<anonymous> (/Users/guoyutong/command-line-tools/hvigor/hvigor-ohos-plugin/src/tasks/task/ohos-module-task.js:1:2137)
    at process.processTicksAndRejections (node:internal/process/task_queues:104:5)
    at async PreBuild.execute (/Users/guoyutong/command-line-tools/hvigor/hvigor/src/base/external/task/core-task-impl.js:1:2258)
    at async TaskProxy.execute (/Users/guoyutong/command-line-tools/hvigor/hvigor/src/base/internal/task/proxy/task-proxy.js:1:6613)
[2026-07-23T17:04:53.238] [DEBUG] debug-file - Current busy worker size: 0.
[2026-07-23T17:04:53.201] [DEBUG] debug-file - Target 'default' config initialized
[2026-07-23T17:04:53.197] [DEBUG] debug-file - Starting plugin build process
[2026-07-23T17:04:53.234] [ERROR] debug-file - BUILD FAILED in 477 ms 
[2026-07-23T17:04:53.238] [DEBUG] debug-file - Clear worker 1.
[2026-07-23T17:04:53.201] [DEBUG] debug-file - Target 'ohosTest' config initialized
[2026-07-23T17:04:53.197] [DEBUG] debug-file - Hap plugin creating...
[2026-07-23T17:04:53.234] [DEBUG] debug-file - Update task entry:default@PreBuild input file:/Users/guoyutong/MyWorkSpace/TestThirdParty/cases/tinyxml2/harmony-demo/AppScope/app.json5 cache by regenerate.
[2026-07-23T17:04:53.238] [DEBUG] debug-file - Worker 1 has been cleared.
[2026-07-23T17:04:53.201] [DEBUG] debug-file - Module 'entry' target 'default' build option initialized
[2026-07-23T17:04:53.234] [DEBUG] debug-file - Update task entry:default@PreBuild input file:/Users/guoyutong/MyWorkSpace/TestThirdParty/cases/tinyxml2/harmony-demo/entry/src/main/module.json5 cache by regenerate.
[2026-07-23T17:04:53.238] [DEBUG] debug-file - Current idle worker size: 0.
[2026-07-23T17:04:53.201] [DEBUG] debug-file - Module 'entry' target 'ohosTest' build option initialized
[2026-07-23T17:04:53.234] [DEBUG] debug-file - Update task entry:default@PreBuild input file:/Users/guoyutong/MyWorkSpace/TestThirdParty/cases/tinyxml2/harmony-demo/build-profile.json5 cache by regenerate.
[2026-07-23T17:04:53.238] [DEBUG] debug-file - Current busy worker size: 0.
[2026-07-23T17:04:53.201] [DEBUG] debug-file - End initialize module-target build option map, moduleName=entry
[2026-07-23T17:04:53.234] [DEBUG] debug-file - Update task entry:default@PreBuild input file:/Users/guoyutong/MyWorkSpace/TestThirdParty/cases/tinyxml2/harmony-demo/entry/build-profile.json5 cache by regenerate.
[2026-07-23T17:04:53.239] [DEBUG] debug-file - hvigor build process will be closed.
[2026-07-23T17:04:53.201] [DEBUG] debug-file - Start initialize module-target build option map, moduleName=entry, buildMode=debug
[2026-07-23T17:04:53.234] [DEBUG] debug-file - Update task entry:default@PreBuild input file:/Users/guoyutong/MyWorkSpace/TestThirdParty/cases/tinyxml2/harmony-demo/entry/src/main/resources/base/profile/main_pages.json cache by regenerate.
[2026-07-23T17:04:53.242] [DEBUG] debug-file - worker[0] exits with exit code 0.
[2026-07-23T17:04:53.201] [DEBUG] debug-file - Target 'default' config initialized
[2026-07-23T17:04:53.234] [DEBUG] debug-file - Update task entry:default@PreBuild input file:/Users/guoyutong/MyWorkSpace/TestThirdParty/cases/tinyxml2/harmony-demo/hvigor/hvigor-config.json5 cache by regenerate.
[2026-07-23T17:04:53.242] [DEBUG] debug-file - worker[1] exits with exit code 0.
[2026-07-23T17:04:53.201] [DEBUG] debug-file - Target 'ohosTest' config initialized
[2026-07-23T17:04:53.234] [DEBUG] debug-file - Update task entry:default@PreBuild input file:/Users/guoyutong/MyWorkSpace/TestThirdParty/cases/tinyxml2/harmony-demo/entry/oh-package.json5 cache by regenerate.
[2026-07-23T17:04:53.242] [DEBUG] debug-file - Current worker pool is terminated.
[2026-07-23T17:04:53.201] [DEBUG] debug-file - Module 'entry' target 'default' build option initialized
[2026-07-23T17:04:53.234] [DEBUG] debug-file - Update task entry:default@PreBuild input file:/Users/guoyutong/MyWorkSpace/TestThirdParty/cases/tinyxml2/harmony-demo/oh-package.json5 cache by regenerate.
[2026-07-23T17:04:53.201] [DEBUG] debug-file - Module 'entry' target 'ohosTest' build option initialized
[2026-07-23T17:04:53.234] [DEBUG] debug-file - Incremental task entry:default@PreBuild post-execution cost:1 ms .
[2026-07-23T17:04:53.201] [DEBUG] debug-file - End initialize module-target build option map, moduleName=entry
[2026-07-23T17:04:53.237] [DEBUG] debug-file - Since there is no instance or instance is terminated, create a new worker pool.
[2026-07-23T17:04:53.201] [DEBUG] debug-file - Obtain build option for module 'entry' target 'default'in this build.
[2026-07-23T17:04:53.237] [DEBUG] debug-file - Worker pool is initialized with config:  {
  minPoolNum: 2,
  maxPoolNum: undefined,
  maxCoreSize: undefined,
  cacheCapacity: undefined,
  cacheTtl: undefined
}
[2026-07-23T17:04:53.203] [DEBUG] debug-file - Module entry task initialization takes 2 ms 
[2026-07-23T17:04:53.203] [DEBUG] debug-file - Hap plugin register hook start...
[2026-07-23T17:04:53.203] [DEBUG] debug-file - Hap plugin register hook end...
[2026-07-23T17:04:53.203] [DEBUG] debug-file - Plugin build process completed
[2026-07-23T17:04:53.203] [DEBUG] debug-file - hvigorfile, begin to bind custom plugins...
[2026-07-23T17:04:53.203] [DEBUG] debug-file - hvigorfile, no custom plugins were found in /Users/guoyutong/MyWorkSpace/TestThirdParty/cases/tinyxml2/harmony-demo/entry/hvigorfile.ts
[2026-07-23T17:04:53.203] [DEBUG] debug-file - hvigorfile, resolve finished /Users/guoyutong/MyWorkSpace/TestThirdParty/cases/tinyxml2/harmony-demo/entry/hvigorfile.ts
[2026-07-23T17:05:16.132] [DEBUG] debug-file - env: nodejsVersion=v24.14.1
[2026-07-23T17:05:16.230] [DEBUG] debug-file - Hvigor init with startParameters:{
  hvigorfileTypeCheck: false,
  parallelExecution: true,
  incrementalExecution: true,
  printStackTrace: false,
  daemon: false,
  analyze: 0,
  logLevel: Level { level: 20000, levelStr: 'INFO', colour: 'green' },
  optimizationStrategy: 'memory',
  hotCompile: undefined,
  hotReloadBuild: undefined,
  customizedParam: undefined
}
[2026-07-23T17:05:16.587] [DEBUG] debug-file - hvigorfile, require result:  { default: { system: [Function: appTasks], plugins: [] } }
[2026-07-23T17:05:16.650] [DEBUG] debug-file - App plugin register hook start...
[2026-07-23T17:05:16.587] [DEBUG] debug-file - Starting plugin build process
[2026-07-23T17:05:16.652] [DEBUG] debug-file - Obtain build option for product 'default'in this build.
[2026-07-23T17:05:16.651] [DEBUG] debug-file - Start initialize project's product build option map with build mode debug.
[2026-07-23T17:05:16.654] [DEBUG] debug-file - Start recording SDK configuration permission data.
[2026-07-23T17:05:16.669] [DEBUG] debug-file - Project task initialization takes 2 ms 
[2026-07-23T17:05:16.672] [DEBUG] debug-file - failed to load cangjie to dynamically generate schemas: Error: Cannot find module '@ohos/cangjie-build-support/index'
Require stack:
- /Users/guoyutong/command-line-tools/hvigor/hvigor-ohos-plugin/src/plugin/hooks/cangjie-register.js
- /Users/guoyutong/command-line-tools/hvigor/hvigor-ohos-plugin/src/plugin/strategy/stage-init-strategy.js
- /Users/guoyutong/command-line-tools/hvigor/hvigor-ohos-plugin/src/plugin/builder/abstract-plugin-builder.js
- /Users/guoyutong/command-line-tools/hvigor/hvigor-ohos-plugin/src/plugin/builder/app-plugin-builder.js
- /Users/guoyutong/command-line-tools/hvigor/hvigor-ohos-plugin/src/plugin/factory/plugin-factory.js
- /Users/guoyutong/command-line-tools/hvigor/hvigor-ohos-plugin/index.js
- /Users/guoyutong/MyWorkSpace/TestThirdParty/cases/tinyxml2/harmony-demo/hvigorfile.ts
- /Users/guoyutong/command-line-tools/hvigor/hvigor/src/base/internal/lifecycle/configuration.js
- /Users/guoyutong/command-line-tools/hvigor/hvigor/src/base/boot/index.js
- /Users/guoyutong/command-line-tools/hvigor/hvigor/src/cli/main/cli.js
- /Users/guoyutong/command-line-tools/hvigor/hvigor/bin/hvigor.js
[2026-07-23T17:05:16.675] [DEBUG] debug-file - Start initialize module-target build option map, moduleName=entry, buildMode=debug
[2026-07-23T17:05:16.678] [DEBUG] debug-file - project has submodules:entry
[2026-07-23T17:05:16.685] [DEBUG] debug-file - Executing task :entry:default@PreBuild
[2026-07-23T17:05:16.678] [DEBUG] debug-file - start to load updatedOhPackageInfo to the disk
[2026-07-23T17:05:16.681] [DEBUG] debug-file - Start to initialize dependency information.
[2026-07-23T17:05:16.133] [DEBUG] debug-file - env: hvigor-config.json5 content = {
  modelVersion: '6.1.0',
  dependencies: {},
  execution: {},
  logging: {},
  debugging: {},
  nodeOptions: {}
}
[2026-07-23T17:05:16.751] [DEBUG] debug-file - Create  resident worker with id: 0.
[2026-07-23T17:05:16.231] [DEBUG] debug-file - Cache service initialization finished in 1 ms 
[2026-07-23T17:05:16.587] [DEBUG] debug-file - hvigorfile, binding system plugins [Function: appTasks]
[2026-07-23T17:05:16.650] [DEBUG] debug-file - App plugin register hook end...
[2026-07-23T17:05:16.587] [DEBUG] debug-file - App plugin prepare start...
[2026-07-23T17:05:16.652] [DEBUG] debug-file - No signingConfig found, initRemoteHspCache failed.
[2026-07-23T17:05:16.651] [DEBUG] debug-file - Picking option from product 'default' with build mode 'debug'.
[2026-07-23T17:05:16.667] [DEBUG] debug-file - Sdk init in 15 ms 
[2026-07-23T17:05:16.669] [DEBUG] debug-file - hvigorfile, begin to bind custom plugins...
[2026-07-23T17:05:16.675] [DEBUG] debug-file - Target 'default' config initialized
[2026-07-23T17:05:16.686] [DEBUG] debug-file - Task 'entry:default@PreBuild' cost while wrapping incremental declarations: 1 ms 
[2026-07-23T17:05:16.678] [DEBUG] debug-file - load to the disk finished
[2026-07-23T17:05:16.681] [DEBUG] debug-file - Module entry Collected Dependency: /Users/guoyutong/MyWorkSpace/TestThirdParty/cases/tinyxml2/harmony-demo/entry/src/main/cpp/types/libentry
[2026-07-23T17:05:16.133] [DEBUG] debug-file - env: daemon=false
[2026-07-23T17:05:16.752] [DEBUG] debug-file - Create  resident worker with id: 1.
[2026-07-23T17:05:16.232] [DEBUG] debug-file - hvigorfile, resolving /Users/guoyutong/MyWorkSpace/TestThirdParty/cases/tinyxml2/harmony-demo/hvigorfile.ts
[2026-07-23T17:05:16.650] [DEBUG] debug-file - Plugin build process completed
[2026-07-23T17:05:16.587] [DEBUG] debug-file - App plugin prepare end...
[2026-07-23T17:05:16.653] [DEBUG] debug-file - Local scan or download HarmonyOS sdk components toolchains,ets,js,native,previewer
[2026-07-23T17:05:16.651] [DEBUG] debug-file - Product 'default' build option initialized
[2026-07-23T17:05:16.669] [DEBUG] debug-file - hvigorfile, no custom plugins were found in /Users/guoyutong/MyWorkSpace/TestThirdParty/cases/tinyxml2/harmony-demo/hvigorfile.ts
[2026-07-23T17:05:16.675] [DEBUG] debug-file - Target 'ohosTest' config initialized
[2026-07-23T17:05:16.732] [ERROR] debug-file - Failed :entry:default@PreBuild... 
[2026-07-23T17:05:16.678] [DEBUG] debug-file - Start to initialize dependency information.
[2026-07-23T17:05:16.681] [DEBUG] debug-file - Module entry's total dependency: 1
[2026-07-23T17:05:16.133] [DEBUG] debug-file - no-daemon, use the parent process.execArgv --max-old-space-size=8192,--max-semi-space-size=16,--expose-gc
[2026-07-23T17:05:16.753] [DEBUG] debug-file - Current worker pool is stopped or closed.
[2026-07-23T17:05:16.587] [DEBUG] debug-file - App plugin creating...
[2026-07-23T17:05:16.653] [DEBUG] debug-file - Local scan or download hmscore sdk components toolchains,ets,native
[2026-07-23T17:05:16.651] [DEBUG] debug-file - End initialize project's product build option map with build mode 'debug'.
[2026-07-23T17:05:16.669] [DEBUG] debug-file - hvigorfile, resolve finished /Users/guoyutong/MyWorkSpace/TestThirdParty/cases/tinyxml2/harmony-demo/hvigorfile.ts
[2026-07-23T17:05:16.675] [DEBUG] debug-file - Module 'entry' target 'default' build option initialized
[2026-07-23T17:05:16.732] [DEBUG] debug-file - hvigor build process will be closed with an error.
[2026-07-23T17:05:16.680] [DEBUG] debug-file - Module harmony-demo Collected Dependency: 
[2026-07-23T17:05:16.682] [DEBUG] debug-file - Configuration phase cost:452 ms 
[2026-07-23T17:05:16.753] [DEBUG] debug-file - Clear worker 0.
[2026-07-23T17:05:16.669] [DEBUG] debug-file - hvigorfile, resolving /Users/guoyutong/MyWorkSpace/TestThirdParty/cases/tinyxml2/harmony-demo/entry/hvigorfile.ts
[2026-07-23T17:05:16.675] [DEBUG] debug-file - Module 'entry' target 'ohosTest' build option initialized
[2026-07-23T17:05:16.746] [ERROR] debug-file - [31m00303038 Configuration Error
Error Message: Schema validate failed, at file: /Users/guoyutong/MyWorkSpace/TestThirdParty/cases/tinyxml2/harmony-demo/entry/src/main/module.json5

* Try the following:
  > Please check the following fields. 
 {
  instancePath: 'module.abilities[0]',
  keyword: 'required',
  params: { missingProperty: 'startWindowIcon' },
  message: "must have required property 'startWindowIcon'",
  location: '/Users/guoyutong/MyWorkSpace/TestThirdParty/cases/tinyxml2/harmony-demo/entry/src/main/module.json5:16:8',
  solution: 'For help about startWindows, you can solve the problem with this FAQ.'
} 

[39m

[31m* Try:
> Run with --stacktrace option to get the stack trace.
> Run with --debug option to get more log output.

[2026-07-23T17:05:16.680] [DEBUG] debug-file - Module harmony-demo's total dependency: 0
[2026-07-23T17:05:16.683] [DEBUG] debug-file - Configuration task cost before running: 455 ms 
[2026-07-23T17:05:16.753] [DEBUG] debug-file - Worker 0 has been cleared.
[2026-07-23T17:05:16.672] [DEBUG] debug-file - hvigorfile, require result:  { default: { system: [Function: hapTasks], plugins: [] } }
[2026-07-23T17:05:16.675] [DEBUG] debug-file - End initialize module-target build option map, moduleName=entry
[2026-07-23T17:05:16.746] [DEBUG] debug-file - ERROR: stacktrace = AdaptorError: [31m00303038 Configuration Error
Error Message: Schema validate failed, at file: /Users/guoyutong/MyWorkSpace/TestThirdParty/cases/tinyxml2/harmony-demo/entry/src/main/module.json5

* Try the following:
  > Please check the following fields. 
 {
  instancePath: 'module.abilities[0]',
  keyword: 'required',
  params: { missingProperty: 'startWindowIcon' },
  message: "must have required property 'startWindowIcon'",
  location: '/Users/guoyutong/MyWorkSpace/TestThirdParty/cases/tinyxml2/harmony-demo/entry/src/main/module.json5:16:8',
  solution: 'For help about startWindows, you can solve the problem with this FAQ.'
} 

[39m
    at OhosLogger.printErrorExit (/Users/guoyutong/command-line-tools/hvigor/hvigor/src/base/log/hvigor-log.js:1:5087)
    at ValidateUtil.doSchemaCheck (/Users/guoyutong/command-line-tools/hvigor/hvigor-ohos-plugin/src/utils/validate/validate-util.js:1:8177)
    at ValidateUtil.submitSchemaCheckWork (/Users/guoyutong/command-line-tools/hvigor/hvigor-ohos-plugin/src/utils/validate/validate-util.js:1:7013)
    at PreBuild.moduleJson5Validate (/Users/guoyutong/command-line-tools/hvigor/hvigor-ohos-plugin/src/tasks/pre-build.js:1:16352)
    at PreBuild.doValidateForDiffApiType (/Users/guoyutong/command-line-tools/hvigor/hvigor-ohos-plugin/src/tasks/pre-build.js:1:9893)
    at PreBuild.doTaskAction (/Users/guoyutong/command-line-tools/hvigor/hvigor-ohos-plugin/src/tasks/abstract/abstract-pre-build.js:1:7626)
    at PreBuild.<anonymous> (/Users/guoyutong/command-line-tools/hvigor/hvigor-ohos-plugin/src/tasks/task/ohos-module-task.js:1:2137)
    at process.processTicksAndRejections (node:internal/process/task_queues:104:5)
    at async PreBuild.execute (/Users/guoyutong/command-line-tools/hvigor/hvigor/src/base/external/task/core-task-impl.js:1:2258)
    at async TaskProxy.execute (/Users/guoyutong/command-line-tools/hvigor/hvigor/src/base/internal/task/proxy/task-proxy.js:1:6613)
[2026-07-23T17:05:16.754] [DEBUG] debug-file - Current idle worker size: 1.
[2026-07-23T17:05:16.672] [DEBUG] debug-file - hvigorfile, binding system plugins [Function: hapTasks]
[2026-07-23T17:05:16.675] [DEBUG] debug-file - Start initialize module-target build option map, moduleName=entry, buildMode=release
[2026-07-23T17:05:16.746] [ERROR] debug-file - AdaptorError: [31m00303038 Configuration Error
Error Message: Schema validate failed, at file: /Users/guoyutong/MyWorkSpace/TestThirdParty/cases/tinyxml2/harmony-demo/entry/src/main/module.json5

* Try the following:
  > Please check the following fields. 
 {
  instancePath: 'module.abilities[0]',
  keyword: 'required',
  params: { missingProperty: 'startWindowIcon' },
  message: "must have required property 'startWindowIcon'",
  location: '/Users/guoyutong/MyWorkSpace/TestThirdParty/cases/tinyxml2/harmony-demo/entry/src/main/module.json5:16:8',
  solution: 'For help about startWindows, you can solve the problem with this FAQ.'
} 

[39m
    at OhosLogger.printErrorExit (/Users/guoyutong/command-line-tools/hvigor/hvigor/src/base/log/hvigor-log.js:1:5087)
    at ValidateUtil.doSchemaCheck (/Users/guoyutong/command-line-tools/hvigor/hvigor-ohos-plugin/src/utils/validate/validate-util.js:1:8177)
    at ValidateUtil.submitSchemaCheckWork (/Users/guoyutong/command-line-tools/hvigor/hvigor-ohos-plugin/src/utils/validate/validate-util.js:1:7013)
    at PreBuild.moduleJson5Validate (/Users/guoyutong/command-line-tools/hvigor/hvigor-ohos-plugin/src/tasks/pre-build.js:1:16352)
    at PreBuild.doValidateForDiffApiType (/Users/guoyutong/command-line-tools/hvigor/hvigor-ohos-plugin/src/tasks/pre-build.js:1:9893)
    at PreBuild.doTaskAction (/Users/guoyutong/command-line-tools/hvigor/hvigor-ohos-plugin/src/tasks/abstract/abstract-pre-build.js:1:7626)
    at PreBuild.<anonymous> (/Users/guoyutong/command-line-tools/hvigor/hvigor-ohos-plugin/src/tasks/task/ohos-module-task.js:1:2137)
    at process.processTicksAndRejections (node:internal/process/task_queues:104:5)
    at async PreBuild.execute (/Users/guoyutong/command-line-tools/hvigor/hvigor/src/base/external/task/core-task-impl.js:1:2258)
    at async TaskProxy.execute (/Users/guoyutong/command-line-tools/hvigor/hvigor/src/base/internal/task/proxy/task-proxy.js:1:6613)
[2026-07-23T17:05:16.754] [DEBUG] debug-file - Current busy worker size: 0.
[2026-07-23T17:05:16.672] [DEBUG] debug-file - Starting plugin build process
[2026-07-23T17:05:16.675] [DEBUG] debug-file - Target 'default' config initialized
[2026-07-23T17:05:16.747] [ERROR] debug-file - BUILD FAILED in 518 ms 
[2026-07-23T17:05:16.754] [DEBUG] debug-file - Clear worker 1.
[2026-07-23T17:05:16.672] [DEBUG] debug-file - Hap plugin creating...
[2026-07-23T17:05:16.675] [DEBUG] debug-file - Target 'ohosTest' config initialized
[2026-07-23T17:05:16.747] [DEBUG] debug-file - Update task entry:default@PreBuild input file:/Users/guoyutong/MyWorkSpace/TestThirdParty/cases/tinyxml2/harmony-demo/AppScope/app.json5 cache by regenerate.
[2026-07-23T17:05:16.754] [DEBUG] debug-file - Worker 1 has been cleared.
[2026-07-23T17:05:16.675] [DEBUG] debug-file - Module 'entry' target 'default' build option initialized
[2026-07-23T17:05:16.747] [DEBUG] debug-file - Update task entry:default@PreBuild input file:/Users/guoyutong/MyWorkSpace/TestThirdParty/cases/tinyxml2/harmony-demo/entry/src/main/module.json5 cache by regenerate.
[2026-07-23T17:05:16.754] [DEBUG] debug-file - Current idle worker size: 0.
[2026-07-23T17:05:16.675] [DEBUG] debug-file - Module 'entry' target 'ohosTest' build option initialized
[2026-07-23T17:05:16.747] [DEBUG] debug-file - Update task entry:default@PreBuild input file:/Users/guoyutong/MyWorkSpace/TestThirdParty/cases/tinyxml2/harmony-demo/build-profile.json5 cache by regenerate.
[2026-07-23T17:05:16.754] [DEBUG] debug-file - Current busy worker size: 0.
[2026-07-23T17:05:16.675] [DEBUG] debug-file - End initialize module-target build option map, moduleName=entry
[2026-07-23T17:05:16.747] [DEBUG] debug-file - Update task entry:default@PreBuild input file:/Users/guoyutong/MyWorkSpace/TestThirdParty/cases/tinyxml2/harmony-demo/entry/build-profile.json5 cache by regenerate.
[2026-07-23T17:05:16.754] [DEBUG] debug-file - hvigor build process will be closed.
[2026-07-23T17:05:16.675] [DEBUG] debug-file - Start initialize module-target build option map, moduleName=entry, buildMode=debug
[2026-07-23T17:05:16.757] [DEBUG] debug-file - worker[0] exits with exit code 0.
[2026-07-23T17:05:16.747] [DEBUG] debug-file - Update task entry:default@PreBuild input file:/Users/guoyutong/MyWorkSpace/TestThirdParty/cases/tinyxml2/harmony-demo/entry/src/main/resources/base/profile/main_pages.json cache by regenerate.
[2026-07-23T17:05:16.675] [DEBUG] debug-file - Target 'default' config initialized
[2026-07-23T17:05:16.757] [DEBUG] debug-file - worker[1] exits with exit code 0.
[2026-07-23T17:05:16.747] [DEBUG] debug-file - Update task entry:default@PreBuild input file:/Users/guoyutong/MyWorkSpace/TestThirdParty/cases/tinyxml2/harmony-demo/hvigor/hvigor-config.json5 cache by regenerate.
[2026-07-23T17:05:16.675] [DEBUG] debug-file - Target 'ohosTest' config initialized
[2026-07-23T17:05:16.758] [DEBUG] debug-file - Current worker pool is terminated.
[2026-07-23T17:05:16.747] [DEBUG] debug-file - Update task entry:default@PreBuild input file:/Users/guoyutong/MyWorkSpace/TestThirdParty/cases/tinyxml2/harmony-demo/entry/oh-package.json5 cache by regenerate.
[2026-07-23T17:05:16.675] [DEBUG] debug-file - Module 'entry' target 'default' build option initialized
[2026-07-23T17:05:16.747] [DEBUG] debug-file - Update task entry:default@PreBuild input file:/Users/guoyutong/MyWorkSpace/TestThirdParty/cases/tinyxml2/harmony-demo/oh-package.json5 cache by regenerate.
[2026-07-23T17:05:16.675] [DEBUG] debug-file - Module 'entry' target 'ohosTest' build option initialized
[2026-07-23T17:05:16.747] [DEBUG] debug-file - Incremental task entry:default@PreBuild post-execution cost:1 ms .
[2026-07-23T17:05:16.675] [DEBUG] debug-file - End initialize module-target build option map, moduleName=entry
[2026-07-23T17:05:16.751] [DEBUG] debug-file - Since there is no instance or instance is terminated, create a new worker pool.
[2026-07-23T17:05:16.675] [DEBUG] debug-file - Obtain build option for module 'entry' target 'default'in this build.
[2026-07-23T17:05:16.751] [DEBUG] debug-file - Worker pool is initialized with config:  {
  minPoolNum: 2,
  maxPoolNum: undefined,
  maxCoreSize: undefined,
  cacheCapacity: undefined,
  cacheTtl: undefined
}
[2026-07-23T17:05:16.677] [DEBUG] debug-file - Module entry task initialization takes 2 ms 
[2026-07-23T17:05:16.677] [DEBUG] debug-file - Hap plugin register hook start...
[2026-07-23T17:05:16.677] [DEBUG] debug-file - Hap plugin register hook end...
[2026-07-23T17:05:16.677] [DEBUG] debug-file - Plugin build process completed
[2026-07-23T17:05:16.677] [DEBUG] debug-file - hvigorfile, begin to bind custom plugins...
[2026-07-23T17:05:16.677] [DEBUG] debug-file - hvigorfile, no custom plugins were found in /Users/guoyutong/MyWorkSpace/TestThirdParty/cases/tinyxml2/harmony-demo/entry/hvigorfile.ts
[2026-07-23T17:05:16.677] [DEBUG] debug-file - hvigorfile, resolve finished /Users/guoyutong/MyWorkSpace/TestThirdParty/cases/tinyxml2/harmony-demo/entry/hvigorfile.ts
[2026-07-23T17:05:27.054] [DEBUG] debug-file - env: nodejsVersion=v24.14.1
[2026-07-23T17:05:27.154] [DEBUG] debug-file - Hvigor init with startParameters:{
  hvigorfileTypeCheck: false,
  parallelExecution: true,
  incrementalExecution: true,
  printStackTrace: false,
  daemon: false,
  analyze: 0,
  logLevel: Level { level: 20000, levelStr: 'INFO', colour: 'green' },
  optimizationStrategy: 'memory',
  hotCompile: undefined,
  hotReloadBuild: undefined,
  customizedParam: undefined
}
[2026-07-23T17:05:27.508] [DEBUG] debug-file - hvigorfile, require result:  { default: { system: [Function: appTasks], plugins: [] } }
[2026-07-23T17:05:27.509] [DEBUG] debug-file - Starting plugin build process
[2026-07-23T17:05:27.572] [DEBUG] debug-file - Start initialize project's product build option map with build mode debug.
[2026-07-23T17:05:27.571] [DEBUG] debug-file - App plugin register hook start...
[2026-07-23T17:05:27.573] [DEBUG] debug-file - Obtain build option for product 'default'in this build.
[2026-07-23T17:05:27.575] [DEBUG] debug-file - Start recording SDK configuration permission data.
[2026-07-23T17:05:27.590] [DEBUG] debug-file - Project task initialization takes 2 ms 
[2026-07-23T17:05:27.593] [DEBUG] debug-file - failed to load cangjie to dynamically generate schemas: Error: Cannot find module '@ohos/cangjie-build-support/index'
Require stack:
- /Users/guoyutong/command-line-tools/hvigor/hvigor-ohos-plugin/src/plugin/hooks/cangjie-register.js
- /Users/guoyutong/command-line-tools/hvigor/hvigor-ohos-plugin/src/plugin/strategy/stage-init-strategy.js
- /Users/guoyutong/command-line-tools/hvigor/hvigor-ohos-plugin/src/plugin/builder/abstract-plugin-builder.js
- /Users/guoyutong/command-line-tools/hvigor/hvigor-ohos-plugin/src/plugin/builder/app-plugin-builder.js
- /Users/guoyutong/command-line-tools/hvigor/hvigor-ohos-plugin/src/plugin/factory/plugin-factory.js
- /Users/guoyutong/command-line-tools/hvigor/hvigor-ohos-plugin/index.js
- /Users/guoyutong/MyWorkSpace/TestThirdParty/cases/tinyxml2/harmony-demo/hvigorfile.ts
- /Users/guoyutong/command-line-tools/hvigor/hvigor/src/base/internal/lifecycle/configuration.js
- /Users/guoyutong/command-line-tools/hvigor/hvigor/src/base/boot/index.js
- /Users/guoyutong/command-line-tools/hvigor/hvigor/src/cli/main/cli.js
- /Users/guoyutong/command-line-tools/hvigor/hvigor/bin/hvigor.js
[2026-07-23T17:05:27.595] [DEBUG] debug-file - Start initialize module-target build option map, moduleName=entry, buildMode=debug
[2026-07-23T17:05:27.598] [DEBUG] debug-file - project has submodules:entry
[2026-07-23T17:05:27.599] [DEBUG] debug-file - start to load updatedOhPackageInfo to the disk
[2026-07-23T17:05:27.601] [DEBUG] debug-file - Start to initialize dependency information.
[2026-07-23T17:05:27.606] [DEBUG] debug-file - Executing task :entry:default@PreBuild
[2026-07-23T17:05:27.661] [DEBUG] debug-file - Executing task :entry:default@GenerateMetadata
[2026-07-23T17:05:27.054] [DEBUG] debug-file - env: hvigor-config.json5 content = {
  modelVersion: '6.1.0',
  dependencies: {},
  execution: {},
  logging: {},
  debugging: {},
  nodeOptions: {}
}
[2026-07-23T17:05:27.155] [DEBUG] debug-file - Cache service initialization finished in 1 ms 
[2026-07-23T17:05:27.508] [DEBUG] debug-file - hvigorfile, binding system plugins [Function: appTasks]
[2026-07-23T17:05:27.509] [DEBUG] debug-file - App plugin prepare start...
[2026-07-23T17:05:27.572] [DEBUG] debug-file - Picking option from product 'default' with build mode 'debug'.
[2026-07-23T17:05:27.571] [DEBUG] debug-file - App plugin register hook end...
[2026-07-23T17:05:27.573] [DEBUG] debug-file - No signingConfig found, initRemoteHspCache failed.
[2026-07-23T17:05:27.588] [DEBUG] debug-file - Sdk init in 15 ms 
[2026-07-23T17:05:27.590] [DEBUG] debug-file - hvigorfile, begin to bind custom plugins...
[2026-07-23T17:05:27.596] [DEBUG] debug-file - Target 'default' config initialized
[2026-07-23T17:05:27.599] [DEBUG] debug-file - load to the disk finished
[2026-07-23T17:05:27.602] [DEBUG] debug-file - Module entry Collected Dependency: /Users/guoyutong/MyWorkSpace/TestThirdParty/cases/tinyxml2/harmony-demo/entry/src/main/cpp/types/libentry
[2026-07-23T17:05:27.607] [DEBUG] debug-file - Task 'entry:default@PreBuild' cost while wrapping incremental declarations: 1 ms 
[2026-07-23T17:05:27.661] [DEBUG] debug-file - Task 'entry:default@GenerateMetadata' cost while wrapping incremental declarations: 1 ms 
[2026-07-23T17:05:27.055] [DEBUG] debug-file - env: daemon=false
[2026-07-23T17:05:27.155] [DEBUG] debug-file - hvigorfile, resolving /Users/guoyutong/MyWorkSpace/TestThirdParty/cases/tinyxml2/harmony-demo/hvigorfile.ts
[2026-07-23T17:05:27.509] [DEBUG] debug-file - App plugin prepare end...
[2026-07-23T17:05:27.572] [DEBUG] debug-file - Product 'default' build option initialized
[2026-07-23T17:05:27.571] [DEBUG] debug-file - Plugin build process completed
[2026-07-23T17:05:27.574] [DEBUG] debug-file - Local scan or download HarmonyOS sdk components toolchains,ets,js,native,previewer
[2026-07-23T17:05:27.590] [DEBUG] debug-file - hvigorfile, no custom plugins were found in /Users/guoyutong/MyWorkSpace/TestThirdParty/cases/tinyxml2/harmony-demo/hvigorfile.ts
[2026-07-23T17:05:27.596] [DEBUG] debug-file - Target 'ohosTest' config initialized
[2026-07-23T17:05:27.599] [DEBUG] debug-file - Start to initialize dependency information.
[2026-07-23T17:05:27.602] [DEBUG] debug-file - Module entry's total dependency: 1
[2026-07-23T17:05:27.658] [DEBUG] debug-file - current product is not Atomic service.
[2026-07-23T17:05:27.662] [DEBUG] debug-file - entry : default@GenerateMetadata cost memory -0.47714996337890625
[2026-07-23T17:05:27.055] [DEBUG] debug-file - no-daemon, use the parent process.execArgv --max-old-space-size=8192,--max-semi-space-size=16,--expose-gc
[2026-07-23T17:05:27.509] [DEBUG] debug-file - App plugin creating...
[2026-07-23T17:05:27.572] [DEBUG] debug-file - End initialize project's product build option map with build mode 'debug'.
[2026-07-23T17:05:27.575] [DEBUG] debug-file - Local scan or download hmscore sdk components toolchains,ets,native
[2026-07-23T17:05:27.590] [DEBUG] debug-file - hvigorfile, resolve finished /Users/guoyutong/MyWorkSpace/TestThirdParty/cases/tinyxml2/harmony-demo/hvigorfile.ts
[2026-07-23T17:05:27.596] [DEBUG] debug-file - Module 'entry' target 'default' build option initialized
[2026-07-23T17:05:27.601] [DEBUG] debug-file - Module harmony-demo Collected Dependency: 
[2026-07-23T17:05:27.603] [DEBUG] debug-file - Configuration phase cost:449 ms 
[2026-07-23T17:05:27.658] [DEBUG] debug-file - Use tool [darwin: JAVA_HOME, CLASSPATH]
 [
  { JAVA_HOME: '/opt/homebrew/opt/openjdk@17' },
  { CLASSPATH: undefined }
]
[2026-07-23T17:05:27.662] [DEBUG] debug-file - runTaskFromQueue task cost before running: 511 ms 
[2026-07-23T17:05:27.590] [DEBUG] debug-file - hvigorfile, resolving /Users/guoyutong/MyWorkSpace/TestThirdParty/cases/tinyxml2/harmony-demo/entry/hvigorfile.ts
[2026-07-23T17:05:27.596] [DEBUG] debug-file - Module 'entry' target 'ohosTest' build option initialized
[2026-07-23T17:05:27.601] [DEBUG] debug-file - Module harmony-demo's total dependency: 0
[2026-07-23T17:05:27.604] [DEBUG] debug-file - Configuration task cost before running: 453 ms 
[2026-07-23T17:05:27.659] [DEBUG] debug-file - Use tool [darwin: NODE_HOME]
 [ { NODE_HOME: undefined } ]
[2026-07-23T17:05:27.662] [INFO] debug-file - Finished :entry:default@GenerateMetadata... after 1 ms 
[2026-07-23T17:05:27.592] [DEBUG] debug-file - hvigorfile, require result:  { default: { system: [Function: hapTasks], plugins: [] } }
[2026-07-23T17:05:27.596] [DEBUG] debug-file - End initialize module-target build option map, moduleName=entry
[2026-07-23T17:05:27.659] [DEBUG] debug-file - entry : default@PreBuild cost memory 13.504852294921875
[2026-07-23T17:05:27.662] [DEBUG] debug-file - Executing task :entry:default@ConfigureCmake
[2026-07-23T17:05:27.592] [DEBUG] debug-file - hvigorfile, binding system plugins [Function: hapTasks]
[2026-07-23T17:05:27.596] [DEBUG] debug-file - Start initialize module-target build option map, moduleName=entry, buildMode=release
[2026-07-23T17:05:27.659] [DEBUG] debug-file - runTaskFromQueue task cost before running: 508 ms 
[2026-07-23T17:05:27.593] [DEBUG] debug-file - Starting plugin build process
[2026-07-23T17:05:27.596] [DEBUG] debug-file - Target 'default' config initialized
[2026-07-23T17:05:27.660] [INFO] debug-file - Finished :entry:default@PreBuild... after 54 ms 
[2026-07-23T17:05:27.593] [DEBUG] debug-file - Hap plugin creating...
[2026-07-23T17:05:27.596] [DEBUG] debug-file - Target 'ohosTest' config initialized
[2026-07-23T17:05:27.660] [DEBUG] debug-file - Executing task :entry:default@CreateModuleInfo
[2026-07-23T17:05:27.596] [DEBUG] debug-file - Module 'entry' target 'default' build option initialized
[2026-07-23T17:05:27.660] [DEBUG] debug-file - Task 'entry:default@CreateModuleInfo' cost while wrapping incremental declarations: 1 ms 
[2026-07-23T17:05:27.596] [DEBUG] debug-file - Module 'entry' target 'ohosTest' build option initialized
[2026-07-23T17:05:27.660] [DEBUG] debug-file - entry : default@CreateModuleInfo cost memory 0.05466461181640625
[2026-07-23T17:05:27.596] [DEBUG] debug-file - End initialize module-target build option map, moduleName=entry
[2026-07-23T17:05:27.660] [DEBUG] debug-file - runTaskFromQueue task cost before running: 509 ms 
[2026-07-23T17:05:27.596] [DEBUG] debug-file - Start initialize module-target build option map, moduleName=entry, buildMode=debug
[2026-07-23T17:05:27.660] [INFO] debug-file - Finished :entry:default@CreateModuleInfo... after 1 ms 
[2026-07-23T17:05:27.596] [DEBUG] debug-file - Target 'default' config initialized
[2026-07-23T17:05:27.596] [DEBUG] debug-file - Target 'ohosTest' config initialized
[2026-07-23T17:05:27.596] [DEBUG] debug-file - Module 'entry' target 'default' build option initialized
[2026-07-23T17:05:27.596] [DEBUG] debug-file - Module 'entry' target 'ohosTest' build option initialized
[2026-07-23T17:05:27.596] [DEBUG] debug-file - End initialize module-target build option map, moduleName=entry
[2026-07-23T17:05:27.596] [DEBUG] debug-file - Obtain build option for module 'entry' target 'default'in this build.
[2026-07-23T17:05:27.598] [DEBUG] debug-file - Module entry task initialization takes 2 ms 
[2026-07-23T17:05:27.598] [DEBUG] debug-file - Hap plugin register hook start...
[2026-07-23T17:05:27.598] [DEBUG] debug-file - Hap plugin register hook end...
[2026-07-23T17:05:27.598] [DEBUG] debug-file - Plugin build process completed
[2026-07-23T17:05:27.598] [DEBUG] debug-file - hvigorfile, begin to bind custom plugins...
[2026-07-23T17:05:27.598] [DEBUG] debug-file - hvigorfile, no custom plugins were found in /Users/guoyutong/MyWorkSpace/TestThirdParty/cases/tinyxml2/harmony-demo/entry/hvigorfile.ts
[2026-07-23T17:05:27.598] [DEBUG] debug-file - hvigorfile, resolve finished /Users/guoyutong/MyWorkSpace/TestThirdParty/cases/tinyxml2/harmony-demo/entry/hvigorfile.ts
[2026-07-23T17:05:27.669] [DEBUG] debug-file - entry : default@ConfigureCmake cost memory -7.3908233642578125
[2026-07-23T17:05:27.669] [DEBUG] debug-file - runTaskFromQueue task cost before running: 517 ms 
[2026-07-23T17:05:27.671] [DEBUG] debug-file - Executing task :entry:default@CreateBuildProfile
[2026-07-23T17:05:27.673] [DEBUG] debug-file - Executing task :entry:default@GeneratePkgContextInfo
[2026-07-23T17:05:27.672] [DEBUG] debug-file - Executing task :entry:default@PreCheckSyscap
[2026-07-23T17:05:27.679] [DEBUG] debug-file - Executing task :entry:default@ProcessIntegratedHsp
[2026-07-23T17:05:27.680] [DEBUG] debug-file - Executing task :entry:default@BuildNativeWithCmake
[2026-07-23T17:05:27.681] [DEBUG] debug-file - Use tool [Cmake]
 [
  '/Users/guoyutong/command-line-tools/sdk/default/openharmony/native/build-tools/cmake/bin/cmake',
  '-H/Users/guoyutong/MyWorkSpace/TestThirdParty/cases/tinyxml2/harmony-demo/entry/src/main/cpp',
  '-B/Users/guoyutong/MyWorkSpace/TestThirdParty/cases/tinyxml2/harmony-demo/entry/.cxx/default/default/debug/arm64-v8a',
  '-DOHOS_ARCH=arm64-v8a',
  '-DCMAKE_LIBRARY_OUTPUT_DIRECTORY=/Users/guoyutong/MyWorkSpace/TestThirdParty/cases/tinyxml2/harmony-demo/entry/build/default/intermediates/cmake/default/obj/arm64-v8a',
  '-DCMAKE_BUILD_TYPE=Debug',
  '-DOHOS_SDK_NATIVE=/Users/guoyutong/command-line-tools/sdk/default/openharmony/native',
  '-DCMAKE_SYSTEM_NAME=OHOS',
  '-DCMAKE_OHOS_ARCH_ABI=arm64-v8a',
  '-DCMAKE_EXPORT_COMPILE_COMMANDS=ON',
  '-DCMAKE_TOOLCHAIN_FILE=/Users/guoyutong/command-line-tools/sdk/default/hms/native/build/cmake/hmos.toolchain.cmake',
  '-GNinja',
  '-DCMAKE_MAKE_PROGRAM=/Users/guoyutong/command-line-tools/sdk/default/openharmony/native/build-tools/cmake/bin/ninja',
  '-DCMAKE_FIND_ROOT_PATH=/Users/guoyutong/MyWorkSpace/TestThirdParty/cases/tinyxml2/harmony-demo/entry/.cxx/default/default/debug/hvigor/arm64-v8a',
  '-DPACKAGE_FIND_FILE=/Users/guoyutong/MyWorkSpace/TestThirdParty/cases/tinyxml2/harmony-demo/entry/.cxx/default/default/debug/hvigor/arm64-v8a/summary.cmake',
  '--no-warn-unused-cli',
  '-DCMAKE_CXX_FLAGS=-std=c++17',
  '-DHMOS_SDK_NATIVE=/Users/guoyutong/command-line-tools/sdk/default/hms/native'
]
[2026-07-23T17:05:27.669] [INFO] debug-file - Finished :entry:default@ConfigureCmake... after 7 ms 
[2026-07-23T17:05:27.671] [DEBUG] debug-file - Task 'entry:default@CreateBuildProfile' cost while wrapping incremental declarations: 1 ms 
[2026-07-23T17:05:27.676] [DEBUG] debug-file - Task 'entry:default@GeneratePkgContextInfo' cost while wrapping incremental declarations: 1 ms 
[2026-07-23T17:05:27.672] [DEBUG] debug-file - entry : default@PreCheckSyscap cost memory 0.01967620849609375
[2026-07-23T17:05:27.679] [DEBUG] debug-file - entry : default@ProcessIntegratedHsp cost memory 0.0531463623046875
[2026-07-23T17:05:27.669] [DEBUG] debug-file - Executing task :entry:default@MergeProfile
[2026-07-23T17:05:27.672] [DEBUG] debug-file - entry : default@CreateBuildProfile cost memory 0.08246612548828125
[2026-07-23T17:05:27.676] [DEBUG] debug-file - entry : default@GeneratePkgContextInfo cost memory 0.51397705078125
[2026-07-23T17:05:27.672] [DEBUG] debug-file - runTaskFromQueue task cost before running: 521 ms 
[2026-07-23T17:05:27.679] [DEBUG] debug-file - runTaskFromQueue task cost before running: 528 ms 
[2026-07-23T17:05:27.669] [DEBUG] debug-file - Task 'entry:default@MergeProfile' cost while wrapping incremental declarations: 1 ms 
[2026-07-23T17:05:27.672] [DEBUG] debug-file - runTaskFromQueue task cost before running: 520 ms 
[2026-07-23T17:05:27.676] [DEBUG] debug-file - runTaskFromQueue task cost before running: 525 ms 
[2026-07-23T17:05:27.672] [INFO] debug-file - Finished :entry:default@PreCheckSyscap... after 1 ms 
[2026-07-23T17:05:27.679] [INFO] debug-file - Finished :entry:default@ProcessIntegratedHsp... after 1 ms 
[2026-07-23T17:05:27.670] [DEBUG] debug-file - Change app api release type with 'Beta1'
[2026-07-23T17:05:27.672] [INFO] debug-file - Finished :entry:default@CreateBuildProfile... after 1 ms 
[2026-07-23T17:05:27.676] [INFO] debug-file - Finished :entry:default@GeneratePkgContextInfo... after 4 ms 
[2026-07-23T17:05:27.670] [DEBUG] debug-file - Change app compile API version with '26.0.0.23'
[2026-07-23T17:05:27.682] [DEBUG] debug-file - Clean CMakeCache.txt due to outdated CMake configuration.
[2026-07-23T17:05:27.677] [DEBUG] debug-file - Executing task :entry:default@GeneratePkgSdkInfo
[2026-07-23T17:05:27.670] [DEBUG] debug-file - Change app target API version with '260000026'
[2026-07-23T17:05:27.677] [DEBUG] debug-file - Task 'entry:default@GeneratePkgSdkInfo' cost while wrapping incremental declarations: 1 ms 
[2026-07-23T17:05:27.670] [DEBUG] debug-file - Change app minimum API version with '260000026'
[2026-07-23T17:05:27.683] [DEBUG] debug-file - - no fingerprint file, will remove stale cache CMakeCache.txt
[2026-07-23T17:05:27.678] [DEBUG] debug-file - entry : default@GeneratePkgSdkInfo cost memory 0.25662994384765625
[2026-07-23T17:05:27.670] [DEBUG] debug-file - Use cli appEnvironment
[2026-07-23T17:05:27.683] [DEBUG] debug-file - Since there is no instance or instance is terminated, create a new worker pool.
[2026-07-23T17:05:27.683] [DEBUG] debug-file - Create  resident worker with id: 0.
[2026-07-23T17:05:27.678] [DEBUG] debug-file - runTaskFromQueue task cost before running: 527 ms 
[2026-07-23T17:05:27.670] [DEBUG] debug-file - entry : default@MergeProfile cost memory 0.164794921875
[2026-07-23T17:05:27.683] [DEBUG] debug-file - Worker pool is initialized with config:  {
  minPoolNum: 2,
  maxPoolNum: undefined,
  maxCoreSize: undefined,
  cacheCapacity: undefined,
  cacheTtl: undefined
}
[2026-07-23T17:05:27.684] [DEBUG] debug-file - Create  resident worker with id: 1.
[2026-07-23T17:05:27.678] [INFO] debug-file - Finished :entry:default@GeneratePkgSdkInfo... after 1 ms 
[2026-07-23T17:05:27.670] [DEBUG] debug-file - runTaskFromQueue task cost before running: 519 ms 
[2026-07-23T17:05:27.685] [DEBUG] debug-file - default@BuildNativeWithCmake work[0] is submitted.
[2026-07-23T17:05:27.671] [INFO] debug-file - Finished :entry:default@MergeProfile... after 2 ms 
[2026-07-23T17:05:27.685] [DEBUG] debug-file - default@BuildNativeWithCmake work[0] is pushed to ready queue.
[2026-07-23T17:05:27.685] [DEBUG] debug-file - A work dispatched to worker[9] failed because unable to get work from ready queue.
[2026-07-23T17:05:27.685] [DEBUG] debug-file - Create  resident worker with id: 8.
[2026-07-23T17:05:27.685] [DEBUG] debug-file - default@BuildNativeWithCmake work[0] has been dispatched to worker[8].
[2026-07-23T17:05:27.685] [DEBUG] debug-file - default@BuildNativeWithCmake work[0] is dispatched.
[2026-07-23T17:05:27.685] [DEBUG] debug-file - Use tool [Cmake]
 [
  '/Users/guoyutong/command-line-tools/sdk/default/openharmony/native/build-tools/cmake/bin/cmake',
  '-H/Users/guoyutong/MyWorkSpace/TestThirdParty/cases/tinyxml2/harmony-demo/entry/src/main/cpp',
  '-B/Users/guoyutong/MyWorkSpace/TestThirdParty/cases/tinyxml2/harmony-demo/entry/.cxx/default/default/debug/x86_64',
  '-DOHOS_ARCH=x86_64',
  '-DCMAKE_LIBRARY_OUTPUT_DIRECTORY=/Users/guoyutong/MyWorkSpace/TestThirdParty/cases/tinyxml2/harmony-demo/entry/build/default/intermediates/cmake/default/obj/x86_64',
  '-DCMAKE_BUILD_TYPE=Debug',
  '-DOHOS_SDK_NATIVE=/Users/guoyutong/command-line-tools/sdk/default/openharmony/native',
  '-DCMAKE_SYSTEM_NAME=OHOS',
  '-DCMAKE_OHOS_ARCH_ABI=x86_64',
  '-DCMAKE_EXPORT_COMPILE_COMMANDS=ON',
  '-DCMAKE_TOOLCHAIN_FILE=/Users/guoyutong/command-line-tools/sdk/default/hms/native/build/cmake/hmos.toolchain.cmake',
  '-GNinja',
  '-DCMAKE_MAKE_PROGRAM=/Users/guoyutong/command-line-tools/sdk/default/openharmony/native/build-tools/cmake/bin/ninja',
  '-DCMAKE_FIND_ROOT_PATH=/Users/guoyutong/MyWorkSpace/TestThirdParty/cases/tinyxml2/harmony-demo/entry/.cxx/default/default/debug/hvigor/x86_64',
  '-DPACKAGE_FIND_FILE=/Users/guoyutong/MyWorkSpace/TestThirdParty/cases/tinyxml2/harmony-demo/entry/.cxx/default/default/debug/hvigor/x86_64/summary.cmake',
  '--no-warn-unused-cli',
  '-DCMAKE_CXX_FLAGS=-std=c++17',
  '-DHMOS_SDK_NATIVE=/Users/guoyutong/command-line-tools/sdk/default/hms/native'
]
[2026-07-23T17:05:27.686] [DEBUG] debug-file - Clean CMakeCache.txt due to outdated CMake configuration.
[2026-07-23T17:05:27.686] [DEBUG] debug-file - - no fingerprint file, will remove stale cache CMakeCache.txt
[2026-07-23T17:05:27.687] [DEBUG] debug-file - default@BuildNativeWithCmake work[1] is submitted.
[2026-07-23T17:05:27.690] [DEBUG] debug-file - Executing task :entry:default@SyscapTransform
[2026-07-23T17:05:27.687] [DEBUG] debug-file - Executing task :entry:default@MakePackInfo
[2026-07-23T17:05:27.692] [DEBUG] debug-file - Executing task :entry:default@ProcessProfile
[2026-07-23T17:05:27.755] [DEBUG] debug-file - 24.0.0.0
[2026-07-23T17:05:27.761] [DEBUG] debug-file - Executing task :entry:default@ProcessShareConfig
[2026-07-23T17:05:27.758] [DEBUG] debug-file - Executing task :entry:default@ProcessRouterMap
[2026-07-23T17:05:27.767] [DEBUG] debug-file - Executing task :entry:default@ProcessResource
[2026-07-23T17:05:27.763] [DEBUG] debug-file - Executing task :entry:default@ProcessStartupConfig
[2026-07-23T17:05:27.775] [DEBUG] debug-file - Executing task :entry:default@CompileResource
[2026-07-23T17:05:27.769] [DEBUG] debug-file - Executing task :entry:default@GenerateLoaderJson
[2026-07-23T17:05:27.687] [DEBUG] debug-file - default@BuildNativeWithCmake work[1] is pushed to ready queue.
[2026-07-23T17:05:27.690] [DEBUG] debug-file - File: '/Users/guoyutong/MyWorkSpace/TestThirdParty/cases/tinyxml2/harmony-demo/entry/src/main/syscap.json' from 'sysCapJsonPath' is not exists, just ignore.
[2026-07-23T17:05:27.777] [DEBUG] debug-file - current process  memoryUsage: {
  rss: 377667584,
  heapTotal: 171130880,
  heapUsed: 144920152,
  external: 3869765,
  arrayBuffers: 57531
} os memoryUsage :15.896713256835938
[2026-07-23T17:05:27.688] [DEBUG] debug-file - Module Pack Info:  {
  summary: {
    app: { bundleName: 'c***2', bundleType: 'app', version: [Object] },
    modules: [ [Object] ]
  },
  packages: [
    {
      deviceType: [Array],
      moduleType: 'entry',
      deliveryWithInstall: true,
      name: 'entry-default'
    }
  ]
}
[2026-07-23T17:05:27.693] [DEBUG] debug-file - Task 'entry:default@ProcessProfile' cost while wrapping incremental declarations: 1 ms 
[2026-07-23T17:05:27.756] [DEBUG] debug-file - No need to add fake ui ability because of not in preview process.
[2026-07-23T17:05:27.762] [DEBUG] debug-file - entry : default@ProcessShareConfig cost memory 0.06354522705078125
[2026-07-23T17:05:27.760] [DEBUG] debug-file - entry : default@ProcessRouterMap cost memory 0.07772064208984375
[2026-07-23T17:05:27.767] [DEBUG] debug-file - Task 'entry:default@ProcessResource' cost while wrapping incremental declarations: 1 ms 
[2026-07-23T17:05:27.764] [DEBUG] debug-file - Task 'entry:default@ProcessStartupConfig' cost while wrapping incremental declarations: 1 ms 
[2026-07-23T17:05:27.777] [DEBUG] debug-file - Use tool [/Users/guoyutong/command-line-tools/sdk/default/openharmony/toolchains/restool]
 [
  '/Users/guoyutong/command-line-tools/sdk/default/openharmony/toolchains/restool',
  '-l',
  '/Users/guoyutong/MyWorkSpace/TestThirdParty/cases/tinyxml2/harmony-demo/entry/build/default/intermediates/res/default/resConfig.json'
]
[2026-07-23T17:05:27.769] [DEBUG] debug-file - Task 'entry:default@GenerateLoaderJson' cost while wrapping incremental declarations: 1 ms 
[2026-07-23T17:05:27.687] [DEBUG] debug-file - A work dispatched to worker[9] failed because unable to get work from ready queue.
[2026-07-23T17:05:27.691] [DEBUG] debug-file - Task 'entry:default@SyscapTransform' cost while wrapping incremental declarations: 1 ms 
[2026-07-23T17:05:27.688] [DEBUG] debug-file - entry : default@MakePackInfo cost memory 0.13702392578125
[2026-07-23T17:05:27.694] [DEBUG] debug-file - [
  '/Users/guoyutong/command-line-tools/tool/node/bin/node',
  '/Users/guoyutong/command-line-tools/sdk/default/openharmony/ets/build-tools/ets-loader/bin/ark/ts2abc.js',
  '--target-api-version',
  '26'
]
[2026-07-23T17:05:27.757] [DEBUG] debug-file - entry : default@ProcessProfile cost memory 0.3894500732421875
[2026-07-23T17:05:27.762] [DEBUG] debug-file - runTaskFromQueue task cost before running: 611 ms 
[2026-07-23T17:05:27.760] [DEBUG] debug-file - runTaskFromQueue task cost before running: 609 ms 
[2026-07-23T17:05:27.768] [DEBUG] debug-file - entry : default@ProcessResource cost memory 0.11823272705078125
[2026-07-23T17:05:27.764] [DEBUG] debug-file - entry : default@ProcessStartupConfig cost memory 0.0821685791015625
[2026-07-23T17:05:27.773] [DEBUG] debug-file - entry : default@GenerateLoaderJson cost memory 0.33758544921875
[2026-07-23T17:05:27.687] [DEBUG] debug-file - A work dispatched to worker[8] failed because of worker busy.
[2026-07-23T17:05:27.691] [DEBUG] debug-file - entry : default@SyscapTransform cost memory 0.06984710693359375
[2026-07-23T17:05:27.688] [DEBUG] debug-file - runTaskFromQueue task cost before running: 537 ms 
[2026-07-23T17:05:27.757] [DEBUG] debug-file - runTaskFromQueue task cost before running: 606 ms 
[2026-07-23T17:05:27.762] [INFO] debug-file - Finished :entry:default@ProcessShareConfig... after 2 ms 
[2026-07-23T17:05:27.760] [INFO] debug-file - Finished :entry:default@ProcessRouterMap... after 2 ms 
[2026-07-23T17:05:27.768] [DEBUG] debug-file - runTaskFromQueue task cost before running: 617 ms 
[2026-07-23T17:05:27.764] [DEBUG] debug-file - runTaskFromQueue task cost before running: 613 ms 
[2026-07-23T17:05:27.773] [DEBUG] debug-file - runTaskFromQueue task cost before running: 622 ms 
[2026-07-23T17:05:27.687] [DEBUG] debug-file - Create  resident worker with id: 7.
[2026-07-23T17:05:27.691] [DEBUG] debug-file - runTaskFromQueue task cost before running: 540 ms 
[2026-07-23T17:05:27.689] [INFO] debug-file - Finished :entry:default@MakePackInfo... after 1 ms 
[2026-07-23T17:05:27.757] [INFO] debug-file - Finished :entry:default@ProcessProfile... after 65 ms 
[2026-07-23T17:05:27.768] [INFO] debug-file - Finished :entry:default@ProcessResource... after 2 ms 
[2026-07-23T17:05:27.764] [INFO] debug-file - Finished :entry:default@ProcessStartupConfig... after 1 ms 
[2026-07-23T17:05:27.774] [INFO] debug-file - Finished :entry:default@GenerateLoaderJson... after 4 ms 
[2026-07-23T17:05:27.687] [DEBUG] debug-file - default@BuildNativeWithCmake work[1] has been dispatched to worker[7].
[2026-07-23T17:05:27.691] [INFO] debug-file - Finished :entry:default@SyscapTransform... after 2 ms 
[2026-07-23T17:05:27.765] [DEBUG] debug-file - restool module names: entry; moduleName=entry, taskName=default@ProcessResource
[2026-07-23T17:05:27.775] [DEBUG] debug-file - restool module names: entry; moduleName=entry, taskName=default@CompileResource
[2026-07-23T17:05:27.687] [DEBUG] debug-file - default@BuildNativeWithCmake work[1] is dispatched.
[2026-07-23T17:05:27.687] [DEBUG] debug-file - entry : default@BuildNativeWithCmake cost memory 1.5131759643554688
[2026-07-23T17:05:27.803] [DEBUG] debug-file - Info: Pack: normal pack mode

[2026-07-23T17:05:27.947] [DEBUG] debug-file - Info: hardware concurrency count is : 10
Info: thread count is : 10

[2026-07-23T17:05:27.947] [DEBUG] debug-file - Info: thread pool is started

[2026-07-23T17:05:27.948] [DEBUG] debug-file - Info: GenericCompiler::CompileFiles

[2026-07-23T17:05:27.950] [DEBUG] debug-file - Info: GenericCompiler::CompileFiles

[2026-07-23T17:05:27.952] [DEBUG] debug-file - 07-23 17:05:27.951 34275 12061415 I C01400/SvgDecodeUtils: SvgDecodeUtils::IsSvgFormat probe svg format, path:/Users/guoyutong/MyWorkSpace/TestThirdParty/cases/tinyxml2/harmony-demo/AppScope/resources/base/media/app_icon.png.

[2026-07-23T17:05:27.952] [DEBUG] debug-file - 07-23 17:05:27.952 34275 12061415 E C01400/ImageTranscoderUtils: DecodeToRGBA IN
07-23 17:05:27.952 34275 12061415 I C01400/SvgDecodeUtils: SvgDecodeUtils::IsSvgFormat probe svg format, path:/Users/guoyutong/MyWorkSpace/TestThirdParty/cases/tinyxml2/harmony-demo/AppScope/resources/base/media/app_icon.png.
07-23 17:05:27.952 34275 12061415 E C01400/ImageTranscoderUtils: ImageFilter IN /Users/guoyutong/MyWorkSpace/TestThirdParty/cases/tinyxml2/harmony-demo/AppScope/resources/base/media/app_icon.png

[2026-07-23T17:05:27.977] [DEBUG] debug-file - Warning: The width or height of the png file referenced by the icon exceeds the limit (41 pixels)
at /Users/guoyutong/MyWorkSpace/TestThirdParty/cases/tinyxml2/harmony-demo/AppScope/resources/base/media/app_icon.png

[2026-07-23T17:05:27.977] [DEBUG] debug-file - Warning: The width or height of the png file referenced by the startWindowIcon exceeds the limit (144 pixels)
at /Users/guoyutong/MyWorkSpace/TestThirdParty/cases/tinyxml2/harmony-demo/AppScope/resources/base/media/app_icon.png

[2026-07-23T17:05:27.978] [DEBUG] debug-file - Info: restool resources compile success.

[2026-07-23T17:05:27.978] [DEBUG] debug-file - Info: thread pool is stopped

[2026-07-23T17:05:27.980] [DEBUG] debug-file - entry : default@CompileResource cost memory 0.7682723999023438
[2026-07-23T17:05:27.980] [DEBUG] debug-file - runTaskFromQueue task cost before running: 829 ms 
[2026-07-23T17:05:27.981] [DEBUG] debug-file - Executing task :entry:default@CompileArkTS
[2026-07-23T17:05:27.980] [INFO] debug-file - Finished :entry:default@CompileResource... after 205 ms 
[2026-07-23T17:05:27.988] [DEBUG] debug-file - Executing task :entry:default@BuildJS
[2026-07-23T17:05:27.982] [DEBUG] debug-file - obfuscationOptions: undefined
[2026-07-23T17:05:27.989] [DEBUG] debug-file - Task 'entry:default@BuildJS' cost while wrapping incremental declarations: 1 ms 
[2026-07-23T17:05:27.983] [DEBUG] debug-file - Task 'entry:default@CompileArkTS' cost while wrapping incremental declarations: 1 ms 
[2026-07-23T17:05:27.989] [DEBUG] debug-file - entry : default@BuildJS cost memory 0.1573944091796875
[2026-07-23T17:05:27.987] [DEBUG] debug-file - build config:
[2026-07-23T17:05:27.989] [DEBUG] debug-file - runTaskFromQueue task cost before running: 838 ms 
[2026-07-23T17:05:27.987] [DEBUG] debug-file - {
  moduleType: 'entry',
  perf: 0,
  targetName: '.default',
  packageManagerType: 'ohpm',
  localPropertiesPath: '/Users/guoyutong/MyWorkSpace/TestThirdParty/cases/tinyxml2/harmony-demo/local.properties',
  isPreview: false,
  isOhosTest: false,
  isLocalTest: false,
  buildMode: 'Debug',
  hotReloadBuild: undefined,
  watchMode: 'false',
  aceProfilePath: '/Users/guoyutong/MyWorkSpace/TestThirdParty/cases/tinyxml2/harmony-demo/entry/build/default/intermediates/res/default/resources/base/profile',
  etsLoaderPath: '/Users/guoyutong/command-line-tools/sdk/default/openharmony/ets/build-tools/ets-loader',
  modulePath: '/Users/guoyutong/MyWorkSpace/TestThirdParty/cases/tinyxml2/harmony-demo/entry',
  testFrameworkPar: {
    testMode: undefined,
    coveragePathFilter: undefined,
    coverageMode: undefined
  },
  needCoverageInsert: false,
  debugLine: false,
  projectTopDir: '/Users/guoyutong/MyWorkSpace/TestThirdParty/cases/tinyxml2/harmony-demo',
  compileSdkVersion: 26,
  compatibleSdkVersion: 26,
  originCompatibleSdkVersion: '26.0.0',
  compatibleSdkVersionStage: undefined,
  bundleName: 'c***2',
  etsLoaderVersion: '26.0.0.23',
  etsLoaderReleaseType: 'Beta1',
  aotCompileMode: 'type',
  apPath: '/Users/guoyutong/MyWorkSpace/TestThirdParty/cases/tinyxml2/harmony-demo/entry/modules.ap',
  entryModuleName: 'entry',
  entryModuleVersion: '1.0.0',
  entryPackageName: 'entry',
  allModuleNameHash: 'e71f65eca2aa57c317f34b9fe7823ba53d99ef3d7e7a3e20d577c7d7ed4bc82d',
  externalApiPaths: [ '/Users/guoyutong/command-line-tools/sdk/default/hms/ets' ],
  compilerTypes: [],
  isCrossplatform: false,
  hvigorPluginFile: undefined,
  compilePluginPath: undefined,
  buildGeneratedProfilePath: '/Users/guoyutong/MyWorkSpace/TestThirdParty/cases/tinyxml2/harmony-demo/entry/build/default/generated/profile/default',
  bundleType: 'app',
  arkTSVersion: undefined,
  apiVersion: 26,
  needCompleteSourcesMap: false,
  isFaMode: false,
  buildDir: '/Users/guoyutong/MyWorkSpace/TestThirdParty/cases/tinyxml2/harmony-demo/entry/build',
  deviceTypes: [ 'phone', 'tablet', '2in1' ],
  pkgContextInfo: undefined,
  ohPackagePathMap: {},
  dependencyAliasMap: {},
  permission: { requestPermissions: undefined, definePermissions: undefined },
  useGetCurrentBundleName: false,
  projectArkOption: undefined,
  sourceMapDir: undefined,
  branchElimination: false,
  transformLib: undefined,
  tsImportSendable: false,
  resolveConflictMode: true,
  depName2RootPath: {},
  depName2DepInfo: {},
  depName2OhExports: {},
  rootPathSet: [
    '/Users/guoyutong/MyWorkSpace/TestThirdParty/cases/tinyxml2/harmony-demo'
  ],
  useNativeResolver: true,
  shouldEmitJs: true,
  useUnifiedAst: false,
  useTscResolve: false,
  singleFileEmit: false,
  userProjectConfig: {
    autoLazyImport: false,
    allowEmptyBundleName: false,
    reExportCheckMode: 'noCheck',
    executionMode: 'memory',
    usePathPlaceholder: false,
    writeRollupCache: true,
    isExpandImportEnabled: false,
    expandImportExclude: '',
    lazyImportExclude: '',
    lazyImportInclude: '',
    ignoreCrossplatformCheck: false,
    isHarDeduplicateEnabled: false,
    skipOhModulesLint: false,
    enableStrictCheckOHModule: false,
    disableSendableCheckRules: [],
    useDeclarationFileSignature: false,
    customizedOptions: undefined,
    integratedHsp: false,
    tsImportSoCheck: false,
    isPreloadSoEnabled: false
  },
  executionMode: 'memory',
  arkCompileCachePath: '/Users/guoyutong/MyWorkSpace/TestThirdParty/cases/tinyxml2/harmony-demo/entry/build/default/cache/default/default@CompileArkTS/esmodule',
  autoLazyFilter: undefined,
  isHarDeduplicateEnabled: false,
  intermediateHarDuplicateDirPath: '/Users/guoyutong/MyWorkSpace/TestThirdParty/cases/tinyxml2/harmony-demo/entry/build/default/intermediates/har_duplicate/default',
  autoLazyImport: false,
  allowEmptyBundleName: false,
  reExportCheckMode: 'noCheck',
  usePathPlaceholder: false,
  writeRollupCache: true,
  isExpandImportEnabled: false,
  expandImportExclude: '',
  lazyImportExclude: '',
  lazyImportInclude: '',
  ignoreCrossplatformCheck: false,
  skipOhModulesLint: false,
  enableStrictCheckOHModule: false,
  disableSendableCheckRules: [],
  useDeclarationFileSignature: false,
  customizedOptions: undefined,
  integratedHsp: false,
  tsImportSoCheck: false,
  isPreloadSoEnabled: false,
  strictMode: undefined,
  useNormalizedOHMUrl: false,
  caseSensitiveCheck: false,
  strictCheckerOnly: false,
  aceModuleJsonPath: '/Users/guoyutong/MyWorkSpace/TestThirdParty/cases/tinyxml2/harmony-demo/entry/build/default/intermediates/res/default/ark_module.json',
  appResource: '/Users/guoyutong/MyWorkSpace/TestThirdParty/cases/tinyxml2/harmony-demo/entry/build/default/intermediates/res/default/ResourceTable.txt',
  rawFileResource: '/Users/guoyutong/MyWorkSpace/TestThirdParty/cases/tinyxml2/harmony-demo/entry/build/default/intermediates/res/default/resources/rawfile',
  resourceTableHash: '0f09b429b371a6f162359917e8bf68f1d1a81abfb007e38c000dadae708d7c6a',
  runtimeOS: 'HarmonyOS',
  sdkInfo: 'false:26:26.0.0.23:Beta1',
  aceModuleRoot: '/Users/guoyutong/MyWorkSpace/TestThirdParty/cases/tinyxml2/harmony-demo/entry/src/main/ets',
  compileMode: 'esmodule',
  aceSuperVisualPath: '/Users/guoyutong/MyWorkSpace/TestThirdParty/cases/tinyxml2/harmony-demo/entry/src/main/supervisual',
  aceBuildJson: '/Users/guoyutong/MyWorkSpace/TestThirdParty/cases/tinyxml2/harmony-demo/entry/build/default/intermediates/loader/default/loader.json',
  cachePath: '/Users/guoyutong/MyWorkSpace/TestThirdParty/cases/tinyxml2/harmony-demo/entry/build/default/cache/default/default@CompileArkTS/esmodule/debug',
  aceModuleBuild: '/Users/guoyutong/MyWorkSpace/TestThirdParty/cases/tinyxml2/harmony-demo/entry/build/default/intermediates/loader_out/default/ets',
  supportChunks: true,
  declaredFilesPath: undefined,
  shouldCollectDirectImportees: false,
  isByteCodeHarOptimize: false,
  expandImportPath: undefined,
  resourceTableTs: '/Users/guoyutong/MyWorkSpace/TestThirdParty/cases/tinyxml2/harmony-demo/entry/build/default/generated/r/default/ResourceTable.ts',
  moduleMetaInfoFiles: [
    {
      filePath: '/Users/guoyutong/MyWorkSpace/TestThirdParty/cases/tinyxml2/harmony-demo/entry/build/default/generated/r/default/ResourceTable.ts',
      ohmurl: 'com.thirdparty.validation.tinyxml2/entry/build/generated/r/ResourceTable'
    }
  ],
  pkgNameToPkgBriefInfo: {
    entry: {
      pkgRoot: '/Users/guoyutong/MyWorkSpace/TestThirdParty/cases/tinyxml2/harmony-demo/entry',
      originalSourceRoots: undefined,
      sourceRoots: [Array],
      pkgName: 'entry'
    }
  },
  projectModel: {
    '/Users/guoyutong/MyWorkSpace/TestThirdParty/cases/tinyxml2/harmony-demo/entry/src/main': {
      moduleName: 'entry',
      modulePkgPath: '/Users/guoyutong/MyWorkSpace/TestThirdParty/cases/tinyxml2/harmony-demo/entry',
      belongProjectPath: '/Users/guoyutong/MyWorkSpace/TestThirdParty/cases/tinyxml2/harmony-demo'
    },
    '/Users/guoyutong/MyWorkSpace/TestThirdParty/cases/tinyxml2/harmony-demo/entry/src/ohosTest': {
      moduleName: 'entry_test',
      modulePkgPath: '/Users/guoyutong/MyWorkSpace/TestThirdParty/cases/tinyxml2/harmony-demo/entry',
      belongProjectPath: '/Users/guoyutong/MyWorkSpace/TestThirdParty/cases/tinyxml2/harmony-demo'
    },
    '/Users/guoyutong/MyWorkSpace/TestThirdParty/cases/tinyxml2/harmony-demo/entry': {
      moduleName: 'entry',
      modulePkgPath: '/Users/guoyutong/MyWorkSpace/TestThirdParty/cases/tinyxml2/harmony-demo/entry',
      belongProjectPath: '/Users/guoyutong/MyWorkSpace/TestThirdParty/cases/tinyxml2/harmony-demo'
    },
    '/Users/guoyutong/MyWorkSpace/TestThirdParty/cases/tinyxml2/harmony-demo': {
      moduleName: 'harmony-demo',
      modulePkgPath: '/Users/guoyutong/MyWorkSpace/TestThirdParty/cases/tinyxml2/harmony-demo',
      belongProjectPath: '/Users/guoyutong/MyWorkSpace/TestThirdParty/cases/tinyxml2/harmony-demo'
    }
  },
  pkgJsonFileHash: '8519713dbe917935f72df9fefd8b67ca846046fdb729f87772c82524c1f894c7',
  allModulePaths: [
    '/Users/guoyutong/MyWorkSpace/TestThirdParty/cases/tinyxml2/harmony-demo/entry'
  ],
  routerMap: {},
  obfuscationOptions: undefined,
  byteCodeHarToDependencyKeys: undefined,
  compileBlockPkg: [],
  mockParams: {
    decorator: '@MockSetup',
    packageName: '@ohos/hamock',
    etsSourceRootPath: 'src/main/ets',
    mockConfigPath: undefined,
    mockConfigKey2ModuleInfo: {},
    source2ModuleIdMap: {}
  },
  copyCodeResourceEnable: true,
  copyCodeResourceExcludes: [],
  copyCodeResourceIncludes: undefined,
  uiTransformOptimization: false,
  sdkPath: '/Users/guoyutong/command-line-tools/sdk',
  needPreloadSoFileSet: {},
  preloadSoFilePath: '/Users/guoyutong/MyWorkSpace/TestThirdParty/cases/tinyxml2/harmony-demo/entry/build/default/intermediates/preload/default/preload.json',
  useSourceHash: false,
  localModuleParamMap: {},
  otherPaths: {
    'entry/*': [ '../*', '../../../build/default/generated/profile/default/*' ]
  },
  collectImportersConfig: undefined
}
[2026-07-23T17:05:27.989] [INFO] debug-file - Finished :entry:default@BuildJS... after 1 ms 
[2026-07-23T17:05:27.987] [DEBUG] debug-file - Compile arkts with external api path: /Users/guoyutong/command-line-tools/sdk/default/hms/ets
[2026-07-23T17:05:27.987] [DEBUG] debug-file - default@CompileArkTS work[2] is submitted.
[2026-07-23T17:05:27.987] [DEBUG] debug-file - default@CompileArkTS work[2] is pushed to ready queue.
[2026-07-23T17:05:27.987] [DEBUG] debug-file - A work dispatched to worker[9] failed because unable to get work from ready queue.
[2026-07-23T17:05:27.987] [DEBUG] debug-file - A work dispatched to worker[8] failed because of worker busy.
[2026-07-23T17:05:27.987] [DEBUG] debug-file - A work dispatched to worker[7] failed because of worker busy.
[2026-07-23T17:05:27.987] [DEBUG] debug-file - A work dispatched to worker[6] failed because unable to get work from ready queue.
[2026-07-23T17:05:27.987] [DEBUG] debug-file - A work dispatched to worker[5] failed because unable to get work from ready queue.
[2026-07-23T17:05:27.987] [DEBUG] debug-file - Create  resident worker with id: 4.
[2026-07-23T17:05:27.988] [DEBUG] debug-file - default@CompileArkTS work[2] has been dispatched to worker[4].
[2026-07-23T17:05:27.988] [DEBUG] debug-file - default@CompileArkTS work[2] is dispatched.
[2026-07-23T17:05:27.988] [DEBUG] debug-file - CopyResources startTime: 806527694873583
[2026-07-23T17:05:27.988] [DEBUG] debug-file - default@CompileArkTS work[3] is submitted.
[2026-07-23T17:05:27.988] [DEBUG] debug-file - default@CompileArkTS work[3] is pushed to ready queue.
[2026-07-23T17:05:27.988] [DEBUG] debug-file - A work dispatched to worker[9] failed because unable to get work from ready queue.
[2026-07-23T17:05:27.988] [DEBUG] debug-file - A work dispatched to worker[8] failed because of worker busy.
[2026-07-23T17:05:27.988] [DEBUG] debug-file - A work dispatched to worker[7] failed because of worker busy.
[2026-07-23T17:05:27.988] [DEBUG] debug-file - Create  resident worker with id: 6.
[2026-07-23T17:05:27.988] [DEBUG] debug-file - default@CompileArkTS work[3] has been dispatched to worker[6].
[2026-07-23T17:05:27.988] [DEBUG] debug-file - default@CompileArkTS work[3] is dispatched.
[2026-07-23T17:05:27.988] [DEBUG] debug-file - entry : default@CompileArkTS cost memory 1.78216552734375
[2026-07-23T17:05:28.191] [DEBUG] debug-file - worker[6] has one work done.
[2026-07-23T17:05:28.191] [DEBUG] debug-file - CopyResources is end, endTime: 806527898429625
[2026-07-23T17:05:28.191] [DEBUG] debug-file - default@CompileArkTS work[3] done.
[2026-07-23T17:05:28.191] [DEBUG] debug-file - A work dispatched to worker[6] failed because unable to get work from ready queue.
[2026-07-23T17:05:30.065] [WARN] debug-file - [33mWARN: [33m[33mArkTS:WARN File: /Users/guoyutong/MyWorkSpace/TestThirdParty/cases/tinyxml2/harmony-demo/entry/src/main/ets/entryability/EntryAbility.ets:6:17
 Function may throw exceptions. Special handling is required.
[39m[39m

[2026-07-23T17:05:30.065] [DEBUG] debug-file - Ark compile task finished.finished time is 806529772219166
[2026-07-23T17:05:30.065] [DEBUG] debug-file - worker[4] has one work done.
[2026-07-23T17:05:30.066] [DEBUG] debug-file - default@CompileArkTS work[2] done.
[2026-07-23T17:05:30.066] [DEBUG] debug-file - A work dispatched to worker[4] failed because unable to get work from ready queue.
[2026-07-23T17:05:30.066] [INFO] debug-file - Finished :entry:default@CompileArkTS... after 1 s 623 ms 
[2026-07-23T17:05:30.674] [DEBUG] debug-file - Not searching for unused variables given on the command line.
-- The C compiler identification is Clang 15.0.4

[2026-07-23T17:05:30.679] [DEBUG] debug-file - Not searching for unused variables given on the command line.
-- The C compiler identification is Clang 15.0.4

[2026-07-23T17:05:30.706] [DEBUG] debug-file - -- The CXX compiler identification is Clang 15.0.4

[2026-07-23T17:05:30.706] [DEBUG] debug-file - -- The CXX compiler identification is Clang 15.0.4

[2026-07-23T17:05:33.782] [DEBUG] debug-file - -- Detecting C compiler ABI info

[2026-07-23T17:05:33.782] [DEBUG] debug-file - -- Detecting C compiler ABI info

[2026-07-23T17:05:33.918] [DEBUG] debug-file - -- Detecting C compiler ABI info - done

[2026-07-23T17:05:33.918] [DEBUG] debug-file - -- Detecting C compiler ABI info - done

[2026-07-23T17:05:33.921] [DEBUG] debug-file - -- Check for working C compiler: /Users/guoyutong/command-line-tools/sdk/default/openharmony/native/llvm/bin/clang - skipped

[2026-07-23T17:05:33.922] [DEBUG] debug-file - -- Check for working C compiler: /Users/guoyutong/command-line-tools/sdk/default/openharmony/native/llvm/bin/clang - skipped

[2026-07-23T17:05:33.922] [DEBUG] debug-file - -- Detecting C compile features

[2026-07-23T17:05:33.922] [DEBUG] debug-file - -- Detecting C compile features

[2026-07-23T17:05:33.922] [DEBUG] debug-file - -- Detecting C compile features - done

[2026-07-23T17:05:33.922] [DEBUG] debug-file - -- Detecting C compile features - done

[2026-07-23T17:05:33.954] [DEBUG] debug-file - -- Detecting CXX compiler ABI info

[2026-07-23T17:05:33.954] [DEBUG] debug-file - -- Detecting CXX compiler ABI info

[2026-07-23T17:05:34.076] [DEBUG] debug-file - -- Detecting CXX compiler ABI info - done

[2026-07-23T17:05:34.076] [DEBUG] debug-file - -- Detecting CXX compiler ABI info - done

[2026-07-23T17:05:34.079] [DEBUG] debug-file - -- Check for working CXX compiler: /Users/guoyutong/command-line-tools/sdk/default/openharmony/native/llvm/bin/clang++ - skipped

[2026-07-23T17:05:34.079] [DEBUG] debug-file - -- Detecting CXX compile features

[2026-07-23T17:05:34.079] [DEBUG] debug-file - -- Check for working CXX compiler: /Users/guoyutong/command-line-tools/sdk/default/openharmony/native/llvm/bin/clang++ - skipped

[2026-07-23T17:05:34.079] [DEBUG] debug-file - -- Detecting CXX compile features

[2026-07-23T17:05:34.079] [DEBUG] debug-file - -- Detecting CXX compile features - done

[2026-07-23T17:05:34.080] [DEBUG] debug-file - -- Detecting CXX compile features - done

[2026-07-23T17:05:34.083] [DEBUG] debug-file - -- Configuring done (5.1s)

[2026-07-23T17:05:34.083] [DEBUG] debug-file - -- Configuring done (5.2s)

[2026-07-23T17:05:34.092] [DEBUG] debug-file - -- Generating done (0.0s)

[2026-07-23T17:05:34.092] [DEBUG] debug-file - -- Generating done (0.0s)

[2026-07-23T17:05:34.098] [DEBUG] debug-file - -- Build files have been written to: /Users/guoyutong/MyWorkSpace/TestThirdParty/cases/tinyxml2/harmony-demo/entry/.cxx/default/default/debug/arm64-v8a

[2026-07-23T17:05:34.098] [DEBUG] debug-file - -- Build files have been written to: /Users/guoyutong/MyWorkSpace/TestThirdParty/cases/tinyxml2/harmony-demo/entry/.cxx/default/default/debug/x86_64

[2026-07-23T17:05:34.100] [DEBUG] debug-file - worker[7] has one work done.
[2026-07-23T17:05:34.111] [DEBUG] debug-file - worker[8] has one work done.
[2026-07-23T17:05:34.132] [DEBUG] debug-file - default@BuildNativeWithCmake work[1] done.
[2026-07-23T17:05:34.132] [DEBUG] debug-file - A work dispatched to worker[7] failed because unable to get work from ready queue.
[2026-07-23T17:05:34.132] [DEBUG] debug-file - default@BuildNativeWithCmake work[0] done.
[2026-07-23T17:05:34.135] [DEBUG] debug-file - ninja: Entering directory `/Users/guoyutong/MyWorkSpace/TestThirdParty/cases/tinyxml2/harmony-demo/entry/.cxx/default/default/debug/arm64-v8a'

[2026-07-23T17:05:34.133] [DEBUG] debug-file - Executing task :entry:default@BuildNativeWithNinja
[2026-07-23T17:05:34.132] [DEBUG] debug-file - A work dispatched to worker[8] failed because unable to get work from ready queue.
[2026-07-23T17:05:34.133] [DEBUG] debug-file - Use tool [Ninja]
 [
  '/Users/guoyutong/command-line-tools/sdk/default/openharmony/native/build-tools/cmake/bin/ninja',
  '-C',
  '/Users/guoyutong/MyWorkSpace/TestThirdParty/cases/tinyxml2/harmony-demo/entry/.cxx/default/default/debug/arm64-v8a'
]
[2026-07-23T17:05:34.132] [INFO] debug-file - Finished :entry:default@BuildNativeWithCmake... after 6 s 89 ms 
[2026-07-23T17:05:34.133] [DEBUG] debug-file - default@BuildNativeWithNinja work[4] is submitted.
[2026-07-23T17:05:34.133] [DEBUG] debug-file - default@BuildNativeWithNinja work[4] is pushed to ready queue.
[2026-07-23T17:05:34.133] [DEBUG] debug-file - A work dispatched to worker[9] failed because unable to get work from ready queue.
[2026-07-23T17:05:34.133] [DEBUG] debug-file - default@BuildNativeWithNinja work[4] has been dispatched to worker[8].
[2026-07-23T17:05:34.133] [DEBUG] debug-file - default@BuildNativeWithNinja work[4] is dispatched.
[2026-07-23T17:05:34.137] [DEBUG] debug-file - OHOS_STL is c++_shared
[2026-07-23T17:05:34.137] [DEBUG] debug-file - Copy STL libc++_shared.so to /Users/guoyutong/MyWorkSpace/TestThirdParty/cases/tinyxml2/harmony-demo/entry/build/default/intermediates/cmake/default/obj/arm64-v8a due to OHOS_STL is 'c++_shared'
[2026-07-23T17:05:34.142] [DEBUG] debug-file - Use tool [Ninja]
 [
  '/Users/guoyutong/command-line-tools/sdk/default/openharmony/native/build-tools/cmake/bin/ninja',
  '-C',
  '/Users/guoyutong/MyWorkSpace/TestThirdParty/cases/tinyxml2/harmony-demo/entry/.cxx/default/default/debug/x86_64'
]
[2026-07-23T17:05:34.145] [DEBUG] debug-file - ninja: Entering directory `/Users/guoyutong/MyWorkSpace/TestThirdParty/cases/tinyxml2/harmony-demo/entry/.cxx/default/default/debug/x86_64'

[2026-07-23T17:05:34.142] [DEBUG] debug-file - default@BuildNativeWithNinja work[5] is submitted.
[2026-07-23T17:05:34.142] [DEBUG] debug-file - default@BuildNativeWithNinja work[5] is pushed to ready queue.
[2026-07-23T17:05:34.142] [DEBUG] debug-file - A work dispatched to worker[9] failed because unable to get work from ready queue.
[2026-07-23T17:05:34.142] [DEBUG] debug-file - A work dispatched to worker[8] failed because of worker busy.
[2026-07-23T17:05:34.142] [DEBUG] debug-file - default@BuildNativeWithNinja work[5] has been dispatched to worker[7].
[2026-07-23T17:05:34.142] [DEBUG] debug-file - default@BuildNativeWithNinja work[5] is dispatched.
[2026-07-23T17:05:34.147] [DEBUG] debug-file - OHOS_STL is c++_shared
[2026-07-23T17:05:34.147] [DEBUG] debug-file - Copy STL libc++_shared.so to /Users/guoyutong/MyWorkSpace/TestThirdParty/cases/tinyxml2/harmony-demo/entry/build/default/intermediates/cmake/default/obj/x86_64 due to OHOS_STL is 'c++_shared'
[2026-07-23T17:05:34.159] [DEBUG] debug-file - entry : default@BuildNativeWithNinja cost memory 2.77142333984375
[2026-07-23T17:05:34.283] [DEBUG] debug-file - [1/4] Building CXX object tinyxml2-build/CMakeFiles/tinyxml2.dir/tinyxml2.cpp.o
clang++: warning: argument unused during compilation: '--gcc-toolchain=/Users/guoyutong/command-line-tools/sdk/default/openharmony/native/llvm' [-Wunused-command-line-argument]

[2026-07-23T17:05:34.292] [DEBUG] debug-file - [1/4] Building CXX object tinyxml2-build/CMakeFiles/tinyxml2.dir/tinyxml2.cpp.o
clang++: warning: argument unused during compilation: '--gcc-toolchain=/Users/guoyutong/command-line-tools/sdk/default/openharmony/native/llvm' [-Wunused-command-line-argument]

[2026-07-23T17:05:34.447] [DEBUG] debug-file - [2/4] Building CXX object CMakeFiles/entry.dir/napi_init.cpp.o
clang++: warning: argument unused during compilation: '--gcc-toolchain=/Users/guoyutong/command-line-tools/sdk/default/openharmony/native/llvm' [-Wunused-command-line-argument]

[2026-07-23T17:05:34.447] [DEBUG] debug-file - [2/4] Building CXX object CMakeFiles/entry.dir/napi_init.cpp.o
clang++: warning: argument unused during compilation: '--gcc-toolchain=/Users/guoyutong/command-line-tools/sdk/default/openharmony/native/llvm' [-Wunused-command-line-argument]

[2026-07-23T17:05:34.831] [DEBUG] debug-file - [3/4] Linking CXX static library tinyxml2-build/libtinyxml2.a

[2026-07-23T17:05:34.865] [DEBUG] debug-file - [3/4] Linking CXX static library tinyxml2-build/libtinyxml2.a

[2026-07-23T17:05:34.875] [DEBUG] debug-file - [4/4] Linking CXX shared library /Users/guoyutong/MyWorkSpace/TestThirdParty/cases/tinyxml2/harmony-demo/entry/build/default/intermediates/cmake/default/obj/x86_64/libentry.so

[2026-07-23T17:05:34.876] [DEBUG] debug-file - worker[7] has one work done.
[2026-07-23T17:05:34.879] [DEBUG] debug-file - External build set its own library output location for libtinyxml2.a, which will be hard linked or copy to the expected location.
[2026-07-23T17:05:34.880] [DEBUG] debug-file - Link /Users/guoyutong/MyWorkSpace/TestThirdParty/cases/tinyxml2/harmony-demo/entry/.cxx/default/default/debug/x86_64/tinyxml2-build/libtinyxml2.a to /Users/guoyutong/MyWorkSpace/TestThirdParty/cases/tinyxml2/harmony-demo/entry/build/default/intermediates/cmake/default/obj/x86_64/libtinyxml2.a successfully.
[2026-07-23T17:05:34.880] [DEBUG] debug-file - default@BuildNativeWithNinja work[5] done.
[2026-07-23T17:05:34.880] [DEBUG] debug-file - A work dispatched to worker[7] failed because unable to get work from ready queue.
[2026-07-23T17:05:34.903] [DEBUG] debug-file - [4/4] Linking CXX shared library /Users/guoyutong/MyWorkSpace/TestThirdParty/cases/tinyxml2/harmony-demo/entry/build/default/intermediates/cmake/default/obj/arm64-v8a/libentry.so

[2026-07-23T17:05:34.904] [DEBUG] debug-file - worker[8] has one work done.
[2026-07-23T17:05:34.907] [DEBUG] debug-file - External build set its own library output location for libtinyxml2.a, which will be hard linked or copy to the expected location.
[2026-07-23T17:05:34.908] [DEBUG] debug-file - Link /Users/guoyutong/MyWorkSpace/TestThirdParty/cases/tinyxml2/harmony-demo/entry/.cxx/default/default/debug/arm64-v8a/tinyxml2-build/libtinyxml2.a to /Users/guoyutong/MyWorkSpace/TestThirdParty/cases/tinyxml2/harmony-demo/entry/build/default/intermediates/cmake/default/obj/arm64-v8a/libtinyxml2.a successfully.
[2026-07-23T17:05:34.908] [DEBUG] debug-file - default@BuildNativeWithNinja work[4] done.
[2026-07-23T17:05:34.908] [DEBUG] debug-file - Executing task :entry:default@ProcessLibs
[2026-07-23T17:05:34.908] [DEBUG] debug-file - A work dispatched to worker[8] failed because unable to get work from ready queue.
[2026-07-23T17:05:34.915] [DEBUG] debug-file - Check content hash for /Users/guoyutong/MyWorkSpace/TestThirdParty/cases/tinyxml2/harmony-demo/entry/build/default/intermediates/cmake/default/obj/x86_64/libtinyxml2.a
[2026-07-23T17:05:34.908] [INFO] debug-file - Finished :entry:default@BuildNativeWithNinja... after 772 ms 
[2026-07-23T17:05:34.916] [DEBUG] debug-file - Check content hash for /Users/guoyutong/MyWorkSpace/TestThirdParty/cases/tinyxml2/harmony-demo/entry/build/default/intermediates/cmake/default/obj/x86_64/libentry.so
[2026-07-23T17:05:34.917] [DEBUG] debug-file - Check content hash for /Users/guoyutong/MyWorkSpace/TestThirdParty/cases/tinyxml2/harmony-demo/entry/build/default/intermediates/cmake/default/obj/x86_64/libc++_shared.so
[2026-07-23T17:05:34.918] [DEBUG] debug-file - Check content hash for /Users/guoyutong/MyWorkSpace/TestThirdParty/cases/tinyxml2/harmony-demo/entry/build/default/intermediates/cmake/default/obj/arm64-v8a/libtinyxml2.a
[2026-07-23T17:05:34.918] [DEBUG] debug-file - Check content hash for /Users/guoyutong/MyWorkSpace/TestThirdParty/cases/tinyxml2/harmony-demo/entry/build/default/intermediates/cmake/default/obj/arm64-v8a/libentry.so
[2026-07-23T17:05:34.919] [DEBUG] debug-file - Check content hash for /Users/guoyutong/MyWorkSpace/TestThirdParty/cases/tinyxml2/harmony-demo/entry/build/default/intermediates/cmake/default/obj/arm64-v8a/libc++_shared.so
[2026-07-23T17:05:34.920] [DEBUG] debug-file - Task 'entry:default@ProcessLibs' cost while wrapping incremental declarations: 1 ms 
[2026-07-23T17:05:34.921] [DEBUG] debug-file - Worker dispatch failed, running processLibs on main thread.
[2026-07-23T17:05:34.922] [DEBUG] debug-file - Link /Users/guoyutong/MyWorkSpace/TestThirdParty/cases/tinyxml2/harmony-demo/entry/build/default/intermediates/cmake/default/obj/x86_64/libentry.so to /Users/guoyutong/MyWorkSpace/TestThirdParty/cases/tinyxml2/harmony-demo/entry/build/default/intermediates/libs/default/x86_64/libentry.so successfully.
[2026-07-23T17:05:34.922] [DEBUG] debug-file - Link /Users/guoyutong/MyWorkSpace/TestThirdParty/cases/tinyxml2/harmony-demo/entry/build/default/intermediates/cmake/default/obj/x86_64/libc++_shared.so to /Users/guoyutong/MyWorkSpace/TestThirdParty/cases/tinyxml2/harmony-demo/entry/build/default/intermediates/libs/default/x86_64/libc++_shared.so successfully.
[2026-07-23T17:05:34.923] [DEBUG] debug-file - Link /Users/guoyutong/MyWorkSpace/TestThirdParty/cases/tinyxml2/harmony-demo/entry/build/default/intermediates/cmake/default/obj/arm64-v8a/libentry.so to /Users/guoyutong/MyWorkSpace/TestThirdParty/cases/tinyxml2/harmony-demo/entry/build/default/intermediates/libs/default/arm64-v8a/libentry.so successfully.
[2026-07-23T17:05:34.923] [DEBUG] debug-file - Link /Users/guoyutong/MyWorkSpace/TestThirdParty/cases/tinyxml2/harmony-demo/entry/build/default/intermediates/cmake/default/obj/arm64-v8a/libc++_shared.so to /Users/guoyutong/MyWorkSpace/TestThirdParty/cases/tinyxml2/harmony-demo/entry/build/default/intermediates/libs/default/arm64-v8a/libc++_shared.so successfully.
[2026-07-23T17:05:34.923] [DEBUG] debug-file - entry : default@ProcessLibs cost memory 4.05999755859375
[2026-07-23T17:05:34.924] [DEBUG] debug-file - Executing task :entry:default@DoNativeStrip
[2026-07-23T17:05:34.923] [DEBUG] debug-file - runTaskFromQueue task cost before running: 7 s 772 ms 
[2026-07-23T17:05:34.924] [DEBUG] debug-file - File: '/Users/guoyutong/MyWorkSpace/TestThirdParty/cases/tinyxml2/harmony-demo/entry/build/default/intermediates/binxo/default' from 'doBinxoNativeLibs' is not exists, just ignore.
[2026-07-23T17:05:34.923] [INFO] debug-file - Finished :entry:default@ProcessLibs... after 15 ms 
[2026-07-23T17:05:34.924] [DEBUG] debug-file - Task 'entry:default@DoNativeStrip' cost while wrapping incremental declarations: 1 ms 
[2026-07-23T17:05:34.925] [DEBUG] debug-file - default@DoNativeStrip work[6] is submitted.
[2026-07-23T17:05:34.925] [DEBUG] debug-file - default@DoNativeStrip work[6] is pushed to ready queue.
[2026-07-23T17:05:34.925] [DEBUG] debug-file - A work dispatched to worker[9] failed because unable to get work from ready queue.
[2026-07-23T17:05:34.925] [DEBUG] debug-file - default@DoNativeStrip work[6] has been dispatched to worker[8].
[2026-07-23T17:05:34.925] [DEBUG] debug-file - default@DoNativeStrip work[6] is dispatched.
[2026-07-23T17:05:34.925] [DEBUG] debug-file - entry : default@DoNativeStrip cost memory 0.1898651123046875
[2026-07-23T17:05:34.932] [DEBUG] debug-file - current process  memoryUsage: {
  rss: 1018281984,
  heapTotal: 89997312,
  heapUsed: 55472160,
  external: 5058268,
  arrayBuffers: 36387
} os memoryUsage :15.812850952148438
[2026-07-23T17:05:34.933] [DEBUG] debug-file - current process  memoryUsage: {
  rss: 1018298368,
  heapTotal: 89997312,
  heapUsed: 55762968,
  external: 5058308,
  arrayBuffers: 36387
} os memoryUsage :15.812850952148438
[2026-07-23T17:05:34.933] [DEBUG] debug-file - current process  memoryUsage: {
  rss: 1018314752,
  heapTotal: 89997312,
  heapUsed: 55663904,
  external: 5058308,
  arrayBuffers: 36387
} os memoryUsage :15.812850952148438
[2026-07-23T17:05:34.933] [DEBUG] debug-file - current process  memoryUsage: {
  rss: 1018314752,
  heapTotal: 89997312,
  heapUsed: 55739976,
  external: 5058308,
  arrayBuffers: 36387
} os memoryUsage :15.812850952148438
[2026-07-23T17:05:34.952] [DEBUG] debug-file - worker[8] has one work done.
[2026-07-23T17:05:34.952] [DEBUG] debug-file - default@DoNativeStrip work[6] done.
[2026-07-23T17:05:34.952] [DEBUG] debug-file - A work dispatched to worker[8] failed because unable to get work from ready queue.
[2026-07-23T17:05:34.953] [DEBUG] debug-file - Executing task :entry:default@CacheNativeLibs
[2026-07-23T17:05:34.952] [INFO] debug-file - Finished :entry:default@DoNativeStrip... after 26 ms 
[2026-07-23T17:05:34.953] [DEBUG] debug-file - File: '/Users/guoyutong/MyWorkSpace/TestThirdParty/cases/tinyxml2/harmony-demo/entry/build/default/intermediates/binxo/default' from 'cacheBinxoNativeLibs' is not exists, just ignore.
[2026-07-23T17:05:34.953] [DEBUG] debug-file - Task 'entry:default@CacheNativeLibs' cost while wrapping incremental declarations: 1 ms 
[2026-07-23T17:05:34.954] [DEBUG] debug-file - default@CacheNativeLibs work[7] is submitted.
[2026-07-23T17:05:34.954] [DEBUG] debug-file - default@CacheNativeLibs work[7] is pushed to ready queue.
[2026-07-23T17:05:34.954] [DEBUG] debug-file - A work dispatched to worker[9] failed because unable to get work from ready queue.
[2026-07-23T17:05:34.954] [DEBUG] debug-file - default@CacheNativeLibs work[7] has been dispatched to worker[8].
[2026-07-23T17:05:34.954] [DEBUG] debug-file - default@CacheNativeLibs work[7] is dispatched.
[2026-07-23T17:05:34.954] [DEBUG] debug-file - entry : default@CacheNativeLibs cost memory 0.08404541015625
[2026-07-23T17:05:34.959] [DEBUG] debug-file - worker[8] has one work done.
[2026-07-23T17:05:34.959] [DEBUG] debug-file - default@CacheNativeLibs work[7] done.
[2026-07-23T17:05:34.965] [DEBUG] debug-file - Executing task :entry:default@PackageHap
[2026-07-23T17:05:34.959] [DEBUG] debug-file - A work dispatched to worker[8] failed because unable to get work from ready queue.
[2026-07-23T17:05:34.967] [DEBUG] debug-file - default@PackageHap work[8] is submitted.
[2026-07-23T17:05:34.967] [DEBUG] debug-file - Use tool [/Users/guoyutong/command-line-tools/sdk/default/openharmony/toolchains/lib/app_packing_tool.jar]
 [
  'java',
  '-Dfile.encoding=utf-8',
  '-jar',
  '/Users/guoyutong/command-line-tools/sdk/default/openharmony/toolchains/lib/app_packing_tool.jar',
  '--mode',
  'hap',
  '--force',
  'true',
  '--lib-path',
  '/Users/guoyutong/MyWorkSpace/TestThirdParty/cases/tinyxml2/harmony-demo/entry/build/default/intermediates/stripped_native_libs/default',
  '--json-path',
  '/Users/guoyutong/MyWorkSpace/TestThirdParty/cases/tinyxml2/harmony-demo/entry/build/default/intermediates/package/default/module.json',
  '--resources-path',
  '/Users/guoyutong/MyWorkSpace/TestThirdParty/cases/tinyxml2/harmony-demo/entry/build/default/intermediates/res/default/resources',
  '--index-path',
  '/Users/guoyutong/MyWorkSpace/TestThirdParty/cases/tinyxml2/harmony-demo/entry/build/default/intermediates/res/default/resources.index',
  '--pack-info-path',
  '/Users/guoyutong/MyWorkSpace/TestThirdParty/cases/tinyxml2/harmony-demo/entry/build/default/outputs/default/pack.info',
  '--out-path',
  '/Users/guoyutong/MyWorkSpace/TestThirdParty/cases/tinyxml2/harmony-demo/entry/build/default/outputs/default/entry-default-unsigned.hap',
  '--ets-path',
  '/Users/guoyutong/MyWorkSpace/TestThirdParty/cases/tinyxml2/harmony-demo/entry/build/default/intermediates/loader_out/default/ets',
  '--pkg-sdk-info-path',
  '/Users/guoyutong/MyWorkSpace/TestThirdParty/cases/tinyxml2/harmony-demo/entry/build/default/intermediates/loader/default/pkgSdkInfo.json'
]
[2026-07-23T17:05:34.960] [INFO] debug-file - Finished :entry:default@CacheNativeLibs... after 6 ms 
[2026-07-23T17:05:34.967] [DEBUG] debug-file - default@PackageHap work[8] is pushed to ready queue.
[2026-07-23T17:05:34.960] [DEBUG] debug-file - Executing task :entry:default@GeneratePkgModuleJson
[2026-07-23T17:05:34.967] [DEBUG] debug-file - A work dispatched to worker[9] failed because unable to get work from ready queue.
[2026-07-23T17:05:34.967] [DEBUG] debug-file - default@PackageHap work[8] has been dispatched to worker[8].
[2026-07-23T17:05:34.961] [DEBUG] debug-file - File: '/Users/guoyutong/MyWorkSpace/TestThirdParty/cases/tinyxml2/harmony-demo/entry/build/default/intermediates/preload/default/preload.json' from 'preloadSoJsonPath' is not exists, just ignore.
[2026-07-23T17:05:34.967] [DEBUG] debug-file - default@PackageHap work[8] is dispatched.
[2026-07-23T17:05:34.961] [DEBUG] debug-file - Error occurs while handling @Input 'shouldDeduplicateHar': The "data" argument must be of type string or an instance of Buffer, TypedArray, or DataView. Received undefined
[2026-07-23T17:05:34.968] [DEBUG] debug-file - entry : default@PackageHap cost memory 0.351348876953125
[2026-07-23T17:05:34.961] [DEBUG] debug-file - Task 'entry:default@GeneratePkgModuleJson' cost while wrapping incremental declarations: 1 ms 
[2026-07-23T17:05:34.962] [DEBUG] debug-file - entry : default@GeneratePkgModuleJson cost memory 0.12851715087890625
[2026-07-23T17:05:34.962] [DEBUG] debug-file - runTaskFromQueue task cost before running: 7 s 811 ms 
[2026-07-23T17:05:34.962] [INFO] debug-file - Finished :entry:default@GeneratePkgModuleJson... after 2 ms 
[2026-07-23T17:05:34.962] [DEBUG] debug-file - Executing task :entry:default@ProcessCompiledResources
[2026-07-23T17:05:34.962] [DEBUG] debug-file - File: '/Users/guoyutong/MyWorkSpace/TestThirdParty/cases/tinyxml2/harmony-demo/entry/build/default/intermediates/preload/default/preload.json' from 'preloadSoJsonPath' is not exists, just ignore.
[2026-07-23T17:05:34.962] [DEBUG] debug-file - Task 'entry:default@ProcessCompiledResources' cost while wrapping incremental declarations: 1 ms 
[2026-07-23T17:05:34.963] [DEBUG] debug-file - entry : default@ProcessCompiledResources cost memory 0.0474395751953125
[2026-07-23T17:05:34.963] [DEBUG] debug-file - runTaskFromQueue task cost before running: 7 s 812 ms 
[2026-07-23T17:05:34.963] [INFO] debug-file - Finished :entry:default@ProcessCompiledResources... after 1 ms 
[2026-07-23T17:05:34.968] [DEBUG] debug-file - current process  memoryUsage: {
  rss: 1018380288,
  heapTotal: 90259456,
  heapUsed: 56210064,
  external: 5066500,
  arrayBuffers: 44579
} os memoryUsage :15.812850952148438
[2026-07-23T17:05:35.212] [DEBUG] debug-file - worker[8] has one work done.
[2026-07-23T17:05:35.212] [DEBUG] debug-file - default@PackageHap work[8] done.
[2026-07-23T17:05:35.213] [DEBUG] debug-file - Executing task :entry:default@PackingCheck
[2026-07-23T17:05:35.215] [DEBUG] debug-file - Executing task :entry:default@SignHap
[2026-07-23T17:05:35.216] [DEBUG] debug-file - Executing task :entry:default@CollectDebugSymbol
[2026-07-23T17:05:35.212] [DEBUG] debug-file - A work dispatched to worker[8] failed because unable to get work from ready queue.
[2026-07-23T17:05:35.214] [DEBUG] debug-file - entry : default@PackingCheck cost memory 0.2816162109375
[2026-07-23T17:05:35.215] [WARN] debug-file - No signingConfig found for product default
[2026-07-23T17:05:35.216] [DEBUG] debug-file - entry : default@CollectDebugSymbol cost memory 0.092254638671875
[2026-07-23T17:05:35.213] [INFO] debug-file - Finished :entry:default@PackageHap... after 248 ms 
[2026-07-23T17:05:35.214] [DEBUG] debug-file - runTaskFromQueue task cost before running: 8 s 63 ms 
[2026-07-23T17:05:35.215] [DEBUG] debug-file - entry : default@SignHap cost memory 0.0572357177734375
[2026-07-23T17:05:35.216] [DEBUG] debug-file - runTaskFromQueue task cost before running: 8 s 65 ms 
[2026-07-23T17:05:35.214] [INFO] debug-file - Finished :entry:default@PackingCheck... after 2 ms 
[2026-07-23T17:05:35.215] [DEBUG] debug-file - runTaskFromQueue task cost before running: 8 s 64 ms 
[2026-07-23T17:05:35.216] [INFO] debug-file - Finished :entry:default@CollectDebugSymbol... after 1 ms 
[2026-07-23T17:05:35.215] [INFO] debug-file - Finished :entry:default@SignHap... after 1 ms 
[2026-07-23T17:05:35.216] [DEBUG] debug-file - Executing task :entry:assembleHap
[2026-07-23T17:05:35.216] [DEBUG] debug-file - entry : assembleHap cost memory 0.0139312744140625
[2026-07-23T17:05:35.216] [DEBUG] debug-file - runTaskFromQueue task cost before running: 8 s 65 ms 
[2026-07-23T17:05:35.216] [INFO] debug-file - Finished :entry:assembleHap... after 1 ms 
[2026-07-23T17:05:35.217] [INFO] debug-file - BUILD SUCCESSFUL in 8 s 66 ms 
[2026-07-23T17:05:35.217] [DEBUG] debug-file - Update task entry:default@PreBuild input file:/Users/guoyutong/MyWorkSpace/TestThirdParty/cases/tinyxml2/harmony-demo/AppScope/app.json5 cache by regenerate.
[2026-07-23T17:05:35.217] [DEBUG] debug-file - Update task entry:default@PreBuild input file:/Users/guoyutong/MyWorkSpace/TestThirdParty/cases/tinyxml2/harmony-demo/entry/src/main/module.json5 cache by regenerate.
[2026-07-23T17:05:35.217] [DEBUG] debug-file - Update task entry:default@PreBuild input file:/Users/guoyutong/MyWorkSpace/TestThirdParty/cases/tinyxml2/harmony-demo/build-profile.json5 cache by regenerate.
[2026-07-23T17:05:35.218] [DEBUG] debug-file - Update task entry:default@PreBuild input file:/Users/guoyutong/MyWorkSpace/TestThirdParty/cases/tinyxml2/harmony-demo/entry/build-profile.json5 cache by regenerate.
[2026-07-23T17:05:35.218] [DEBUG] debug-file - Update task entry:default@PreBuild input file:/Users/guoyutong/MyWorkSpace/TestThirdParty/cases/tinyxml2/harmony-demo/entry/src/main/resources/base/profile/main_pages.json cache by regenerate.
[2026-07-23T17:05:35.218] [DEBUG] debug-file - Update task entry:default@PreBuild input file:/Users/guoyutong/MyWorkSpace/TestThirdParty/cases/tinyxml2/harmony-demo/hvigor/hvigor-config.json5 cache by regenerate.
[2026-07-23T17:05:35.218] [DEBUG] debug-file - Update task entry:default@PreBuild input file:/Users/guoyutong/MyWorkSpace/TestThirdParty/cases/tinyxml2/harmony-demo/entry/oh-package.json5 cache by regenerate.
[2026-07-23T17:05:35.218] [DEBUG] debug-file - Update task entry:default@PreBuild input file:/Users/guoyutong/MyWorkSpace/TestThirdParty/cases/tinyxml2/harmony-demo/oh-package.json5 cache by regenerate.
[2026-07-23T17:05:35.218] [DEBUG] debug-file - Incremental task entry:default@PreBuild post-execution cost:1 ms .
[2026-07-23T17:05:35.218] [DEBUG] debug-file - Update task entry:default@CreateModuleInfo output file:/Users/guoyutong/MyWorkSpace/TestThirdParty/cases/tinyxml2/harmony-demo/entry/build/default/generated/profile/default/ModuleInfo.ts cache.
[2026-07-23T17:05:35.218] [DEBUG] debug-file - Incremental task entry:default@CreateModuleInfo post-execution cost:1 ms .
[2026-07-23T17:05:35.218] [DEBUG] debug-file - Update task entry:default@GenerateMetadata input file:/Users/guoyutong/MyWorkSpace/TestThirdParty/cases/tinyxml2/harmony-demo/entry/src/main/module.json5 cache by regenerate.
[2026-07-23T17:05:35.218] [DEBUG] debug-file - Update task entry:default@GenerateMetadata output file:/Users/guoyutong/MyWorkSpace/TestThirdParty/cases/tinyxml2/harmony-demo/entry/build/default/intermediates/hap_metadata/default/output_metadata.json cache.
[2026-07-23T17:05:35.218] [DEBUG] debug-file - Incremental task entry:default@GenerateMetadata post-execution cost:1 ms .
[2026-07-23T17:05:35.218] [DEBUG] debug-file - Update task entry:default@MergeProfile input file:/Users/guoyutong/MyWorkSpace/TestThirdParty/cases/tinyxml2/harmony-demo/AppScope/app.json5 cache by regenerate.
[2026-07-23T17:05:35.218] [DEBUG] debug-file - Update task entry:default@MergeProfile input file:/Users/guoyutong/MyWorkSpace/TestThirdParty/cases/tinyxml2/harmony-demo/build-profile.json5 cache by regenerate.
[2026-07-23T17:05:35.218] [DEBUG] debug-file - Update task entry:default@MergeProfile input file:/Users/guoyutong/MyWorkSpace/TestThirdParty/cases/tinyxml2/harmony-demo/entry/src/main/module.json5 cache by regenerate.
[2026-07-23T17:05:35.218] [DEBUG] debug-file - Update task entry:default@MergeProfile output file:/Users/guoyutong/MyWorkSpace/TestThirdParty/cases/tinyxml2/harmony-demo/entry/build/default/intermediates/merge_profile/default/module.json cache.
[2026-07-23T17:05:35.218] [DEBUG] debug-file - Incremental task entry:default@MergeProfile post-execution cost:1 ms .
[2026-07-23T17:05:35.218] [DEBUG] debug-file - Update task entry:default@CreateBuildProfile input file:/Users/guoyutong/MyWorkSpace/TestThirdParty/cases/tinyxml2/harmony-demo/AppScope/app.json5 cache by regenerate.
[2026-07-23T17:05:35.218] [DEBUG] debug-file - Update task entry:default@CreateBuildProfile input file:/Users/guoyutong/MyWorkSpace/TestThirdParty/cases/tinyxml2/harmony-demo/build-profile.json5 cache by regenerate.
[2026-07-23T17:05:35.218] [DEBUG] debug-file - Update task entry:default@CreateBuildProfile output file:/Users/guoyutong/MyWorkSpace/TestThirdParty/cases/tinyxml2/harmony-demo/entry/build/default/generated/profile/default/BuildProfile.ets cache.
[2026-07-23T17:05:35.218] [DEBUG] debug-file - Incremental task entry:default@CreateBuildProfile post-execution cost:1 ms .
[2026-07-23T17:05:35.218] [DEBUG] debug-file - Update task entry:default@GeneratePkgContextInfo output file:/Users/guoyutong/MyWorkSpace/TestThirdParty/cases/tinyxml2/harmony-demo/entry/build/default/intermediates/loader/default/pkgContextInfo.json cache.
[2026-07-23T17:05:35.218] [DEBUG] debug-file - Incremental task entry:default@GeneratePkgContextInfo post-execution cost:1 ms .
[2026-07-23T17:05:35.218] [DEBUG] debug-file - Update task entry:default@GeneratePkgSdkInfo output file:/Users/guoyutong/MyWorkSpace/TestThirdParty/cases/tinyxml2/harmony-demo/entry/build/default/intermediates/loader/default/pkgSdkInfo.json cache.
[2026-07-23T17:05:35.218] [DEBUG] debug-file - Incremental task entry:default@GeneratePkgSdkInfo post-execution cost:1 ms .
[2026-07-23T17:05:35.218] [DEBUG] debug-file - Update task entry:default@ProcessIntegratedHsp output file:/Users/guoyutong/MyWorkSpace/TestThirdParty/cases/tinyxml2/harmony-demo/build/cache/default/integrated_hsp/integratedHspCache.json cache.
[2026-07-23T17:05:35.218] [DEBUG] debug-file - Incremental task entry:default@ProcessIntegratedHsp post-execution cost:1 ms .
[2026-07-23T17:05:35.218] [DEBUG] debug-file - Update task entry:default@MakePackInfo input file:/Users/guoyutong/MyWorkSpace/TestThirdParty/cases/tinyxml2/harmony-demo/AppScope/app.json5 cache by regenerate.
[2026-07-23T17:05:35.218] [DEBUG] debug-file - Update task entry:default@MakePackInfo input file:/Users/guoyutong/MyWorkSpace/TestThirdParty/cases/tinyxml2/harmony-demo/entry/src/main/module.json5 cache by regenerate.
[2026-07-23T17:05:35.218] [DEBUG] debug-file - Update task entry:default@MakePackInfo input file:/Users/guoyutong/MyWorkSpace/TestThirdParty/cases/tinyxml2/harmony-demo/build-profile.json5 cache by regenerate.
[2026-07-23T17:05:35.218] [DEBUG] debug-file - Update task entry:default@MakePackInfo output file:/Users/guoyutong/MyWorkSpace/TestThirdParty/cases/tinyxml2/harmony-demo/entry/build/default/outputs/default/pack.info cache.
[2026-07-23T17:05:35.218] [DEBUG] debug-file - Incremental task entry:default@MakePackInfo post-execution cost:1 ms .
[2026-07-23T17:05:35.218] [DEBUG] debug-file - Update task entry:default@SyscapTransform input file:/Users/guoyutong/command-line-tools/sdk/default/openharmony/toolchains/syscap_tool cache by regenerate.
[2026-07-23T17:05:35.218] [DEBUG] debug-file - Update task entry:default@SyscapTransform input file:/Users/guoyutong/command-line-tools/sdk/default/openharmony/ets/api/device-define cache by regenerate.
[2026-07-23T17:05:35.218] [DEBUG] debug-file - Update task entry:default@SyscapTransform output file:/Users/guoyutong/MyWorkSpace/TestThirdParty/cases/tinyxml2/harmony-demo/entry/build/default/intermediates/syscap/default/rpcid.sc cache.
[2026-07-23T17:05:35.218] [DEBUG] debug-file - Incremental task entry:default@SyscapTransform post-execution cost:1 ms .
[2026-07-23T17:05:35.218] [DEBUG] debug-file - Update task entry:default@ProcessProfile input file:/Users/guoyutong/MyWorkSpace/TestThirdParty/cases/tinyxml2/harmony-demo/entry/build/default/intermediates/merge_profile/default/module.json cache by regenerate.
[2026-07-23T17:05:35.218] [DEBUG] debug-file - Update task entry:default@ProcessProfile output file:/Users/guoyutong/MyWorkSpace/TestThirdParty/cases/tinyxml2/harmony-demo/entry/build/default/intermediates/process_profile/default/module.json cache.
[2026-07-23T17:05:35.218] [DEBUG] debug-file - Incremental task entry:default@ProcessProfile post-execution cost:1 ms .
[2026-07-23T17:05:35.219] [DEBUG] debug-file - Update task entry:default@ProcessRouterMap input file:/Users/guoyutong/MyWorkSpace/TestThirdParty/cases/tinyxml2/harmony-demo/entry/oh-package.json5 cache by regenerate.
[2026-07-23T17:05:35.219] [DEBUG] debug-file - Update task entry:default@ProcessRouterMap input file:/Users/guoyutong/MyWorkSpace/TestThirdParty/cases/tinyxml2/harmony-demo/oh-package.json5 cache by regenerate.
[2026-07-23T17:05:35.219] [DEBUG] debug-file - Update task entry:default@ProcessRouterMap input file:/Users/guoyutong/MyWorkSpace/TestThirdParty/cases/tinyxml2/harmony-demo/entry/src/main/module.json5 cache by regenerate.
[2026-07-23T17:05:35.219] [DEBUG] debug-file - Update task entry:default@ProcessRouterMap output file:/Users/guoyutong/MyWorkSpace/TestThirdParty/cases/tinyxml2/harmony-demo/entry/build/default/intermediates/router_map/default/temp-router-map.json cache.
[2026-07-23T17:05:35.219] [DEBUG] debug-file - Update task entry:default@ProcessRouterMap output file:/Users/guoyutong/MyWorkSpace/TestThirdParty/cases/tinyxml2/harmony-demo/entry/build/default/intermediates/router_map/default/loader-router-map.json cache.
[2026-07-23T17:05:35.219] [DEBUG] debug-file - Incremental task entry:default@ProcessRouterMap post-execution cost:1 ms .
[2026-07-23T17:05:35.219] [DEBUG] debug-file - Update task entry:default@ProcessShareConfig input file:/Users/guoyutong/MyWorkSpace/TestThirdParty/cases/tinyxml2/harmony-demo/entry/oh-package.json5 cache by regenerate.
[2026-07-23T17:05:35.219] [DEBUG] debug-file - Update task entry:default@ProcessShareConfig input file:/Users/guoyutong/MyWorkSpace/TestThirdParty/cases/tinyxml2/harmony-demo/oh-package.json5 cache by regenerate.
[2026-07-23T17:05:35.219] [DEBUG] debug-file - Update task entry:default@ProcessShareConfig input file:/Users/guoyutong/MyWorkSpace/TestThirdParty/cases/tinyxml2/harmony-demo/entry/src/main/module.json5 cache by regenerate.
[2026-07-23T17:05:35.219] [DEBUG] debug-file - Update task entry:default@ProcessShareConfig output file:/Users/guoyutong/MyWorkSpace/TestThirdParty/cases/tinyxml2/harmony-demo/entry/build/default/intermediates/share_config/default/temp-share-config.json cache.
[2026-07-23T17:05:35.219] [DEBUG] debug-file - Incremental task entry:default@ProcessShareConfig post-execution cost:1 ms .
[2026-07-23T17:05:35.219] [DEBUG] debug-file - Update task entry:default@ProcessStartupConfig output file:/Users/guoyutong/MyWorkSpace/TestThirdParty/cases/tinyxml2/harmony-demo/entry/build/default/intermediates/startup/default/startup_config.json cache.
[2026-07-23T17:05:35.219] [DEBUG] debug-file - Incremental task entry:default@ProcessStartupConfig post-execution cost:1 ms .
[2026-07-23T17:05:35.219] [DEBUG] debug-file - Update task entry:default@ProcessResource output file:/Users/guoyutong/MyWorkSpace/TestThirdParty/cases/tinyxml2/harmony-demo/entry/build/default/intermediates/res/default/resConfig.json cache.
[2026-07-23T17:05:35.219] [DEBUG] debug-file - Update task entry:default@ProcessResource output file:/Users/guoyutong/MyWorkSpace/TestThirdParty/cases/tinyxml2/harmony-demo/entry/build/default/intermediates/res/default/opt-compression.json cache.
[2026-07-23T17:05:35.219] [DEBUG] debug-file - Incremental task entry:default@ProcessResource post-execution cost:1 ms .
[2026-07-23T17:05:35.219] [DEBUG] debug-file - Update task entry:default@GenerateLoaderJson input file:/Users/guoyutong/MyWorkSpace/TestThirdParty/cases/tinyxml2/harmony-demo/entry/build/default/intermediates/router_map/default/temp-router-map.json cache by regenerate.
[2026-07-23T17:05:35.219] [DEBUG] debug-file - Update task entry:default@GenerateLoaderJson output file:/Users/guoyutong/MyWorkSpace/TestThirdParty/cases/tinyxml2/harmony-demo/entry/build/default/intermediates/loader/default/loader.json cache.
[2026-07-23T17:05:35.219] [DEBUG] debug-file - Incremental task entry:default@GenerateLoaderJson post-execution cost:1 ms .
[2026-07-23T17:05:35.219] [DEBUG] debug-file - Update task entry:default@CompileResource input file:/Users/guoyutong/MyWorkSpace/TestThirdParty/cases/tinyxml2/harmony-demo/entry/src/main/resources cache by regenerate.
[2026-07-23T17:05:35.219] [DEBUG] debug-file - Update task entry:default@CompileResource input file:/Users/guoyutong/MyWorkSpace/TestThirdParty/cases/tinyxml2/harmony-demo/AppScope/resources cache by regenerate.
[2026-07-23T17:05:35.219] [DEBUG] debug-file - Update task entry:default@CompileResource input file:/Users/guoyutong/MyWorkSpace/TestThirdParty/cases/tinyxml2/harmony-demo/entry/build/default/intermediates/process_profile/default/module.json cache by regenerate.
[2026-07-23T17:05:35.219] [DEBUG] debug-file - Update task entry:default@CompileResource input file:/Users/guoyutong/MyWorkSpace/TestThirdParty/cases/tinyxml2/harmony-demo/entry/build/default/intermediates/res/default/resConfig.json cache by regenerate.
[2026-07-23T17:05:35.219] [DEBUG] debug-file - Update task entry:default@CompileResource output file:/Users/guoyutong/MyWorkSpace/TestThirdParty/cases/tinyxml2/harmony-demo/entry/build/default/intermediates/res/default cache.
[2026-07-23T17:05:35.220] [DEBUG] debug-file - Update task entry:default@CompileResource output file:/Users/guoyutong/MyWorkSpace/TestThirdParty/cases/tinyxml2/harmony-demo/entry/build/default/generated/r/default/ResourceTable.h cache.
[2026-07-23T17:05:35.220] [DEBUG] debug-file - Update task entry:default@CompileResource output file:/Users/guoyutong/MyWorkSpace/TestThirdParty/cases/tinyxml2/harmony-demo/entry/build/default/generated/r/default/ResourceTable.ts cache.
[2026-07-23T17:05:35.220] [DEBUG] debug-file - Update task entry:default@CompileResource output file:/Users/guoyutong/MyWorkSpace/TestThirdParty/cases/tinyxml2/harmony-demo/entry/build/default/generated/r/default cache.
[2026-07-23T17:05:35.220] [DEBUG] debug-file - Incremental task entry:default@CompileResource post-execution cost:1 ms .
[2026-07-23T17:05:35.220] [DEBUG] debug-file - Update task entry:default@CompileArkTS input file:/Users/guoyutong/MyWorkSpace/TestThirdParty/cases/tinyxml2/harmony-demo/entry/build/default/intermediates/loader/default cache by regenerate.
[2026-07-23T17:05:35.220] [DEBUG] debug-file - Update task entry:default@CompileArkTS input file:/Users/guoyutong/MyWorkSpace/TestThirdParty/cases/tinyxml2/harmony-demo/entry/build/default/intermediates/res/default/ResourceTable.txt cache by regenerate.
[2026-07-23T17:05:35.220] [DEBUG] debug-file - Update task entry:default@CompileArkTS input file:/Users/guoyutong/MyWorkSpace/TestThirdParty/cases/tinyxml2/harmony-demo/entry/build/default/intermediates/res/default/ark_module.json cache by regenerate.
[2026-07-23T17:05:35.220] [DEBUG] debug-file - Update task entry:default@CompileArkTS input file:/Users/guoyutong/MyWorkSpace/TestThirdParty/cases/tinyxml2/harmony-demo/entry/build/default/intermediates/res/default/resources/base/profile cache by regenerate.
[2026-07-23T17:05:35.220] [DEBUG] debug-file - Update task entry:default@CompileArkTS input file:/Users/guoyutong/MyWorkSpace/TestThirdParty/cases/tinyxml2/harmony-demo/entry/src/main/ets cache by regenerate.
[2026-07-23T17:05:35.220] [DEBUG] debug-file - Update task entry:default@CompileArkTS input file:/Users/guoyutong/MyWorkSpace/TestThirdParty/cases/tinyxml2/harmony-demo/entry/build/default/generated/profile/default/BuildProfile.ets cache by regenerate.
[2026-07-23T17:05:35.220] [DEBUG] debug-file - Update task entry:default@CompileArkTS input file:/Users/guoyutong/MyWorkSpace/TestThirdParty/cases/tinyxml2/harmony-demo/entry/src/main/cpp/types cache by regenerate.
[2026-07-23T17:05:35.220] [DEBUG] debug-file - Update task entry:default@CompileArkTS output file:/Users/guoyutong/MyWorkSpace/TestThirdParty/cases/tinyxml2/harmony-demo/entry/build/default/intermediates/loader_out/default/ets cache.
[2026-07-23T17:05:35.220] [DEBUG] debug-file - Incremental task entry:default@CompileArkTS post-execution cost:1 ms .
[2026-07-23T17:05:35.220] [DEBUG] debug-file - Update task entry:default@BuildJS input file:/Users/guoyutong/MyWorkSpace/TestThirdParty/cases/tinyxml2/harmony-demo/entry/build/default/intermediates/loader/default cache by regenerate.
[2026-07-23T17:05:35.220] [DEBUG] debug-file - Update task entry:default@BuildJS input file:/Users/guoyutong/MyWorkSpace/TestThirdParty/cases/tinyxml2/harmony-demo/entry/build/default/intermediates/res/default/ResourceTable.txt cache by regenerate.
[2026-07-23T17:05:35.220] [DEBUG] debug-file - Update task entry:default@BuildJS input file:/Users/guoyutong/MyWorkSpace/TestThirdParty/cases/tinyxml2/harmony-demo/entry/build/default/intermediates/res/default/ark_module.json cache by regenerate.
[2026-07-23T17:05:35.220] [DEBUG] debug-file - Update task entry:default@BuildJS input file:/Users/guoyutong/MyWorkSpace/TestThirdParty/cases/tinyxml2/harmony-demo/entry/build/default/intermediates/res/default/resources/base/profile cache by regenerate.
[2026-07-23T17:05:35.220] [DEBUG] debug-file - Update task entry:default@BuildJS output file:/Users/guoyutong/MyWorkSpace/TestThirdParty/cases/tinyxml2/harmony-demo/entry/build/default/intermediates/loader_out/default/js cache.
[2026-07-23T17:05:35.220] [DEBUG] debug-file - Incremental task entry:default@BuildJS post-execution cost:1 ms .
[2026-07-23T17:05:35.220] [DEBUG] debug-file - Update task entry:default@ProcessLibs input file:/Users/guoyutong/MyWorkSpace/TestThirdParty/cases/tinyxml2/harmony-demo/build-profile.json5 cache by regenerate.
[2026-07-23T17:05:35.220] [DEBUG] debug-file - Update task entry:default@ProcessLibs input file:/Users/guoyutong/MyWorkSpace/TestThirdParty/cases/tinyxml2/harmony-demo/entry/build-profile.json5 cache by regenerate.
[2026-07-23T17:05:35.220] [DEBUG] debug-file - Update task entry:default@ProcessLibs output file:/Users/guoyutong/MyWorkSpace/TestThirdParty/cases/tinyxml2/harmony-demo/entry/build/default/intermediates/libs/default cache.
[2026-07-23T17:05:35.220] [DEBUG] debug-file - Incremental task entry:default@ProcessLibs post-execution cost:1 ms .
[2026-07-23T17:05:35.220] [DEBUG] debug-file - Update task entry:default@DoNativeStrip input file:/Users/guoyutong/MyWorkSpace/TestThirdParty/cases/tinyxml2/harmony-demo/entry/build/default/intermediates/libs/default cache by regenerate.
[2026-07-23T17:05:35.221] [DEBUG] debug-file - Update task entry:default@DoNativeStrip output file:/Users/guoyutong/MyWorkSpace/TestThirdParty/cases/tinyxml2/harmony-demo/entry/build/default/intermediates/stripped_native_libs/default cache.
[2026-07-23T17:05:35.221] [DEBUG] debug-file - Incremental task entry:default@DoNativeStrip post-execution cost:1 ms .
[2026-07-23T17:05:35.221] [DEBUG] debug-file - Update task entry:default@CacheNativeLibs input file:/Users/guoyutong/MyWorkSpace/TestThirdParty/cases/tinyxml2/harmony-demo/entry/build/default/intermediates/stripped_native_libs/default cache by regenerate.
[2026-07-23T17:05:35.221] [DEBUG] debug-file - Update task entry:default@CacheNativeLibs input file:/Users/guoyutong/MyWorkSpace/TestThirdParty/cases/tinyxml2/harmony-demo/entry/build/default/intermediates/libs/default cache by regenerate.
[2026-07-23T17:05:35.221] [DEBUG] debug-file - Update task entry:default@CacheNativeLibs output file:/Users/guoyutong/MyWorkSpace/TestThirdParty/cases/tinyxml2/harmony-demo/entry/build/default/intermediates/patch/default/base_native_libs.json cache.
[2026-07-23T17:05:35.221] [DEBUG] debug-file - Update task entry:default@CacheNativeLibs output file:/Users/guoyutong/MyWorkSpace/TestThirdParty/cases/tinyxml2/harmony-demo/entry/build/default/intermediates/patch/default/binxo_native_libs.json cache.
[2026-07-23T17:05:35.221] [DEBUG] debug-file - Incremental task entry:default@CacheNativeLibs post-execution cost:1 ms .
[2026-07-23T17:05:35.221] [DEBUG] debug-file - Update task entry:default@GeneratePkgModuleJson input file:/Users/guoyutong/MyWorkSpace/TestThirdParty/cases/tinyxml2/harmony-demo/entry/build/default/intermediates/res/default/module.json cache by regenerate.
[2026-07-23T17:05:35.221] [DEBUG] debug-file - Update task entry:default@GeneratePkgModuleJson output file:/Users/guoyutong/MyWorkSpace/TestThirdParty/cases/tinyxml2/harmony-demo/entry/build/default/intermediates/package/default/module.json cache.
[2026-07-23T17:05:35.221] [DEBUG] debug-file - Incremental task entry:default@GeneratePkgModuleJson post-execution cost:1 ms .
[2026-07-23T17:05:35.221] [DEBUG] debug-file - Incremental task entry:default@ProcessCompiledResources post-execution cost:1 ms .
[2026-07-23T17:05:35.221] [DEBUG] debug-file - Update task entry:default@PackageHap input file:/Users/guoyutong/MyWorkSpace/TestThirdParty/cases/tinyxml2/harmony-demo/entry/build/default/outputs/default/pack.info cache by regenerate.
[2026-07-23T17:05:35.221] [DEBUG] debug-file - Update task entry:default@PackageHap input file:/Users/guoyutong/MyWorkSpace/TestThirdParty/cases/tinyxml2/harmony-demo/entry/build/default/intermediates/stripped_native_libs/default cache by regenerate.
[2026-07-23T17:05:35.221] [DEBUG] debug-file - Update task entry:default@PackageHap input file:/Users/guoyutong/MyWorkSpace/TestThirdParty/cases/tinyxml2/harmony-demo/entry/build/default/intermediates/res/default/module.json cache by regenerate.
[2026-07-23T17:05:35.221] [DEBUG] debug-file - Update task entry:default@PackageHap input file:/Users/guoyutong/MyWorkSpace/TestThirdParty/cases/tinyxml2/harmony-demo/entry/build/default/intermediates/res/default/resources cache by regenerate.
[2026-07-23T17:05:35.221] [DEBUG] debug-file - Update task entry:default@PackageHap input file:/Users/guoyutong/MyWorkSpace/TestThirdParty/cases/tinyxml2/harmony-demo/entry/build/default/intermediates/res/default/resources.index cache by regenerate.
[2026-07-23T17:05:35.221] [DEBUG] debug-file - Update task entry:default@PackageHap input file:/Users/guoyutong/MyWorkSpace/TestThirdParty/cases/tinyxml2/harmony-demo/entry/build/default/intermediates/loader_out/default/ets cache by regenerate.
[2026-07-23T17:05:35.221] [DEBUG] debug-file - Update task entry:default@PackageHap input file:/Users/guoyutong/MyWorkSpace/TestThirdParty/cases/tinyxml2/harmony-demo/entry/build/default/intermediates/loader/default/pkgSdkInfo.json cache by regenerate.
[2026-07-23T17:05:35.221] [DEBUG] debug-file - Update task entry:default@PackageHap input file:/Users/guoyutong/MyWorkSpace/TestThirdParty/cases/tinyxml2/harmony-demo/entry/build/default/intermediates/package/default/module.json cache by regenerate.
[2026-07-23T17:05:35.221] [DEBUG] debug-file - Update task entry:default@PackageHap input file:/Users/guoyutong/MyWorkSpace/TestThirdParty/cases/tinyxml2/harmony-demo/entry/build/default/intermediates/loader_out/default/ets/sourceMaps.map cache by regenerate.
[2026-07-23T17:05:35.221] [DEBUG] debug-file - Update task entry:default@PackageHap input file:/Users/guoyutong/MyWorkSpace/TestThirdParty/cases/tinyxml2/harmony-demo/entry/build/default/generated/profile/default/BuildProfile.ets cache by regenerate.
[2026-07-23T17:05:35.221] [DEBUG] debug-file - Update task entry:default@PackageHap output file:/Users/guoyutong/MyWorkSpace/TestThirdParty/cases/tinyxml2/harmony-demo/entry/build/default/outputs/default/entry-default-unsigned.hap cache.
[2026-07-23T17:05:35.221] [DEBUG] debug-file - Update task entry:default@PackageHap output file:/Users/guoyutong/MyWorkSpace/TestThirdParty/cases/tinyxml2/harmony-demo/entry/build/default/intermediates/source_map/default/sourceMaps.map cache.
[2026-07-23T17:05:35.221] [DEBUG] debug-file - Update task entry:default@PackageHap output file:/Users/guoyutong/MyWorkSpace/TestThirdParty/cases/tinyxml2/harmony-demo/entry/build/default/outputs/default/mapping/sourceMaps.map cache.
[2026-07-23T17:05:35.221] [DEBUG] debug-file - Incremental task entry:default@PackageHap post-execution cost:1 ms .
[2026-07-23T17:05:35.221] [DEBUG] debug-file - Update task entry:default@SignHap input file:/Users/guoyutong/MyWorkSpace/TestThirdParty/cases/tinyxml2/harmony-demo/entry/build/default/outputs/default/entry-default-unsigned.hap cache by regenerate.
[2026-07-23T17:05:35.221] [DEBUG] debug-file - Update task entry:default@SignHap output file:/Users/guoyutong/MyWorkSpace/TestThirdParty/cases/tinyxml2/harmony-demo/entry/build/default/outputs/default/entry-default-signed.hap cache.
[2026-07-23T17:05:35.221] [DEBUG] debug-file - Incremental task entry:default@SignHap post-execution cost:1 ms .
[2026-07-23T17:05:35.221] [DEBUG] debug-file - Update task entry:default@CollectDebugSymbol input file:/Users/guoyutong/MyWorkSpace/TestThirdParty/cases/tinyxml2/harmony-demo/entry/build/default/intermediates/loader_out/default/ets/sourceMaps.map cache by regenerate.
[2026-07-23T17:05:35.221] [DEBUG] debug-file - Update task entry:default@CollectDebugSymbol input file:/Users/guoyutong/MyWorkSpace/TestThirdParty/cases/tinyxml2/harmony-demo/entry/build/default/intermediates/libs/default cache by regenerate.
[2026-07-23T17:05:35.222] [DEBUG] debug-file - Update task entry:default@CollectDebugSymbol output file:/Users/guoyutong/MyWorkSpace/TestThirdParty/cases/tinyxml2/harmony-demo/entry/build/default/outputs/default/symbol cache.
[2026-07-23T17:05:35.222] [DEBUG] debug-file - Incremental task entry:default@CollectDebugSymbol post-execution cost:1 ms .
[2026-07-23T17:05:35.226] [DEBUG] debug-file - Current worker pool is stopped or closed.
[2026-07-23T17:05:35.226] [DEBUG] debug-file - Clear worker 0.
[2026-07-23T17:05:35.226] [DEBUG] debug-file - Worker 0 has been cleared.
[2026-07-23T17:05:35.226] [DEBUG] debug-file - Current idle worker size: 5.
[2026-07-23T17:05:35.226] [DEBUG] debug-file - Current busy worker size: 0.
[2026-07-23T17:05:35.226] [DEBUG] debug-file - Clear worker 1.
[2026-07-23T17:05:35.226] [DEBUG] debug-file - Worker 1 has been cleared.
[2026-07-23T17:05:35.226] [DEBUG] debug-file - Current idle worker size: 4.
[2026-07-23T17:05:35.226] [DEBUG] debug-file - Current busy worker size: 0.
[2026-07-23T17:05:35.226] [DEBUG] debug-file - Clear worker 6.
[2026-07-23T17:05:35.226] [DEBUG] debug-file - Worker 6 has been cleared.
[2026-07-23T17:05:35.226] [DEBUG] debug-file - Current idle worker size: 3.
[2026-07-23T17:05:35.226] [DEBUG] debug-file - Current busy worker size: 0.
[2026-07-23T17:05:35.226] [DEBUG] debug-file - Clear worker 4.
[2026-07-23T17:05:35.226] [DEBUG] debug-file - Worker 4 has been cleared.
[2026-07-23T17:05:35.226] [DEBUG] debug-file - Current idle worker size: 2.
[2026-07-23T17:05:35.226] [DEBUG] debug-file - Current busy worker size: 0.
[2026-07-23T17:05:35.226] [DEBUG] debug-file - Clear worker 7.
[2026-07-23T17:05:35.226] [DEBUG] debug-file - Worker 7 has been cleared.
[2026-07-23T17:05:35.226] [DEBUG] debug-file - Current idle worker size: 1.
[2026-07-23T17:05:35.226] [DEBUG] debug-file - Current busy worker size: 0.
[2026-07-23T17:05:35.226] [DEBUG] debug-file - Clear worker 8.
[2026-07-23T17:05:35.226] [DEBUG] debug-file - Worker 8 has been cleared.
[2026-07-23T17:05:35.226] [DEBUG] debug-file - Current idle worker size: 0.
[2026-07-23T17:05:35.226] [DEBUG] debug-file - Current busy worker size: 0.
[2026-07-23T17:05:35.226] [DEBUG] debug-file - hvigor build process will be closed.
[2026-07-23T17:05:35.227] [DEBUG] debug-file - worker[1] exits with exit code 1.
[2026-07-23T17:05:35.227] [DEBUG] debug-file - worker[0] exits with exit code 1.
[2026-07-23T17:05:35.227] [DEBUG] debug-file - Current worker pool is terminated.
[2026-07-23T17:05:35.228] [DEBUG] debug-file - worker[6] exits with exit code 1.
[2026-07-23T17:05:35.228] [DEBUG] debug-file - worker[7] exits with exit code 1.
[2026-07-23T17:05:35.228] [DEBUG] debug-file - worker[8] exits with exit code 1.
[2026-07-23T17:05:35.230] [DEBUG] debug-file - worker[4] exits with exit code 1.
[2026-07-23T17:05:39.371] [DEBUG] debug-file - env: nodejsVersion=v24.14.1
[2026-07-23T17:05:39.469] [DEBUG] debug-file - Hvigor init with startParameters:{
  hvigorfileTypeCheck: false,
  parallelExecution: true,
  incrementalExecution: true,
  printStackTrace: false,
  daemon: false,
  analyze: 0,
  logLevel: Level { level: 20000, levelStr: 'INFO', colour: 'green' },
  optimizationStrategy: 'memory',
  hotCompile: undefined,
  hotReloadBuild: undefined,
  customizedParam: undefined
}
[2026-07-23T17:05:39.828] [DEBUG] debug-file - hvigorfile, require result:  { default: { system: [Function: appTasks], plugins: [] } }
[2026-07-23T17:05:39.829] [DEBUG] debug-file - Starting plugin build process
[2026-07-23T17:05:39.892] [DEBUG] debug-file - App plugin register hook start...
[2026-07-23T17:05:39.893] [DEBUG] debug-file - Start initialize project's product build option map with build mode debug.
[2026-07-23T17:05:39.894] [DEBUG] debug-file - Obtain build option for product 'default'in this build.
[2026-07-23T17:05:39.896] [DEBUG] debug-file - Start recording SDK configuration permission data.
[2026-07-23T17:05:39.912] [DEBUG] debug-file - Project task initialization takes 2 ms 
[2026-07-23T17:05:39.915] [DEBUG] debug-file - failed to load cangjie to dynamically generate schemas: Error: Cannot find module '@ohos/cangjie-build-support/index'
Require stack:
- /Users/guoyutong/command-line-tools/hvigor/hvigor-ohos-plugin/src/plugin/hooks/cangjie-register.js
- /Users/guoyutong/command-line-tools/hvigor/hvigor-ohos-plugin/src/plugin/strategy/stage-init-strategy.js
- /Users/guoyutong/command-line-tools/hvigor/hvigor-ohos-plugin/src/plugin/builder/abstract-plugin-builder.js
- /Users/guoyutong/command-line-tools/hvigor/hvigor-ohos-plugin/src/plugin/builder/app-plugin-builder.js
- /Users/guoyutong/command-line-tools/hvigor/hvigor-ohos-plugin/src/plugin/factory/plugin-factory.js
- /Users/guoyutong/command-line-tools/hvigor/hvigor-ohos-plugin/index.js
- /Users/guoyutong/MyWorkSpace/TestThirdParty/cases/tinyxml2/harmony-demo/hvigorfile.ts
- /Users/guoyutong/command-line-tools/hvigor/hvigor/src/base/internal/lifecycle/configuration.js
- /Users/guoyutong/command-line-tools/hvigor/hvigor/src/base/boot/index.js
- /Users/guoyutong/command-line-tools/hvigor/hvigor/src/cli/main/cli.js
- /Users/guoyutong/command-line-tools/hvigor/hvigor/bin/hvigor.js
[2026-07-23T17:05:39.918] [DEBUG] debug-file - Start initialize module-target build option map, moduleName=entry, buildMode=debug
[2026-07-23T17:05:39.921] [DEBUG] debug-file - project has submodules:entry
[2026-07-23T17:05:39.921] [DEBUG] debug-file - start to load updatedOhPackageInfo to the disk
[2026-07-23T17:05:39.924] [DEBUG] debug-file - Start to initialize dependency information.
[2026-07-23T17:05:39.929] [DEBUG] debug-file - Executing task :entry:ohosTest@PreBuild
[2026-07-23T17:05:39.982] [DEBUG] debug-file - Executing task :entry:ohosTest@GenerateMetadata
[2026-07-23T17:05:39.371] [DEBUG] debug-file - env: hvigor-config.json5 content = {
  modelVersion: '6.1.0',
  dependencies: {},
  execution: {},
  logging: {},
  debugging: {},
  nodeOptions: {}
}
[2026-07-23T17:05:39.470] [DEBUG] debug-file - Cache service initialization finished in 2 ms 
[2026-07-23T17:05:39.828] [DEBUG] debug-file - hvigorfile, binding system plugins [Function: appTasks]
[2026-07-23T17:05:39.829] [DEBUG] debug-file - App plugin prepare start...
[2026-07-23T17:05:39.893] [DEBUG] debug-file - App plugin register hook end...
[2026-07-23T17:05:39.893] [DEBUG] debug-file - Picking option from product 'default' with build mode 'debug'.
[2026-07-23T17:05:39.895] [DEBUG] debug-file - No signingConfig found, initRemoteHspCache failed.
[2026-07-23T17:05:39.910] [DEBUG] debug-file - Sdk init in 16 ms 
[2026-07-23T17:05:39.912] [DEBUG] debug-file - hvigorfile, begin to bind custom plugins...
[2026-07-23T17:05:39.918] [DEBUG] debug-file - Target 'default' config initialized
[2026-07-23T17:05:39.921] [DEBUG] debug-file - load to the disk finished
[2026-07-23T17:05:39.925] [DEBUG] debug-file - Module entry Collected Dependency: /Users/guoyutong/MyWorkSpace/TestThirdParty/cases/tinyxml2/harmony-demo/entry/src/main/cpp/types/libentry
[2026-07-23T17:05:39.930] [DEBUG] debug-file - Task 'entry:ohosTest@PreBuild' cost while wrapping incremental declarations: 1 ms 
[2026-07-23T17:05:39.983] [DEBUG] debug-file - Task 'entry:ohosTest@GenerateMetadata' cost while wrapping incremental declarations: 1 ms 
[2026-07-23T17:05:39.372] [DEBUG] debug-file - env: daemon=false
[2026-07-23T17:05:39.471] [DEBUG] debug-file - hvigorfile, resolving /Users/guoyutong/MyWorkSpace/TestThirdParty/cases/tinyxml2/harmony-demo/hvigorfile.ts
[2026-07-23T17:05:39.829] [DEBUG] debug-file - App plugin prepare end...
[2026-07-23T17:05:39.893] [DEBUG] debug-file - Plugin build process completed
[2026-07-23T17:05:39.893] [DEBUG] debug-file - Product 'default' build option initialized
[2026-07-23T17:05:39.895] [DEBUG] debug-file - Local scan or download HarmonyOS sdk components toolchains,ets,js,native,previewer
[2026-07-23T17:05:39.912] [DEBUG] debug-file - hvigorfile, no custom plugins were found in /Users/guoyutong/MyWorkSpace/TestThirdParty/cases/tinyxml2/harmony-demo/hvigorfile.ts
[2026-07-23T17:05:39.918] [DEBUG] debug-file - Target 'ohosTest' config initialized
[2026-07-23T17:05:39.921] [DEBUG] debug-file - Start to initialize dependency information.
[2026-07-23T17:05:39.925] [DEBUG] debug-file - Module entry's total dependency: 1
[2026-07-23T17:05:39.980] [DEBUG] debug-file - current product is not Atomic service.
[2026-07-23T17:05:39.983] [DEBUG] debug-file - entry : ohosTest@GenerateMetadata cost memory 0.11302947998046875
[2026-07-23T17:05:39.372] [DEBUG] debug-file - no-daemon, use the parent process.execArgv --max-old-space-size=8192,--max-semi-space-size=16,--expose-gc
[2026-07-23T17:05:39.829] [DEBUG] debug-file - App plugin creating...
[2026-07-23T17:05:39.893] [DEBUG] debug-file - End initialize project's product build option map with build mode 'debug'.
[2026-07-23T17:05:39.896] [DEBUG] debug-file - Local scan or download hmscore sdk components toolchains,ets,native
[2026-07-23T17:05:39.912] [DEBUG] debug-file - hvigorfile, resolve finished /Users/guoyutong/MyWorkSpace/TestThirdParty/cases/tinyxml2/harmony-demo/hvigorfile.ts
[2026-07-23T17:05:39.918] [DEBUG] debug-file - Module 'entry' target 'default' build option initialized
[2026-07-23T17:05:39.924] [DEBUG] debug-file - Module harmony-demo Collected Dependency: 
[2026-07-23T17:05:39.926] [DEBUG] debug-file - Configuration phase cost:457 ms 
[2026-07-23T17:05:39.980] [DEBUG] debug-file - Use tool [darwin: JAVA_HOME, CLASSPATH]
 [
  { JAVA_HOME: '/opt/homebrew/opt/openjdk@17' },
  { CLASSPATH: undefined }
]
[2026-07-23T17:05:39.983] [DEBUG] debug-file - runTaskFromQueue task cost before running: 517 ms 
[2026-07-23T17:05:39.912] [DEBUG] debug-file - hvigorfile, resolving /Users/guoyutong/MyWorkSpace/TestThirdParty/cases/tinyxml2/harmony-demo/entry/hvigorfile.ts
[2026-07-23T17:05:39.918] [DEBUG] debug-file - Module 'entry' target 'ohosTest' build option initialized
[2026-07-23T17:05:39.924] [DEBUG] debug-file - Module harmony-demo's total dependency: 0
[2026-07-23T17:05:39.927] [DEBUG] debug-file - Configuration task cost before running: 461 ms 
[2026-07-23T17:05:39.980] [DEBUG] debug-file - Use tool [darwin: NODE_HOME]
 [ { NODE_HOME: undefined } ]
[2026-07-23T17:05:39.984] [INFO] debug-file - Finished :entry:ohosTest@GenerateMetadata... after 2 ms 
[2026-07-23T17:05:39.915] [DEBUG] debug-file - hvigorfile, require result:  { default: { system: [Function: hapTasks], plugins: [] } }
[2026-07-23T17:05:39.918] [DEBUG] debug-file - End initialize module-target build option map, moduleName=entry
[2026-07-23T17:05:39.980] [DEBUG] debug-file - entry : ohosTest@PreBuild cost memory 12.841423034667969
[2026-07-23T17:05:39.984] [DEBUG] debug-file - Executing task :entry:ohosTest@ConfigureCmake
[2026-07-23T17:05:39.915] [DEBUG] debug-file - hvigorfile, binding system plugins [Function: hapTasks]
[2026-07-23T17:05:39.918] [DEBUG] debug-file - Start initialize module-target build option map, moduleName=entry, buildMode=release
[2026-07-23T17:05:39.980] [DEBUG] debug-file - runTaskFromQueue task cost before running: 514 ms 
[2026-07-23T17:05:39.915] [DEBUG] debug-file - Starting plugin build process
[2026-07-23T17:05:39.918] [DEBUG] debug-file - Target 'default' config initialized
[2026-07-23T17:05:39.981] [INFO] debug-file - Finished :entry:ohosTest@PreBuild... after 52 ms 
[2026-07-23T17:05:39.915] [DEBUG] debug-file - Hap plugin creating...
[2026-07-23T17:05:39.918] [DEBUG] debug-file - Target 'ohosTest' config initialized
[2026-07-23T17:05:39.981] [DEBUG] debug-file - Executing task :entry:ohosTest@CreateModuleInfo
[2026-07-23T17:05:39.918] [DEBUG] debug-file - Module 'entry' target 'default' build option initialized
[2026-07-23T17:05:39.982] [DEBUG] debug-file - Task 'entry:ohosTest@CreateModuleInfo' cost while wrapping incremental declarations: 1 ms 
[2026-07-23T17:05:39.918] [DEBUG] debug-file - Module 'entry' target 'ohosTest' build option initialized
[2026-07-23T17:05:39.982] [DEBUG] debug-file - entry : ohosTest@CreateModuleInfo cost memory 0.05701446533203125
[2026-07-23T17:05:39.918] [DEBUG] debug-file - End initialize module-target build option map, moduleName=entry
[2026-07-23T17:05:39.982] [DEBUG] debug-file - runTaskFromQueue task cost before running: 516 ms 
[2026-07-23T17:05:39.918] [DEBUG] debug-file - Start initialize module-target build option map, moduleName=entry, buildMode=debug
[2026-07-23T17:05:39.982] [INFO] debug-file - Finished :entry:ohosTest@CreateModuleInfo... after 1 ms 
[2026-07-23T17:05:39.918] [DEBUG] debug-file - Target 'default' config initialized
[2026-07-23T17:05:39.918] [DEBUG] debug-file - Target 'ohosTest' config initialized
[2026-07-23T17:05:39.918] [DEBUG] debug-file - Module 'entry' target 'default' build option initialized
[2026-07-23T17:05:39.918] [DEBUG] debug-file - Module 'entry' target 'ohosTest' build option initialized
[2026-07-23T17:05:39.918] [DEBUG] debug-file - End initialize module-target build option map, moduleName=entry
[2026-07-23T17:05:39.918] [DEBUG] debug-file - Obtain build option for module 'entry' target 'ohosTest'in this build.
[2026-07-23T17:05:39.920] [DEBUG] debug-file - Module entry task initialization takes 2 ms 
[2026-07-23T17:05:39.920] [DEBUG] debug-file - Hap plugin register hook start...
[2026-07-23T17:05:39.920] [DEBUG] debug-file - Hap plugin register hook end...
[2026-07-23T17:05:39.990] [DEBUG] debug-file - entry : ohosTest@ConfigureCmake cost memory -8.084426879882812
[2026-07-23T17:05:39.920] [DEBUG] debug-file - Plugin build process completed
[2026-07-23T17:05:39.990] [DEBUG] debug-file - runTaskFromQueue task cost before running: 524 ms 
[2026-07-23T17:05:39.992] [DEBUG] debug-file - Executing task :entry:ohosTest@CreateBuildProfile
[2026-07-23T17:05:39.993] [DEBUG] debug-file - Executing task :entry:ohosTest@PreCheckSyscap
[2026-07-23T17:05:39.993] [DEBUG] debug-file - Executing task :entry:ohosTest@GeneratePkgContextInfo
[2026-07-23T17:05:39.999] [DEBUG] debug-file - Executing task :entry:ohosTest@ProcessIntegratedHsp
[2026-07-23T17:05:40.000] [DEBUG] debug-file - Use tool [Cmake]
 [
  '/Users/guoyutong/command-line-tools/sdk/default/openharmony/native/build-tools/cmake/bin/cmake',
  '-H/Users/guoyutong/MyWorkSpace/TestThirdParty/cases/tinyxml2/harmony-demo/entry/src/ohosTest/cpp',
  '-B/Users/guoyutong/MyWorkSpace/TestThirdParty/cases/tinyxml2/harmony-demo/entry/.cxx/default/ohosTest/debug/arm64-v8a',
  '-DOHOS_ARCH=arm64-v8a',
  '-DCMAKE_LIBRARY_OUTPUT_DIRECTORY=/Users/guoyutong/MyWorkSpace/TestThirdParty/cases/tinyxml2/harmony-demo/entry/build/default/intermediates/cmake/ohosTest/obj/arm64-v8a',
  '-DCMAKE_BUILD_TYPE=Debug',
  '-DOHOS_SDK_NATIVE=/Users/guoyutong/command-line-tools/sdk/default/openharmony/native',
  '-DCMAKE_SYSTEM_NAME=OHOS',
  '-DCMAKE_OHOS_ARCH_ABI=arm64-v8a',
  '-DCMAKE_EXPORT_COMPILE_COMMANDS=ON',
  '-DCMAKE_TOOLCHAIN_FILE=/Users/guoyutong/command-line-tools/sdk/default/hms/native/build/cmake/hmos.toolchain.cmake',
  '-GNinja',
  '-DCMAKE_MAKE_PROGRAM=/Users/guoyutong/command-line-tools/sdk/default/openharmony/native/build-tools/cmake/bin/ninja',
  '-DCMAKE_FIND_ROOT_PATH=/Users/guoyutong/MyWorkSpace/TestThirdParty/cases/tinyxml2/harmony-demo/entry/.cxx/default/ohosTest/debug/hvigor/arm64-v8a',
  '-DPACKAGE_FIND_FILE=/Users/guoyutong/MyWorkSpace/TestThirdParty/cases/tinyxml2/harmony-demo/entry/.cxx/default/ohosTest/debug/hvigor/arm64-v8a/summary.cmake',
  '--no-warn-unused-cli',
  '-DCMAKE_CXX_FLAGS=-std=c++17',
  '-DHMOS_SDK_NATIVE=/Users/guoyutong/command-line-tools/sdk/default/hms/native'
]
[2026-07-23T17:05:40.000] [DEBUG] debug-file - Executing task :entry:ohosTest@BuildNativeWithCmake
[2026-07-23T17:05:39.920] [DEBUG] debug-file - hvigorfile, begin to bind custom plugins...
[2026-07-23T17:05:39.990] [INFO] debug-file - Finished :entry:ohosTest@ConfigureCmake... after 6 ms 
[2026-07-23T17:05:39.992] [DEBUG] debug-file - Task 'entry:ohosTest@CreateBuildProfile' cost while wrapping incremental declarations: 1 ms 
[2026-07-23T17:05:39.993] [DEBUG] debug-file - entry : ohosTest@PreCheckSyscap cost memory 0.01967620849609375
[2026-07-23T17:05:39.996] [DEBUG] debug-file - Task 'entry:ohosTest@GeneratePkgContextInfo' cost while wrapping incremental declarations: 1 ms 
[2026-07-23T17:05:39.999] [DEBUG] debug-file - entry : ohosTest@ProcessIntegratedHsp cost memory 0.0386962890625
[2026-07-23T17:05:39.920] [DEBUG] debug-file - hvigorfile, no custom plugins were found in /Users/guoyutong/MyWorkSpace/TestThirdParty/cases/tinyxml2/harmony-demo/entry/hvigorfile.ts
[2026-07-23T17:05:39.991] [DEBUG] debug-file - Executing task :entry:ohosTest@MergeProfile
[2026-07-23T17:05:39.993] [DEBUG] debug-file - entry : ohosTest@CreateBuildProfile cost memory 0.08252716064453125
[2026-07-23T17:05:39.993] [DEBUG] debug-file - runTaskFromQueue task cost before running: 527 ms 
[2026-07-23T17:05:39.996] [DEBUG] debug-file - entry : ohosTest@GeneratePkgContextInfo cost memory 0.5163650512695312
[2026-07-23T17:05:39.999] [DEBUG] debug-file - runTaskFromQueue task cost before running: 533 ms 
[2026-07-23T17:05:39.920] [DEBUG] debug-file - hvigorfile, resolve finished /Users/guoyutong/MyWorkSpace/TestThirdParty/cases/tinyxml2/harmony-demo/entry/hvigorfile.ts
[2026-07-23T17:05:39.991] [DEBUG] debug-file - Task 'entry:ohosTest@MergeProfile' cost while wrapping incremental declarations: 1 ms 
[2026-07-23T17:05:39.993] [DEBUG] debug-file - runTaskFromQueue task cost before running: 526 ms 
[2026-07-23T17:05:39.993] [INFO] debug-file - Finished :entry:ohosTest@PreCheckSyscap... after 1 ms 
[2026-07-23T17:05:39.996] [DEBUG] debug-file - runTaskFromQueue task cost before running: 530 ms 
[2026-07-23T17:05:39.999] [INFO] debug-file - Finished :entry:ohosTest@ProcessIntegratedHsp... after 1 ms 
[2026-07-23T17:05:39.991] [DEBUG] debug-file - Change app api release type with 'Beta1'
[2026-07-23T17:05:39.993] [INFO] debug-file - Finished :entry:ohosTest@CreateBuildProfile... after 1 ms 
[2026-07-23T17:05:39.996] [INFO] debug-file - Finished :entry:ohosTest@GeneratePkgContextInfo... after 3 ms 
[2026-07-23T17:05:40.001] [DEBUG] debug-file - Clean CMakeCache.txt due to outdated CMake configuration.
[2026-07-23T17:05:39.991] [DEBUG] debug-file - Change app compile API version with '26.0.0.23'
[2026-07-23T17:05:39.997] [DEBUG] debug-file - Executing task :entry:ohosTest@GeneratePkgSdkInfo
[2026-07-23T17:05:39.991] [DEBUG] debug-file - Change app target API version with '260000026'
[2026-07-23T17:05:39.997] [DEBUG] debug-file - Task 'entry:ohosTest@GeneratePkgSdkInfo' cost while wrapping incremental declarations: 1 ms 
[2026-07-23T17:05:40.001] [DEBUG] debug-file - - no fingerprint file, will remove stale cache CMakeCache.txt
[2026-07-23T17:05:39.991] [DEBUG] debug-file - Change app minimum API version with '260000026'
[2026-07-23T17:05:39.998] [DEBUG] debug-file - entry : ohosTest@GeneratePkgSdkInfo cost memory -0.3411712646484375
[2026-07-23T17:05:40.002] [DEBUG] debug-file - Since there is no instance or instance is terminated, create a new worker pool.
[2026-07-23T17:05:40.002] [DEBUG] debug-file - Create  resident worker with id: 0.
[2026-07-23T17:05:39.991] [DEBUG] debug-file - Use cli appEnvironment
[2026-07-23T17:05:39.998] [DEBUG] debug-file - runTaskFromQueue task cost before running: 531 ms 
[2026-07-23T17:05:40.002] [DEBUG] debug-file - Worker pool is initialized with config:  {
  minPoolNum: 2,
  maxPoolNum: undefined,
  maxCoreSize: undefined,
  cacheCapacity: undefined,
  cacheTtl: undefined
}
[2026-07-23T17:05:40.003] [DEBUG] debug-file - Create  resident worker with id: 1.
[2026-07-23T17:05:39.992] [DEBUG] debug-file - entry : ohosTest@MergeProfile cost memory 0.16324615478515625
[2026-07-23T17:05:39.998] [INFO] debug-file - Finished :entry:ohosTest@GeneratePkgSdkInfo... after 1 ms 
[2026-07-23T17:05:40.003] [DEBUG] debug-file - ohosTest@BuildNativeWithCmake work[0] is submitted.
[2026-07-23T17:05:39.992] [DEBUG] debug-file - runTaskFromQueue task cost before running: 525 ms 
[2026-07-23T17:05:40.003] [DEBUG] debug-file - ohosTest@BuildNativeWithCmake work[0] is pushed to ready queue.
[2026-07-23T17:05:39.992] [INFO] debug-file - Finished :entry:ohosTest@MergeProfile... after 2 ms 
[2026-07-23T17:05:40.003] [DEBUG] debug-file - A work dispatched to worker[9] failed because unable to get work from ready queue.
[2026-07-23T17:05:40.003] [DEBUG] debug-file - Create  resident worker with id: 8.
[2026-07-23T17:05:40.004] [DEBUG] debug-file - ohosTest@BuildNativeWithCmake work[0] has been dispatched to worker[8].
[2026-07-23T17:05:40.008] [DEBUG] debug-file - Executing task :entry:ohosTest@MakePackInfo
[2026-07-23T17:05:40.013] [DEBUG] debug-file - Executing task :entry:ohosTest@ProcessProfile
[2026-07-23T17:05:40.056] [DEBUG] debug-file - 24.0.0.0
[2026-07-23T17:05:40.009] [DEBUG] debug-file - Executing task :entry:ohosTest@SyscapTransform
[2026-07-23T17:05:40.059] [DEBUG] debug-file - Executing task :entry:ohosTest@ProcessRouterMap
[2026-07-23T17:05:40.061] [DEBUG] debug-file - Executing task :entry:ohosTest@ProcessShareConfig
[2026-07-23T17:05:40.062] [DEBUG] debug-file - Executing task :entry:ohosTest@ProcessStartupConfig
[2026-07-23T17:05:40.063] [DEBUG] debug-file - Executing task :entry:ohosTest@ProcessResource
[2026-07-23T17:05:40.004] [DEBUG] debug-file - ohosTest@BuildNativeWithCmake work[0] is dispatched.
[2026-07-23T17:05:40.067] [DEBUG] debug-file - Executing task :entry:ohosTest@CompileResource
[2026-07-23T17:05:40.064] [DEBUG] debug-file - Executing task :entry:ohosTest@GenerateLoaderJson
[2026-07-23T17:05:40.009] [DEBUG] debug-file - Module Pack Info:  {
  summary: {
    app: { bundleName: 'c***2', bundleType: 'app', version: [Object] },
    modules: [ [Object], [Object] ]
  },
  packages: [
    {
      deviceType: [Array],
      moduleType: 'feature',
      deliveryWithInstall: true,
      name: 'entry-ohosTest'
    }
  ]
}
[2026-07-23T17:05:40.014] [DEBUG] debug-file - Task 'entry:ohosTest@ProcessProfile' cost while wrapping incremental declarations: 1 ms 
[2026-07-23T17:05:40.057] [DEBUG] debug-file - No need to add fake ui ability because of not in preview process.
[2026-07-23T17:05:40.009] [DEBUG] debug-file - File: '/Users/guoyutong/MyWorkSpace/TestThirdParty/cases/tinyxml2/harmony-demo/entry/src/ohosTest/syscap.json' from 'sysCapJsonPath' is not exists, just ignore.
[2026-07-23T17:05:40.060] [DEBUG] debug-file - entry : ohosTest@ProcessRouterMap cost memory 0.07811737060546875
[2026-07-23T17:05:40.061] [DEBUG] debug-file - entry : ohosTest@ProcessShareConfig cost memory 0.06360626220703125
[2026-07-23T17:05:40.062] [DEBUG] debug-file - Task 'entry:ohosTest@ProcessStartupConfig' cost while wrapping incremental declarations: 1 ms 
[2026-07-23T17:05:40.063] [DEBUG] debug-file - Task 'entry:ohosTest@ProcessResource' cost while wrapping incremental declarations: 1 ms 
[2026-07-23T17:05:40.004] [DEBUG] debug-file - Use tool [Cmake]
 [
  '/Users/guoyutong/command-line-tools/sdk/default/openharmony/native/build-tools/cmake/bin/cmake',
  '-H/Users/guoyutong/MyWorkSpace/TestThirdParty/cases/tinyxml2/harmony-demo/entry/src/ohosTest/cpp',
  '-B/Users/guoyutong/MyWorkSpace/TestThirdParty/cases/tinyxml2/harmony-demo/entry/.cxx/default/ohosTest/debug/x86_64',
  '-DOHOS_ARCH=x86_64',
  '-DCMAKE_LIBRARY_OUTPUT_DIRECTORY=/Users/guoyutong/MyWorkSpace/TestThirdParty/cases/tinyxml2/harmony-demo/entry/build/default/intermediates/cmake/ohosTest/obj/x86_64',
  '-DCMAKE_BUILD_TYPE=Debug',
  '-DOHOS_SDK_NATIVE=/Users/guoyutong/command-line-tools/sdk/default/openharmony/native',
  '-DCMAKE_SYSTEM_NAME=OHOS',
  '-DCMAKE_OHOS_ARCH_ABI=x86_64',
  '-DCMAKE_EXPORT_COMPILE_COMMANDS=ON',
  '-DCMAKE_TOOLCHAIN_FILE=/Users/guoyutong/command-line-tools/sdk/default/hms/native/build/cmake/hmos.toolchain.cmake',
  '-GNinja',
  '-DCMAKE_MAKE_PROGRAM=/Users/guoyutong/command-line-tools/sdk/default/openharmony/native/build-tools/cmake/bin/ninja',
  '-DCMAKE_FIND_ROOT_PATH=/Users/guoyutong/MyWorkSpace/TestThirdParty/cases/tinyxml2/harmony-demo/entry/.cxx/default/ohosTest/debug/hvigor/x86_64',
  '-DPACKAGE_FIND_FILE=/Users/guoyutong/MyWorkSpace/TestThirdParty/cases/tinyxml2/harmony-demo/entry/.cxx/default/ohosTest/debug/hvigor/x86_64/summary.cmake',
  '--no-warn-unused-cli',
  '-DCMAKE_CXX_FLAGS=-std=c++17',
  '-DHMOS_SDK_NATIVE=/Users/guoyutong/command-line-tools/sdk/default/hms/native'
]
[2026-07-23T17:05:40.070] [DEBUG] debug-file - Use tool [/Users/guoyutong/command-line-tools/sdk/default/openharmony/toolchains/restool]
 [
  '/Users/guoyutong/command-line-tools/sdk/default/openharmony/toolchains/restool',
  '-l',
  '/Users/guoyutong/MyWorkSpace/TestThirdParty/cases/tinyxml2/harmony-demo/entry/build/default/intermediates/res/ohosTest/resConfig.json'
]
[2026-07-23T17:05:40.065] [DEBUG] debug-file - Task 'entry:ohosTest@GenerateLoaderJson' cost while wrapping incremental declarations: 1 ms 
[2026-07-23T17:05:40.009] [DEBUG] debug-file - entry : ohosTest@MakePackInfo cost memory 0.12798309326171875
[2026-07-23T17:05:40.015] [DEBUG] debug-file - [
  '/Users/guoyutong/command-line-tools/tool/node/bin/node',
  '/Users/guoyutong/command-line-tools/sdk/default/openharmony/ets/build-tools/ets-loader/bin/ark/ts2abc.js',
  '--target-api-version',
  '26'
]
[2026-07-23T17:05:40.057] [DEBUG] debug-file - entry : ohosTest@ProcessProfile cost memory 0.37750244140625
[2026-07-23T17:05:40.009] [DEBUG] debug-file - Task 'entry:ohosTest@SyscapTransform' cost while wrapping incremental declarations: 1 ms 
[2026-07-23T17:05:40.070] [DEBUG] debug-file - current process  memoryUsage: {
  rss: 359038976,
  heapTotal: 172441600,
  heapUsed: 146555968,
  external: 3869765,
  arrayBuffers: 57531
} os memoryUsage :15.08636474609375
[2026-07-23T17:05:40.060] [DEBUG] debug-file - runTaskFromQueue task cost before running: 594 ms 
[2026-07-23T17:05:40.061] [DEBUG] debug-file - runTaskFromQueue task cost before running: 595 ms 
[2026-07-23T17:05:40.062] [DEBUG] debug-file - entry : ohosTest@ProcessStartupConfig cost memory 0.249969482421875
[2026-07-23T17:05:40.063] [DEBUG] debug-file - entry : ohosTest@ProcessResource cost memory 0.122589111328125
[2026-07-23T17:05:40.005] [DEBUG] debug-file - Clean CMakeCache.txt due to outdated CMake configuration.
[2026-07-23T17:05:40.009] [DEBUG] debug-file - runTaskFromQueue task cost before running: 543 ms 
[2026-07-23T17:05:40.057] [DEBUG] debug-file - runTaskFromQueue task cost before running: 591 ms 
[2026-07-23T17:05:40.011] [DEBUG] debug-file - entry : ohosTest@SyscapTransform cost memory 0.2724761962890625
[2026-07-23T17:05:40.060] [INFO] debug-file - Finished :entry:ohosTest@ProcessRouterMap... after 2 ms 
[2026-07-23T17:05:40.061] [INFO] debug-file - Finished :entry:ohosTest@ProcessShareConfig... after 1 ms 
[2026-07-23T17:05:40.062] [DEBUG] debug-file - runTaskFromQueue task cost before running: 596 ms 
[2026-07-23T17:05:40.063] [DEBUG] debug-file - runTaskFromQueue task cost before running: 597 ms 
[2026-07-23T17:05:40.066] [DEBUG] debug-file - entry : ohosTest@GenerateLoaderJson cost memory 0.343231201171875
[2026-07-23T17:05:40.007] [DEBUG] debug-file - - no fingerprint file, will remove stale cache CMakeCache.txt
[2026-07-23T17:05:40.009] [INFO] debug-file - Finished :entry:ohosTest@MakePackInfo... after 1 ms 
[2026-07-23T17:05:40.057] [INFO] debug-file - Finished :entry:ohosTest@ProcessProfile... after 45 ms 
[2026-07-23T17:05:40.011] [DEBUG] debug-file - runTaskFromQueue task cost before running: 545 ms 
[2026-07-23T17:05:40.062] [INFO] debug-file - Finished :entry:ohosTest@ProcessStartupConfig... after 1 ms 
[2026-07-23T17:05:40.064] [INFO] debug-file - Finished :entry:ohosTest@ProcessResource... after 1 ms 
[2026-07-23T17:05:40.066] [DEBUG] debug-file - runTaskFromQueue task cost before running: 600 ms 
[2026-07-23T17:05:40.007] [DEBUG] debug-file - ohosTest@BuildNativeWithCmake work[1] is submitted.
[2026-07-23T17:05:40.011] [INFO] debug-file - Finished :entry:ohosTest@SyscapTransform... after 2 ms 
[2026-07-23T17:05:40.062] [DEBUG] debug-file - restool module names: entry,entry_test; moduleName=entry, taskName=ohosTest@ProcessResource
[2026-07-23T17:05:40.067] [INFO] debug-file - Finished :entry:ohosTest@GenerateLoaderJson... after 2 ms 
[2026-07-23T17:05:40.007] [DEBUG] debug-file - ohosTest@BuildNativeWithCmake work[1] is pushed to ready queue.
[2026-07-23T17:05:40.067] [DEBUG] debug-file - restool module names: entry,entry_test; moduleName=entry, taskName=ohosTest@CompileResource
[2026-07-23T17:05:40.007] [DEBUG] debug-file - A work dispatched to worker[9] failed because unable to get work from ready queue.
[2026-07-23T17:05:40.007] [DEBUG] debug-file - A work dispatched to worker[8] failed because of worker busy.
[2026-07-23T17:05:40.007] [DEBUG] debug-file - Create  resident worker with id: 7.
[2026-07-23T17:05:40.008] [DEBUG] debug-file - ohosTest@BuildNativeWithCmake work[1] has been dispatched to worker[7].
[2026-07-23T17:05:40.008] [DEBUG] debug-file - ohosTest@BuildNativeWithCmake work[1] is dispatched.
[2026-07-23T17:05:40.008] [DEBUG] debug-file - entry : ohosTest@BuildNativeWithCmake cost memory 1.3585739135742188
[2026-07-23T17:05:40.083] [DEBUG] debug-file - Info: Pack: normal pack mode

[2026-07-23T17:05:40.118] [DEBUG] debug-file - Info: hardware concurrency count is : 10
Info: thread count is : 10

[2026-07-23T17:05:40.118] [DEBUG] debug-file - Info: thread pool is started

[2026-07-23T17:05:40.119] [DEBUG] debug-file - Info: GenericCompiler::CompileFiles

[2026-07-23T17:05:40.120] [DEBUG] debug-file - Info: GenericCompiler::CompileFiles

[2026-07-23T17:05:40.121] [DEBUG] debug-file - Info: GenericCompiler::CompileFiles

[2026-07-23T17:05:40.125] [DEBUG] debug-file - 07-23 17:05:40.124 35008 12062642 I C01400/SvgDecodeUtils: SvgDecodeUtils::IsSvgFormat probe svg format, path:/Users/guoyutong/MyWorkSpace/TestThirdParty/cases/tinyxml2/harmony-demo/AppScope/resources/base/media/app_icon.png.

[2026-07-23T17:05:40.125] [DEBUG] debug-file - 07-23 17:05:40.125 35008 12062642 E C01400/ImageTranscoderUtils: DecodeToRGBA IN
07-23 17:05:40.125 35008 12062642 I C01400/SvgDecodeUtils: SvgDecodeUtils::IsSvgFormat probe svg format, path:/Users/guoyutong/MyWorkSpace/TestThirdParty/cases/tinyxml2/harmony-demo/AppScope/resources/base/media/app_icon.png.
07-23 17:05:40.125 35008 12062642 E C01400/ImageTranscoderUtils: ImageFilter IN /Users/guoyutong/MyWorkSpace/TestThirdParty/cases/tinyxml2/harmony-demo/AppScope/resources/base/media/app_icon.png

[2026-07-23T17:05:40.147] [DEBUG] debug-file - Warning: The width or height of the png file referenced by the icon exceeds the limit (41 pixels)
at /Users/guoyutong/MyWorkSpace/TestThirdParty/cases/tinyxml2/harmony-demo/AppScope/resources/base/media/app_icon.png

[2026-07-23T17:05:40.147] [DEBUG] debug-file - Warning: The width or height of the png file referenced by the startWindowIcon exceeds the limit (144 pixels)
at /Users/guoyutong/MyWorkSpace/TestThirdParty/cases/tinyxml2/harmony-demo/AppScope/resources/base/media/app_icon.png
Info: restool resources compile success.

[2026-07-23T17:05:40.147] [DEBUG] debug-file - Info: thread pool is stopped

[2026-07-23T17:05:40.149] [WARN] debug-file - Warning: 'start_window_background' conflict, first declared.
at /Users/guoyutong/MyWorkSpace/TestThirdParty/cases/tinyxml2/harmony-demo/entry/src/ohosTest/resources/base/element/color.json
but declared again.
at /Users/guoyutong/MyWorkSpace/TestThirdParty/cases/tinyxml2/harmony-demo/entry/src/main/resources/base/element/color.json

[2026-07-23T17:05:40.150] [DEBUG] debug-file - entry : ohosTest@CompileResource cost memory 0.8177032470703125
[2026-07-23T17:05:40.151] [DEBUG] debug-file - Executing task :entry:ohosTest@OhosTestCompileArkTS
[2026-07-23T17:05:40.158] [DEBUG] debug-file - Executing task :entry:ohosTest@OhosTestBuildJS
[2026-07-23T17:05:40.150] [DEBUG] debug-file - runTaskFromQueue task cost before running: 683 ms 
[2026-07-23T17:05:40.151] [DEBUG] debug-file - obfuscationOptions: undefined
[2026-07-23T17:05:40.158] [DEBUG] debug-file - Task 'entry:ohosTest@OhosTestBuildJS' cost while wrapping incremental declarations: 1 ms 
[2026-07-23T17:05:40.150] [INFO] debug-file - Finished :entry:ohosTest@CompileResource... after 83 ms 
[2026-07-23T17:05:40.158] [DEBUG] debug-file - entry : ohosTest@OhosTestBuildJS cost memory 0.1632537841796875
[2026-07-23T17:05:40.152] [DEBUG] debug-file - Task 'entry:ohosTest@OhosTestCompileArkTS' cost while wrapping incremental declarations: 1 ms 
[2026-07-23T17:05:40.159] [DEBUG] debug-file - runTaskFromQueue task cost before running: 692 ms 
[2026-07-23T17:05:40.156] [DEBUG] debug-file - build config:
[2026-07-23T17:05:40.159] [INFO] debug-file - Finished :entry:ohosTest@OhosTestBuildJS... after 1 ms 
[2026-07-23T17:05:40.156] [DEBUG] debug-file - {
  moduleType: 'entry',
  perf: 0,
  targetName: '.ohosTest',
  packageManagerType: 'ohpm',
  localPropertiesPath: '/Users/guoyutong/MyWorkSpace/TestThirdParty/cases/tinyxml2/harmony-demo/local.properties',
  isPreview: false,
  isOhosTest: true,
  isLocalTest: false,
  buildMode: 'Debug',
  hotReloadBuild: undefined,
  watchMode: 'false',
  aceProfilePath: '/Users/guoyutong/MyWorkSpace/TestThirdParty/cases/tinyxml2/harmony-demo/entry/build/default/intermediates/res/ohosTest/resources/base/profile',
  etsLoaderPath: '/Users/guoyutong/command-line-tools/sdk/default/openharmony/ets/build-tools/ets-loader',
  modulePath: '/Users/guoyutong/MyWorkSpace/TestThirdParty/cases/tinyxml2/harmony-demo/entry',
  testFrameworkPar: {
    testMode: 'ohosTest',
    coveragePathFilter: undefined,
    coverageMode: undefined
  },
  needCoverageInsert: false,
  debugLine: false,
  projectTopDir: '/Users/guoyutong/MyWorkSpace/TestThirdParty/cases/tinyxml2/harmony-demo',
  compileSdkVersion: 26,
  compatibleSdkVersion: 26,
  originCompatibleSdkVersion: '26.0.0',
  compatibleSdkVersionStage: undefined,
  bundleName: 'c***2',
  etsLoaderVersion: '26.0.0.23',
  etsLoaderReleaseType: 'Beta1',
  aotCompileMode: 'type',
  apPath: '/Users/guoyutong/MyWorkSpace/TestThirdParty/cases/tinyxml2/harmony-demo/entry/modules.ap',
  entryModuleName: 'entry',
  entryModuleVersion: '1.0.0',
  entryPackageName: 'entry',
  allModuleNameHash: 'e71f65eca2aa57c317f34b9fe7823ba53d99ef3d7e7a3e20d577c7d7ed4bc82d',
  externalApiPaths: [ '/Users/guoyutong/command-line-tools/sdk/default/hms/ets' ],
  compilerTypes: [],
  isCrossplatform: false,
  hvigorPluginFile: undefined,
  compilePluginPath: undefined,
  buildGeneratedProfilePath: '/Users/guoyutong/MyWorkSpace/TestThirdParty/cases/tinyxml2/harmony-demo/entry/build/default/generated/profile/ohosTest',
  bundleType: 'app',
  arkTSVersion: undefined,
  apiVersion: 26,
  needCompleteSourcesMap: true,
  isFaMode: false,
  buildDir: '/Users/guoyutong/MyWorkSpace/TestThirdParty/cases/tinyxml2/harmony-demo/entry/build',
  deviceTypes: [ 'phone', 'tablet', '2in1' ],
  pkgContextInfo: undefined,
  ohPackagePathMap: {},
  dependencyAliasMap: {},
  permission: { requestPermissions: undefined, definePermissions: undefined },
  useGetCurrentBundleName: false,
  projectArkOption: undefined,
  sourceMapDir: undefined,
  branchElimination: false,
  transformLib: undefined,
  tsImportSendable: false,
  resolveConflictMode: true,
  depName2RootPath: {},
  depName2DepInfo: {},
  depName2OhExports: {},
  rootPathSet: [
    '/Users/guoyutong/MyWorkSpace/TestThirdParty/cases/tinyxml2/harmony-demo'
  ],
  useNativeResolver: true,
  shouldEmitJs: true,
  useUnifiedAst: false,
  useTscResolve: false,
  singleFileEmit: false,
  userProjectConfig: {
    autoLazyImport: false,
    allowEmptyBundleName: false,
    reExportCheckMode: 'noCheck',
    executionMode: 'memory',
    usePathPlaceholder: false,
    writeRollupCache: true,
    isExpandImportEnabled: false,
    expandImportExclude: '',
    lazyImportExclude: '',
    lazyImportInclude: '',
    ignoreCrossplatformCheck: false,
    isHarDeduplicateEnabled: false,
    skipOhModulesLint: false,
    enableStrictCheckOHModule: false,
    disableSendableCheckRules: [],
    useDeclarationFileSignature: false,
    customizedOptions: undefined,
    integratedHsp: false,
    tsImportSoCheck: false,
    isPreloadSoEnabled: false
  },
  executionMode: 'memory',
  arkCompileCachePath: '/Users/guoyutong/MyWorkSpace/TestThirdParty/cases/tinyxml2/harmony-demo/entry/build/default/cache/ohosTest/ohosTest@OhosTestCompileArkTS/esmodule',
  autoLazyFilter: undefined,
  isHarDeduplicateEnabled: false,
  intermediateHarDuplicateDirPath: '/Users/guoyutong/MyWorkSpace/TestThirdParty/cases/tinyxml2/harmony-demo/entry/build/default/intermediates/har_duplicate/ohosTest',
  autoLazyImport: false,
  allowEmptyBundleName: false,
  reExportCheckMode: 'noCheck',
  usePathPlaceholder: false,
  writeRollupCache: true,
  isExpandImportEnabled: false,
  expandImportExclude: '',
  lazyImportExclude: '',
  lazyImportInclude: '',
  ignoreCrossplatformCheck: false,
  skipOhModulesLint: false,
  enableStrictCheckOHModule: false,
  disableSendableCheckRules: [],
  useDeclarationFileSignature: false,
  customizedOptions: undefined,
  integratedHsp: false,
  tsImportSoCheck: false,
  isPreloadSoEnabled: false,
  strictMode: undefined,
  useNormalizedOHMUrl: false,
  caseSensitiveCheck: false,
  strictCheckerOnly: false,
  aceModuleJsonPath: '/Users/guoyutong/MyWorkSpace/TestThirdParty/cases/tinyxml2/harmony-demo/entry/build/default/intermediates/res/ohosTest/ark_module.json',
  appResource: '/Users/guoyutong/MyWorkSpace/TestThirdParty/cases/tinyxml2/harmony-demo/entry/build/default/intermediates/res/ohosTest/ResourceTable.txt',
  rawFileResource: '/Users/guoyutong/MyWorkSpace/TestThirdParty/cases/tinyxml2/harmony-demo/entry/build/default/intermediates/res/ohosTest/resources/rawfile',
  resourceTableHash: 'd949a5a203711d86d5a7abdcf4b3674564817d6c853cb034ed93650d438b6df3',
  runtimeOS: 'HarmonyOS',
  sdkInfo: 'false:26:26.0.0.23:Beta1',
  aceModuleRoot: '/Users/guoyutong/MyWorkSpace/TestThirdParty/cases/tinyxml2/harmony-demo/entry/src/ohosTest/ets',
  compileMode: 'esmodule',
  aceSuperVisualPath: '/Users/guoyutong/MyWorkSpace/TestThirdParty/cases/tinyxml2/harmony-demo/entry/src/ohosTest/supervisual',
  aceBuildJson: '/Users/guoyutong/MyWorkSpace/TestThirdParty/cases/tinyxml2/harmony-demo/entry/build/default/intermediates/loader/ohosTest/loader.json',
  cachePath: '/Users/guoyutong/MyWorkSpace/TestThirdParty/cases/tinyxml2/harmony-demo/entry/build/default/cache/ohosTest/ohosTest@OhosTestCompileArkTS/esmodule/debug',
  aceModuleBuild: '/Users/guoyutong/MyWorkSpace/TestThirdParty/cases/tinyxml2/harmony-demo/entry/build/default/intermediates/loader_out/ohosTest/ets',
  supportChunks: false,
  declaredFilesPath: undefined,
  shouldCollectDirectImportees: false,
  isByteCodeHarOptimize: false,
  expandImportPath: undefined,
  resourceTableTs: '/Users/guoyutong/MyWorkSpace/TestThirdParty/cases/tinyxml2/harmony-demo/entry/build/default/generated/r/ohosTest/ResourceTable.ts',
  moduleMetaInfoFiles: [
    {
      filePath: '/Users/guoyutong/MyWorkSpace/TestThirdParty/cases/tinyxml2/harmony-demo/entry/build/default/generated/r/ohosTest/ResourceTable.ts',
      ohmurl: 'com.thirdparty.validation.tinyxml2/entry/build/generated/r/ResourceTable'
    }
  ],
  pkgNameToPkgBriefInfo: {
    entry: {
      pkgRoot: '/Users/guoyutong/MyWorkSpace/TestThirdParty/cases/tinyxml2/harmony-demo/entry',
      originalSourceRoots: undefined,
      sourceRoots: [Array],
      pkgName: 'entry'
    }
  },
  projectModel: {
    '/Users/guoyutong/MyWorkSpace/TestThirdParty/cases/tinyxml2/harmony-demo/entry/src/main': {
      moduleName: 'entry',
      modulePkgPath: '/Users/guoyutong/MyWorkSpace/TestThirdParty/cases/tinyxml2/harmony-demo/entry',
      belongProjectPath: '/Users/guoyutong/MyWorkSpace/TestThirdParty/cases/tinyxml2/harmony-demo'
    },
    '/Users/guoyutong/MyWorkSpace/TestThirdParty/cases/tinyxml2/harmony-demo/entry/src/ohosTest': {
      moduleName: 'entry_test',
      modulePkgPath: '/Users/guoyutong/MyWorkSpace/TestThirdParty/cases/tinyxml2/harmony-demo/entry',
      belongProjectPath: '/Users/guoyutong/MyWorkSpace/TestThirdParty/cases/tinyxml2/harmony-demo'
    },
    '/Users/guoyutong/MyWorkSpace/TestThirdParty/cases/tinyxml2/harmony-demo/entry': {
      moduleName: 'entry',
      modulePkgPath: '/Users/guoyutong/MyWorkSpace/TestThirdParty/cases/tinyxml2/harmony-demo/entry',
      belongProjectPath: '/Users/guoyutong/MyWorkSpace/TestThirdParty/cases/tinyxml2/harmony-demo'
    },
    '/Users/guoyutong/MyWorkSpace/TestThirdParty/cases/tinyxml2/harmony-demo': {
      moduleName: 'harmony-demo',
      modulePkgPath: '/Users/guoyutong/MyWorkSpace/TestThirdParty/cases/tinyxml2/harmony-demo',
      belongProjectPath: '/Users/guoyutong/MyWorkSpace/TestThirdParty/cases/tinyxml2/harmony-demo'
    }
  },
  pkgJsonFileHash: '8519713dbe917935f72df9fefd8b67ca846046fdb729f87772c82524c1f894c7',
  allModulePaths: [
    '/Users/guoyutong/MyWorkSpace/TestThirdParty/cases/tinyxml2/harmony-demo/entry'
  ],
  routerMap: {},
  obfuscationOptions: undefined,
  byteCodeHarToDependencyKeys: undefined,
  compileBlockPkg: [],
  mockParams: {
    decorator: '@MockSetup',
    packageName: '@ohos/hamock',
    etsSourceRootPath: 'src/main/ets',
    mockConfigPath: undefined,
    mockConfigKey2ModuleInfo: {},
    source2ModuleIdMap: {}
  },
  copyCodeResourceEnable: true,
  copyCodeResourceExcludes: [],
  copyCodeResourceIncludes: undefined,
  uiTransformOptimization: false,
  sdkPath: '/Users/guoyutong/command-line-tools/sdk',
  needPreloadSoFileSet: {},
  preloadSoFilePath: '/Users/guoyutong/MyWorkSpace/TestThirdParty/cases/tinyxml2/harmony-demo/entry/build/default/intermediates/preload/ohosTest/preload.json',
  useSourceHash: false,
  localModuleParamMap: {},
  otherPaths: {
    'entry/*': [
      '../../main/*',
      '../../../build/default/generated/profile/ohosTest/*'
    ]
  },
  collectImportersConfig: undefined
}
[2026-07-23T17:05:40.156] [DEBUG] debug-file - Compile arkts with external api path: /Users/guoyutong/command-line-tools/sdk/default/hms/ets
[2026-07-23T17:05:40.156] [DEBUG] debug-file - ohosTest@OhosTestCompileArkTS work[2] is submitted.
[2026-07-23T17:05:40.156] [DEBUG] debug-file - ohosTest@OhosTestCompileArkTS work[2] is pushed to ready queue.
[2026-07-23T17:05:40.156] [DEBUG] debug-file - A work dispatched to worker[9] failed because unable to get work from ready queue.
[2026-07-23T17:05:40.156] [DEBUG] debug-file - A work dispatched to worker[8] failed because of worker busy.
[2026-07-23T17:05:40.156] [DEBUG] debug-file - A work dispatched to worker[7] failed because of worker busy.
[2026-07-23T17:05:40.156] [DEBUG] debug-file - A work dispatched to worker[6] failed because unable to get work from ready queue.
[2026-07-23T17:05:40.156] [DEBUG] debug-file - A work dispatched to worker[5] failed because unable to get work from ready queue.
[2026-07-23T17:05:40.157] [DEBUG] debug-file - Create  resident worker with id: 4.
[2026-07-23T17:05:40.157] [DEBUG] debug-file - ohosTest@OhosTestCompileArkTS work[2] has been dispatched to worker[4].
[2026-07-23T17:05:40.157] [DEBUG] debug-file - ohosTest@OhosTestCompileArkTS work[2] is dispatched.
[2026-07-23T17:05:40.157] [DEBUG] debug-file - CopyResources startTime: 806539864227583
[2026-07-23T17:05:40.157] [DEBUG] debug-file - ohosTest@OhosTestCompileArkTS work[3] is submitted.
[2026-07-23T17:05:40.157] [DEBUG] debug-file - ohosTest@OhosTestCompileArkTS work[3] is pushed to ready queue.
[2026-07-23T17:05:40.157] [DEBUG] debug-file - A work dispatched to worker[9] failed because unable to get work from ready queue.
[2026-07-23T17:05:40.157] [DEBUG] debug-file - A work dispatched to worker[8] failed because of worker busy.
[2026-07-23T17:05:40.157] [DEBUG] debug-file - A work dispatched to worker[7] failed because of worker busy.
[2026-07-23T17:05:40.157] [DEBUG] debug-file - Create  resident worker with id: 6.
[2026-07-23T17:05:40.157] [DEBUG] debug-file - ohosTest@OhosTestCompileArkTS work[3] has been dispatched to worker[6].
[2026-07-23T17:05:40.157] [DEBUG] debug-file - ohosTest@OhosTestCompileArkTS work[3] is dispatched.
[2026-07-23T17:05:40.157] [DEBUG] debug-file - entry : ohosTest@OhosTestCompileArkTS cost memory 1.7729034423828125
[2026-07-23T17:05:40.400] [DEBUG] debug-file - worker[6] has one work done.
[2026-07-23T17:05:40.400] [DEBUG] debug-file - CopyResources is end, endTime: 806540107514583
[2026-07-23T17:05:40.400] [DEBUG] debug-file - ohosTest@OhosTestCompileArkTS work[3] done.
[2026-07-23T17:05:40.401] [DEBUG] debug-file - A work dispatched to worker[6] failed because unable to get work from ready queue.
[2026-07-23T17:05:40.416] [DEBUG] debug-file - Not searching for unused variables given on the command line.
-- The C compiler identification is Clang 15.0.4

[2026-07-23T17:05:40.416] [DEBUG] debug-file - Not searching for unused variables given on the command line.
-- The C compiler identification is Clang 15.0.4

[2026-07-23T17:05:40.446] [DEBUG] debug-file - -- The CXX compiler identification is Clang 15.0.4

[2026-07-23T17:05:40.446] [DEBUG] debug-file - -- The CXX compiler identification is Clang 15.0.4

[2026-07-23T17:05:40.497] [DEBUG] debug-file - -- Detecting C compiler ABI info

[2026-07-23T17:05:40.497] [DEBUG] debug-file - -- Detecting C compiler ABI info

[2026-07-23T17:05:40.619] [DEBUG] debug-file - -- Detecting C compiler ABI info - done

[2026-07-23T17:05:40.619] [DEBUG] debug-file - -- Detecting C compiler ABI info - done

[2026-07-23T17:05:40.622] [DEBUG] debug-file - -- Check for working C compiler: /Users/guoyutong/command-line-tools/sdk/default/openharmony/native/llvm/bin/clang - skipped

[2026-07-23T17:05:40.622] [DEBUG] debug-file - -- Check for working C compiler: /Users/guoyutong/command-line-tools/sdk/default/openharmony/native/llvm/bin/clang - skipped

[2026-07-23T17:05:40.622] [DEBUG] debug-file - -- Detecting C compile features

[2026-07-23T17:05:40.623] [DEBUG] debug-file - -- Detecting C compile features

[2026-07-23T17:05:40.623] [DEBUG] debug-file - -- Detecting C compile features - done

[2026-07-23T17:05:40.623] [DEBUG] debug-file - -- Detecting C compile features - done

[2026-07-23T17:05:40.657] [DEBUG] debug-file - -- Detecting CXX compiler ABI info

[2026-07-23T17:05:40.657] [DEBUG] debug-file - -- Detecting CXX compiler ABI info

[2026-07-23T17:05:40.778] [DEBUG] debug-file - -- Detecting CXX compiler ABI info - done

[2026-07-23T17:05:40.778] [DEBUG] debug-file - -- Detecting CXX compiler ABI info - done

[2026-07-23T17:05:40.781] [DEBUG] debug-file - -- Check for working CXX compiler: /Users/guoyutong/command-line-tools/sdk/default/openharmony/native/llvm/bin/clang++ - skipped

[2026-07-23T17:05:40.781] [DEBUG] debug-file - -- Detecting CXX compile features

[2026-07-23T17:05:40.782] [DEBUG] debug-file - -- Check for working CXX compiler: /Users/guoyutong/command-line-tools/sdk/default/openharmony/native/llvm/bin/clang++ - skipped

[2026-07-23T17:05:40.782] [DEBUG] debug-file - -- Detecting CXX compile features - done

[2026-07-23T17:05:40.782] [DEBUG] debug-file - -- Detecting CXX compile features

[2026-07-23T17:05:40.782] [DEBUG] debug-file - -- Detecting CXX compile features - done

[2026-07-23T17:05:40.786] [DEBUG] debug-file - -- Configuring done (0.4s)

[2026-07-23T17:05:40.786] [DEBUG] debug-file - -- Configuring done (0.4s)

[2026-07-23T17:05:40.794] [DEBUG] debug-file - -- Generating done (0.0s)

[2026-07-23T17:05:40.794] [DEBUG] debug-file - -- Generating done (0.0s)

[2026-07-23T17:05:40.801] [DEBUG] debug-file - -- Build files have been written to: /Users/guoyutong/MyWorkSpace/TestThirdParty/cases/tinyxml2/harmony-demo/entry/.cxx/default/ohosTest/debug/x86_64

[2026-07-23T17:05:40.801] [DEBUG] debug-file - -- Build files have been written to: /Users/guoyutong/MyWorkSpace/TestThirdParty/cases/tinyxml2/harmony-demo/entry/.cxx/default/ohosTest/debug/arm64-v8a

[2026-07-23T17:05:40.803] [DEBUG] debug-file - worker[7] has one work done.
[2026-07-23T17:05:40.814] [DEBUG] debug-file - worker[8] has one work done.
[2026-07-23T17:05:40.829] [DEBUG] debug-file - ohosTest@BuildNativeWithCmake work[0] done.
[2026-07-23T17:05:40.829] [DEBUG] debug-file - A work dispatched to worker[8] failed because unable to get work from ready queue.
[2026-07-23T17:05:40.833] [DEBUG] debug-file - ohosTest@BuildNativeWithCmake work[1] done.
[2026-07-23T17:05:40.834] [DEBUG] debug-file - Executing task :entry:ohosTest@BuildNativeWithNinja
[2026-07-23T17:05:40.833] [DEBUG] debug-file - A work dispatched to worker[7] failed because unable to get work from ready queue.
[2026-07-23T17:05:40.834] [INFO] debug-file - Finished :entry:ohosTest@BuildNativeWithCmake... after 456 ms 
[2026-07-23T17:05:40.835] [DEBUG] debug-file - Use tool [Ninja]
 [
  '/Users/guoyutong/command-line-tools/sdk/default/openharmony/native/build-tools/cmake/bin/ninja',
  '-C',
  '/Users/guoyutong/MyWorkSpace/TestThirdParty/cases/tinyxml2/harmony-demo/entry/.cxx/default/ohosTest/debug/arm64-v8a'
]
[2026-07-23T17:05:40.838] [DEBUG] debug-file - ninja: Entering directory `/Users/guoyutong/MyWorkSpace/TestThirdParty/cases/tinyxml2/harmony-demo/entry/.cxx/default/ohosTest/debug/arm64-v8a'

[2026-07-23T17:05:40.835] [DEBUG] debug-file - ohosTest@BuildNativeWithNinja work[4] is submitted.
[2026-07-23T17:05:40.835] [DEBUG] debug-file - ohosTest@BuildNativeWithNinja work[4] is pushed to ready queue.
[2026-07-23T17:05:40.835] [DEBUG] debug-file - A work dispatched to worker[9] failed because unable to get work from ready queue.
[2026-07-23T17:05:40.835] [DEBUG] debug-file - ohosTest@BuildNativeWithNinja work[4] has been dispatched to worker[8].
[2026-07-23T17:05:40.835] [DEBUG] debug-file - ohosTest@BuildNativeWithNinja work[4] is dispatched.
[2026-07-23T17:05:40.839] [DEBUG] debug-file - OHOS_STL is c++_shared
[2026-07-23T17:05:40.839] [DEBUG] debug-file - Copy STL libc++_shared.so to /Users/guoyutong/MyWorkSpace/TestThirdParty/cases/tinyxml2/harmony-demo/entry/build/default/intermediates/cmake/ohosTest/obj/arm64-v8a due to OHOS_STL is 'c++_shared'
[2026-07-23T17:05:40.842] [DEBUG] debug-file - Use tool [Ninja]
 [
  '/Users/guoyutong/command-line-tools/sdk/default/openharmony/native/build-tools/cmake/bin/ninja',
  '-C',
  '/Users/guoyutong/MyWorkSpace/TestThirdParty/cases/tinyxml2/harmony-demo/entry/.cxx/default/ohosTest/debug/x86_64'
]
[2026-07-23T17:05:40.845] [DEBUG] debug-file - ninja: Entering directory `/Users/guoyutong/MyWorkSpace/TestThirdParty/cases/tinyxml2/harmony-demo/entry/.cxx/default/ohosTest/debug/x86_64'

[2026-07-23T17:05:40.842] [DEBUG] debug-file - ohosTest@BuildNativeWithNinja work[5] is submitted.
[2026-07-23T17:05:40.842] [DEBUG] debug-file - ohosTest@BuildNativeWithNinja work[5] is pushed to ready queue.
[2026-07-23T17:05:40.842] [DEBUG] debug-file - A work dispatched to worker[9] failed because unable to get work from ready queue.
[2026-07-23T17:05:40.842] [DEBUG] debug-file - A work dispatched to worker[8] failed because of worker busy.
[2026-07-23T17:05:40.842] [DEBUG] debug-file - ohosTest@BuildNativeWithNinja work[5] has been dispatched to worker[7].
[2026-07-23T17:05:40.842] [DEBUG] debug-file - ohosTest@BuildNativeWithNinja work[5] is dispatched.
[2026-07-23T17:05:40.849] [DEBUG] debug-file - OHOS_STL is c++_shared
[2026-07-23T17:05:40.849] [DEBUG] debug-file - Copy STL libc++_shared.so to /Users/guoyutong/MyWorkSpace/TestThirdParty/cases/tinyxml2/harmony-demo/entry/build/default/intermediates/cmake/ohosTest/obj/x86_64 due to OHOS_STL is 'c++_shared'
[2026-07-23T17:05:40.854] [DEBUG] debug-file - entry : ohosTest@BuildNativeWithNinja cost memory 2.8016586303710938
[2026-07-23T17:05:41.014] [DEBUG] debug-file - [1/5] Building CXX object tinyxml2-test-build/CMakeFiles/tinyxml2.dir/tinyxml2.cpp.o
clang++: warning: argument unused during compilation: '--gcc-toolchain=/Users/guoyutong/command-line-tools/sdk/default/openharmony/native/llvm' [-Wunused-command-line-argument]

[2026-07-23T17:05:41.066] [DEBUG] debug-file - [1/5] Building CXX object tinyxml2-test-build/CMakeFiles/tinyxml2.dir/tinyxml2.cpp.o
clang++: warning: argument unused during compilation: '--gcc-toolchain=/Users/guoyutong/command-line-tools/sdk/default/openharmony/native/llvm' [-Wunused-command-line-argument]

[2026-07-23T17:05:41.099] [DEBUG] debug-file - [2/5] Linking CXX static library tinyxml2-test-build/libtinyxml2.a

[2026-07-23T17:05:41.106] [DEBUG] debug-file - [2/5] Linking CXX static library tinyxml2-test-build/libtinyxml2.a

[2026-07-23T17:05:41.231] [DEBUG] debug-file - [3/5] Building CXX object CMakeFiles/entry_test.dir/native_test_napi.cpp.o
clang++: warning: argument unused during compilation: '--gcc-toolchain=/Users/guoyutong/command-line-tools/sdk/default/openharmony/native/llvm' [-Wunused-command-line-argument]

[2026-07-23T17:05:41.239] [DEBUG] debug-file - [3/5] Building CXX object CMakeFiles/entry_test.dir/native_test_napi.cpp.o
clang++: warning: argument unused during compilation: '--gcc-toolchain=/Users/guoyutong/command-line-tools/sdk/default/openharmony/native/llvm' [-Wunused-command-line-argument]

[2026-07-23T17:05:41.248] [DEBUG] debug-file - [4/5] Building CXX object CMakeFiles/entry_test.dir/tests/tinyxml2_tests.cpp.o
clang++: warning: argument unused during compilation: '--gcc-toolchain=/Users/guoyutong/command-line-tools/sdk/default/openharmony/native/llvm' [-Wunused-command-line-argument]

[2026-07-23T17:05:41.267] [DEBUG] debug-file - [4/5] Building CXX object CMakeFiles/entry_test.dir/tests/tinyxml2_tests.cpp.o
clang++: warning: argument unused during compilation: '--gcc-toolchain=/Users/guoyutong/command-line-tools/sdk/default/openharmony/native/llvm' [-Wunused-command-line-argument]

[2026-07-23T17:05:41.299] [DEBUG] debug-file - [5/5] Linking CXX shared library /Users/guoyutong/MyWorkSpace/TestThirdParty/cases/tinyxml2/harmony-demo/entry/build/default/intermediates/cmake/ohosTest/obj/arm64-v8a/libentry_test.so

[2026-07-23T17:05:41.300] [DEBUG] debug-file - worker[8] has one work done.
[2026-07-23T17:05:41.303] [DEBUG] debug-file - External build set its own library output location for libtinyxml2.a, which will be hard linked or copy to the expected location.
[2026-07-23T17:05:41.304] [DEBUG] debug-file - Link /Users/guoyutong/MyWorkSpace/TestThirdParty/cases/tinyxml2/harmony-demo/entry/.cxx/default/ohosTest/debug/arm64-v8a/tinyxml2-test-build/libtinyxml2.a to /Users/guoyutong/MyWorkSpace/TestThirdParty/cases/tinyxml2/harmony-demo/entry/build/default/intermediates/cmake/ohosTest/obj/arm64-v8a/libtinyxml2.a successfully.
[2026-07-23T17:05:41.304] [DEBUG] debug-file - ohosTest@BuildNativeWithNinja work[4] done.
[2026-07-23T17:05:41.311] [DEBUG] debug-file - [5/5] Linking CXX shared library /Users/guoyutong/MyWorkSpace/TestThirdParty/cases/tinyxml2/harmony-demo/entry/build/default/intermediates/cmake/ohosTest/obj/x86_64/libentry_test.so

[2026-07-23T17:05:41.311] [DEBUG] debug-file - worker[7] has one work done.
[2026-07-23T17:05:41.315] [DEBUG] debug-file - External build set its own library output location for libtinyxml2.a, which will be hard linked or copy to the expected location.
[2026-07-23T17:05:41.315] [DEBUG] debug-file - Link /Users/guoyutong/MyWorkSpace/TestThirdParty/cases/tinyxml2/harmony-demo/entry/.cxx/default/ohosTest/debug/x86_64/tinyxml2-test-build/libtinyxml2.a to /Users/guoyutong/MyWorkSpace/TestThirdParty/cases/tinyxml2/harmony-demo/entry/build/default/intermediates/cmake/ohosTest/obj/x86_64/libtinyxml2.a successfully.
[2026-07-23T17:05:41.315] [DEBUG] debug-file - ohosTest@BuildNativeWithNinja work[5] done.
[2026-07-23T17:05:41.316] [DEBUG] debug-file - Executing task :entry:ohosTest@ProcessLibs
[2026-07-23T17:05:41.316] [INFO] debug-file - Finished :entry:ohosTest@BuildNativeWithNinja... after 478 ms 
[2026-07-23T17:05:41.323] [DEBUG] debug-file - Check content hash for /Users/guoyutong/MyWorkSpace/TestThirdParty/cases/tinyxml2/harmony-demo/entry/build/default/intermediates/cmake/ohosTest/obj/x86_64/libtinyxml2.a
[2026-07-23T17:05:41.325] [DEBUG] debug-file - Check content hash for /Users/guoyutong/MyWorkSpace/TestThirdParty/cases/tinyxml2/harmony-demo/entry/build/default/intermediates/cmake/ohosTest/obj/x86_64/libentry_test.so
[2026-07-23T17:05:41.326] [DEBUG] debug-file - Check content hash for /Users/guoyutong/MyWorkSpace/TestThirdParty/cases/tinyxml2/harmony-demo/entry/build/default/intermediates/cmake/ohosTest/obj/x86_64/libc++_shared.so
[2026-07-23T17:05:41.327] [DEBUG] debug-file - Check content hash for /Users/guoyutong/MyWorkSpace/TestThirdParty/cases/tinyxml2/harmony-demo/entry/build/default/intermediates/cmake/ohosTest/obj/arm64-v8a/libtinyxml2.a
[2026-07-23T17:05:41.328] [DEBUG] debug-file - Check content hash for /Users/guoyutong/MyWorkSpace/TestThirdParty/cases/tinyxml2/harmony-demo/entry/build/default/intermediates/cmake/ohosTest/obj/arm64-v8a/libentry_test.so
[2026-07-23T17:05:41.328] [DEBUG] debug-file - Check content hash for /Users/guoyutong/MyWorkSpace/TestThirdParty/cases/tinyxml2/harmony-demo/entry/build/default/intermediates/cmake/ohosTest/obj/arm64-v8a/libc++_shared.so
[2026-07-23T17:05:41.329] [DEBUG] debug-file - Task 'entry:ohosTest@ProcessLibs' cost while wrapping incremental declarations: 1 ms 
[2026-07-23T17:05:41.330] [DEBUG] debug-file - Worker dispatch failed, running processLibs on main thread.
[2026-07-23T17:05:41.331] [DEBUG] debug-file - Link /Users/guoyutong/MyWorkSpace/TestThirdParty/cases/tinyxml2/harmony-demo/entry/build/default/intermediates/cmake/ohosTest/obj/x86_64/libentry_test.so to /Users/guoyutong/MyWorkSpace/TestThirdParty/cases/tinyxml2/harmony-demo/entry/build/default/intermediates/libs/ohosTest/x86_64/libentry_test.so successfully.
[2026-07-23T17:05:41.331] [DEBUG] debug-file - Link /Users/guoyutong/MyWorkSpace/TestThirdParty/cases/tinyxml2/harmony-demo/entry/build/default/intermediates/cmake/ohosTest/obj/x86_64/libc++_shared.so to /Users/guoyutong/MyWorkSpace/TestThirdParty/cases/tinyxml2/harmony-demo/entry/build/default/intermediates/libs/ohosTest/x86_64/libc++_shared.so successfully.
[2026-07-23T17:05:41.332] [DEBUG] debug-file - Link /Users/guoyutong/MyWorkSpace/TestThirdParty/cases/tinyxml2/harmony-demo/entry/build/default/intermediates/cmake/ohosTest/obj/arm64-v8a/libentry_test.so to /Users/guoyutong/MyWorkSpace/TestThirdParty/cases/tinyxml2/harmony-demo/entry/build/default/intermediates/libs/ohosTest/arm64-v8a/libentry_test.so successfully.
[2026-07-23T17:05:41.332] [DEBUG] debug-file - Link /Users/guoyutong/MyWorkSpace/TestThirdParty/cases/tinyxml2/harmony-demo/entry/build/default/intermediates/cmake/ohosTest/obj/arm64-v8a/libc++_shared.so to /Users/guoyutong/MyWorkSpace/TestThirdParty/cases/tinyxml2/harmony-demo/entry/build/default/intermediates/libs/ohosTest/arm64-v8a/libc++_shared.so successfully.
[2026-07-23T17:05:41.332] [DEBUG] debug-file - entry : ohosTest@ProcessLibs cost memory 4.063056945800781
[2026-07-23T17:05:41.332] [DEBUG] debug-file - runTaskFromQueue task cost before running: 1 s 866 ms 
[2026-07-23T17:05:41.333] [DEBUG] debug-file - Executing task :entry:ohosTest@DoNativeStrip
[2026-07-23T17:05:41.332] [INFO] debug-file - Finished :entry:ohosTest@ProcessLibs... after 16 ms 
[2026-07-23T17:05:41.333] [DEBUG] debug-file - File: '/Users/guoyutong/MyWorkSpace/TestThirdParty/cases/tinyxml2/harmony-demo/entry/build/default/intermediates/binxo/ohosTest' from 'doBinxoNativeLibs' is not exists, just ignore.
[2026-07-23T17:05:41.333] [DEBUG] debug-file - Task 'entry:ohosTest@DoNativeStrip' cost while wrapping incremental declarations: 1 ms 
[2026-07-23T17:05:41.333] [DEBUG] debug-file - ohosTest@DoNativeStrip work[6] is submitted.
[2026-07-23T17:05:41.333] [DEBUG] debug-file - ohosTest@DoNativeStrip work[6] is pushed to ready queue.
[2026-07-23T17:05:41.333] [DEBUG] debug-file - ohosTest@DoNativeStrip work[6] is not dispatched.
[2026-07-23T17:05:41.333] [DEBUG] debug-file - entry : ohosTest@DoNativeStrip cost memory 0.13674163818359375
[2026-07-23T17:05:41.405] [DEBUG] debug-file - ohosTest@DoNativeStrip work[6] has been dispatched to worker[8].
[2026-07-23T17:05:41.416] [DEBUG] debug-file - A work dispatched to worker[7] failed because unable to get work from ready queue.
[2026-07-23T17:05:41.414] [DEBUG] debug-file - current process  memoryUsage: {
  rss: 868368384,
  heapTotal: 89997312,
  heapUsed: 56073104,
  external: 5058561,
  arrayBuffers: 36680
} os memoryUsage :15.724990844726562
[2026-07-23T17:05:41.415] [DEBUG] debug-file - current process  memoryUsage: {
  rss: 869449728,
  heapTotal: 89997312,
  heapUsed: 56159784,
  external: 5058601,
  arrayBuffers: 36680
} os memoryUsage :15.724685668945312
[2026-07-23T17:05:41.416] [DEBUG] debug-file - current process  memoryUsage: {
  rss: 871251968,
  heapTotal: 89997312,
  heapUsed: 56235696,
  external: 5058601,
  arrayBuffers: 36680
} os memoryUsage :15.724685668945312
[2026-07-23T17:05:41.417] [DEBUG] debug-file - current process  memoryUsage: {
  rss: 871792640,
  heapTotal: 89997312,
  heapUsed: 56311800,
  external: 5058601,
  arrayBuffers: 36680
} os memoryUsage :15.724685668945312
[2026-07-23T17:05:41.428] [DEBUG] debug-file - worker[8] has one work done.
[2026-07-23T17:05:41.428] [DEBUG] debug-file - ohosTest@DoNativeStrip work[6] done.
[2026-07-23T17:05:41.429] [DEBUG] debug-file - Executing task :entry:ohosTest@CacheNativeLibs
[2026-07-23T17:05:41.429] [DEBUG] debug-file - A work dispatched to worker[8] failed because unable to get work from ready queue.
[2026-07-23T17:05:41.429] [DEBUG] debug-file - File: '/Users/guoyutong/MyWorkSpace/TestThirdParty/cases/tinyxml2/harmony-demo/entry/build/default/intermediates/binxo/ohosTest' from 'cacheBinxoNativeLibs' is not exists, just ignore.
[2026-07-23T17:05:41.429] [DEBUG] debug-file - Task 'entry:ohosTest@CacheNativeLibs' cost while wrapping incremental declarations: 1 ms 
[2026-07-23T17:05:41.429] [INFO] debug-file - Finished :entry:ohosTest@DoNativeStrip... after 22 ms 
[2026-07-23T17:05:41.429] [DEBUG] debug-file - ohosTest@CacheNativeLibs work[7] is submitted.
[2026-07-23T17:05:41.429] [DEBUG] debug-file - ohosTest@CacheNativeLibs work[7] is pushed to ready queue.
[2026-07-23T17:05:41.430] [DEBUG] debug-file - A work dispatched to worker[9] failed because unable to get work from ready queue.
[2026-07-23T17:05:41.430] [DEBUG] debug-file - ohosTest@CacheNativeLibs work[7] has been dispatched to worker[8].
[2026-07-23T17:05:41.430] [DEBUG] debug-file - ohosTest@CacheNativeLibs work[7] is dispatched.
[2026-07-23T17:05:41.430] [DEBUG] debug-file - entry : ohosTest@CacheNativeLibs cost memory 0.084014892578125
[2026-07-23T17:05:41.431] [DEBUG] debug-file - worker[8] has one work done.
[2026-07-23T17:05:41.431] [DEBUG] debug-file - ohosTest@CacheNativeLibs work[7] done.
[2026-07-23T17:05:41.431] [DEBUG] debug-file - A work dispatched to worker[8] failed because unable to get work from ready queue.
[2026-07-23T17:05:41.431] [INFO] debug-file - Finished :entry:ohosTest@CacheNativeLibs... after 2 ms 
[2026-07-23T17:05:41.434] [DEBUG] debug-file - A work dispatched to worker[9] failed because unable to get work from ready queue.
[2026-07-23T17:05:41.434] [DEBUG] debug-file - A work dispatched to worker[8] failed because unable to get work from ready queue.
[2026-07-23T17:05:41.434] [DEBUG] debug-file - A work dispatched to worker[7] failed because unable to get work from ready queue.
[2026-07-23T17:05:41.434] [DEBUG] debug-file - A work dispatched to worker[6] failed because unable to get work from ready queue.
[2026-07-23T17:05:41.434] [DEBUG] debug-file - A work dispatched to worker[5] failed because unable to get work from ready queue.
[2026-07-23T17:05:41.434] [DEBUG] debug-file - A work dispatched to worker[4] failed because of worker busy.
[2026-07-23T17:05:41.434] [DEBUG] debug-file - A work dispatched to worker[3] failed because unable to get work from ready queue.
[2026-07-23T17:05:41.434] [DEBUG] debug-file - A work dispatched to worker[2] failed because unable to get work from ready queue.
[2026-07-23T17:05:41.434] [DEBUG] debug-file - A work dispatched to worker[1] failed because unable to get work from ready queue.
[2026-07-23T17:05:41.434] [DEBUG] debug-file - A work dispatched to worker[0] failed because unable to get work from ready queue.
[2026-07-23T17:05:42.248] [WARN] debug-file - [33mWARN: [33m[33mArkTS:WARN File: /Users/guoyutong/MyWorkSpace/TestThirdParty/cases/tinyxml2/harmony-demo/entry/src/ohosTest/ets/testability/TestAbility.ets:6:17
 Function may throw exceptions. Special handling is required.
[39m[39m

[2026-07-23T17:05:42.248] [DEBUG] debug-file - Ark compile task finished.finished time is 806541955131291
[2026-07-23T17:05:42.248] [DEBUG] debug-file - worker[4] has one work done.
[2026-07-23T17:05:42.249] [DEBUG] debug-file - ohosTest@OhosTestCompileArkTS work[2] done.
[2026-07-23T17:05:42.251] [DEBUG] debug-file - Executing task :entry:ohosTest@OhosTestCopyMockConfigJson
[2026-07-23T17:05:42.254] [DEBUG] debug-file - Executing task :entry:ohosTest@PackageHap
[2026-07-23T17:05:42.249] [DEBUG] debug-file - A work dispatched to worker[4] failed because unable to get work from ready queue.
[2026-07-23T17:05:42.251] [DEBUG] debug-file - File: '/Users/guoyutong/MyWorkSpace/TestThirdParty/cases/tinyxml2/harmony-demo/entry/build/default/intermediates/res/ohosTest/mock-config.json' from 'mockConfigJsonFile' is not exists, just ignore.
[2026-07-23T17:05:42.250] [INFO] debug-file - Finished :entry:ohosTest@OhosTestCompileArkTS... after 1 s 573 ms 
[2026-07-23T17:05:42.255] [DEBUG] debug-file - Use tool [/Users/guoyutong/command-line-tools/sdk/default/openharmony/toolchains/lib/app_packing_tool.jar]
 [
  'java',
  '-Dfile.encoding=utf-8',
  '-jar',
  '/Users/guoyutong/command-line-tools/sdk/default/openharmony/toolchains/lib/app_packing_tool.jar',
  '--mode',
  'hap',
  '--force',
  'true',
  '--lib-path',
  '/Users/guoyutong/MyWorkSpace/TestThirdParty/cases/tinyxml2/harmony-demo/entry/build/default/intermediates/stripped_native_libs/ohosTest',
  '--json-path',
  '/Users/guoyutong/MyWorkSpace/TestThirdParty/cases/tinyxml2/harmony-demo/entry/build/default/intermediates/package/ohosTest/module.json',
  '--resources-path',
  '/Users/guoyutong/MyWorkSpace/TestThirdParty/cases/tinyxml2/harmony-demo/entry/build/default/intermediates/res/ohosTest/resources',
  '--index-path',
  '/Users/guoyutong/MyWorkSpace/TestThirdParty/cases/tinyxml2/harmony-demo/entry/build/default/intermediates/res/ohosTest/resources.index',
  '--pack-info-path',
  '/Users/guoyutong/MyWorkSpace/TestThirdParty/cases/tinyxml2/harmony-demo/entry/build/default/outputs/ohosTest/pack.info',
  '--out-path',
  '/Users/guoyutong/MyWorkSpace/TestThirdParty/cases/tinyxml2/harmony-demo/entry/build/default/outputs/ohosTest/entry-ohosTest-unsigned.hap',
  '--ets-path',
  '/Users/guoyutong/MyWorkSpace/TestThirdParty/cases/tinyxml2/harmony-demo/entry/build/default/intermediates/loader_out/ohosTest/ets',
  '--pkg-sdk-info-path',
  '/Users/guoyutong/MyWorkSpace/TestThirdParty/cases/tinyxml2/harmony-demo/entry/build/default/intermediates/loader/ohosTest/pkgSdkInfo.json'
]
[2026-07-23T17:05:42.255] [DEBUG] debug-file - ohosTest@PackageHap work[8] is submitted.
[2026-07-23T17:05:42.251] [DEBUG] debug-file - Task 'entry:ohosTest@OhosTestCopyMockConfigJson' cost while wrapping incremental declarations: 1 ms 
[2026-07-23T17:05:42.255] [DEBUG] debug-file - ohosTest@PackageHap work[8] is pushed to ready queue.
[2026-07-23T17:05:42.251] [DEBUG] debug-file - Failed to generate mock-config.json during compilation.
[2026-07-23T17:05:42.255] [DEBUG] debug-file - A work dispatched to worker[9] failed because unable to get work from ready queue.
[2026-07-23T17:05:42.251] [DEBUG] debug-file - entry : ohosTest@OhosTestCopyMockConfigJson cost memory 0.06862640380859375
[2026-07-23T17:05:42.255] [DEBUG] debug-file - ohosTest@PackageHap work[8] has been dispatched to worker[8].
[2026-07-23T17:05:42.251] [DEBUG] debug-file - runTaskFromQueue task cost before running: 2 s 785 ms 
[2026-07-23T17:05:42.255] [DEBUG] debug-file - ohosTest@PackageHap work[8] is dispatched.
[2026-07-23T17:05:42.251] [INFO] debug-file - Finished :entry:ohosTest@OhosTestCopyMockConfigJson... after 1 ms 
[2026-07-23T17:05:42.256] [DEBUG] debug-file - entry : ohosTest@PackageHap cost memory 0.35131072998046875
[2026-07-23T17:05:42.252] [DEBUG] debug-file - Executing task :entry:ohosTest@GeneratePkgModuleJson
[2026-07-23T17:05:42.252] [DEBUG] debug-file - File: '/Users/guoyutong/MyWorkSpace/TestThirdParty/cases/tinyxml2/harmony-demo/entry/build/default/intermediates/preload/ohosTest/preload.json' from 'preloadSoJsonPath' is not exists, just ignore.
[2026-07-23T17:05:42.252] [DEBUG] debug-file - Error occurs while handling @Input 'shouldDeduplicateHar': The "data" argument must be of type string or an instance of Buffer, TypedArray, or DataView. Received undefined
[2026-07-23T17:05:42.252] [DEBUG] debug-file - Task 'entry:ohosTest@GeneratePkgModuleJson' cost while wrapping incremental declarations: 1 ms 
[2026-07-23T17:05:42.253] [DEBUG] debug-file - entry : ohosTest@GeneratePkgModuleJson cost memory 0.1387786865234375
[2026-07-23T17:05:42.253] [DEBUG] debug-file - runTaskFromQueue task cost before running: 2 s 786 ms 
[2026-07-23T17:05:42.253] [INFO] debug-file - Finished :entry:ohosTest@GeneratePkgModuleJson... after 1 ms 
[2026-07-23T17:05:42.253] [DEBUG] debug-file - Executing task :entry:ohosTest@ProcessCompiledResources
[2026-07-23T17:05:42.253] [DEBUG] debug-file - File: '/Users/guoyutong/MyWorkSpace/TestThirdParty/cases/tinyxml2/harmony-demo/entry/build/default/intermediates/preload/ohosTest/preload.json' from 'preloadSoJsonPath' is not exists, just ignore.
[2026-07-23T17:05:42.253] [DEBUG] debug-file - Task 'entry:ohosTest@ProcessCompiledResources' cost while wrapping incremental declarations: 1 ms 
[2026-07-23T17:05:42.253] [DEBUG] debug-file - entry : ohosTest@ProcessCompiledResources cost memory 0.048309326171875
[2026-07-23T17:05:42.253] [DEBUG] debug-file - runTaskFromQueue task cost before running: 2 s 787 ms 
[2026-07-23T17:05:42.253] [INFO] debug-file - Finished :entry:ohosTest@ProcessCompiledResources... after 1 ms 
[2026-07-23T17:05:42.256] [DEBUG] debug-file - current process  memoryUsage: {
  rss: 1021067264,
  heapTotal: 90259456,
  heapUsed: 56811496,
  external: 5066793,
  arrayBuffers: 44872
} os memoryUsage :15.881317138671875
[2026-07-23T17:05:42.468] [DEBUG] debug-file - worker[8] has one work done.
[2026-07-23T17:05:42.468] [DEBUG] debug-file - ohosTest@PackageHap work[8] done.
[2026-07-23T17:05:42.470] [DEBUG] debug-file - Executing task :entry:ohosTest@SignHap
[2026-07-23T17:05:42.471] [DEBUG] debug-file - Executing task :entry:ohosTest@CollectDebugSymbol
[2026-07-23T17:05:42.469] [DEBUG] debug-file - Executing task :entry:ohosTest@PackingCheck
[2026-07-23T17:05:42.468] [DEBUG] debug-file - A work dispatched to worker[8] failed because unable to get work from ready queue.
[2026-07-23T17:05:42.470] [WARN] debug-file - No signingConfig found for product default
[2026-07-23T17:05:42.471] [DEBUG] debug-file - entry : ohosTest@CollectDebugSymbol cost memory 0.0953521728515625
[2026-07-23T17:05:42.470] [DEBUG] debug-file - entry : ohosTest@PackingCheck cost memory 0.29059600830078125
[2026-07-23T17:05:42.468] [INFO] debug-file - Finished :entry:ohosTest@PackageHap... after 214 ms 
[2026-07-23T17:05:42.471] [DEBUG] debug-file - entry : ohosTest@SignHap cost memory 0.0637664794921875
[2026-07-23T17:05:42.471] [DEBUG] debug-file - runTaskFromQueue task cost before running: 3 s 5 ms 
[2026-07-23T17:05:42.470] [DEBUG] debug-file - runTaskFromQueue task cost before running: 3 s 4 ms 
[2026-07-23T17:05:42.471] [DEBUG] debug-file - runTaskFromQueue task cost before running: 3 s 5 ms 
[2026-07-23T17:05:42.471] [INFO] debug-file - Finished :entry:ohosTest@CollectDebugSymbol... after 1 ms 
[2026-07-23T17:05:42.470] [INFO] debug-file - Finished :entry:ohosTest@PackingCheck... after 2 ms 
[2026-07-23T17:05:42.471] [INFO] debug-file - Finished :entry:ohosTest@SignHap... after 1 ms 
[2026-07-23T17:05:42.472] [DEBUG] debug-file - Executing task :entry:assembleHap
[2026-07-23T17:05:42.472] [DEBUG] debug-file - entry : assembleHap cost memory 0.01113128662109375
[2026-07-23T17:05:42.472] [DEBUG] debug-file - runTaskFromQueue task cost before running: 3 s 5 ms 
[2026-07-23T17:05:42.472] [INFO] debug-file - Finished :entry:assembleHap... after 1 ms 
[2026-07-23T17:05:42.472] [INFO] debug-file - BUILD SUCCESSFUL in 3 s 6 ms 
[2026-07-23T17:05:42.472] [DEBUG] debug-file - Update task entry:ohosTest@PreBuild input file:/Users/guoyutong/MyWorkSpace/TestThirdParty/cases/tinyxml2/harmony-demo/AppScope/app.json5 cache by regenerate.
[2026-07-23T17:05:42.473] [DEBUG] debug-file - Update task entry:ohosTest@PreBuild input file:/Users/guoyutong/MyWorkSpace/TestThirdParty/cases/tinyxml2/harmony-demo/entry/src/ohosTest/module.json5 cache by regenerate.
[2026-07-23T17:05:42.473] [DEBUG] debug-file - Update task entry:ohosTest@PreBuild input file:/Users/guoyutong/MyWorkSpace/TestThirdParty/cases/tinyxml2/harmony-demo/build-profile.json5 cache by regenerate.
[2026-07-23T17:05:42.473] [DEBUG] debug-file - Update task entry:ohosTest@PreBuild input file:/Users/guoyutong/MyWorkSpace/TestThirdParty/cases/tinyxml2/harmony-demo/entry/build-profile.json5 cache by regenerate.
[2026-07-23T17:05:42.473] [DEBUG] debug-file - Update task entry:ohosTest@PreBuild input file:/Users/guoyutong/MyWorkSpace/TestThirdParty/cases/tinyxml2/harmony-demo/entry/src/ohosTest/resources/base/profile/test_pages.json cache by regenerate.
[2026-07-23T17:05:42.473] [DEBUG] debug-file - Update task entry:ohosTest@PreBuild input file:/Users/guoyutong/MyWorkSpace/TestThirdParty/cases/tinyxml2/harmony-demo/hvigor/hvigor-config.json5 cache by regenerate.
[2026-07-23T17:05:42.473] [DEBUG] debug-file - Update task entry:ohosTest@PreBuild input file:/Users/guoyutong/MyWorkSpace/TestThirdParty/cases/tinyxml2/harmony-demo/entry/oh-package.json5 cache by regenerate.
[2026-07-23T17:05:42.473] [DEBUG] debug-file - Update task entry:ohosTest@PreBuild input file:/Users/guoyutong/MyWorkSpace/TestThirdParty/cases/tinyxml2/harmony-demo/oh-package.json5 cache by regenerate.
[2026-07-23T17:05:42.473] [DEBUG] debug-file - Incremental task entry:ohosTest@PreBuild post-execution cost:1 ms .
[2026-07-23T17:05:42.473] [DEBUG] debug-file - Update task entry:ohosTest@CreateModuleInfo output file:/Users/guoyutong/MyWorkSpace/TestThirdParty/cases/tinyxml2/harmony-demo/entry/build/default/generated/profile/ohosTest/ModuleInfo.ts cache.
[2026-07-23T17:05:42.473] [DEBUG] debug-file - Incremental task entry:ohosTest@CreateModuleInfo post-execution cost:1 ms .
[2026-07-23T17:05:42.473] [DEBUG] debug-file - Update task entry:ohosTest@GenerateMetadata input file:/Users/guoyutong/MyWorkSpace/TestThirdParty/cases/tinyxml2/harmony-demo/entry/src/ohosTest/module.json5 cache by regenerate.
[2026-07-23T17:05:42.473] [DEBUG] debug-file - Update task entry:ohosTest@GenerateMetadata output file:/Users/guoyutong/MyWorkSpace/TestThirdParty/cases/tinyxml2/harmony-demo/entry/build/default/intermediates/hap_metadata/ohosTest/output_metadata.json cache.
[2026-07-23T17:05:42.473] [DEBUG] debug-file - Incremental task entry:ohosTest@GenerateMetadata post-execution cost:1 ms .
[2026-07-23T17:05:42.473] [DEBUG] debug-file - Update task entry:ohosTest@MergeProfile input file:/Users/guoyutong/MyWorkSpace/TestThirdParty/cases/tinyxml2/harmony-demo/AppScope/app.json5 cache by regenerate.
[2026-07-23T17:05:42.473] [DEBUG] debug-file - Update task entry:ohosTest@MergeProfile input file:/Users/guoyutong/MyWorkSpace/TestThirdParty/cases/tinyxml2/harmony-demo/build-profile.json5 cache by regenerate.
[2026-07-23T17:05:42.473] [DEBUG] debug-file - Update task entry:ohosTest@MergeProfile input file:/Users/guoyutong/MyWorkSpace/TestThirdParty/cases/tinyxml2/harmony-demo/entry/src/ohosTest/module.json5 cache by regenerate.
[2026-07-23T17:05:42.473] [DEBUG] debug-file - Update task entry:ohosTest@MergeProfile output file:/Users/guoyutong/MyWorkSpace/TestThirdParty/cases/tinyxml2/harmony-demo/entry/build/default/intermediates/merge_profile/ohosTest/module.json cache.
[2026-07-23T17:05:42.473] [DEBUG] debug-file - Incremental task entry:ohosTest@MergeProfile post-execution cost:1 ms .
[2026-07-23T17:05:42.473] [DEBUG] debug-file - Update task entry:ohosTest@CreateBuildProfile input file:/Users/guoyutong/MyWorkSpace/TestThirdParty/cases/tinyxml2/harmony-demo/AppScope/app.json5 cache by regenerate.
[2026-07-23T17:05:42.473] [DEBUG] debug-file - Update task entry:ohosTest@CreateBuildProfile input file:/Users/guoyutong/MyWorkSpace/TestThirdParty/cases/tinyxml2/harmony-demo/build-profile.json5 cache by regenerate.
[2026-07-23T17:05:42.473] [DEBUG] debug-file - Update task entry:ohosTest@CreateBuildProfile output file:/Users/guoyutong/MyWorkSpace/TestThirdParty/cases/tinyxml2/harmony-demo/entry/build/default/generated/profile/ohosTest/BuildProfile.ets cache.
[2026-07-23T17:05:42.473] [DEBUG] debug-file - Incremental task entry:ohosTest@CreateBuildProfile post-execution cost:1 ms .
[2026-07-23T17:05:42.473] [DEBUG] debug-file - Update task entry:ohosTest@GeneratePkgContextInfo output file:/Users/guoyutong/MyWorkSpace/TestThirdParty/cases/tinyxml2/harmony-demo/entry/build/default/intermediates/loader/ohosTest/pkgContextInfo.json cache.
[2026-07-23T17:05:42.473] [DEBUG] debug-file - Incremental task entry:ohosTest@GeneratePkgContextInfo post-execution cost:1 ms .
[2026-07-23T17:05:42.473] [DEBUG] debug-file - Update task entry:ohosTest@GeneratePkgSdkInfo output file:/Users/guoyutong/MyWorkSpace/TestThirdParty/cases/tinyxml2/harmony-demo/entry/build/default/intermediates/loader/ohosTest/pkgSdkInfo.json cache.
[2026-07-23T17:05:42.473] [DEBUG] debug-file - Incremental task entry:ohosTest@GeneratePkgSdkInfo post-execution cost:1 ms .
[2026-07-23T17:05:42.473] [DEBUG] debug-file - Update task entry:ohosTest@ProcessIntegratedHsp output file:/Users/guoyutong/MyWorkSpace/TestThirdParty/cases/tinyxml2/harmony-demo/build/cache/default/integrated_hsp/integratedHspCache.json cache.
[2026-07-23T17:05:42.473] [DEBUG] debug-file - Incremental task entry:ohosTest@ProcessIntegratedHsp post-execution cost:1 ms .
[2026-07-23T17:05:42.474] [DEBUG] debug-file - Update task entry:ohosTest@MakePackInfo input file:/Users/guoyutong/MyWorkSpace/TestThirdParty/cases/tinyxml2/harmony-demo/AppScope/app.json5 cache by regenerate.
[2026-07-23T17:05:42.474] [DEBUG] debug-file - Update task entry:ohosTest@MakePackInfo input file:/Users/guoyutong/MyWorkSpace/TestThirdParty/cases/tinyxml2/harmony-demo/entry/src/ohosTest/module.json5 cache by regenerate.
[2026-07-23T17:05:42.474] [DEBUG] debug-file - Update task entry:ohosTest@MakePackInfo input file:/Users/guoyutong/MyWorkSpace/TestThirdParty/cases/tinyxml2/harmony-demo/build-profile.json5 cache by regenerate.
[2026-07-23T17:05:42.474] [DEBUG] debug-file - Update task entry:ohosTest@MakePackInfo output file:/Users/guoyutong/MyWorkSpace/TestThirdParty/cases/tinyxml2/harmony-demo/entry/build/default/outputs/ohosTest/pack.info cache.
[2026-07-23T17:05:42.474] [DEBUG] debug-file - Incremental task entry:ohosTest@MakePackInfo post-execution cost:1 ms .
[2026-07-23T17:05:42.474] [DEBUG] debug-file - Update task entry:ohosTest@SyscapTransform input file:/Users/guoyutong/command-line-tools/sdk/default/openharmony/toolchains/syscap_tool cache by regenerate.
[2026-07-23T17:05:42.474] [DEBUG] debug-file - Update task entry:ohosTest@SyscapTransform input file:/Users/guoyutong/command-line-tools/sdk/default/openharmony/ets/api/device-define cache by regenerate.
[2026-07-23T17:05:42.474] [DEBUG] debug-file - Update task entry:ohosTest@SyscapTransform output file:/Users/guoyutong/MyWorkSpace/TestThirdParty/cases/tinyxml2/harmony-demo/entry/build/default/intermediates/syscap/ohosTest/rpcid.sc cache.
[2026-07-23T17:05:42.474] [DEBUG] debug-file - Incremental task entry:ohosTest@SyscapTransform post-execution cost:1 ms .
[2026-07-23T17:05:42.474] [DEBUG] debug-file - Update task entry:ohosTest@ProcessProfile input file:/Users/guoyutong/MyWorkSpace/TestThirdParty/cases/tinyxml2/harmony-demo/entry/build/default/intermediates/merge_profile/ohosTest/module.json cache by regenerate.
[2026-07-23T17:05:42.474] [DEBUG] debug-file - Update task entry:ohosTest@ProcessProfile output file:/Users/guoyutong/MyWorkSpace/TestThirdParty/cases/tinyxml2/harmony-demo/entry/build/default/intermediates/process_profile/ohosTest/module.json cache.
[2026-07-23T17:05:42.474] [DEBUG] debug-file - Incremental task entry:ohosTest@ProcessProfile post-execution cost:1 ms .
[2026-07-23T17:05:42.474] [DEBUG] debug-file - Update task entry:ohosTest@ProcessRouterMap input file:/Users/guoyutong/MyWorkSpace/TestThirdParty/cases/tinyxml2/harmony-demo/entry/oh-package.json5 cache by regenerate.
[2026-07-23T17:05:42.474] [DEBUG] debug-file - Update task entry:ohosTest@ProcessRouterMap input file:/Users/guoyutong/MyWorkSpace/TestThirdParty/cases/tinyxml2/harmony-demo/oh-package.json5 cache by regenerate.
[2026-07-23T17:05:42.474] [DEBUG] debug-file - Update task entry:ohosTest@ProcessRouterMap input file:/Users/guoyutong/MyWorkSpace/TestThirdParty/cases/tinyxml2/harmony-demo/entry/src/ohosTest/module.json5 cache by regenerate.
[2026-07-23T17:05:42.474] [DEBUG] debug-file - Update task entry:ohosTest@ProcessRouterMap output file:/Users/guoyutong/MyWorkSpace/TestThirdParty/cases/tinyxml2/harmony-demo/entry/build/default/intermediates/router_map/ohosTest/temp-router-map.json cache.
[2026-07-23T17:05:42.474] [DEBUG] debug-file - Update task entry:ohosTest@ProcessRouterMap output file:/Users/guoyutong/MyWorkSpace/TestThirdParty/cases/tinyxml2/harmony-demo/entry/build/default/intermediates/router_map/ohosTest/loader-router-map.json cache.
[2026-07-23T17:05:42.474] [DEBUG] debug-file - Incremental task entry:ohosTest@ProcessRouterMap post-execution cost:1 ms .
[2026-07-23T17:05:42.474] [DEBUG] debug-file - Update task entry:ohosTest@ProcessShareConfig input file:/Users/guoyutong/MyWorkSpace/TestThirdParty/cases/tinyxml2/harmony-demo/entry/oh-package.json5 cache by regenerate.
[2026-07-23T17:05:42.474] [DEBUG] debug-file - Update task entry:ohosTest@ProcessShareConfig input file:/Users/guoyutong/MyWorkSpace/TestThirdParty/cases/tinyxml2/harmony-demo/oh-package.json5 cache by regenerate.
[2026-07-23T17:05:42.474] [DEBUG] debug-file - Update task entry:ohosTest@ProcessShareConfig input file:/Users/guoyutong/MyWorkSpace/TestThirdParty/cases/tinyxml2/harmony-demo/entry/src/ohosTest/module.json5 cache by regenerate.
[2026-07-23T17:05:42.474] [DEBUG] debug-file - Update task entry:ohosTest@ProcessShareConfig output file:/Users/guoyutong/MyWorkSpace/TestThirdParty/cases/tinyxml2/harmony-demo/entry/build/default/intermediates/share_config/ohosTest/temp-share-config.json cache.
[2026-07-23T17:05:42.474] [DEBUG] debug-file - Incremental task entry:ohosTest@ProcessShareConfig post-execution cost:1 ms .
[2026-07-23T17:05:42.474] [DEBUG] debug-file - Update task entry:ohosTest@ProcessStartupConfig output file:/Users/guoyutong/MyWorkSpace/TestThirdParty/cases/tinyxml2/harmony-demo/entry/build/default/intermediates/startup/ohosTest/startup_config.json cache.
[2026-07-23T17:05:42.474] [DEBUG] debug-file - Incremental task entry:ohosTest@ProcessStartupConfig post-execution cost:1 ms .
[2026-07-23T17:05:42.474] [DEBUG] debug-file - Update task entry:ohosTest@ProcessResource output file:/Users/guoyutong/MyWorkSpace/TestThirdParty/cases/tinyxml2/harmony-demo/entry/build/default/intermediates/res/ohosTest/resConfig.json cache.
[2026-07-23T17:05:42.474] [DEBUG] debug-file - Update task entry:ohosTest@ProcessResource output file:/Users/guoyutong/MyWorkSpace/TestThirdParty/cases/tinyxml2/harmony-demo/entry/build/default/intermediates/res/ohosTest/opt-compression.json cache.
[2026-07-23T17:05:42.474] [DEBUG] debug-file - Incremental task entry:ohosTest@ProcessResource post-execution cost:1 ms .
[2026-07-23T17:05:42.474] [DEBUG] debug-file - Update task entry:ohosTest@GenerateLoaderJson input file:/Users/guoyutong/MyWorkSpace/TestThirdParty/cases/tinyxml2/harmony-demo/entry/build/default/intermediates/router_map/ohosTest/temp-router-map.json cache by regenerate.
[2026-07-23T17:05:42.474] [DEBUG] debug-file - Update task entry:ohosTest@GenerateLoaderJson output file:/Users/guoyutong/MyWorkSpace/TestThirdParty/cases/tinyxml2/harmony-demo/entry/build/default/intermediates/loader/ohosTest/loader.json cache.
[2026-07-23T17:05:42.474] [DEBUG] debug-file - Incremental task entry:ohosTest@GenerateLoaderJson post-execution cost:1 ms .
[2026-07-23T17:05:42.474] [DEBUG] debug-file - Update task entry:ohosTest@CompileResource input file:/Users/guoyutong/MyWorkSpace/TestThirdParty/cases/tinyxml2/harmony-demo/entry/src/ohosTest/resources cache by regenerate.
[2026-07-23T17:05:42.475] [DEBUG] debug-file - Update task entry:ohosTest@CompileResource input file:/Users/guoyutong/MyWorkSpace/TestThirdParty/cases/tinyxml2/harmony-demo/AppScope/resources cache by regenerate.
[2026-07-23T17:05:42.475] [DEBUG] debug-file - Update task entry:ohosTest@CompileResource input file:/Users/guoyutong/MyWorkSpace/TestThirdParty/cases/tinyxml2/harmony-demo/entry/build/default/intermediates/process_profile/ohosTest/module.json cache by regenerate.
[2026-07-23T17:05:42.475] [DEBUG] debug-file - Update task entry:ohosTest@CompileResource input file:/Users/guoyutong/MyWorkSpace/TestThirdParty/cases/tinyxml2/harmony-demo/entry/src/main/resources cache by regenerate.
[2026-07-23T17:05:42.475] [DEBUG] debug-file - Update task entry:ohosTest@CompileResource input file:/Users/guoyutong/MyWorkSpace/TestThirdParty/cases/tinyxml2/harmony-demo/entry/build/default/intermediates/res/ohosTest/resConfig.json cache by regenerate.
[2026-07-23T17:05:42.475] [DEBUG] debug-file - Update task entry:ohosTest@CompileResource output file:/Users/guoyutong/MyWorkSpace/TestThirdParty/cases/tinyxml2/harmony-demo/entry/build/default/intermediates/res/ohosTest cache.
[2026-07-23T17:05:42.475] [DEBUG] debug-file - Update task entry:ohosTest@CompileResource output file:/Users/guoyutong/MyWorkSpace/TestThirdParty/cases/tinyxml2/harmony-demo/entry/build/default/generated/r/ohosTest/ResourceTable.h cache.
[2026-07-23T17:05:42.475] [DEBUG] debug-file - Update task entry:ohosTest@CompileResource output file:/Users/guoyutong/MyWorkSpace/TestThirdParty/cases/tinyxml2/harmony-demo/entry/build/default/generated/r/ohosTest/ResourceTable.ts cache.
[2026-07-23T17:05:42.475] [DEBUG] debug-file - Update task entry:ohosTest@CompileResource output file:/Users/guoyutong/MyWorkSpace/TestThirdParty/cases/tinyxml2/harmony-demo/entry/build/default/generated/r/ohosTest cache.
[2026-07-23T17:05:42.475] [DEBUG] debug-file - Incremental task entry:ohosTest@CompileResource post-execution cost:2 ms .
[2026-07-23T17:05:42.475] [DEBUG] debug-file - Update task entry:ohosTest@OhosTestCompileArkTS input file:/Users/guoyutong/MyWorkSpace/TestThirdParty/cases/tinyxml2/harmony-demo/entry/build/default/intermediates/loader/ohosTest cache by regenerate.
[2026-07-23T17:05:42.476] [DEBUG] debug-file - Update task entry:ohosTest@OhosTestCompileArkTS input file:/Users/guoyutong/MyWorkSpace/TestThirdParty/cases/tinyxml2/harmony-demo/entry/build/default/intermediates/res/ohosTest/ResourceTable.txt cache by regenerate.
[2026-07-23T17:05:42.476] [DEBUG] debug-file - Update task entry:ohosTest@OhosTestCompileArkTS input file:/Users/guoyutong/MyWorkSpace/TestThirdParty/cases/tinyxml2/harmony-demo/entry/build/default/intermediates/res/ohosTest/ark_module.json cache by regenerate.
[2026-07-23T17:05:42.476] [DEBUG] debug-file - Update task entry:ohosTest@OhosTestCompileArkTS input file:/Users/guoyutong/MyWorkSpace/TestThirdParty/cases/tinyxml2/harmony-demo/entry/build/default/intermediates/res/ohosTest/resources/base/profile cache by regenerate.
[2026-07-23T17:05:42.476] [DEBUG] debug-file - Update task entry:ohosTest@OhosTestCompileArkTS input file:/Users/guoyutong/MyWorkSpace/TestThirdParty/cases/tinyxml2/harmony-demo/entry/src/ohosTest/ets cache by regenerate.
[2026-07-23T17:05:42.476] [DEBUG] debug-file - Update task entry:ohosTest@OhosTestCompileArkTS input file:/Users/guoyutong/MyWorkSpace/TestThirdParty/cases/tinyxml2/harmony-demo/entry/src/ohosTest cache by regenerate.
[2026-07-23T17:05:42.476] [DEBUG] debug-file - Update task entry:ohosTest@OhosTestCompileArkTS input file:/Users/guoyutong/MyWorkSpace/TestThirdParty/cases/tinyxml2/harmony-demo/entry/build/default/generated/profile/ohosTest/BuildProfile.ets cache by regenerate.
[2026-07-23T17:05:42.476] [DEBUG] debug-file - Update task entry:ohosTest@OhosTestCompileArkTS input file:/Users/guoyutong/MyWorkSpace/TestThirdParty/cases/tinyxml2/harmony-demo/entry/src/main/cpp/types cache by regenerate.
[2026-07-23T17:05:42.476] [DEBUG] debug-file - Update task entry:ohosTest@OhosTestCompileArkTS input file:/Users/guoyutong/MyWorkSpace/TestThirdParty/cases/tinyxml2/harmony-demo/entry/src/main/ets cache by regenerate.
[2026-07-23T17:05:42.476] [DEBUG] debug-file - Update task entry:ohosTest@OhosTestCompileArkTS output file:/Users/guoyutong/MyWorkSpace/TestThirdParty/cases/tinyxml2/harmony-demo/entry/build/default/intermediates/loader_out/ohosTest/ets cache.
[2026-07-23T17:05:42.477] [DEBUG] debug-file - Incremental task entry:ohosTest@OhosTestCompileArkTS post-execution cost:2 ms .
[2026-07-23T17:05:42.477] [DEBUG] debug-file - Update task entry:ohosTest@OhosTestBuildJS input file:/Users/guoyutong/MyWorkSpace/TestThirdParty/cases/tinyxml2/harmony-demo/entry/build/default/intermediates/loader/ohosTest cache by regenerate.
[2026-07-23T17:05:42.477] [DEBUG] debug-file - Update task entry:ohosTest@OhosTestBuildJS input file:/Users/guoyutong/MyWorkSpace/TestThirdParty/cases/tinyxml2/harmony-demo/entry/build/default/intermediates/res/ohosTest/ResourceTable.txt cache by regenerate.
[2026-07-23T17:05:42.477] [DEBUG] debug-file - Update task entry:ohosTest@OhosTestBuildJS input file:/Users/guoyutong/MyWorkSpace/TestThirdParty/cases/tinyxml2/harmony-demo/entry/build/default/intermediates/res/ohosTest/ark_module.json cache by regenerate.
[2026-07-23T17:05:42.477] [DEBUG] debug-file - Update task entry:ohosTest@OhosTestBuildJS input file:/Users/guoyutong/MyWorkSpace/TestThirdParty/cases/tinyxml2/harmony-demo/entry/build/default/intermediates/res/ohosTest/resources/base/profile cache by regenerate.
[2026-07-23T17:05:42.477] [DEBUG] debug-file - Update task entry:ohosTest@OhosTestBuildJS input file:/Users/guoyutong/MyWorkSpace/TestThirdParty/cases/tinyxml2/harmony-demo/entry/src/ohosTest cache by regenerate.
[2026-07-23T17:05:42.477] [DEBUG] debug-file - Update task entry:ohosTest@OhosTestBuildJS output file:/Users/guoyutong/MyWorkSpace/TestThirdParty/cases/tinyxml2/harmony-demo/entry/build/default/intermediates/loader_out/ohosTest/js cache.
[2026-07-23T17:05:42.477] [DEBUG] debug-file - Incremental task entry:ohosTest@OhosTestBuildJS post-execution cost:1 ms .
[2026-07-23T17:05:42.477] [DEBUG] debug-file - Update task entry:ohosTest@ProcessLibs input file:/Users/guoyutong/MyWorkSpace/TestThirdParty/cases/tinyxml2/harmony-demo/build-profile.json5 cache by regenerate.
[2026-07-23T17:05:42.477] [DEBUG] debug-file - Update task entry:ohosTest@ProcessLibs input file:/Users/guoyutong/MyWorkSpace/TestThirdParty/cases/tinyxml2/harmony-demo/entry/build-profile.json5 cache by regenerate.
[2026-07-23T17:05:42.477] [DEBUG] debug-file - Update task entry:ohosTest@ProcessLibs output file:/Users/guoyutong/MyWorkSpace/TestThirdParty/cases/tinyxml2/harmony-demo/entry/build/default/intermediates/libs/ohosTest cache.
[2026-07-23T17:05:42.477] [DEBUG] debug-file - Incremental task entry:ohosTest@ProcessLibs post-execution cost:1 ms .
[2026-07-23T17:05:42.477] [DEBUG] debug-file - Update task entry:ohosTest@DoNativeStrip input file:/Users/guoyutong/MyWorkSpace/TestThirdParty/cases/tinyxml2/harmony-demo/entry/build/default/intermediates/libs/ohosTest cache by regenerate.
[2026-07-23T17:05:42.477] [DEBUG] debug-file - Update task entry:ohosTest@DoNativeStrip output file:/Users/guoyutong/MyWorkSpace/TestThirdParty/cases/tinyxml2/harmony-demo/entry/build/default/intermediates/stripped_native_libs/ohosTest cache.
[2026-07-23T17:05:42.478] [DEBUG] debug-file - Incremental task entry:ohosTest@DoNativeStrip post-execution cost:1 ms .
[2026-07-23T17:05:42.478] [DEBUG] debug-file - Update task entry:ohosTest@CacheNativeLibs input file:/Users/guoyutong/MyWorkSpace/TestThirdParty/cases/tinyxml2/harmony-demo/entry/build/default/intermediates/stripped_native_libs/ohosTest cache by regenerate.
[2026-07-23T17:05:42.478] [DEBUG] debug-file - Update task entry:ohosTest@CacheNativeLibs input file:/Users/guoyutong/MyWorkSpace/TestThirdParty/cases/tinyxml2/harmony-demo/entry/build/default/intermediates/libs/ohosTest cache by regenerate.
[2026-07-23T17:05:42.478] [DEBUG] debug-file - Update task entry:ohosTest@CacheNativeLibs output file:/Users/guoyutong/MyWorkSpace/TestThirdParty/cases/tinyxml2/harmony-demo/entry/build/default/intermediates/patch/ohosTest/base_native_libs.json cache.
[2026-07-23T17:05:42.478] [DEBUG] debug-file - Update task entry:ohosTest@CacheNativeLibs output file:/Users/guoyutong/MyWorkSpace/TestThirdParty/cases/tinyxml2/harmony-demo/entry/build/default/intermediates/patch/ohosTest/binxo_native_libs.json cache.
[2026-07-23T17:05:42.478] [DEBUG] debug-file - Incremental task entry:ohosTest@CacheNativeLibs post-execution cost:1 ms .
[2026-07-23T17:05:42.478] [DEBUG] debug-file - Update task entry:ohosTest@OhosTestCopyMockConfigJson output file:/Users/guoyutong/MyWorkSpace/TestThirdParty/cases/tinyxml2/harmony-demo/entry/build/default/intermediates/res/ohosTest/resources/rawfile/mock/mock-config.json cache.
[2026-07-23T17:05:42.478] [DEBUG] debug-file - Incremental task entry:ohosTest@OhosTestCopyMockConfigJson post-execution cost:1 ms .
[2026-07-23T17:05:42.478] [DEBUG] debug-file - Update task entry:ohosTest@GeneratePkgModuleJson input file:/Users/guoyutong/MyWorkSpace/TestThirdParty/cases/tinyxml2/harmony-demo/entry/build/default/intermediates/res/ohosTest/module.json cache by regenerate.
[2026-07-23T17:05:42.478] [DEBUG] debug-file - Update task entry:ohosTest@GeneratePkgModuleJson output file:/Users/guoyutong/MyWorkSpace/TestThirdParty/cases/tinyxml2/harmony-demo/entry/build/default/intermediates/package/ohosTest/module.json cache.
[2026-07-23T17:05:42.478] [DEBUG] debug-file - Incremental task entry:ohosTest@GeneratePkgModuleJson post-execution cost:1 ms .
[2026-07-23T17:05:42.478] [DEBUG] debug-file - Incremental task entry:ohosTest@ProcessCompiledResources post-execution cost:1 ms .
[2026-07-23T17:05:42.478] [DEBUG] debug-file - Update task entry:ohosTest@PackageHap input file:/Users/guoyutong/MyWorkSpace/TestThirdParty/cases/tinyxml2/harmony-demo/entry/build/default/outputs/ohosTest/pack.info cache by regenerate.
[2026-07-23T17:05:42.478] [DEBUG] debug-file - Update task entry:ohosTest@PackageHap input file:/Users/guoyutong/MyWorkSpace/TestThirdParty/cases/tinyxml2/harmony-demo/entry/build/default/intermediates/stripped_native_libs/ohosTest cache by regenerate.
[2026-07-23T17:05:42.478] [DEBUG] debug-file - Update task entry:ohosTest@PackageHap input file:/Users/guoyutong/MyWorkSpace/TestThirdParty/cases/tinyxml2/harmony-demo/entry/build/default/intermediates/res/ohosTest/module.json cache by regenerate.
[2026-07-23T17:05:42.478] [DEBUG] debug-file - Update task entry:ohosTest@PackageHap input file:/Users/guoyutong/MyWorkSpace/TestThirdParty/cases/tinyxml2/harmony-demo/entry/build/default/intermediates/res/ohosTest/resources cache by regenerate.
[2026-07-23T17:05:42.478] [DEBUG] debug-file - Update task entry:ohosTest@PackageHap input file:/Users/guoyutong/MyWorkSpace/TestThirdParty/cases/tinyxml2/harmony-demo/entry/build/default/intermediates/res/ohosTest/resources.index cache by regenerate.
[2026-07-23T17:05:42.478] [DEBUG] debug-file - Update task entry:ohosTest@PackageHap input file:/Users/guoyutong/MyWorkSpace/TestThirdParty/cases/tinyxml2/harmony-demo/entry/build/default/intermediates/loader_out/ohosTest/ets cache by regenerate.
[2026-07-23T17:05:42.478] [DEBUG] debug-file - Update task entry:ohosTest@PackageHap input file:/Users/guoyutong/MyWorkSpace/TestThirdParty/cases/tinyxml2/harmony-demo/entry/build/default/intermediates/loader/ohosTest/pkgSdkInfo.json cache by regenerate.
[2026-07-23T17:05:42.478] [DEBUG] debug-file - Update task entry:ohosTest@PackageHap input file:/Users/guoyutong/MyWorkSpace/TestThirdParty/cases/tinyxml2/harmony-demo/entry/build/default/intermediates/package/ohosTest/module.json cache by regenerate.
[2026-07-23T17:05:42.478] [DEBUG] debug-file - Update task entry:ohosTest@PackageHap input file:/Users/guoyutong/MyWorkSpace/TestThirdParty/cases/tinyxml2/harmony-demo/entry/build/default/intermediates/loader_out/ohosTest/ets/sourceMaps.map cache by regenerate.
[2026-07-23T17:05:42.478] [DEBUG] debug-file - Update task entry:ohosTest@PackageHap input file:/Users/guoyutong/MyWorkSpace/TestThirdParty/cases/tinyxml2/harmony-demo/entry/build/default/generated/profile/ohosTest/BuildProfile.ets cache by regenerate.
[2026-07-23T17:05:42.478] [DEBUG] debug-file - Update task entry:ohosTest@PackageHap output file:/Users/guoyutong/MyWorkSpace/TestThirdParty/cases/tinyxml2/harmony-demo/entry/build/default/outputs/ohosTest/entry-ohosTest-unsigned.hap cache.
[2026-07-23T17:05:42.478] [DEBUG] debug-file - Update task entry:ohosTest@PackageHap output file:/Users/guoyutong/MyWorkSpace/TestThirdParty/cases/tinyxml2/harmony-demo/entry/build/default/intermediates/source_map/ohosTest/sourceMaps.map cache.
[2026-07-23T17:05:42.478] [DEBUG] debug-file - Update task entry:ohosTest@PackageHap output file:/Users/guoyutong/MyWorkSpace/TestThirdParty/cases/tinyxml2/harmony-demo/entry/build/default/outputs/ohosTest/mapping/sourceMaps.map cache.
[2026-07-23T17:05:42.478] [DEBUG] debug-file - Incremental task entry:ohosTest@PackageHap post-execution cost:1 ms .
[2026-07-23T17:05:42.478] [DEBUG] debug-file - Update task entry:ohosTest@SignHap input file:/Users/guoyutong/MyWorkSpace/TestThirdParty/cases/tinyxml2/harmony-demo/entry/build/default/outputs/ohosTest/entry-ohosTest-unsigned.hap cache by regenerate.
[2026-07-23T17:05:42.478] [DEBUG] debug-file - Update task entry:ohosTest@SignHap output file:/Users/guoyutong/MyWorkSpace/TestThirdParty/cases/tinyxml2/harmony-demo/entry/build/default/outputs/ohosTest/entry-ohosTest-signed.hap cache.
[2026-07-23T17:05:42.478] [DEBUG] debug-file - Incremental task entry:ohosTest@SignHap post-execution cost:1 ms .
[2026-07-23T17:05:42.478] [DEBUG] debug-file - Update task entry:ohosTest@CollectDebugSymbol input file:/Users/guoyutong/MyWorkSpace/TestThirdParty/cases/tinyxml2/harmony-demo/entry/build/default/intermediates/loader_out/ohosTest/ets/sourceMaps.map cache by regenerate.
[2026-07-23T17:05:42.478] [DEBUG] debug-file - Update task entry:ohosTest@CollectDebugSymbol input file:/Users/guoyutong/MyWorkSpace/TestThirdParty/cases/tinyxml2/harmony-demo/entry/build/default/intermediates/libs/ohosTest cache by regenerate.
[2026-07-23T17:05:42.478] [DEBUG] debug-file - Update task entry:ohosTest@CollectDebugSymbol output file:/Users/guoyutong/MyWorkSpace/TestThirdParty/cases/tinyxml2/harmony-demo/entry/build/default/outputs/ohosTest/symbol cache.
[2026-07-23T17:05:42.478] [DEBUG] debug-file - Incremental task entry:ohosTest@CollectDebugSymbol post-execution cost:1 ms .
[2026-07-23T17:05:42.482] [DEBUG] debug-file - Current worker pool is stopped or closed.
[2026-07-23T17:05:42.482] [DEBUG] debug-file - Clear worker 0.
[2026-07-23T17:05:42.483] [DEBUG] debug-file - Worker 0 has been cleared.
[2026-07-23T17:05:42.483] [DEBUG] debug-file - Current idle worker size: 5.
[2026-07-23T17:05:42.483] [DEBUG] debug-file - Current busy worker size: 0.
[2026-07-23T17:05:42.483] [DEBUG] debug-file - Clear worker 1.
[2026-07-23T17:05:42.483] [DEBUG] debug-file - Worker 1 has been cleared.
[2026-07-23T17:05:42.483] [DEBUG] debug-file - Current idle worker size: 4.
[2026-07-23T17:05:42.483] [DEBUG] debug-file - Current busy worker size: 0.
[2026-07-23T17:05:42.483] [DEBUG] debug-file - Clear worker 6.
[2026-07-23T17:05:42.483] [DEBUG] debug-file - Worker 6 has been cleared.
[2026-07-23T17:05:42.483] [DEBUG] debug-file - Current idle worker size: 3.
[2026-07-23T17:05:42.483] [DEBUG] debug-file - Current busy worker size: 0.
[2026-07-23T17:05:42.483] [DEBUG] debug-file - Clear worker 7.
[2026-07-23T17:05:42.483] [DEBUG] debug-file - Worker 7 has been cleared.
[2026-07-23T17:05:42.483] [DEBUG] debug-file - Current idle worker size: 2.
[2026-07-23T17:05:42.483] [DEBUG] debug-file - Current busy worker size: 0.
[2026-07-23T17:05:42.483] [DEBUG] debug-file - Clear worker 4.
[2026-07-23T17:05:42.483] [DEBUG] debug-file - Worker 4 has been cleared.
[2026-07-23T17:05:42.483] [DEBUG] debug-file - Current idle worker size: 1.
[2026-07-23T17:05:42.483] [DEBUG] debug-file - Current busy worker size: 0.
[2026-07-23T17:05:42.483] [DEBUG] debug-file - Clear worker 8.
[2026-07-23T17:05:42.483] [DEBUG] debug-file - Worker 8 has been cleared.
[2026-07-23T17:05:42.483] [DEBUG] debug-file - Current idle worker size: 0.
[2026-07-23T17:05:42.483] [DEBUG] debug-file - Current busy worker size: 0.
[2026-07-23T17:05:42.483] [DEBUG] debug-file - hvigor build process will be closed.
[2026-07-23T17:05:42.483] [DEBUG] debug-file - worker[0] exits with exit code 1.
[2026-07-23T17:05:42.484] [DEBUG] debug-file - worker[1] exits with exit code 1.
[2026-07-23T17:05:42.484] [DEBUG] debug-file - Current worker pool is terminated.
[2026-07-23T17:05:42.484] [DEBUG] debug-file - worker[6] exits with exit code 1.
[2026-07-23T17:05:42.484] [DEBUG] debug-file - worker[7] exits with exit code 1.
[2026-07-23T17:05:42.484] [DEBUG] debug-file - worker[8] exits with exit code 1.
[2026-07-23T17:05:42.487] [DEBUG] debug-file - worker[4] exits with exit code 1.
[2026-07-23T17:06:56.750] [DEBUG] debug-file - env: nodejsVersion=v24.14.1
[2026-07-23T17:06:57.418] [DEBUG] debug-file - hvigorfile, require result:  { default: { system: [Function: appTasks], plugins: [] } }
[2026-07-23T17:06:57.419] [DEBUG] debug-file - Starting plugin build process
[2026-07-23T17:06:57.482] [DEBUG] debug-file - App plugin register hook start...
[2026-07-23T17:06:57.483] [DEBUG] debug-file - Start initialize project's product build option map with build mode debug.
[2026-07-23T17:06:57.484] [DEBUG] debug-file - Obtain build option for product 'default'in this build.
[2026-07-23T17:06:57.488] [DEBUG] debug-file - Start recording SDK configuration permission data.
[2026-07-23T17:06:57.503] [DEBUG] debug-file - Project task initialization takes 2 ms 
[2026-07-23T17:06:57.507] [DEBUG] debug-file - failed to load cangjie to dynamically generate schemas: Error: Cannot find module '@ohos/cangjie-build-support/index'
Require stack:
- /Users/guoyutong/command-line-tools/hvigor/hvigor-ohos-plugin/src/plugin/hooks/cangjie-register.js
- /Users/guoyutong/command-line-tools/hvigor/hvigor-ohos-plugin/src/plugin/strategy/stage-init-strategy.js
- /Users/guoyutong/command-line-tools/hvigor/hvigor-ohos-plugin/src/plugin/builder/abstract-plugin-builder.js
- /Users/guoyutong/command-line-tools/hvigor/hvigor-ohos-plugin/src/plugin/builder/app-plugin-builder.js
- /Users/guoyutong/command-line-tools/hvigor/hvigor-ohos-plugin/src/plugin/factory/plugin-factory.js
- /Users/guoyutong/command-line-tools/hvigor/hvigor-ohos-plugin/index.js
- /Users/guoyutong/MyWorkSpace/TestThirdParty/cases/tinyxml2/harmony-demo/hvigorfile.ts
- /Users/guoyutong/command-line-tools/hvigor/hvigor/src/base/internal/lifecycle/configuration.js
- /Users/guoyutong/command-line-tools/hvigor/hvigor/src/base/boot/index.js
- /Users/guoyutong/command-line-tools/hvigor/hvigor/src/cli/main/cli.js
- /Users/guoyutong/command-line-tools/hvigor/hvigor/bin/hvigor.js
[2026-07-23T17:06:57.509] [DEBUG] debug-file - Start initialize module-target build option map, moduleName=entry, buildMode=debug
[2026-07-23T17:06:57.513] [DEBUG] debug-file - start to load updatedOhPackageInfo to the disk
[2026-07-23T17:06:57.512] [DEBUG] debug-file - project has submodules:entry
[2026-07-23T17:06:57.518] [DEBUG] debug-file - Start to initialize dependency information.
[2026-07-23T17:06:57.523] [DEBUG] debug-file - Executing task :entry:default@PreBuild
[2026-07-23T17:06:57.528] [DEBUG] debug-file - Executing task :entry:default@GenerateMetadata
[2026-07-23T17:06:56.863] [DEBUG] debug-file - Hvigor init with startParameters:{
  hvigorfileTypeCheck: false,
  parallelExecution: true,
  incrementalExecution: true,
  printStackTrace: false,
  daemon: false,
  analyze: 0,
  logLevel: Level { level: 20000, levelStr: 'INFO', colour: 'green' },
  optimizationStrategy: 'memory',
  hotCompile: undefined,
  hotReloadBuild: undefined,
  customizedParam: undefined
}
[2026-07-23T17:06:56.751] [DEBUG] debug-file - env: hvigor-config.json5 content = {
  modelVersion: '6.1.0',
  dependencies: {},
  execution: {},
  logging: {},
  debugging: {},
  nodeOptions: {}
}
[2026-07-23T17:06:57.418] [DEBUG] debug-file - hvigorfile, binding system plugins [Function: appTasks]
[2026-07-23T17:06:57.419] [DEBUG] debug-file - App plugin prepare start...
[2026-07-23T17:06:57.482] [DEBUG] debug-file - App plugin register hook end...
[2026-07-23T17:06:57.483] [DEBUG] debug-file - Picking option from product 'default' with build mode 'debug'.
[2026-07-23T17:06:57.485] [DEBUG] debug-file - No signingConfig found, initRemoteHspCache failed.
[2026-07-23T17:06:57.501] [DEBUG] debug-file - Sdk init in 16 ms 
[2026-07-23T17:06:57.503] [DEBUG] debug-file - hvigorfile, begin to bind custom plugins...
[2026-07-23T17:06:57.510] [DEBUG] debug-file - Target 'default' config initialized
[2026-07-23T17:06:57.514] [DEBUG] debug-file - load to the disk finished
[2026-07-23T17:06:57.519] [DEBUG] debug-file - Module entry Collected Dependency: /Users/guoyutong/MyWorkSpace/TestThirdParty/cases/tinyxml2/harmony-demo/entry/src/main/cpp/types/libentry
[2026-07-23T17:06:57.524] [DEBUG] debug-file - Task 'entry:default@PreBuild' cost while wrapping incremental declarations: 1 ms 
[2026-07-23T17:06:57.528] [DEBUG] debug-file - Task 'entry:default@GenerateMetadata' cost while wrapping incremental declarations: 1 ms 
[2026-07-23T17:06:56.868] [DEBUG] debug-file - Cache service initialization finished in 5 ms 
[2026-07-23T17:06:56.752] [DEBUG] debug-file - env: daemon=false
[2026-07-23T17:06:57.419] [DEBUG] debug-file - App plugin prepare end...
[2026-07-23T17:06:57.482] [DEBUG] debug-file - Plugin build process completed
[2026-07-23T17:06:57.483] [DEBUG] debug-file - Product 'default' build option initialized
[2026-07-23T17:06:57.486] [DEBUG] debug-file - Local scan or download HarmonyOS sdk components toolchains,ets,js,native,previewer
[2026-07-23T17:06:57.503] [DEBUG] debug-file - hvigorfile, no custom plugins were found in /Users/guoyutong/MyWorkSpace/TestThirdParty/cases/tinyxml2/harmony-demo/hvigorfile.ts
[2026-07-23T17:06:57.510] [DEBUG] debug-file - Target 'ohosTest' config initialized
[2026-07-23T17:06:57.515] [DEBUG] debug-file - Start to initialize dependency information.
[2026-07-23T17:06:57.519] [DEBUG] debug-file - Module entry's total dependency: 1
[2026-07-23T17:06:57.526] [DEBUG] debug-file - Incremental task entry:default@PreBuild pre-execution cost: 2 ms .
[2026-07-23T17:06:57.528] [DEBUG] debug-file - Incremental task entry:default@GenerateMetadata pre-execution cost: 1 ms .
[2026-07-23T17:06:56.868] [DEBUG] debug-file - hvigorfile, resolving /Users/guoyutong/MyWorkSpace/TestThirdParty/cases/tinyxml2/harmony-demo/hvigorfile.ts
[2026-07-23T17:06:56.752] [DEBUG] debug-file - no-daemon, use the parent process.execArgv --max-old-space-size=8192,--max-semi-space-size=16,--expose-gc
[2026-07-23T17:06:57.419] [DEBUG] debug-file - App plugin creating...
[2026-07-23T17:06:57.483] [DEBUG] debug-file - End initialize project's product build option map with build mode 'debug'.
[2026-07-23T17:06:57.487] [DEBUG] debug-file - Local scan or download hmscore sdk components toolchains,ets,native
[2026-07-23T17:06:57.503] [DEBUG] debug-file - hvigorfile, resolve finished /Users/guoyutong/MyWorkSpace/TestThirdParty/cases/tinyxml2/harmony-demo/hvigorfile.ts
[2026-07-23T17:06:57.510] [DEBUG] debug-file - Module 'entry' target 'default' build option initialized
[2026-07-23T17:06:57.517] [DEBUG] debug-file - Module harmony-demo Collected Dependency: 
[2026-07-23T17:06:57.520] [DEBUG] debug-file - Configuration phase cost:652 ms 
[2026-07-23T17:06:57.526] [DEBUG] debug-file - entry : default@PreBuild cost memory 0.9693145751953125
[2026-07-23T17:06:57.528] [DEBUG] debug-file - entry : default@GenerateMetadata cost memory 0.49874114990234375
[2026-07-23T17:06:57.535] [DEBUG] debug-file - Executing task :entry:default@CreateBuildProfile
[2026-07-23T17:06:57.536] [DEBUG] debug-file - Executing task :entry:default@PreCheckSyscap
[2026-07-23T17:06:57.536] [DEBUG] debug-file - Executing task :entry:default@GeneratePkgContextInfo
[2026-07-23T17:06:57.542] [DEBUG] debug-file - Executing task :entry:default@ProcessIntegratedHsp
[2026-07-23T17:06:57.543] [DEBUG] debug-file - Executing task :entry:default@BuildNativeWithCmake
[2026-07-23T17:06:57.544] [DEBUG] debug-file - Use tool [Cmake]
 [
  '/Users/guoyutong/command-line-tools/sdk/default/openharmony/native/build-tools/cmake/bin/cmake',
  '-H/Users/guoyutong/MyWorkSpace/TestThirdParty/cases/tinyxml2/harmony-demo/entry/src/main/cpp',
  '-B/Users/guoyutong/MyWorkSpace/TestThirdParty/cases/tinyxml2/harmony-demo/entry/.cxx/default/default/debug/arm64-v8a',
  '-DOHOS_ARCH=arm64-v8a',
  '-DCMAKE_LIBRARY_OUTPUT_DIRECTORY=/Users/guoyutong/MyWorkSpace/TestThirdParty/cases/tinyxml2/harmony-demo/entry/build/default/intermediates/cmake/default/obj/arm64-v8a',
  '-DCMAKE_BUILD_TYPE=Debug',
  '-DOHOS_SDK_NATIVE=/Users/guoyutong/command-line-tools/sdk/default/openharmony/native',
  '-DCMAKE_SYSTEM_NAME=OHOS',
  '-DCMAKE_OHOS_ARCH_ABI=arm64-v8a',
  '-DCMAKE_EXPORT_COMPILE_COMMANDS=ON',
  '-DCMAKE_TOOLCHAIN_FILE=/Users/guoyutong/command-line-tools/sdk/default/hms/native/build/cmake/hmos.toolchain.cmake',
  '-GNinja',
  '-DCMAKE_MAKE_PROGRAM=/Users/guoyutong/command-line-tools/sdk/default/openharmony/native/build-tools/cmake/bin/ninja',
  '-DCMAKE_FIND_ROOT_PATH=/Users/guoyutong/MyWorkSpace/TestThirdParty/cases/tinyxml2/harmony-demo/entry/.cxx/default/default/debug/hvigor/arm64-v8a',
  '-DPACKAGE_FIND_FILE=/Users/guoyutong/MyWorkSpace/TestThirdParty/cases/tinyxml2/harmony-demo/entry/.cxx/default/default/debug/hvigor/arm64-v8a/summary.cmake',
  '--no-warn-unused-cli',
  '-DCMAKE_CXX_FLAGS=-std=c++17',
  '-DHMOS_SDK_NATIVE=/Users/guoyutong/command-line-tools/sdk/default/hms/native'
]
[2026-07-23T17:06:57.504] [DEBUG] debug-file - hvigorfile, resolving /Users/guoyutong/MyWorkSpace/TestThirdParty/cases/tinyxml2/harmony-demo/entry/hvigorfile.ts
[2026-07-23T17:06:57.510] [DEBUG] debug-file - Module 'entry' target 'ohosTest' build option initialized
[2026-07-23T17:06:57.517] [DEBUG] debug-file - Module harmony-demo's total dependency: 0
[2026-07-23T17:06:57.521] [DEBUG] debug-file - Configuration task cost before running: 660 ms 
[2026-07-23T17:06:57.527] [INFO] debug-file - UP-TO-DATE :entry:default@PreBuild...  
[2026-07-23T17:06:57.528] [INFO] debug-file - UP-TO-DATE :entry:default@GenerateMetadata...  
[2026-07-23T17:06:57.535] [DEBUG] debug-file - Task 'entry:default@CreateBuildProfile' cost while wrapping incremental declarations: 1 ms 
[2026-07-23T17:06:57.536] [DEBUG] debug-file - entry : default@PreCheckSyscap cost memory 0.01995086669921875
[2026-07-23T17:06:57.540] [DEBUG] debug-file - Task 'entry:default@GeneratePkgContextInfo' cost while wrapping incremental declarations: 1 ms 
[2026-07-23T17:06:57.543] [DEBUG] debug-file - entry:default@ProcessIntegratedHsp is not up-to-date, since the output file '/Users/guoyutong/MyWorkSpace/TestThirdParty/cases/tinyxml2/harmony-demo/build/cache/default/integrated_hsp/integratedHspCache.json' does not exist.
[2026-07-23T17:06:57.506] [DEBUG] debug-file - hvigorfile, require result:  { default: { system: [Function: hapTasks], plugins: [] } }
[2026-07-23T17:06:57.510] [DEBUG] debug-file - End initialize module-target build option map, moduleName=entry
[2026-07-23T17:06:57.527] [DEBUG] debug-file - Executing task :entry:default@CreateModuleInfo
[2026-07-23T17:06:57.529] [DEBUG] debug-file - Executing task :entry:default@ConfigureCmake
[2026-07-23T17:06:57.535] [DEBUG] debug-file - Incremental task entry:default@CreateBuildProfile pre-execution cost: 1 ms .
[2026-07-23T17:06:57.536] [DEBUG] debug-file - runTaskFromQueue task cost before running: 675 ms 
[2026-07-23T17:06:57.540] [DEBUG] debug-file - entry : default@GeneratePkgContextInfo cost memory 0.5144729614257812
[2026-07-23T17:06:57.543] [DEBUG] debug-file - Incremental task entry:default@ProcessIntegratedHsp pre-execution cost: 1 ms .
[2026-07-23T17:06:57.506] [DEBUG] debug-file - hvigorfile, binding system plugins [Function: hapTasks]
[2026-07-23T17:06:57.510] [DEBUG] debug-file - Start initialize module-target build option map, moduleName=entry, buildMode=release
[2026-07-23T17:06:57.527] [DEBUG] debug-file - Task 'entry:default@CreateModuleInfo' cost while wrapping incremental declarations: 1 ms 
[2026-07-23T17:06:57.533] [DEBUG] debug-file - entry : default@ConfigureCmake cost memory 1.584808349609375
[2026-07-23T17:06:57.535] [DEBUG] debug-file - entry : default@CreateBuildProfile cost memory 0.240478515625
[2026-07-23T17:06:57.536] [INFO] debug-file - Finished :entry:default@PreCheckSyscap... after 1 ms 
[2026-07-23T17:06:57.540] [DEBUG] debug-file - runTaskFromQueue task cost before running: 679 ms 
[2026-07-23T17:06:57.543] [DEBUG] debug-file - entry : default@ProcessIntegratedHsp cost memory 0.0579681396484375
[2026-07-23T17:06:57.506] [DEBUG] debug-file - Starting plugin build process
[2026-07-23T17:06:57.510] [DEBUG] debug-file - Target 'default' config initialized
[2026-07-23T17:06:57.527] [DEBUG] debug-file - entry : default@CreateModuleInfo cost memory 0.05957794189453125
[2026-07-23T17:06:57.533] [DEBUG] debug-file - runTaskFromQueue task cost before running: 672 ms 
[2026-07-23T17:06:57.535] [INFO] debug-file - UP-TO-DATE :entry:default@CreateBuildProfile...  
[2026-07-23T17:06:57.540] [INFO] debug-file - Finished :entry:default@GeneratePkgContextInfo... after 4 ms 
[2026-07-23T17:06:57.543] [DEBUG] debug-file - runTaskFromQueue task cost before running: 682 ms 
[2026-07-23T17:06:57.506] [DEBUG] debug-file - Hap plugin creating...
[2026-07-23T17:06:57.510] [DEBUG] debug-file - Target 'ohosTest' config initialized
[2026-07-23T17:06:57.527] [DEBUG] debug-file - runTaskFromQueue task cost before running: 667 ms 
[2026-07-23T17:06:57.533] [INFO] debug-file - Finished :entry:default@ConfigureCmake... after 5 ms 
[2026-07-23T17:06:57.541] [DEBUG] debug-file - Executing task :entry:default@GeneratePkgSdkInfo
[2026-07-23T17:06:57.543] [INFO] debug-file - Finished :entry:default@ProcessIntegratedHsp... after 1 ms 
[2026-07-23T17:06:57.510] [DEBUG] debug-file - Module 'entry' target 'default' build option initialized
[2026-07-23T17:06:57.528] [INFO] debug-file - Finished :entry:default@CreateModuleInfo... after 1 ms 
[2026-07-23T17:06:57.534] [DEBUG] debug-file - Executing task :entry:default@MergeProfile
[2026-07-23T17:06:57.541] [DEBUG] debug-file - Task 'entry:default@GeneratePkgSdkInfo' cost while wrapping incremental declarations: 1 ms 
[2026-07-23T17:06:57.510] [DEBUG] debug-file - Module 'entry' target 'ohosTest' build option initialized
[2026-07-23T17:06:57.534] [DEBUG] debug-file - Task 'entry:default@MergeProfile' cost while wrapping incremental declarations: 1 ms 
[2026-07-23T17:06:57.541] [DEBUG] debug-file - Incremental task entry:default@GeneratePkgSdkInfo pre-execution cost: 1 ms .
[2026-07-23T17:06:57.510] [DEBUG] debug-file - End initialize module-target build option map, moduleName=entry
[2026-07-23T17:06:57.534] [DEBUG] debug-file - Incremental task entry:default@MergeProfile pre-execution cost: 1 ms .
[2026-07-23T17:06:57.541] [DEBUG] debug-file - entry : default@GeneratePkgSdkInfo cost memory -0.1211700439453125
[2026-07-23T17:06:57.510] [DEBUG] debug-file - Start initialize module-target build option map, moduleName=entry, buildMode=debug
[2026-07-23T17:06:57.534] [DEBUG] debug-file - entry : default@MergeProfile cost memory 0.13951873779296875
[2026-07-23T17:06:57.542] [INFO] debug-file - UP-TO-DATE :entry:default@GeneratePkgSdkInfo...  
[2026-07-23T17:06:57.510] [DEBUG] debug-file - Target 'default' config initialized
[2026-07-23T17:06:57.534] [INFO] debug-file - UP-TO-DATE :entry:default@MergeProfile...  
[2026-07-23T17:06:57.510] [DEBUG] debug-file - Target 'ohosTest' config initialized
[2026-07-23T17:06:57.510] [DEBUG] debug-file - Module 'entry' target 'default' build option initialized
[2026-07-23T17:06:57.510] [DEBUG] debug-file - Module 'entry' target 'ohosTest' build option initialized
[2026-07-23T17:06:57.510] [DEBUG] debug-file - End initialize module-target build option map, moduleName=entry
[2026-07-23T17:06:57.510] [DEBUG] debug-file - Obtain build option for module 'entry' target 'default'in this build.
[2026-07-23T17:06:57.512] [DEBUG] debug-file - Module entry task initialization takes 2 ms 
[2026-07-23T17:06:57.512] [DEBUG] debug-file - Hap plugin register hook start...
[2026-07-23T17:06:57.512] [DEBUG] debug-file - Hap plugin register hook end...
[2026-07-23T17:06:57.512] [DEBUG] debug-file - Plugin build process completed
[2026-07-23T17:06:57.512] [DEBUG] debug-file - hvigorfile, begin to bind custom plugins...
[2026-07-23T17:06:57.512] [DEBUG] debug-file - hvigorfile, no custom plugins were found in /Users/guoyutong/MyWorkSpace/TestThirdParty/cases/tinyxml2/harmony-demo/entry/hvigorfile.ts
[2026-07-23T17:06:57.512] [DEBUG] debug-file - hvigorfile, resolve finished /Users/guoyutong/MyWorkSpace/TestThirdParty/cases/tinyxml2/harmony-demo/entry/hvigorfile.ts
[2026-07-23T17:06:57.547] [DEBUG] debug-file - CMake configuration was up-to-date
[2026-07-23T17:06:57.548] [DEBUG] debug-file - Use tool [Cmake]
 [
  '/Users/guoyutong/command-line-tools/sdk/default/openharmony/native/build-tools/cmake/bin/cmake',
  '-H/Users/guoyutong/MyWorkSpace/TestThirdParty/cases/tinyxml2/harmony-demo/entry/src/main/cpp',
  '-B/Users/guoyutong/MyWorkSpace/TestThirdParty/cases/tinyxml2/harmony-demo/entry/.cxx/default/default/debug/x86_64',
  '-DOHOS_ARCH=x86_64',
  '-DCMAKE_LIBRARY_OUTPUT_DIRECTORY=/Users/guoyutong/MyWorkSpace/TestThirdParty/cases/tinyxml2/harmony-demo/entry/build/default/intermediates/cmake/default/obj/x86_64',
  '-DCMAKE_BUILD_TYPE=Debug',
  '-DOHOS_SDK_NATIVE=/Users/guoyutong/command-line-tools/sdk/default/openharmony/native',
  '-DCMAKE_SYSTEM_NAME=OHOS',
  '-DCMAKE_OHOS_ARCH_ABI=x86_64',
  '-DCMAKE_EXPORT_COMPILE_COMMANDS=ON',
  '-DCMAKE_TOOLCHAIN_FILE=/Users/guoyutong/command-line-tools/sdk/default/hms/native/build/cmake/hmos.toolchain.cmake',
  '-GNinja',
  '-DCMAKE_MAKE_PROGRAM=/Users/guoyutong/command-line-tools/sdk/default/openharmony/native/build-tools/cmake/bin/ninja',
  '-DCMAKE_FIND_ROOT_PATH=/Users/guoyutong/MyWorkSpace/TestThirdParty/cases/tinyxml2/harmony-demo/entry/.cxx/default/default/debug/hvigor/x86_64',
  '-DPACKAGE_FIND_FILE=/Users/guoyutong/MyWorkSpace/TestThirdParty/cases/tinyxml2/harmony-demo/entry/.cxx/default/default/debug/hvigor/x86_64/summary.cmake',
  '--no-warn-unused-cli',
  '-DCMAKE_CXX_FLAGS=-std=c++17',
  '-DHMOS_SDK_NATIVE=/Users/guoyutong/command-line-tools/sdk/default/hms/native'
]
[2026-07-23T17:06:57.549] [DEBUG] debug-file - CMake configuration was up-to-date
[2026-07-23T17:06:57.549] [DEBUG] debug-file - entry : default@BuildNativeWithCmake cost memory -10.392997741699219
[2026-07-23T17:06:57.549] [DEBUG] debug-file - runTaskFromQueue task cost before running: 688 ms 
[2026-07-23T17:06:57.550] [DEBUG] debug-file - Executing task :entry:default@MakePackInfo
[2026-07-23T17:06:57.551] [DEBUG] debug-file - Executing task :entry:default@SyscapTransform
[2026-07-23T17:06:57.565] [DEBUG] debug-file - Executing task :entry:default@ProcessProfile
[2026-07-23T17:06:57.570] [DEBUG] debug-file - Executing task :entry:default@ProcessShareConfig
[2026-07-23T17:06:57.568] [DEBUG] debug-file - Executing task :entry:default@ProcessRouterMap
[2026-07-23T17:06:57.575] [DEBUG] debug-file - Executing task :entry:default@BuildNativeWithNinja
[2026-07-23T17:06:57.573] [DEBUG] debug-file - Executing task :entry:default@ProcessStartupConfig
[2026-07-23T17:06:57.549] [INFO] debug-file - Finished :entry:default@BuildNativeWithCmake... after 6 ms 
[2026-07-23T17:06:57.550] [DEBUG] debug-file - Incremental task entry:default@MakePackInfo pre-execution cost: 1 ms .
[2026-07-23T17:06:57.551] [DEBUG] debug-file - File: '/Users/guoyutong/MyWorkSpace/TestThirdParty/cases/tinyxml2/harmony-demo/entry/src/main/syscap.json' from 'sysCapJsonPath' is not exists, just ignore.
[2026-07-23T17:06:57.566] [DEBUG] debug-file - Task 'entry:default@ProcessProfile' cost while wrapping incremental declarations: 1 ms 
[2026-07-23T17:06:57.571] [DEBUG] debug-file - Incremental task entry:default@ProcessShareConfig pre-execution cost: 1 ms .
[2026-07-23T17:06:57.569] [DEBUG] debug-file - Incremental task entry:default@ProcessRouterMap pre-execution cost: 1 ms .
[2026-07-23T17:06:57.573] [DEBUG] debug-file - Task 'entry:default@ProcessStartupConfig' cost while wrapping incremental declarations: 1 ms 
[2026-07-23T17:06:57.550] [DEBUG] debug-file - entry : default@MakePackInfo cost memory 0.12567138671875
[2026-07-23T17:06:57.551] [DEBUG] debug-file - Task 'entry:default@SyscapTransform' cost while wrapping incremental declarations: 1 ms 
[2026-07-23T17:06:57.566] [DEBUG] debug-file - Incremental task entry:default@ProcessProfile pre-execution cost: 1 ms .
[2026-07-23T17:06:57.571] [DEBUG] debug-file - entry : default@ProcessShareConfig cost memory 0.104278564453125
[2026-07-23T17:06:57.573] [DEBUG] debug-file - entry:default@ProcessStartupConfig is not up-to-date, since the output file '/Users/guoyutong/MyWorkSpace/TestThirdParty/cases/tinyxml2/harmony-demo/entry/build/default/intermediates/startup/default/startup_config.json' does not exist.
[2026-07-23T17:06:57.569] [DEBUG] debug-file - entry : default@ProcessRouterMap cost memory 0.1264495849609375
[2026-07-23T17:06:57.550] [INFO] debug-file - UP-TO-DATE :entry:default@MakePackInfo...  
[2026-07-23T17:06:57.563] [DEBUG] debug-file - entry:default@SyscapTransform is not up-to-date, since the output file '/Users/guoyutong/MyWorkSpace/TestThirdParty/cases/tinyxml2/harmony-demo/entry/build/default/intermediates/syscap/default/rpcid.sc' does not exist.
[2026-07-23T17:06:57.566] [DEBUG] debug-file - entry : default@ProcessProfile cost memory 0.15500640869140625
[2026-07-23T17:06:57.572] [INFO] debug-file - UP-TO-DATE :entry:default@ProcessShareConfig...  
[2026-07-23T17:06:57.573] [DEBUG] debug-file - Incremental task entry:default@ProcessStartupConfig pre-execution cost: 1 ms .
[2026-07-23T17:06:57.569] [INFO] debug-file - UP-TO-DATE :entry:default@ProcessRouterMap...  
[2026-07-23T17:06:57.564] [DEBUG] debug-file - Incremental task entry:default@SyscapTransform pre-execution cost: 13 ms .
[2026-07-23T17:06:57.567] [INFO] debug-file - UP-TO-DATE :entry:default@ProcessProfile...  
[2026-07-23T17:06:57.574] [DEBUG] debug-file - entry : default@ProcessStartupConfig cost memory 0.0906219482421875
[2026-07-23T17:06:57.564] [DEBUG] debug-file - entry : default@SyscapTransform cost memory 0.6761856079101562
[2026-07-23T17:06:57.577] [DEBUG] debug-file - Use tool [Ninja]
 [
  '/Users/guoyutong/command-line-tools/sdk/default/openharmony/native/build-tools/cmake/bin/ninja',
  '-C',
  '/Users/guoyutong/MyWorkSpace/TestThirdParty/cases/tinyxml2/harmony-demo/entry/.cxx/default/default/debug/arm64-v8a'
]
[2026-07-23T17:06:57.574] [DEBUG] debug-file - runTaskFromQueue task cost before running: 713 ms 
[2026-07-23T17:06:57.564] [DEBUG] debug-file - runTaskFromQueue task cost before running: 703 ms 
[2026-07-23T17:06:57.577] [DEBUG] debug-file - Since there is no instance or instance is terminated, create a new worker pool.
[2026-07-23T17:06:57.578] [DEBUG] debug-file - Create  resident worker with id: 0.
[2026-07-23T17:06:57.592] [DEBUG] debug-file - OHOS_STL is c++_shared
[2026-07-23T17:06:57.574] [INFO] debug-file - Finished :entry:default@ProcessStartupConfig... after 1 ms 
[2026-07-23T17:06:57.564] [INFO] debug-file - Finished :entry:default@SyscapTransform... after 14 ms 
[2026-07-23T17:06:57.577] [DEBUG] debug-file - Worker pool is initialized with config:  {
  minPoolNum: 2,
  maxPoolNum: undefined,
  maxCoreSize: undefined,
  cacheCapacity: undefined,
  cacheTtl: undefined
}
[2026-07-23T17:06:57.580] [DEBUG] debug-file - Create  resident worker with id: 1.
[2026-07-23T17:06:57.592] [DEBUG] debug-file - Copy STL libc++_shared.so to /Users/guoyutong/MyWorkSpace/TestThirdParty/cases/tinyxml2/harmony-demo/entry/build/default/intermediates/cmake/default/obj/arm64-v8a due to OHOS_STL is 'c++_shared'
[2026-07-23T17:06:57.581] [DEBUG] debug-file - default@BuildNativeWithNinja work[0] is submitted.
[2026-07-23T17:06:57.592] [DEBUG] debug-file - Use tool [Ninja]
 [
  '/Users/guoyutong/command-line-tools/sdk/default/openharmony/native/build-tools/cmake/bin/ninja',
  '-C',
  '/Users/guoyutong/MyWorkSpace/TestThirdParty/cases/tinyxml2/harmony-demo/entry/.cxx/default/default/debug/x86_64'
]
[2026-07-23T17:06:57.582] [DEBUG] debug-file - default@BuildNativeWithNinja work[0] is pushed to ready queue.
[2026-07-23T17:06:57.592] [DEBUG] debug-file - default@BuildNativeWithNinja work[1] is submitted.
[2026-07-23T17:06:57.582] [DEBUG] debug-file - A work dispatched to worker[9] failed because unable to get work from ready queue.
[2026-07-23T17:06:57.592] [DEBUG] debug-file - default@BuildNativeWithNinja work[1] is pushed to ready queue.
[2026-07-23T17:06:57.582] [DEBUG] debug-file - Create  resident worker with id: 8.
[2026-07-23T17:06:57.592] [DEBUG] debug-file - A work dispatched to worker[9] failed because unable to get work from ready queue.
[2026-07-23T17:06:57.619] [DEBUG] debug-file - Executing task :entry:default@GenerateLoaderJson
[2026-07-23T17:06:57.609] [DEBUG] debug-file - Executing task :entry:default@ProcessResource
[2026-07-23T17:06:57.631] [DEBUG] debug-file - Executing task :entry:default@CompileResource
[2026-07-23T17:06:57.661] [DEBUG] debug-file - Executing task :entry:default@BuildJS
[2026-07-23T17:06:57.642] [DEBUG] debug-file - Executing task :entry:default@CompileArkTS
[2026-07-23T17:06:57.583] [DEBUG] debug-file - default@BuildNativeWithNinja work[0] has been dispatched to worker[8].
[2026-07-23T17:06:57.592] [DEBUG] debug-file - A work dispatched to worker[8] failed because of worker busy.
[2026-07-23T17:06:57.623] [DEBUG] debug-file - Task 'entry:default@GenerateLoaderJson' cost while wrapping incremental declarations: 1 ms 
[2026-07-23T17:06:57.609] [DEBUG] debug-file - Task 'entry:default@ProcessResource' cost while wrapping incremental declarations: 1 ms 
[2026-07-23T17:06:57.640] [DEBUG] debug-file - Incremental task entry:default@CompileResource pre-execution cost: 5 ms .
[2026-07-23T17:06:57.662] [DEBUG] debug-file - Task 'entry:default@BuildJS' cost while wrapping incremental declarations: 1 ms 
[2026-07-23T17:06:57.643] [DEBUG] debug-file - obfuscationOptions: undefined
[2026-07-23T17:06:57.583] [DEBUG] debug-file - default@BuildNativeWithNinja work[0] is dispatched.
[2026-07-23T17:06:57.593] [DEBUG] debug-file - Create  resident worker with id: 7.
[2026-07-23T17:06:57.625] [DEBUG] debug-file - Incremental task entry:default@GenerateLoaderJson pre-execution cost: 2 ms .
[2026-07-23T17:06:57.610] [DEBUG] debug-file - Incremental task entry:default@ProcessResource pre-execution cost: 1 ms .
[2026-07-23T17:06:57.640] [DEBUG] debug-file - entry : default@CompileResource cost memory 0.38521575927734375
[2026-07-23T17:06:57.662] [DEBUG] debug-file - entry : default@BuildJS cost memory 0.33049774169921875
[2026-07-23T17:06:57.644] [DEBUG] debug-file - Task 'entry:default@CompileArkTS' cost while wrapping incremental declarations: 1 ms 
[2026-07-23T17:06:57.593] [DEBUG] debug-file - default@BuildNativeWithNinja work[1] has been dispatched to worker[7].
[2026-07-23T17:06:57.610] [DEBUG] debug-file - entry : default@ProcessResource cost memory 0.1340789794921875
[2026-07-23T17:06:57.662] [DEBUG] debug-file - runTaskFromQueue task cost before running: 801 ms 
[2026-07-23T17:06:57.645] [DEBUG] debug-file - entry:default@CompileArkTS is not up-to-date, since the input file '/Users/guoyutong/MyWorkSpace/TestThirdParty/cases/tinyxml2/harmony-demo/entry/src/main/ets' has been changed.
[2026-07-23T17:06:57.593] [DEBUG] debug-file - default@BuildNativeWithNinja work[1] is dispatched.
[2026-07-23T17:06:57.641] [INFO] debug-file - UP-TO-DATE :entry:default@CompileResource...  
[2026-07-23T17:06:57.626] [DEBUG] debug-file - entry : default@GenerateLoaderJson cost memory 0.34131622314453125
[2026-07-23T17:06:57.611] [INFO] debug-file - UP-TO-DATE :entry:default@ProcessResource...  
[2026-07-23T17:06:57.662] [INFO] debug-file - Finished :entry:default@BuildJS... after 1 ms 
[2026-07-23T17:06:57.645] [DEBUG] debug-file - Incremental task entry:default@CompileArkTS pre-execution cost: 1 ms .
[2026-07-23T17:06:57.598] [DEBUG] debug-file - OHOS_STL is c++_shared
[2026-07-23T17:06:57.629] [INFO] debug-file - UP-TO-DATE :entry:default@GenerateLoaderJson...  
[2026-07-23T17:06:57.660] [DEBUG] debug-file - build config:
[2026-07-23T17:06:57.598] [DEBUG] debug-file - Copy STL libc++_shared.so to /Users/guoyutong/MyWorkSpace/TestThirdParty/cases/tinyxml2/harmony-demo/entry/build/default/intermediates/cmake/default/obj/x86_64 due to OHOS_STL is 'c++_shared'
[2026-07-23T17:06:57.630] [DEBUG] debug-file - restool module names: entry; moduleName=entry, taskName=default@CompileResource
[2026-07-23T17:06:57.660] [DEBUG] debug-file - {
  moduleType: 'entry',
  perf: 0,
  targetName: '.default',
  packageManagerType: 'ohpm',
  localPropertiesPath: '/Users/guoyutong/MyWorkSpace/TestThirdParty/cases/tinyxml2/harmony-demo/local.properties',
  isPreview: false,
  isOhosTest: false,
  isLocalTest: false,
  buildMode: 'Debug',
  hotReloadBuild: undefined,
  watchMode: 'false',
  aceProfilePath: '/Users/guoyutong/MyWorkSpace/TestThirdParty/cases/tinyxml2/harmony-demo/entry/build/default/intermediates/res/default/resources/base/profile',
  etsLoaderPath: '/Users/guoyutong/command-line-tools/sdk/default/openharmony/ets/build-tools/ets-loader',
  modulePath: '/Users/guoyutong/MyWorkSpace/TestThirdParty/cases/tinyxml2/harmony-demo/entry',
  testFrameworkPar: {
    testMode: undefined,
    coveragePathFilter: undefined,
    coverageMode: undefined
  },
  needCoverageInsert: false,
  debugLine: false,
  projectTopDir: '/Users/guoyutong/MyWorkSpace/TestThirdParty/cases/tinyxml2/harmony-demo',
  compileSdkVersion: 26,
  compatibleSdkVersion: 26,
  originCompatibleSdkVersion: '26.0.0',
  compatibleSdkVersionStage: undefined,
  bundleName: 'c***2',
  etsLoaderVersion: '26.0.0.23',
  etsLoaderReleaseType: 'Beta1',
  aotCompileMode: 'type',
  apPath: '/Users/guoyutong/MyWorkSpace/TestThirdParty/cases/tinyxml2/harmony-demo/entry/modules.ap',
  entryModuleName: 'entry',
  entryModuleVersion: '1.0.0',
  entryPackageName: 'entry',
  allModuleNameHash: 'e71f65eca2aa57c317f34b9fe7823ba53d99ef3d7e7a3e20d577c7d7ed4bc82d',
  externalApiPaths: [ '/Users/guoyutong/command-line-tools/sdk/default/hms/ets' ],
  compilerTypes: [],
  isCrossplatform: false,
  hvigorPluginFile: undefined,
  compilePluginPath: undefined,
  buildGeneratedProfilePath: '/Users/guoyutong/MyWorkSpace/TestThirdParty/cases/tinyxml2/harmony-demo/entry/build/default/generated/profile/default',
  bundleType: 'app',
  arkTSVersion: undefined,
  apiVersion: 26,
  needCompleteSourcesMap: false,
  isFaMode: false,
  buildDir: '/Users/guoyutong/MyWorkSpace/TestThirdParty/cases/tinyxml2/harmony-demo/entry/build',
  deviceTypes: [ 'phone', 'tablet', '2in1' ],
  pkgContextInfo: undefined,
  ohPackagePathMap: {},
  dependencyAliasMap: {},
  permission: { requestPermissions: undefined, definePermissions: undefined },
  useGetCurrentBundleName: false,
  projectArkOption: undefined,
  sourceMapDir: undefined,
  branchElimination: false,
  transformLib: undefined,
  tsImportSendable: false,
  resolveConflictMode: true,
  depName2RootPath: {},
  depName2DepInfo: {},
  depName2OhExports: {},
  rootPathSet: [
    '/Users/guoyutong/MyWorkSpace/TestThirdParty/cases/tinyxml2/harmony-demo'
  ],
  useNativeResolver: true,
  shouldEmitJs: true,
  useUnifiedAst: false,
  useTscResolve: false,
  singleFileEmit: false,
  userProjectConfig: {
    autoLazyImport: false,
    allowEmptyBundleName: false,
    reExportCheckMode: 'noCheck',
    executionMode: 'memory',
    usePathPlaceholder: false,
    writeRollupCache: true,
    isExpandImportEnabled: false,
    expandImportExclude: '',
    lazyImportExclude: '',
    lazyImportInclude: '',
    ignoreCrossplatformCheck: false,
    isHarDeduplicateEnabled: false,
    skipOhModulesLint: false,
    enableStrictCheckOHModule: false,
    disableSendableCheckRules: [],
    useDeclarationFileSignature: false,
    customizedOptions: undefined,
    integratedHsp: false,
    tsImportSoCheck: false,
    isPreloadSoEnabled: false
  },
  executionMode: 'memory',
  arkCompileCachePath: '/Users/guoyutong/MyWorkSpace/TestThirdParty/cases/tinyxml2/harmony-demo/entry/build/default/cache/default/default@CompileArkTS/esmodule',
  autoLazyFilter: undefined,
  isHarDeduplicateEnabled: false,
  intermediateHarDuplicateDirPath: '/Users/guoyutong/MyWorkSpace/TestThirdParty/cases/tinyxml2/harmony-demo/entry/build/default/intermediates/har_duplicate/default',
  autoLazyImport: false,
  allowEmptyBundleName: false,
  reExportCheckMode: 'noCheck',
  usePathPlaceholder: false,
  writeRollupCache: true,
  isExpandImportEnabled: false,
  expandImportExclude: '',
  lazyImportExclude: '',
  lazyImportInclude: '',
  ignoreCrossplatformCheck: false,
  skipOhModulesLint: false,
  enableStrictCheckOHModule: false,
  disableSendableCheckRules: [],
  useDeclarationFileSignature: false,
  customizedOptions: undefined,
  integratedHsp: false,
  tsImportSoCheck: false,
  isPreloadSoEnabled: false,
  strictMode: undefined,
  useNormalizedOHMUrl: false,
  caseSensitiveCheck: false,
  strictCheckerOnly: false,
  aceModuleJsonPath: '/Users/guoyutong/MyWorkSpace/TestThirdParty/cases/tinyxml2/harmony-demo/entry/build/default/intermediates/res/default/ark_module.json',
  appResource: '/Users/guoyutong/MyWorkSpace/TestThirdParty/cases/tinyxml2/harmony-demo/entry/build/default/intermediates/res/default/ResourceTable.txt',
  rawFileResource: '/Users/guoyutong/MyWorkSpace/TestThirdParty/cases/tinyxml2/harmony-demo/entry/build/default/intermediates/res/default/resources/rawfile',
  resourceTableHash: '0f09b429b371a6f162359917e8bf68f1d1a81abfb007e38c000dadae708d7c6a',
  runtimeOS: 'HarmonyOS',
  sdkInfo: 'false:26:26.0.0.23:Beta1',
  aceModuleRoot: '/Users/guoyutong/MyWorkSpace/TestThirdParty/cases/tinyxml2/harmony-demo/entry/src/main/ets',
  compileMode: 'esmodule',
  aceSuperVisualPath: '/Users/guoyutong/MyWorkSpace/TestThirdParty/cases/tinyxml2/harmony-demo/entry/src/main/supervisual',
  aceBuildJson: '/Users/guoyutong/MyWorkSpace/TestThirdParty/cases/tinyxml2/harmony-demo/entry/build/default/intermediates/loader/default/loader.json',
  cachePath: '/Users/guoyutong/MyWorkSpace/TestThirdParty/cases/tinyxml2/harmony-demo/entry/build/default/cache/default/default@CompileArkTS/esmodule/debug',
  aceModuleBuild: '/Users/guoyutong/MyWorkSpace/TestThirdParty/cases/tinyxml2/harmony-demo/entry/build/default/intermediates/loader_out/default/ets',
  supportChunks: true,
  declaredFilesPath: undefined,
  shouldCollectDirectImportees: false,
  isByteCodeHarOptimize: false,
  expandImportPath: undefined,
  resourceTableTs: '/Users/guoyutong/MyWorkSpace/TestThirdParty/cases/tinyxml2/harmony-demo/entry/build/default/generated/r/default/ResourceTable.ts',
  moduleMetaInfoFiles: [
    {
      filePath: '/Users/guoyutong/MyWorkSpace/TestThirdParty/cases/tinyxml2/harmony-demo/entry/build/default/generated/r/default/ResourceTable.ts',
      ohmurl: 'com.thirdparty.validation.tinyxml2/entry/build/generated/r/ResourceTable'
    }
  ],
  pkgNameToPkgBriefInfo: {
    entry: {
      pkgRoot: '/Users/guoyutong/MyWorkSpace/TestThirdParty/cases/tinyxml2/harmony-demo/entry',
      originalSourceRoots: undefined,
      sourceRoots: [Array],
      pkgName: 'entry'
    }
  },
  projectModel: {
    '/Users/guoyutong/MyWorkSpace/TestThirdParty/cases/tinyxml2/harmony-demo/entry/src/main': {
      moduleName: 'entry',
      modulePkgPath: '/Users/guoyutong/MyWorkSpace/TestThirdParty/cases/tinyxml2/harmony-demo/entry',
      belongProjectPath: '/Users/guoyutong/MyWorkSpace/TestThirdParty/cases/tinyxml2/harmony-demo'
    },
    '/Users/guoyutong/MyWorkSpace/TestThirdParty/cases/tinyxml2/harmony-demo/entry/src/ohosTest': {
      moduleName: 'entry_test',
      modulePkgPath: '/Users/guoyutong/MyWorkSpace/TestThirdParty/cases/tinyxml2/harmony-demo/entry',
      belongProjectPath: '/Users/guoyutong/MyWorkSpace/TestThirdParty/cases/tinyxml2/harmony-demo'
    },
    '/Users/guoyutong/MyWorkSpace/TestThirdParty/cases/tinyxml2/harmony-demo/entry': {
      moduleName: 'entry',
      modulePkgPath: '/Users/guoyutong/MyWorkSpace/TestThirdParty/cases/tinyxml2/harmony-demo/entry',
      belongProjectPath: '/Users/guoyutong/MyWorkSpace/TestThirdParty/cases/tinyxml2/harmony-demo'
    },
    '/Users/guoyutong/MyWorkSpace/TestThirdParty/cases/tinyxml2/harmony-demo': {
      moduleName: 'harmony-demo',
      modulePkgPath: '/Users/guoyutong/MyWorkSpace/TestThirdParty/cases/tinyxml2/harmony-demo',
      belongProjectPath: '/Users/guoyutong/MyWorkSpace/TestThirdParty/cases/tinyxml2/harmony-demo'
    }
  },
  pkgJsonFileHash: '8519713dbe917935f72df9fefd8b67ca846046fdb729f87772c82524c1f894c7',
  allModulePaths: [
    '/Users/guoyutong/MyWorkSpace/TestThirdParty/cases/tinyxml2/harmony-demo/entry'
  ],
  routerMap: {},
  obfuscationOptions: undefined,
  byteCodeHarToDependencyKeys: undefined,
  compileBlockPkg: [],
  mockParams: {
    decorator: '@MockSetup',
    packageName: '@ohos/hamock',
    etsSourceRootPath: 'src/main/ets',
    mockConfigPath: undefined,
    mockConfigKey2ModuleInfo: {},
    source2ModuleIdMap: {}
  },
  copyCodeResourceEnable: true,
  copyCodeResourceExcludes: [],
  copyCodeResourceIncludes: undefined,
  uiTransformOptimization: false,
  sdkPath: '/Users/guoyutong/command-line-tools/sdk',
  needPreloadSoFileSet: {},
  preloadSoFilePath: '/Users/guoyutong/MyWorkSpace/TestThirdParty/cases/tinyxml2/harmony-demo/entry/build/default/intermediates/preload/default/preload.json',
  useSourceHash: false,
  localModuleParamMap: {},
  otherPaths: {
    'entry/*': [ '../*', '../../../build/default/generated/profile/default/*' ]
  },
  collectImportersConfig: undefined
}
[2026-07-23T17:06:57.601] [DEBUG] debug-file - entry : default@BuildNativeWithNinja cost memory 4.237754821777344
[2026-07-23T17:06:57.660] [DEBUG] debug-file - Compile arkts with external api path: /Users/guoyutong/command-line-tools/sdk/default/hms/ets
[2026-07-23T17:06:57.602] [DEBUG] debug-file - restool module names: entry; moduleName=entry, taskName=default@ProcessResource
[2026-07-23T17:06:57.660] [DEBUG] debug-file - default@CompileArkTS work[2] is submitted.
[2026-07-23T17:06:57.660] [DEBUG] debug-file - default@CompileArkTS work[2] is pushed to ready queue.
[2026-07-23T17:06:57.660] [DEBUG] debug-file - A work dispatched to worker[9] failed because unable to get work from ready queue.
[2026-07-23T17:06:57.660] [DEBUG] debug-file - A work dispatched to worker[8] failed because of worker busy.
[2026-07-23T17:06:57.660] [DEBUG] debug-file - A work dispatched to worker[7] failed because of worker busy.
[2026-07-23T17:06:57.660] [DEBUG] debug-file - A work dispatched to worker[6] failed because unable to get work from ready queue.
[2026-07-23T17:06:57.660] [DEBUG] debug-file - A work dispatched to worker[5] failed because unable to get work from ready queue.
[2026-07-23T17:06:57.660] [DEBUG] debug-file - Create  resident worker with id: 4.
[2026-07-23T17:06:57.660] [DEBUG] debug-file - default@CompileArkTS work[2] has been dispatched to worker[4].
[2026-07-23T17:06:57.660] [DEBUG] debug-file - default@CompileArkTS work[2] is dispatched.
[2026-07-23T17:06:57.660] [DEBUG] debug-file - CopyResources startTime: 806617367769041
[2026-07-23T17:06:57.661] [DEBUG] debug-file - default@CompileArkTS work[3] is submitted.
[2026-07-23T17:06:57.661] [DEBUG] debug-file - default@CompileArkTS work[3] is pushed to ready queue.
[2026-07-23T17:06:57.661] [DEBUG] debug-file - A work dispatched to worker[9] failed because unable to get work from ready queue.
[2026-07-23T17:06:57.661] [DEBUG] debug-file - A work dispatched to worker[8] failed because of worker busy.
[2026-07-23T17:06:57.661] [DEBUG] debug-file - A work dispatched to worker[7] failed because of worker busy.
[2026-07-23T17:06:57.661] [DEBUG] debug-file - Create  resident worker with id: 6.
[2026-07-23T17:06:57.661] [DEBUG] debug-file - default@CompileArkTS work[3] has been dispatched to worker[6].
[2026-07-23T17:06:57.661] [DEBUG] debug-file - default@CompileArkTS work[3] is dispatched.
[2026-07-23T17:06:57.661] [DEBUG] debug-file - entry : default@CompileArkTS cost memory 1.8594131469726562
[2026-07-23T17:06:57.915] [DEBUG] debug-file - worker[6] has one work done.
[2026-07-23T17:06:57.915] [DEBUG] debug-file - CopyResources is end, endTime: 806617622711916
[2026-07-23T17:06:57.916] [DEBUG] debug-file - default@CompileArkTS work[3] done.
[2026-07-23T17:06:57.916] [DEBUG] debug-file - A work dispatched to worker[6] failed because unable to get work from ready queue.
[2026-07-23T17:06:57.981] [DEBUG] debug-file - ninja: Entering directory `/Users/guoyutong/MyWorkSpace/TestThirdParty/cases/tinyxml2/harmony-demo/entry/.cxx/default/default/debug/arm64-v8a'

[2026-07-23T17:06:57.983] [DEBUG] debug-file - ninja: Entering directory `/Users/guoyutong/MyWorkSpace/TestThirdParty/cases/tinyxml2/harmony-demo/entry/.cxx/default/default/debug/x86_64'

[2026-07-23T17:06:57.985] [DEBUG] debug-file - ninja: no work to do.

[2026-07-23T17:06:57.987] [DEBUG] debug-file - ninja: no work to do.

[2026-07-23T17:06:57.986] [DEBUG] debug-file - worker[7] has one work done.
[2026-07-23T17:06:57.990] [DEBUG] debug-file - default@BuildNativeWithNinja work[1] done.
[2026-07-23T17:06:57.990] [DEBUG] debug-file - A work dispatched to worker[7] failed because unable to get work from ready queue.
[2026-07-23T17:06:57.993] [DEBUG] debug-file - Executing task :entry:default@ProcessLibs
[2026-07-23T17:06:57.990] [DEBUG] debug-file - worker[8] has one work done.
[2026-07-23T17:06:58.000] [DEBUG] debug-file - Check content hash for /Users/guoyutong/MyWorkSpace/TestThirdParty/cases/tinyxml2/harmony-demo/entry/build/default/intermediates/cmake/default/obj/x86_64/libtinyxml2.a
[2026-07-23T17:06:57.992] [DEBUG] debug-file - default@BuildNativeWithNinja work[0] done.
[2026-07-23T17:06:57.993] [DEBUG] debug-file - A work dispatched to worker[8] failed because unable to get work from ready queue.
[2026-07-23T17:06:57.993] [INFO] debug-file - Finished :entry:default@BuildNativeWithNinja... after 40 ms 
[2026-07-23T17:06:58.002] [DEBUG] debug-file - Check content hash for /Users/guoyutong/MyWorkSpace/TestThirdParty/cases/tinyxml2/harmony-demo/entry/build/default/intermediates/cmake/default/obj/x86_64/libentry.so
[2026-07-23T17:06:58.004] [DEBUG] debug-file - Check content hash for /Users/guoyutong/MyWorkSpace/TestThirdParty/cases/tinyxml2/harmony-demo/entry/build/default/intermediates/cmake/default/obj/x86_64/libc++_shared.so
[2026-07-23T17:06:58.006] [DEBUG] debug-file - Check content hash for /Users/guoyutong/MyWorkSpace/TestThirdParty/cases/tinyxml2/harmony-demo/entry/build/default/intermediates/cmake/default/obj/arm64-v8a/libtinyxml2.a
[2026-07-23T17:06:58.008] [DEBUG] debug-file - Check content hash for /Users/guoyutong/MyWorkSpace/TestThirdParty/cases/tinyxml2/harmony-demo/entry/build/default/intermediates/cmake/default/obj/arm64-v8a/libentry.so
[2026-07-23T17:06:58.009] [DEBUG] debug-file - Check content hash for /Users/guoyutong/MyWorkSpace/TestThirdParty/cases/tinyxml2/harmony-demo/entry/build/default/intermediates/cmake/default/obj/arm64-v8a/libc++_shared.so
[2026-07-23T17:06:58.011] [DEBUG] debug-file - Task 'entry:default@ProcessLibs' cost while wrapping incremental declarations: 1 ms 
[2026-07-23T17:06:58.012] [DEBUG] debug-file - Incremental task entry:default@ProcessLibs pre-execution cost: 1 ms .
[2026-07-23T17:06:58.012] [DEBUG] debug-file - entry : default@ProcessLibs cost memory -8.697944641113281
[2026-07-23T17:06:58.013] [DEBUG] debug-file - Executing task :entry:default@CacheNativeLibs
[2026-07-23T17:06:58.012] [DEBUG] debug-file - Executing task :entry:default@DoNativeStrip
[2026-07-23T17:06:58.012] [INFO] debug-file - UP-TO-DATE :entry:default@ProcessLibs...  
[2026-07-23T17:06:58.013] [DEBUG] debug-file - File: '/Users/guoyutong/MyWorkSpace/TestThirdParty/cases/tinyxml2/harmony-demo/entry/build/default/intermediates/binxo/default' from 'cacheBinxoNativeLibs' is not exists, just ignore.
[2026-07-23T17:06:58.012] [DEBUG] debug-file - File: '/Users/guoyutong/MyWorkSpace/TestThirdParty/cases/tinyxml2/harmony-demo/entry/build/default/intermediates/binxo/default' from 'doBinxoNativeLibs' is not exists, just ignore.
[2026-07-23T17:06:58.013] [DEBUG] debug-file - Task 'entry:default@CacheNativeLibs' cost while wrapping incremental declarations: 1 ms 
[2026-07-23T17:06:58.012] [DEBUG] debug-file - Task 'entry:default@DoNativeStrip' cost while wrapping incremental declarations: 1 ms 
[2026-07-23T17:06:58.014] [DEBUG] debug-file - Incremental task entry:default@CacheNativeLibs pre-execution cost: 1 ms .
[2026-07-23T17:06:58.013] [DEBUG] debug-file - Incremental task entry:default@DoNativeStrip pre-execution cost: 1 ms .
[2026-07-23T17:06:58.014] [DEBUG] debug-file - entry : default@CacheNativeLibs cost memory 0.16001129150390625
[2026-07-23T17:06:58.013] [DEBUG] debug-file - entry : default@DoNativeStrip cost memory 0.1404876708984375
[2026-07-23T17:06:58.013] [INFO] debug-file - UP-TO-DATE :entry:default@DoNativeStrip...  
[2026-07-23T17:06:58.014] [INFO] debug-file - UP-TO-DATE :entry:default@CacheNativeLibs...  
[2026-07-23T17:06:59.569] [DEBUG] debug-file - Ark compile task finished.finished time is 806619275811166
[2026-07-23T17:06:59.569] [DEBUG] debug-file - worker[4] has one work done.
[2026-07-23T17:06:59.569] [DEBUG] debug-file - default@CompileArkTS work[2] done.
[2026-07-23T17:06:59.573] [DEBUG] debug-file - default@PackageHap work[4] is submitted.
[2026-07-23T17:06:59.569] [DEBUG] debug-file - A work dispatched to worker[4] failed because unable to get work from ready queue.
[2026-07-23T17:06:59.573] [DEBUG] debug-file - default@PackageHap work[4] is pushed to ready queue.
[2026-07-23T17:06:59.569] [INFO] debug-file - Finished :entry:default@CompileArkTS... after 1 s 409 ms 
[2026-07-23T17:06:59.573] [DEBUG] debug-file - A work dispatched to worker[9] failed because unable to get work from ready queue.
[2026-07-23T17:06:59.570] [DEBUG] debug-file - Executing task :entry:default@GeneratePkgModuleJson
[2026-07-23T17:06:59.571] [DEBUG] debug-file - Executing task :entry:default@PackageHap
[2026-07-23T17:06:59.573] [DEBUG] debug-file - default@PackageHap work[4] has been dispatched to worker[8].
[2026-07-23T17:06:59.570] [DEBUG] debug-file - File: '/Users/guoyutong/MyWorkSpace/TestThirdParty/cases/tinyxml2/harmony-demo/entry/build/default/intermediates/preload/default/preload.json' from 'preloadSoJsonPath' is not exists, just ignore.
[2026-07-23T17:06:59.572] [DEBUG] debug-file - entry:default@PackageHap is not up-to-date, since the input file '/Users/guoyutong/MyWorkSpace/TestThirdParty/cases/tinyxml2/harmony-demo/entry/build/default/intermediates/loader_out/default/ets' has been changed.
[2026-07-23T17:06:59.573] [DEBUG] debug-file - default@PackageHap work[4] is dispatched.
[2026-07-23T17:06:59.570] [DEBUG] debug-file - Error occurs while handling @Input 'shouldDeduplicateHar': The "data" argument must be of type string or an instance of Buffer, TypedArray, or DataView. Received undefined
[2026-07-23T17:06:59.572] [DEBUG] debug-file - Incremental task entry:default@PackageHap pre-execution cost: 1 ms .
[2026-07-23T17:06:59.573] [DEBUG] debug-file - entry : default@PackageHap cost memory 0.459442138671875
[2026-07-23T17:06:59.570] [DEBUG] debug-file - Task 'entry:default@GeneratePkgModuleJson' cost while wrapping incremental declarations: 1 ms 
[2026-07-23T17:06:59.573] [DEBUG] debug-file - Use tool [/Users/guoyutong/command-line-tools/sdk/default/openharmony/toolchains/lib/app_packing_tool.jar]
 [
  'java',
  '-Dfile.encoding=utf-8',
  '-jar',
  '/Users/guoyutong/command-line-tools/sdk/default/openharmony/toolchains/lib/app_packing_tool.jar',
  '--mode',
  'hap',
  '--force',
  'true',
  '--lib-path',
  '/Users/guoyutong/MyWorkSpace/TestThirdParty/cases/tinyxml2/harmony-demo/entry/build/default/intermediates/stripped_native_libs/default',
  '--json-path',
  '/Users/guoyutong/MyWorkSpace/TestThirdParty/cases/tinyxml2/harmony-demo/entry/build/default/intermediates/package/default/module.json',
  '--resources-path',
  '/Users/guoyutong/MyWorkSpace/TestThirdParty/cases/tinyxml2/harmony-demo/entry/build/default/intermediates/res/default/resources',
  '--index-path',
  '/Users/guoyutong/MyWorkSpace/TestThirdParty/cases/tinyxml2/harmony-demo/entry/build/default/intermediates/res/default/resources.index',
  '--pack-info-path',
  '/Users/guoyutong/MyWorkSpace/TestThirdParty/cases/tinyxml2/harmony-demo/entry/build/default/outputs/default/pack.info',
  '--out-path',
  '/Users/guoyutong/MyWorkSpace/TestThirdParty/cases/tinyxml2/harmony-demo/entry/build/default/outputs/default/entry-default-unsigned.hap',
  '--ets-path',
  '/Users/guoyutong/MyWorkSpace/TestThirdParty/cases/tinyxml2/harmony-demo/entry/build/default/intermediates/loader_out/default/ets',
  '--pkg-sdk-info-path',
  '/Users/guoyutong/MyWorkSpace/TestThirdParty/cases/tinyxml2/harmony-demo/entry/build/default/intermediates/loader/default/pkgSdkInfo.json'
]
[2026-07-23T17:06:59.570] [DEBUG] debug-file - Incremental task entry:default@GeneratePkgModuleJson pre-execution cost: 1 ms .
[2026-07-23T17:06:59.570] [DEBUG] debug-file - entry : default@GeneratePkgModuleJson cost memory 0.082916259765625
[2026-07-23T17:06:59.570] [INFO] debug-file - UP-TO-DATE :entry:default@GeneratePkgModuleJson...  
[2026-07-23T17:06:59.570] [DEBUG] debug-file - Executing task :entry:default@ProcessCompiledResources
[2026-07-23T17:06:59.570] [DEBUG] debug-file - File: '/Users/guoyutong/MyWorkSpace/TestThirdParty/cases/tinyxml2/harmony-demo/entry/build/default/intermediates/preload/default/preload.json' from 'preloadSoJsonPath' is not exists, just ignore.
[2026-07-23T17:06:59.570] [DEBUG] debug-file - Task 'entry:default@ProcessCompiledResources' cost while wrapping incremental declarations: 1 ms 
[2026-07-23T17:06:59.571] [DEBUG] debug-file - entry : default@ProcessCompiledResources cost memory 0.0546112060546875
[2026-07-23T17:06:59.571] [DEBUG] debug-file - runTaskFromQueue task cost before running: 2 s 710 ms 
[2026-07-23T17:06:59.571] [INFO] debug-file - Finished :entry:default@ProcessCompiledResources... after 1 ms 
[2026-07-23T17:06:59.575] [DEBUG] debug-file - current process  memoryUsage: {
  rss: 961478656,
  heapTotal: 90521600,
  heapUsed: 53432728,
  external: 5042685,
  arrayBuffers: 20804
} os memoryUsage :15.891281127929688
[2026-07-23T17:06:59.853] [DEBUG] debug-file - worker[8] has one work done.
[2026-07-23T17:06:59.853] [DEBUG] debug-file - default@PackageHap work[4] done.
[2026-07-23T17:06:59.854] [DEBUG] debug-file - Executing task :entry:default@PackingCheck
[2026-07-23T17:06:59.857] [DEBUG] debug-file - Executing task :entry:default@SignHap
[2026-07-23T17:06:59.859] [DEBUG] debug-file - Executing task :entry:default@CollectDebugSymbol
[2026-07-23T17:06:59.853] [DEBUG] debug-file - A work dispatched to worker[8] failed because unable to get work from ready queue.
[2026-07-23T17:06:59.856] [DEBUG] debug-file - entry : default@PackingCheck cost memory 0.393890380859375
[2026-07-23T17:06:59.857] [WARN] debug-file - No signingConfig found for product default
[2026-07-23T17:06:59.859] [DEBUG] debug-file - entry : default@CollectDebugSymbol cost memory 0.101776123046875
[2026-07-23T17:06:59.854] [INFO] debug-file - Finished :entry:default@PackageHap... after 281 ms 
[2026-07-23T17:06:59.856] [DEBUG] debug-file - runTaskFromQueue task cost before running: 2 s 996 ms 
[2026-07-23T17:06:59.858] [DEBUG] debug-file - entry:default@SignHap is not up-to-date, since the input file '/Users/guoyutong/MyWorkSpace/TestThirdParty/cases/tinyxml2/harmony-demo/entry/build/default/outputs/default/entry-default-unsigned.hap' has been changed.
[2026-07-23T17:06:59.859] [DEBUG] debug-file - runTaskFromQueue task cost before running: 2 s 998 ms 
[2026-07-23T17:06:59.856] [INFO] debug-file - Finished :entry:default@PackingCheck... after 2 ms 
[2026-07-23T17:06:59.858] [DEBUG] debug-file - Incremental task entry:default@SignHap pre-execution cost: 1 ms .
[2026-07-23T17:06:59.859] [INFO] debug-file - Finished :entry:default@CollectDebugSymbol... after 1 ms 
[2026-07-23T17:06:59.858] [DEBUG] debug-file - entry : default@SignHap cost memory 0.8383636474609375
[2026-07-23T17:06:59.859] [DEBUG] debug-file - Executing task :entry:assembleHap
[2026-07-23T17:06:59.858] [DEBUG] debug-file - runTaskFromQueue task cost before running: 2 s 997 ms 
[2026-07-23T17:06:59.859] [DEBUG] debug-file - entry : assembleHap cost memory 0.01583099365234375
[2026-07-23T17:06:59.858] [INFO] debug-file - Finished :entry:default@SignHap... after 1 ms 
[2026-07-23T17:06:59.859] [DEBUG] debug-file - runTaskFromQueue task cost before running: 2 s 998 ms 
[2026-07-23T17:06:59.859] [INFO] debug-file - Finished :entry:assembleHap... after 1 ms 
[2026-07-23T17:06:59.860] [INFO] debug-file - BUILD SUCCESSFUL in 2 s 999 ms 
[2026-07-23T17:06:59.860] [DEBUG] debug-file - There is no need to refresh cache, since the incremental task entry:default@PreBuild is up-to-date.
[2026-07-23T17:06:59.860] [DEBUG] debug-file - Update task entry:default@CreateModuleInfo output file:/Users/guoyutong/MyWorkSpace/TestThirdParty/cases/tinyxml2/harmony-demo/entry/build/default/generated/profile/default/ModuleInfo.ts cache.
[2026-07-23T17:06:59.860] [DEBUG] debug-file - Incremental task entry:default@CreateModuleInfo post-execution cost:1 ms .
[2026-07-23T17:06:59.860] [DEBUG] debug-file - There is no need to refresh cache, since the incremental task entry:default@GenerateMetadata is up-to-date.
[2026-07-23T17:06:59.860] [DEBUG] debug-file - There is no need to refresh cache, since the incremental task entry:default@MergeProfile is up-to-date.
[2026-07-23T17:06:59.860] [DEBUG] debug-file - There is no need to refresh cache, since the incremental task entry:default@CreateBuildProfile is up-to-date.
[2026-07-23T17:06:59.860] [DEBUG] debug-file - Update task entry:default@GeneratePkgContextInfo output file:/Users/guoyutong/MyWorkSpace/TestThirdParty/cases/tinyxml2/harmony-demo/entry/build/default/intermediates/loader/default/pkgContextInfo.json cache.
[2026-07-23T17:06:59.860] [DEBUG] debug-file - Incremental task entry:default@GeneratePkgContextInfo post-execution cost:1 ms .
[2026-07-23T17:06:59.860] [DEBUG] debug-file - There is no need to refresh cache, since the incremental task entry:default@GeneratePkgSdkInfo is up-to-date.
[2026-07-23T17:06:59.860] [DEBUG] debug-file - Update task entry:default@ProcessIntegratedHsp output file:/Users/guoyutong/MyWorkSpace/TestThirdParty/cases/tinyxml2/harmony-demo/build/cache/default/integrated_hsp/integratedHspCache.json cache.
[2026-07-23T17:06:59.860] [DEBUG] debug-file - Incremental task entry:default@ProcessIntegratedHsp post-execution cost:1 ms .
[2026-07-23T17:06:59.860] [DEBUG] debug-file - There is no need to refresh cache, since the incremental task entry:default@MakePackInfo is up-to-date.
[2026-07-23T17:06:59.860] [DEBUG] debug-file - Update task entry:default@SyscapTransform input file:/Users/guoyutong/command-line-tools/sdk/default/openharmony/toolchains/syscap_tool cache by regenerate.
[2026-07-23T17:06:59.860] [DEBUG] debug-file - Update task entry:default@SyscapTransform input file:/Users/guoyutong/command-line-tools/sdk/default/openharmony/ets/api/device-define cache by regenerate.
[2026-07-23T17:06:59.860] [DEBUG] debug-file - Update task entry:default@SyscapTransform output file:/Users/guoyutong/MyWorkSpace/TestThirdParty/cases/tinyxml2/harmony-demo/entry/build/default/intermediates/syscap/default/rpcid.sc cache.
[2026-07-23T17:06:59.860] [DEBUG] debug-file - Incremental task entry:default@SyscapTransform post-execution cost:1 ms .
[2026-07-23T17:06:59.860] [DEBUG] debug-file - There is no need to refresh cache, since the incremental task entry:default@ProcessProfile is up-to-date.
[2026-07-23T17:06:59.860] [DEBUG] debug-file - There is no need to refresh cache, since the incremental task entry:default@ProcessRouterMap is up-to-date.
[2026-07-23T17:06:59.860] [DEBUG] debug-file - There is no need to refresh cache, since the incremental task entry:default@ProcessShareConfig is up-to-date.
[2026-07-23T17:06:59.861] [DEBUG] debug-file - Update task entry:default@ProcessStartupConfig output file:/Users/guoyutong/MyWorkSpace/TestThirdParty/cases/tinyxml2/harmony-demo/entry/build/default/intermediates/startup/default/startup_config.json cache.
[2026-07-23T17:06:59.861] [DEBUG] debug-file - Incremental task entry:default@ProcessStartupConfig post-execution cost:1 ms .
[2026-07-23T17:06:59.861] [DEBUG] debug-file - There is no need to refresh cache, since the incremental task entry:default@ProcessResource is up-to-date.
[2026-07-23T17:06:59.861] [DEBUG] debug-file - There is no need to refresh cache, since the incremental task entry:default@GenerateLoaderJson is up-to-date.
[2026-07-23T17:06:59.861] [DEBUG] debug-file - There is no need to refresh cache, since the incremental task entry:default@CompileResource is up-to-date.
[2026-07-23T17:06:59.861] [DEBUG] debug-file - Update task entry:default@CompileArkTS input file:/Users/guoyutong/MyWorkSpace/TestThirdParty/cases/tinyxml2/harmony-demo/entry/build/default/intermediates/loader/default cache by regenerate.
[2026-07-23T17:06:59.861] [DEBUG] debug-file - Update task entry:default@CompileArkTS input file:/Users/guoyutong/MyWorkSpace/TestThirdParty/cases/tinyxml2/harmony-demo/entry/build/default/intermediates/res/default/ResourceTable.txt cache by regenerate.
[2026-07-23T17:06:59.861] [DEBUG] debug-file - Update task entry:default@CompileArkTS input file:/Users/guoyutong/MyWorkSpace/TestThirdParty/cases/tinyxml2/harmony-demo/entry/build/default/intermediates/res/default/ark_module.json cache by regenerate.
[2026-07-23T17:06:59.861] [DEBUG] debug-file - Update task entry:default@CompileArkTS input file:/Users/guoyutong/MyWorkSpace/TestThirdParty/cases/tinyxml2/harmony-demo/entry/build/default/intermediates/res/default/resources/base/profile cache by regenerate.
[2026-07-23T17:06:59.861] [DEBUG] debug-file - Update task entry:default@CompileArkTS input file:/Users/guoyutong/MyWorkSpace/TestThirdParty/cases/tinyxml2/harmony-demo/entry/src/main/ets cache from map.
[2026-07-23T17:06:59.861] [DEBUG] debug-file - Update task entry:default@CompileArkTS input file:/Users/guoyutong/MyWorkSpace/TestThirdParty/cases/tinyxml2/harmony-demo/entry/build/default/generated/profile/default/BuildProfile.ets cache by regenerate.
[2026-07-23T17:06:59.861] [DEBUG] debug-file - Update task entry:default@CompileArkTS input file:/Users/guoyutong/MyWorkSpace/TestThirdParty/cases/tinyxml2/harmony-demo/entry/src/main/cpp/types cache by regenerate.
[2026-07-23T17:06:59.861] [DEBUG] debug-file - Update task entry:default@CompileArkTS output file:/Users/guoyutong/MyWorkSpace/TestThirdParty/cases/tinyxml2/harmony-demo/entry/build/default/intermediates/loader_out/default/ets cache.
[2026-07-23T17:06:59.861] [DEBUG] debug-file - Incremental task entry:default@CompileArkTS post-execution cost:1 ms .
[2026-07-23T17:06:59.861] [DEBUG] debug-file - Update task entry:default@BuildJS input file:/Users/guoyutong/MyWorkSpace/TestThirdParty/cases/tinyxml2/harmony-demo/entry/build/default/intermediates/loader/default cache by regenerate.
[2026-07-23T17:06:59.861] [DEBUG] debug-file - Update task entry:default@BuildJS input file:/Users/guoyutong/MyWorkSpace/TestThirdParty/cases/tinyxml2/harmony-demo/entry/build/default/intermediates/res/default/ResourceTable.txt cache by regenerate.
[2026-07-23T17:06:59.861] [DEBUG] debug-file - Update task entry:default@BuildJS input file:/Users/guoyutong/MyWorkSpace/TestThirdParty/cases/tinyxml2/harmony-demo/entry/build/default/intermediates/res/default/ark_module.json cache by regenerate.
[2026-07-23T17:06:59.861] [DEBUG] debug-file - Update task entry:default@BuildJS input file:/Users/guoyutong/MyWorkSpace/TestThirdParty/cases/tinyxml2/harmony-demo/entry/build/default/intermediates/res/default/resources/base/profile cache by regenerate.
[2026-07-23T17:06:59.861] [DEBUG] debug-file - Update task entry:default@BuildJS output file:/Users/guoyutong/MyWorkSpace/TestThirdParty/cases/tinyxml2/harmony-demo/entry/build/default/intermediates/loader_out/default/js cache.
[2026-07-23T17:06:59.861] [DEBUG] debug-file - Incremental task entry:default@BuildJS post-execution cost:1 ms .
[2026-07-23T17:06:59.861] [DEBUG] debug-file - There is no need to refresh cache, since the incremental task entry:default@ProcessLibs is up-to-date.
[2026-07-23T17:06:59.861] [DEBUG] debug-file - There is no need to refresh cache, since the incremental task entry:default@DoNativeStrip is up-to-date.
[2026-07-23T17:06:59.861] [DEBUG] debug-file - There is no need to refresh cache, since the incremental task entry:default@CacheNativeLibs is up-to-date.
[2026-07-23T17:06:59.861] [DEBUG] debug-file - There is no need to refresh cache, since the incremental task entry:default@GeneratePkgModuleJson is up-to-date.
[2026-07-23T17:06:59.861] [DEBUG] debug-file - Incremental task entry:default@ProcessCompiledResources post-execution cost:1 ms .
[2026-07-23T17:06:59.861] [DEBUG] debug-file - Update task entry:default@PackageHap input file:/Users/guoyutong/MyWorkSpace/TestThirdParty/cases/tinyxml2/harmony-demo/entry/build/default/outputs/default/pack.info cache by regenerate.
[2026-07-23T17:06:59.861] [DEBUG] debug-file - Update task entry:default@PackageHap input file:/Users/guoyutong/MyWorkSpace/TestThirdParty/cases/tinyxml2/harmony-demo/entry/build/default/intermediates/stripped_native_libs/default cache by regenerate.
[2026-07-23T17:06:59.861] [DEBUG] debug-file - Update task entry:default@PackageHap input file:/Users/guoyutong/MyWorkSpace/TestThirdParty/cases/tinyxml2/harmony-demo/entry/build/default/intermediates/res/default/module.json cache by regenerate.
[2026-07-23T17:06:59.861] [DEBUG] debug-file - Update task entry:default@PackageHap input file:/Users/guoyutong/MyWorkSpace/TestThirdParty/cases/tinyxml2/harmony-demo/entry/build/default/intermediates/res/default/resources cache by regenerate.
[2026-07-23T17:06:59.862] [DEBUG] debug-file - Update task entry:default@PackageHap input file:/Users/guoyutong/MyWorkSpace/TestThirdParty/cases/tinyxml2/harmony-demo/entry/build/default/intermediates/res/default/resources.index cache by regenerate.
[2026-07-23T17:06:59.862] [DEBUG] debug-file - Update task entry:default@PackageHap input file:/Users/guoyutong/MyWorkSpace/TestThirdParty/cases/tinyxml2/harmony-demo/entry/build/default/intermediates/loader_out/default/ets cache from map.
[2026-07-23T17:06:59.862] [DEBUG] debug-file - Update task entry:default@PackageHap input file:/Users/guoyutong/MyWorkSpace/TestThirdParty/cases/tinyxml2/harmony-demo/entry/build/default/intermediates/loader/default/pkgSdkInfo.json cache by regenerate.
[2026-07-23T17:06:59.862] [DEBUG] debug-file - Update task entry:default@PackageHap input file:/Users/guoyutong/MyWorkSpace/TestThirdParty/cases/tinyxml2/harmony-demo/entry/build/default/intermediates/package/default/module.json cache by regenerate.
[2026-07-23T17:06:59.862] [DEBUG] debug-file - Update task entry:default@PackageHap input file:/Users/guoyutong/MyWorkSpace/TestThirdParty/cases/tinyxml2/harmony-demo/entry/build/default/intermediates/loader_out/default/ets/sourceMaps.map cache by regenerate.
[2026-07-23T17:06:59.862] [DEBUG] debug-file - Update task entry:default@PackageHap input file:/Users/guoyutong/MyWorkSpace/TestThirdParty/cases/tinyxml2/harmony-demo/entry/build/default/generated/profile/default/BuildProfile.ets cache by regenerate.
[2026-07-23T17:06:59.862] [DEBUG] debug-file - Update task entry:default@PackageHap output file:/Users/guoyutong/MyWorkSpace/TestThirdParty/cases/tinyxml2/harmony-demo/entry/build/default/outputs/default/entry-default-unsigned.hap cache.
[2026-07-23T17:06:59.862] [DEBUG] debug-file - Update task entry:default@PackageHap output file:/Users/guoyutong/MyWorkSpace/TestThirdParty/cases/tinyxml2/harmony-demo/entry/build/default/intermediates/source_map/default/sourceMaps.map cache.
[2026-07-23T17:06:59.862] [DEBUG] debug-file - Update task entry:default@PackageHap output file:/Users/guoyutong/MyWorkSpace/TestThirdParty/cases/tinyxml2/harmony-demo/entry/build/default/outputs/default/mapping/sourceMaps.map cache.
[2026-07-23T17:06:59.862] [DEBUG] debug-file - Incremental task entry:default@PackageHap post-execution cost:1 ms .
[2026-07-23T17:06:59.862] [DEBUG] debug-file - Update task entry:default@SignHap input file:/Users/guoyutong/MyWorkSpace/TestThirdParty/cases/tinyxml2/harmony-demo/entry/build/default/outputs/default/entry-default-unsigned.hap cache from map.
[2026-07-23T17:06:59.862] [DEBUG] debug-file - Update task entry:default@SignHap output file:/Users/guoyutong/MyWorkSpace/TestThirdParty/cases/tinyxml2/harmony-demo/entry/build/default/outputs/default/entry-default-signed.hap cache.
[2026-07-23T17:06:59.862] [DEBUG] debug-file - Incremental task entry:default@SignHap post-execution cost:1 ms .
[2026-07-23T17:06:59.862] [DEBUG] debug-file - Update task entry:default@CollectDebugSymbol input file:/Users/guoyutong/MyWorkSpace/TestThirdParty/cases/tinyxml2/harmony-demo/entry/build/default/intermediates/loader_out/default/ets/sourceMaps.map cache by regenerate.
[2026-07-23T17:06:59.862] [DEBUG] debug-file - Update task entry:default@CollectDebugSymbol input file:/Users/guoyutong/MyWorkSpace/TestThirdParty/cases/tinyxml2/harmony-demo/entry/build/default/intermediates/libs/default cache by regenerate.
[2026-07-23T17:06:59.862] [DEBUG] debug-file - Update task entry:default@CollectDebugSymbol output file:/Users/guoyutong/MyWorkSpace/TestThirdParty/cases/tinyxml2/harmony-demo/entry/build/default/outputs/default/symbol cache.
[2026-07-23T17:06:59.862] [DEBUG] debug-file - Incremental task entry:default@CollectDebugSymbol post-execution cost:1 ms .
[2026-07-23T17:06:59.865] [DEBUG] debug-file - Current worker pool is stopped or closed.
[2026-07-23T17:06:59.865] [DEBUG] debug-file - Clear worker 0.
[2026-07-23T17:06:59.865] [DEBUG] debug-file - Worker 0 has been cleared.
[2026-07-23T17:06:59.865] [DEBUG] debug-file - Current idle worker size: 5.
[2026-07-23T17:06:59.865] [DEBUG] debug-file - Current busy worker size: 0.
[2026-07-23T17:06:59.865] [DEBUG] debug-file - Clear worker 1.
[2026-07-23T17:06:59.865] [DEBUG] debug-file - Worker 1 has been cleared.
[2026-07-23T17:06:59.865] [DEBUG] debug-file - Current idle worker size: 4.
[2026-07-23T17:06:59.865] [DEBUG] debug-file - Current busy worker size: 0.
[2026-07-23T17:06:59.865] [DEBUG] debug-file - Clear worker 6.
[2026-07-23T17:06:59.865] [DEBUG] debug-file - Worker 6 has been cleared.
[2026-07-23T17:06:59.865] [DEBUG] debug-file - Current idle worker size: 3.
[2026-07-23T17:06:59.865] [DEBUG] debug-file - Current busy worker size: 0.
[2026-07-23T17:06:59.865] [DEBUG] debug-file - Clear worker 7.
[2026-07-23T17:06:59.865] [DEBUG] debug-file - Worker 7 has been cleared.
[2026-07-23T17:06:59.865] [DEBUG] debug-file - Current idle worker size: 2.
[2026-07-23T17:06:59.865] [DEBUG] debug-file - Current busy worker size: 0.
[2026-07-23T17:06:59.865] [DEBUG] debug-file - Clear worker 4.
[2026-07-23T17:06:59.865] [DEBUG] debug-file - Worker 4 has been cleared.
[2026-07-23T17:06:59.865] [DEBUG] debug-file - Current idle worker size: 1.
[2026-07-23T17:06:59.865] [DEBUG] debug-file - Current busy worker size: 0.
[2026-07-23T17:06:59.865] [DEBUG] debug-file - Clear worker 8.
[2026-07-23T17:06:59.865] [DEBUG] debug-file - Worker 8 has been cleared.
[2026-07-23T17:06:59.865] [DEBUG] debug-file - Current idle worker size: 0.
[2026-07-23T17:06:59.865] [DEBUG] debug-file - Current busy worker size: 0.
[2026-07-23T17:06:59.866] [DEBUG] debug-file - hvigor build process will be closed.
[2026-07-23T17:06:59.867] [DEBUG] debug-file - worker[0] exits with exit code 1.
[2026-07-23T17:06:59.867] [DEBUG] debug-file - Current worker pool is terminated.
[2026-07-23T17:06:59.867] [DEBUG] debug-file - worker[1] exits with exit code 1.
[2026-07-23T17:06:59.867] [DEBUG] debug-file - worker[7] exits with exit code 1.
[2026-07-23T17:06:59.867] [DEBUG] debug-file - worker[6] exits with exit code 1.
[2026-07-23T17:06:59.868] [DEBUG] debug-file - worker[8] exits with exit code 1.
[2026-07-23T17:06:59.870] [DEBUG] debug-file - worker[4] exits with exit code 1.
[2026-07-23T17:07:00.118] [DEBUG] debug-file - env: nodejsVersion=v24.14.1
[2026-07-23T17:07:00.216] [DEBUG] debug-file - Hvigor init with startParameters:{
  hvigorfileTypeCheck: false,
  parallelExecution: true,
  incrementalExecution: true,
  printStackTrace: false,
  daemon: false,
  analyze: 0,
  logLevel: Level { level: 20000, levelStr: 'INFO', colour: 'green' },
  optimizationStrategy: 'memory',
  hotCompile: undefined,
  hotReloadBuild: undefined,
  customizedParam: undefined
}
[2026-07-23T17:07:00.572] [DEBUG] debug-file - hvigorfile, require result:  { default: { system: [Function: appTasks], plugins: [] } }
[2026-07-23T17:07:00.572] [DEBUG] debug-file - Starting plugin build process
[2026-07-23T17:07:00.637] [DEBUG] debug-file - Start initialize project's product build option map with build mode debug.
[2026-07-23T17:07:00.636] [DEBUG] debug-file - App plugin register hook start...
[2026-07-23T17:07:00.638] [DEBUG] debug-file - Obtain build option for product 'default'in this build.
[2026-07-23T17:07:00.641] [DEBUG] debug-file - Start recording SDK configuration permission data.
[2026-07-23T17:07:00.656] [DEBUG] debug-file - Project task initialization takes 2 ms 
[2026-07-23T17:07:00.662] [DEBUG] debug-file - Start initialize module-target build option map, moduleName=entry, buildMode=debug
[2026-07-23T17:07:00.665] [DEBUG] debug-file - start to load updatedOhPackageInfo to the disk
[2026-07-23T17:07:00.659] [DEBUG] debug-file - failed to load cangjie to dynamically generate schemas: Error: Cannot find module '@ohos/cangjie-build-support/index'
Require stack:
- /Users/guoyutong/command-line-tools/hvigor/hvigor-ohos-plugin/src/plugin/hooks/cangjie-register.js
- /Users/guoyutong/command-line-tools/hvigor/hvigor-ohos-plugin/src/plugin/strategy/stage-init-strategy.js
- /Users/guoyutong/command-line-tools/hvigor/hvigor-ohos-plugin/src/plugin/builder/abstract-plugin-builder.js
- /Users/guoyutong/command-line-tools/hvigor/hvigor-ohos-plugin/src/plugin/builder/app-plugin-builder.js
- /Users/guoyutong/command-line-tools/hvigor/hvigor-ohos-plugin/src/plugin/factory/plugin-factory.js
- /Users/guoyutong/command-line-tools/hvigor/hvigor-ohos-plugin/index.js
- /Users/guoyutong/MyWorkSpace/TestThirdParty/cases/tinyxml2/harmony-demo/hvigorfile.ts
- /Users/guoyutong/command-line-tools/hvigor/hvigor/src/base/internal/lifecycle/configuration.js
- /Users/guoyutong/command-line-tools/hvigor/hvigor/src/base/boot/index.js
- /Users/guoyutong/command-line-tools/hvigor/hvigor/src/cli/main/cli.js
- /Users/guoyutong/command-line-tools/hvigor/hvigor/bin/hvigor.js
[2026-07-23T17:07:00.672] [DEBUG] debug-file - Executing task :entry:ohosTest@PreBuild
[2026-07-23T17:07:00.668] [DEBUG] debug-file - Start to initialize dependency information.
[2026-07-23T17:07:00.677] [DEBUG] debug-file - Executing task :entry:ohosTest@GenerateMetadata
[2026-07-23T17:07:00.665] [DEBUG] debug-file - project has submodules:entry
[2026-07-23T17:07:00.119] [DEBUG] debug-file - env: hvigor-config.json5 content = {
  modelVersion: '6.1.0',
  dependencies: {},
  execution: {},
  logging: {},
  debugging: {},
  nodeOptions: {}
}
[2026-07-23T17:07:00.219] [DEBUG] debug-file - Cache service initialization finished in 3 ms 
[2026-07-23T17:07:00.572] [DEBUG] debug-file - hvigorfile, binding system plugins [Function: appTasks]
[2026-07-23T17:07:00.572] [DEBUG] debug-file - App plugin prepare start...
[2026-07-23T17:07:00.637] [DEBUG] debug-file - Picking option from product 'default' with build mode 'debug'.
[2026-07-23T17:07:00.636] [DEBUG] debug-file - App plugin register hook end...
[2026-07-23T17:07:00.638] [DEBUG] debug-file - No signingConfig found, initRemoteHspCache failed.
[2026-07-23T17:07:00.654] [DEBUG] debug-file - Sdk init in 15 ms 
[2026-07-23T17:07:00.656] [DEBUG] debug-file - hvigorfile, begin to bind custom plugins...
[2026-07-23T17:07:00.662] [DEBUG] debug-file - Target 'default' config initialized
[2026-07-23T17:07:00.665] [DEBUG] debug-file - load to the disk finished
[2026-07-23T17:07:00.674] [DEBUG] debug-file - Task 'entry:ohosTest@PreBuild' cost while wrapping incremental declarations: 1 ms 
[2026-07-23T17:07:00.669] [DEBUG] debug-file - Module entry Collected Dependency: /Users/guoyutong/MyWorkSpace/TestThirdParty/cases/tinyxml2/harmony-demo/entry/src/main/cpp/types/libentry
[2026-07-23T17:07:00.677] [DEBUG] debug-file - Task 'entry:ohosTest@GenerateMetadata' cost while wrapping incremental declarations: 1 ms 
[2026-07-23T17:07:00.119] [DEBUG] debug-file - env: daemon=false
[2026-07-23T17:07:00.219] [DEBUG] debug-file - hvigorfile, resolving /Users/guoyutong/MyWorkSpace/TestThirdParty/cases/tinyxml2/harmony-demo/hvigorfile.ts
[2026-07-23T17:07:00.572] [DEBUG] debug-file - App plugin prepare end...
[2026-07-23T17:07:00.637] [DEBUG] debug-file - Product 'default' build option initialized
[2026-07-23T17:07:00.636] [DEBUG] debug-file - Plugin build process completed
[2026-07-23T17:07:00.639] [DEBUG] debug-file - Local scan or download HarmonyOS sdk components toolchains,ets,js,native,previewer
[2026-07-23T17:07:00.656] [DEBUG] debug-file - hvigorfile, no custom plugins were found in /Users/guoyutong/MyWorkSpace/TestThirdParty/cases/tinyxml2/harmony-demo/hvigorfile.ts
[2026-07-23T17:07:00.662] [DEBUG] debug-file - Target 'ohosTest' config initialized
[2026-07-23T17:07:00.665] [DEBUG] debug-file - Start to initialize dependency information.
[2026-07-23T17:07:00.675] [DEBUG] debug-file - Incremental task entry:ohosTest@PreBuild pre-execution cost: 1 ms .
[2026-07-23T17:07:00.669] [DEBUG] debug-file - Module entry's total dependency: 1
[2026-07-23T17:07:00.677] [DEBUG] debug-file - Incremental task entry:ohosTest@GenerateMetadata pre-execution cost: 1 ms .
[2026-07-23T17:07:00.119] [DEBUG] debug-file - no-daemon, use the parent process.execArgv --max-old-space-size=8192,--max-semi-space-size=16,--expose-gc
[2026-07-23T17:07:00.572] [DEBUG] debug-file - App plugin creating...
[2026-07-23T17:07:00.637] [DEBUG] debug-file - End initialize project's product build option map with build mode 'debug'.
[2026-07-23T17:07:00.640] [DEBUG] debug-file - Local scan or download hmscore sdk components toolchains,ets,native
[2026-07-23T17:07:00.656] [DEBUG] debug-file - hvigorfile, resolve finished /Users/guoyutong/MyWorkSpace/TestThirdParty/cases/tinyxml2/harmony-demo/hvigorfile.ts
[2026-07-23T17:07:00.662] [DEBUG] debug-file - Module 'entry' target 'default' build option initialized
[2026-07-23T17:07:00.667] [DEBUG] debug-file - Module harmony-demo Collected Dependency: 
[2026-07-23T17:07:00.675] [DEBUG] debug-file - entry : ohosTest@PreBuild cost memory 1.1573104858398438
[2026-07-23T17:07:00.670] [DEBUG] debug-file - Configuration phase cost:451 ms 
[2026-07-23T17:07:00.678] [DEBUG] debug-file - entry : ohosTest@GenerateMetadata cost memory 0.500244140625
[2026-07-23T17:07:00.683] [DEBUG] debug-file - Executing task :entry:ohosTest@CreateBuildProfile
[2026-07-23T17:07:00.684] [DEBUG] debug-file - Executing task :entry:ohosTest@PreCheckSyscap
[2026-07-23T17:07:00.690] [DEBUG] debug-file - Executing task :entry:ohosTest@ProcessIntegratedHsp
[2026-07-23T17:07:00.684] [DEBUG] debug-file - Executing task :entry:ohosTest@GeneratePkgContextInfo
[2026-07-23T17:07:00.690] [DEBUG] debug-file - Executing task :entry:ohosTest@BuildNativeWithCmake
[2026-07-23T17:07:00.691] [DEBUG] debug-file - Use tool [Cmake]
 [
  '/Users/guoyutong/command-line-tools/sdk/default/openharmony/native/build-tools/cmake/bin/cmake',
  '-H/Users/guoyutong/MyWorkSpace/TestThirdParty/cases/tinyxml2/harmony-demo/entry/src/ohosTest/cpp',
  '-B/Users/guoyutong/MyWorkSpace/TestThirdParty/cases/tinyxml2/harmony-demo/entry/.cxx/default/ohosTest/debug/arm64-v8a',
  '-DOHOS_ARCH=arm64-v8a',
  '-DCMAKE_LIBRARY_OUTPUT_DIRECTORY=/Users/guoyutong/MyWorkSpace/TestThirdParty/cases/tinyxml2/harmony-demo/entry/build/default/intermediates/cmake/ohosTest/obj/arm64-v8a',
  '-DCMAKE_BUILD_TYPE=Debug',
  '-DOHOS_SDK_NATIVE=/Users/guoyutong/command-line-tools/sdk/default/openharmony/native',
  '-DCMAKE_SYSTEM_NAME=OHOS',
  '-DCMAKE_OHOS_ARCH_ABI=arm64-v8a',
  '-DCMAKE_EXPORT_COMPILE_COMMANDS=ON',
  '-DCMAKE_TOOLCHAIN_FILE=/Users/guoyutong/command-line-tools/sdk/default/hms/native/build/cmake/hmos.toolchain.cmake',
  '-GNinja',
  '-DCMAKE_MAKE_PROGRAM=/Users/guoyutong/command-line-tools/sdk/default/openharmony/native/build-tools/cmake/bin/ninja',
  '-DCMAKE_FIND_ROOT_PATH=/Users/guoyutong/MyWorkSpace/TestThirdParty/cases/tinyxml2/harmony-demo/entry/.cxx/default/ohosTest/debug/hvigor/arm64-v8a',
  '-DPACKAGE_FIND_FILE=/Users/guoyutong/MyWorkSpace/TestThirdParty/cases/tinyxml2/harmony-demo/entry/.cxx/default/ohosTest/debug/hvigor/arm64-v8a/summary.cmake',
  '--no-warn-unused-cli',
  '-DCMAKE_CXX_FLAGS=-std=c++17',
  '-DHMOS_SDK_NATIVE=/Users/guoyutong/command-line-tools/sdk/default/hms/native'
]
[2026-07-23T17:07:00.656] [DEBUG] debug-file - hvigorfile, resolving /Users/guoyutong/MyWorkSpace/TestThirdParty/cases/tinyxml2/harmony-demo/entry/hvigorfile.ts
[2026-07-23T17:07:00.662] [DEBUG] debug-file - Module 'entry' target 'ohosTest' build option initialized
[2026-07-23T17:07:00.667] [DEBUG] debug-file - Module harmony-demo's total dependency: 0
[2026-07-23T17:07:00.676] [INFO] debug-file - UP-TO-DATE :entry:ohosTest@PreBuild...  
[2026-07-23T17:07:00.670] [DEBUG] debug-file - Configuration task cost before running: 456 ms 
[2026-07-23T17:07:00.678] [INFO] debug-file - UP-TO-DATE :entry:ohosTest@GenerateMetadata...  
[2026-07-23T17:07:00.683] [DEBUG] debug-file - Task 'entry:ohosTest@CreateBuildProfile' cost while wrapping incremental declarations: 1 ms 
[2026-07-23T17:07:00.684] [DEBUG] debug-file - entry : ohosTest@PreCheckSyscap cost memory 0.0199737548828125
[2026-07-23T17:07:00.690] [DEBUG] debug-file - entry:ohosTest@ProcessIntegratedHsp is not up-to-date, since the output file '/Users/guoyutong/MyWorkSpace/TestThirdParty/cases/tinyxml2/harmony-demo/build/cache/default/integrated_hsp/integratedHspCache.json' does not exist.
[2026-07-23T17:07:00.687] [DEBUG] debug-file - Task 'entry:ohosTest@GeneratePkgContextInfo' cost while wrapping incremental declarations: 1 ms 
[2026-07-23T17:07:00.659] [DEBUG] debug-file - hvigorfile, require result:  { default: { system: [Function: hapTasks], plugins: [] } }
[2026-07-23T17:07:00.662] [DEBUG] debug-file - End initialize module-target build option map, moduleName=entry
[2026-07-23T17:07:00.676] [DEBUG] debug-file - Executing task :entry:ohosTest@CreateModuleInfo
[2026-07-23T17:07:00.678] [DEBUG] debug-file - Executing task :entry:ohosTest@ConfigureCmake
[2026-07-23T17:07:00.683] [DEBUG] debug-file - Incremental task entry:ohosTest@CreateBuildProfile pre-execution cost: 1 ms .
[2026-07-23T17:07:00.690] [DEBUG] debug-file - Incremental task entry:ohosTest@ProcessIntegratedHsp pre-execution cost: 1 ms .
[2026-07-23T17:07:00.684] [DEBUG] debug-file - runTaskFromQueue task cost before running: 470 ms 
[2026-07-23T17:07:00.687] [DEBUG] debug-file - entry : ohosTest@GeneratePkgContextInfo cost memory 0.5215682983398438
[2026-07-23T17:07:00.659] [DEBUG] debug-file - hvigorfile, binding system plugins [Function: hapTasks]
[2026-07-23T17:07:00.662] [DEBUG] debug-file - Start initialize module-target build option map, moduleName=entry, buildMode=release
[2026-07-23T17:07:00.676] [DEBUG] debug-file - Task 'entry:ohosTest@CreateModuleInfo' cost while wrapping incremental declarations: 1 ms 
[2026-07-23T17:07:00.682] [DEBUG] debug-file - entry : ohosTest@ConfigureCmake cost memory 1.5113067626953125
[2026-07-23T17:07:00.683] [DEBUG] debug-file - entry : ohosTest@CreateBuildProfile cost memory 0.11432647705078125
[2026-07-23T17:07:00.690] [DEBUG] debug-file - entry : ohosTest@ProcessIntegratedHsp cost memory 0.0616455078125
[2026-07-23T17:07:00.684] [INFO] debug-file - Finished :entry:ohosTest@PreCheckSyscap... after 1 ms 
[2026-07-23T17:07:00.687] [DEBUG] debug-file - runTaskFromQueue task cost before running: 473 ms 
[2026-07-23T17:07:00.659] [DEBUG] debug-file - Starting plugin build process
[2026-07-23T17:07:00.662] [DEBUG] debug-file - Target 'default' config initialized
[2026-07-23T17:07:00.676] [DEBUG] debug-file - entry : ohosTest@CreateModuleInfo cost memory 0.0591888427734375
[2026-07-23T17:07:00.682] [DEBUG] debug-file - runTaskFromQueue task cost before running: 467 ms 
[2026-07-23T17:07:00.683] [INFO] debug-file - UP-TO-DATE :entry:ohosTest@CreateBuildProfile...  
[2026-07-23T17:07:00.690] [DEBUG] debug-file - runTaskFromQueue task cost before running: 476 ms 
[2026-07-23T17:07:00.687] [INFO] debug-file - Finished :entry:ohosTest@GeneratePkgContextInfo... after 4 ms 
[2026-07-23T17:07:00.659] [DEBUG] debug-file - Hap plugin creating...
[2026-07-23T17:07:00.662] [DEBUG] debug-file - Target 'ohosTest' config initialized
[2026-07-23T17:07:00.676] [DEBUG] debug-file - runTaskFromQueue task cost before running: 462 ms 
[2026-07-23T17:07:00.682] [INFO] debug-file - Finished :entry:ohosTest@ConfigureCmake... after 4 ms 
[2026-07-23T17:07:00.690] [INFO] debug-file - Finished :entry:ohosTest@ProcessIntegratedHsp... after 1 ms 
[2026-07-23T17:07:00.688] [DEBUG] debug-file - Executing task :entry:ohosTest@GeneratePkgSdkInfo
[2026-07-23T17:07:00.662] [DEBUG] debug-file - Module 'entry' target 'default' build option initialized
[2026-07-23T17:07:00.677] [INFO] debug-file - Finished :entry:ohosTest@CreateModuleInfo... after 1 ms 
[2026-07-23T17:07:00.682] [DEBUG] debug-file - Executing task :entry:ohosTest@MergeProfile
[2026-07-23T17:07:00.688] [DEBUG] debug-file - Task 'entry:ohosTest@GeneratePkgSdkInfo' cost while wrapping incremental declarations: 1 ms 
[2026-07-23T17:07:00.662] [DEBUG] debug-file - Module 'entry' target 'ohosTest' build option initialized
[2026-07-23T17:07:00.682] [DEBUG] debug-file - Task 'entry:ohosTest@MergeProfile' cost while wrapping incremental declarations: 1 ms 
[2026-07-23T17:07:00.689] [DEBUG] debug-file - Incremental task entry:ohosTest@GeneratePkgSdkInfo pre-execution cost: 1 ms .
[2026-07-23T17:07:00.662] [DEBUG] debug-file - End initialize module-target build option map, moduleName=entry
[2026-07-23T17:07:00.683] [DEBUG] debug-file - Incremental task entry:ohosTest@MergeProfile pre-execution cost: 1 ms .
[2026-07-23T17:07:00.689] [DEBUG] debug-file - entry : ohosTest@GeneratePkgSdkInfo cost memory 0.00788116455078125
[2026-07-23T17:07:00.662] [DEBUG] debug-file - Start initialize module-target build option map, moduleName=entry, buildMode=debug
[2026-07-23T17:07:00.683] [DEBUG] debug-file - entry : ohosTest@MergeProfile cost memory 0.1392059326171875
[2026-07-23T17:07:00.689] [INFO] debug-file - UP-TO-DATE :entry:ohosTest@GeneratePkgSdkInfo...  
[2026-07-23T17:07:00.662] [DEBUG] debug-file - Target 'default' config initialized
[2026-07-23T17:07:00.683] [INFO] debug-file - UP-TO-DATE :entry:ohosTest@MergeProfile...  
[2026-07-23T17:07:00.662] [DEBUG] debug-file - Target 'ohosTest' config initialized
[2026-07-23T17:07:00.662] [DEBUG] debug-file - Module 'entry' target 'default' build option initialized
[2026-07-23T17:07:00.662] [DEBUG] debug-file - Module 'entry' target 'ohosTest' build option initialized
[2026-07-23T17:07:00.662] [DEBUG] debug-file - End initialize module-target build option map, moduleName=entry
[2026-07-23T17:07:00.662] [DEBUG] debug-file - Obtain build option for module 'entry' target 'ohosTest'in this build.
[2026-07-23T17:07:00.664] [DEBUG] debug-file - Module entry task initialization takes 2 ms 
[2026-07-23T17:07:00.664] [DEBUG] debug-file - Hap plugin register hook start...
[2026-07-23T17:07:00.664] [DEBUG] debug-file - Hap plugin register hook end...
[2026-07-23T17:07:00.664] [DEBUG] debug-file - Plugin build process completed
[2026-07-23T17:07:00.664] [DEBUG] debug-file - hvigorfile, begin to bind custom plugins...
[2026-07-23T17:07:00.664] [DEBUG] debug-file - hvigorfile, no custom plugins were found in /Users/guoyutong/MyWorkSpace/TestThirdParty/cases/tinyxml2/harmony-demo/entry/hvigorfile.ts
[2026-07-23T17:07:00.664] [DEBUG] debug-file - hvigorfile, resolve finished /Users/guoyutong/MyWorkSpace/TestThirdParty/cases/tinyxml2/harmony-demo/entry/hvigorfile.ts
[2026-07-23T17:07:00.693] [DEBUG] debug-file - CMake configuration was up-to-date
[2026-07-23T17:07:00.695] [DEBUG] debug-file - Use tool [Cmake]
 [
  '/Users/guoyutong/command-line-tools/sdk/default/openharmony/native/build-tools/cmake/bin/cmake',
  '-H/Users/guoyutong/MyWorkSpace/TestThirdParty/cases/tinyxml2/harmony-demo/entry/src/ohosTest/cpp',
  '-B/Users/guoyutong/MyWorkSpace/TestThirdParty/cases/tinyxml2/harmony-demo/entry/.cxx/default/ohosTest/debug/x86_64',
  '-DOHOS_ARCH=x86_64',
  '-DCMAKE_LIBRARY_OUTPUT_DIRECTORY=/Users/guoyutong/MyWorkSpace/TestThirdParty/cases/tinyxml2/harmony-demo/entry/build/default/intermediates/cmake/ohosTest/obj/x86_64',
  '-DCMAKE_BUILD_TYPE=Debug',
  '-DOHOS_SDK_NATIVE=/Users/guoyutong/command-line-tools/sdk/default/openharmony/native',
  '-DCMAKE_SYSTEM_NAME=OHOS',
  '-DCMAKE_OHOS_ARCH_ABI=x86_64',
  '-DCMAKE_EXPORT_COMPILE_COMMANDS=ON',
  '-DCMAKE_TOOLCHAIN_FILE=/Users/guoyutong/command-line-tools/sdk/default/hms/native/build/cmake/hmos.toolchain.cmake',
  '-GNinja',
  '-DCMAKE_MAKE_PROGRAM=/Users/guoyutong/command-line-tools/sdk/default/openharmony/native/build-tools/cmake/bin/ninja',
  '-DCMAKE_FIND_ROOT_PATH=/Users/guoyutong/MyWorkSpace/TestThirdParty/cases/tinyxml2/harmony-demo/entry/.cxx/default/ohosTest/debug/hvigor/x86_64',
  '-DPACKAGE_FIND_FILE=/Users/guoyutong/MyWorkSpace/TestThirdParty/cases/tinyxml2/harmony-demo/entry/.cxx/default/ohosTest/debug/hvigor/x86_64/summary.cmake',
  '--no-warn-unused-cli',
  '-DCMAKE_CXX_FLAGS=-std=c++17',
  '-DHMOS_SDK_NATIVE=/Users/guoyutong/command-line-tools/sdk/default/hms/native'
]
[2026-07-23T17:07:00.696] [DEBUG] debug-file - CMake configuration was up-to-date
[2026-07-23T17:07:00.696] [DEBUG] debug-file - entry : ohosTest@BuildNativeWithCmake cost memory -8.447952270507812
[2026-07-23T17:07:00.696] [DEBUG] debug-file - runTaskFromQueue task cost before running: 482 ms 
[2026-07-23T17:07:00.696] [DEBUG] debug-file - Executing task :entry:ohosTest@MakePackInfo
[2026-07-23T17:07:00.704] [DEBUG] debug-file - Executing task :entry:ohosTest@ProcessProfile
[2026-07-23T17:07:00.697] [DEBUG] debug-file - Executing task :entry:ohosTest@SyscapTransform
[2026-07-23T17:07:00.706] [DEBUG] debug-file - Executing task :entry:ohosTest@ProcessShareConfig
[2026-07-23T17:07:00.707] [DEBUG] debug-file - Executing task :entry:ohosTest@ProcessStartupConfig
[2026-07-23T17:07:00.696] [INFO] debug-file - Finished :entry:ohosTest@BuildNativeWithCmake... after 6 ms 
[2026-07-23T17:07:00.707] [DEBUG] debug-file - Executing task :entry:ohosTest@BuildNativeWithNinja
[2026-07-23T17:07:00.697] [DEBUG] debug-file - Incremental task entry:ohosTest@MakePackInfo pre-execution cost: 1 ms .
[2026-07-23T17:07:00.704] [DEBUG] debug-file - Task 'entry:ohosTest@ProcessProfile' cost while wrapping incremental declarations: 1 ms 
[2026-07-23T17:07:00.697] [DEBUG] debug-file - File: '/Users/guoyutong/MyWorkSpace/TestThirdParty/cases/tinyxml2/harmony-demo/entry/src/ohosTest/syscap.json' from 'sysCapJsonPath' is not exists, just ignore.
[2026-07-23T17:07:00.705] [DEBUG] debug-file - Executing task :entry:ohosTest@ProcessRouterMap
[2026-07-23T17:07:00.706] [DEBUG] debug-file - Incremental task entry:ohosTest@ProcessShareConfig pre-execution cost: 1 ms .
[2026-07-23T17:07:00.707] [DEBUG] debug-file - Task 'entry:ohosTest@ProcessStartupConfig' cost while wrapping incremental declarations: 1 ms 
[2026-07-23T17:07:00.697] [DEBUG] debug-file - entry : ohosTest@MakePackInfo cost memory 0.12558746337890625
[2026-07-23T17:07:00.704] [DEBUG] debug-file - Incremental task entry:ohosTest@ProcessProfile pre-execution cost: 1 ms .
[2026-07-23T17:07:00.697] [DEBUG] debug-file - Task 'entry:ohosTest@SyscapTransform' cost while wrapping incremental declarations: 1 ms 
[2026-07-23T17:07:00.705] [DEBUG] debug-file - Incremental task entry:ohosTest@ProcessRouterMap pre-execution cost: 1 ms .
[2026-07-23T17:07:00.706] [DEBUG] debug-file - entry : ohosTest@ProcessShareConfig cost memory 0.45757293701171875
[2026-07-23T17:07:00.707] [DEBUG] debug-file - entry:ohosTest@ProcessStartupConfig is not up-to-date, since the output file '/Users/guoyutong/MyWorkSpace/TestThirdParty/cases/tinyxml2/harmony-demo/entry/build/default/intermediates/startup/ohosTest/startup_config.json' does not exist.
[2026-07-23T17:07:00.697] [INFO] debug-file - UP-TO-DATE :entry:ohosTest@MakePackInfo...  
[2026-07-23T17:07:00.704] [DEBUG] debug-file - entry : ohosTest@ProcessProfile cost memory 0.1516876220703125
[2026-07-23T17:07:00.703] [DEBUG] debug-file - entry:ohosTest@SyscapTransform is not up-to-date, since the output file '/Users/guoyutong/MyWorkSpace/TestThirdParty/cases/tinyxml2/harmony-demo/entry/build/default/intermediates/syscap/ohosTest/rpcid.sc' does not exist.
[2026-07-23T17:07:00.705] [DEBUG] debug-file - entry : ohosTest@ProcessRouterMap cost memory 0.1265716552734375
[2026-07-23T17:07:00.707] [DEBUG] debug-file - Incremental task entry:ohosTest@ProcessStartupConfig pre-execution cost: 1 ms .
[2026-07-23T17:07:00.706] [INFO] debug-file - UP-TO-DATE :entry:ohosTest@ProcessShareConfig...  
[2026-07-23T17:07:00.704] [INFO] debug-file - UP-TO-DATE :entry:ohosTest@ProcessProfile...  
[2026-07-23T17:07:00.703] [DEBUG] debug-file - Incremental task entry:ohosTest@SyscapTransform pre-execution cost: 6 ms .
[2026-07-23T17:07:00.705] [INFO] debug-file - UP-TO-DATE :entry:ohosTest@ProcessRouterMap...  
[2026-07-23T17:07:00.707] [DEBUG] debug-file - entry : ohosTest@ProcessStartupConfig cost memory 0.09079742431640625
[2026-07-23T17:07:00.703] [DEBUG] debug-file - entry : ohosTest@SyscapTransform cost memory 0.12712860107421875
[2026-07-23T17:07:00.707] [DEBUG] debug-file - runTaskFromQueue task cost before running: 493 ms 
[2026-07-23T17:07:00.703] [DEBUG] debug-file - runTaskFromQueue task cost before running: 489 ms 
[2026-07-23T17:07:00.707] [INFO] debug-file - Finished :entry:ohosTest@ProcessStartupConfig... after 1 ms 
[2026-07-23T17:07:00.703] [INFO] debug-file - Finished :entry:ohosTest@SyscapTransform... after 6 ms 
[2026-07-23T17:07:00.708] [DEBUG] debug-file - Use tool [Ninja]
 [
  '/Users/guoyutong/command-line-tools/sdk/default/openharmony/native/build-tools/cmake/bin/ninja',
  '-C',
  '/Users/guoyutong/MyWorkSpace/TestThirdParty/cases/tinyxml2/harmony-demo/entry/.cxx/default/ohosTest/debug/arm64-v8a'
]
[2026-07-23T17:07:00.708] [DEBUG] debug-file - Since there is no instance or instance is terminated, create a new worker pool.
[2026-07-23T17:07:00.708] [DEBUG] debug-file - Create  resident worker with id: 0.
[2026-07-23T17:07:00.714] [DEBUG] debug-file - OHOS_STL is c++_shared
[2026-07-23T17:07:00.708] [DEBUG] debug-file - Worker pool is initialized with config:  {
  minPoolNum: 2,
  maxPoolNum: undefined,
  maxCoreSize: undefined,
  cacheCapacity: undefined,
  cacheTtl: undefined
}
[2026-07-23T17:07:00.709] [DEBUG] debug-file - Create  resident worker with id: 1.
[2026-07-23T17:07:00.714] [DEBUG] debug-file - Copy STL libc++_shared.so to /Users/guoyutong/MyWorkSpace/TestThirdParty/cases/tinyxml2/harmony-demo/entry/build/default/intermediates/cmake/ohosTest/obj/arm64-v8a due to OHOS_STL is 'c++_shared'
[2026-07-23T17:07:00.710] [DEBUG] debug-file - ohosTest@BuildNativeWithNinja work[0] is submitted.
[2026-07-23T17:07:00.715] [DEBUG] debug-file - Use tool [Ninja]
 [
  '/Users/guoyutong/command-line-tools/sdk/default/openharmony/native/build-tools/cmake/bin/ninja',
  '-C',
  '/Users/guoyutong/MyWorkSpace/TestThirdParty/cases/tinyxml2/harmony-demo/entry/.cxx/default/ohosTest/debug/x86_64'
]
[2026-07-23T17:07:00.710] [DEBUG] debug-file - ohosTest@BuildNativeWithNinja work[0] is pushed to ready queue.
[2026-07-23T17:07:00.715] [DEBUG] debug-file - ohosTest@BuildNativeWithNinja work[1] is submitted.
[2026-07-23T17:07:00.710] [DEBUG] debug-file - A work dispatched to worker[9] failed because unable to get work from ready queue.
[2026-07-23T17:07:00.715] [DEBUG] debug-file - ohosTest@BuildNativeWithNinja work[1] is pushed to ready queue.
[2026-07-23T17:07:00.710] [DEBUG] debug-file - Create  resident worker with id: 8.
[2026-07-23T17:07:00.715] [DEBUG] debug-file - A work dispatched to worker[9] failed because unable to get work from ready queue.
[2026-07-23T17:07:00.710] [DEBUG] debug-file - ohosTest@BuildNativeWithNinja work[0] has been dispatched to worker[8].
[2026-07-23T17:07:00.720] [DEBUG] debug-file - Executing task :entry:ohosTest@ProcessResource
[2026-07-23T17:07:00.715] [DEBUG] debug-file - A work dispatched to worker[8] failed because of worker busy.
[2026-07-23T17:07:00.722] [DEBUG] debug-file - Executing task :entry:ohosTest@GenerateLoaderJson
[2026-07-23T17:07:00.725] [DEBUG] debug-file - Executing task :entry:ohosTest@CompileResource
[2026-07-23T17:07:00.710] [DEBUG] debug-file - ohosTest@BuildNativeWithNinja work[0] is dispatched.
[2026-07-23T17:07:00.720] [DEBUG] debug-file - Task 'entry:ohosTest@ProcessResource' cost while wrapping incremental declarations: 1 ms 
[2026-07-23T17:07:00.715] [DEBUG] debug-file - Create  resident worker with id: 7.
[2026-07-23T17:07:00.722] [DEBUG] debug-file - Task 'entry:ohosTest@GenerateLoaderJson' cost while wrapping incremental declarations: 1 ms 
[2026-07-23T17:07:00.726] [DEBUG] debug-file - entry:ohosTest@CompileResource is not up-to-date, since the input file '/Users/guoyutong/MyWorkSpace/TestThirdParty/cases/tinyxml2/harmony-demo/entry/src/ohosTest/resources' has been changed.
[2026-07-23T17:07:00.720] [DEBUG] debug-file - Incremental task entry:ohosTest@ProcessResource pre-execution cost: 1 ms .
[2026-07-23T17:07:00.715] [DEBUG] debug-file - ohosTest@BuildNativeWithNinja work[1] has been dispatched to worker[7].
[2026-07-23T17:07:00.724] [DEBUG] debug-file - Incremental task entry:ohosTest@GenerateLoaderJson pre-execution cost: 1 ms .
[2026-07-23T17:07:00.726] [DEBUG] debug-file - Incremental task entry:ohosTest@CompileResource pre-execution cost: 1 ms .
[2026-07-23T17:07:00.728] [DEBUG] debug-file - current process  memoryUsage: {
  rss: 311263232,
  heapTotal: 161153024,
  heapUsed: 134752344,
  external: 3867672,
  arrayBuffers: 52521
} os memoryUsage :15.39959716796875
[2026-07-23T17:07:00.720] [DEBUG] debug-file - entry : ohosTest@ProcessResource cost memory 0.1383209228515625
[2026-07-23T17:07:00.715] [DEBUG] debug-file - ohosTest@BuildNativeWithNinja work[1] is dispatched.
[2026-07-23T17:07:00.724] [DEBUG] debug-file - entry : ohosTest@GenerateLoaderJson cost memory 0.36316680908203125
[2026-07-23T17:07:00.727] [DEBUG] debug-file - Use tool [/Users/guoyutong/command-line-tools/sdk/default/openharmony/toolchains/restool]
 [
  '/Users/guoyutong/command-line-tools/sdk/default/openharmony/toolchains/restool',
  '-l',
  '/Users/guoyutong/MyWorkSpace/TestThirdParty/cases/tinyxml2/harmony-demo/entry/build/default/intermediates/res/ohosTest/resConfig.json'
]
[2026-07-23T17:07:00.721] [INFO] debug-file - UP-TO-DATE :entry:ohosTest@ProcessResource...  
[2026-07-23T17:07:00.718] [DEBUG] debug-file - OHOS_STL is c++_shared
[2026-07-23T17:07:00.724] [INFO] debug-file - UP-TO-DATE :entry:ohosTest@GenerateLoaderJson...  
[2026-07-23T17:07:00.718] [DEBUG] debug-file - Copy STL libc++_shared.so to /Users/guoyutong/MyWorkSpace/TestThirdParty/cases/tinyxml2/harmony-demo/entry/build/default/intermediates/cmake/ohosTest/obj/x86_64 due to OHOS_STL is 'c++_shared'
[2026-07-23T17:07:00.724] [DEBUG] debug-file - restool module names: entry,entry_test; moduleName=entry, taskName=ohosTest@CompileResource
[2026-07-23T17:07:00.719] [DEBUG] debug-file - entry : ohosTest@BuildNativeWithNinja cost memory 3.472808837890625
[2026-07-23T17:07:00.719] [DEBUG] debug-file - restool module names: entry,entry_test; moduleName=entry, taskName=ohosTest@ProcessResource
[2026-07-23T17:07:00.749] [DEBUG] debug-file - Info: Pack: normal pack mode

[2026-07-23T17:07:00.860] [DEBUG] debug-file - Info: hardware concurrency count is : 10
Info: thread count is : 10

[2026-07-23T17:07:00.860] [DEBUG] debug-file - Info: thread pool is started

[2026-07-23T17:07:00.861] [DEBUG] debug-file - Info: GenericCompiler::CompileFiles

[2026-07-23T17:07:00.863] [DEBUG] debug-file - Info: GenericCompiler::CompileFiles

[2026-07-23T17:07:00.864] [DEBUG] debug-file - Info: GenericCompiler::CompileFiles

[2026-07-23T17:07:00.865] [DEBUG] debug-file - 07-23 17:07:00.865 37730 12067557 I C01400/SvgDecodeUtils: SvgDecodeUtils::IsSvgFormat probe svg format, path:/Users/guoyutong/MyWorkSpace/TestThirdParty/cases/tinyxml2/harmony-demo/AppScope/resources/base/media/app_icon.png.

[2026-07-23T17:07:00.865] [DEBUG] debug-file - 07-23 17:07:00.865 37730 12067557 E C01400/ImageTranscoderUtils: DecodeToRGBA IN
07-23 17:07:00.865 37730 12067557 I C01400/SvgDecodeUtils: SvgDecodeUtils::IsSvgFormat probe svg format, path:/Users/guoyutong/MyWorkSpace/TestThirdParty/cases/tinyxml2/harmony-demo/AppScope/resources/base/media/app_icon.png.

[2026-07-23T17:07:00.865] [DEBUG] debug-file - 07-23 17:07:00.865 37730 12067557 E C01400/ImageTranscoderUtils: ImageFilter IN /Users/guoyutong/MyWorkSpace/TestThirdParty/cases/tinyxml2/harmony-demo/AppScope/resources/base/media/app_icon.png

[2026-07-23T17:07:00.891] [DEBUG] debug-file - Warning: The width or height of the png file referenced by the icon exceeds the limit (41 pixels)
at /Users/guoyutong/MyWorkSpace/TestThirdParty/cases/tinyxml2/harmony-demo/AppScope/resources/base/media/app_icon.png

[2026-07-23T17:07:00.891] [DEBUG] debug-file - Warning: The width or height of the png file referenced by the startWindowIcon exceeds the limit (144 pixels)
at /Users/guoyutong/MyWorkSpace/TestThirdParty/cases/tinyxml2/harmony-demo/AppScope/resources/base/media/app_icon.png

[2026-07-23T17:07:00.892] [DEBUG] debug-file - Info: restool resources compile success.

[2026-07-23T17:07:00.892] [DEBUG] debug-file - Info: thread pool is stopped

[2026-07-23T17:07:00.896] [DEBUG] debug-file - entry : ohosTest@CompileResource cost memory 0.7473831176757812
[2026-07-23T17:07:00.896] [DEBUG] debug-file - runTaskFromQueue task cost before running: 681 ms 
[2026-07-23T17:07:00.897] [DEBUG] debug-file - Executing task :entry:ohosTest@OhosTestCompileArkTS
[2026-07-23T17:07:00.904] [DEBUG] debug-file - Executing task :entry:ohosTest@OhosTestBuildJS
[2026-07-23T17:07:00.896] [INFO] debug-file - Finished :entry:ohosTest@CompileResource... after 171 ms 
[2026-07-23T17:07:00.897] [DEBUG] debug-file - obfuscationOptions: undefined
[2026-07-23T17:07:00.904] [DEBUG] debug-file - Task 'entry:ohosTest@OhosTestBuildJS' cost while wrapping incremental declarations: 1 ms 
[2026-07-23T17:07:00.898] [DEBUG] debug-file - Task 'entry:ohosTest@OhosTestCompileArkTS' cost while wrapping incremental declarations: 1 ms 
[2026-07-23T17:07:00.905] [DEBUG] debug-file - entry : ohosTest@OhosTestBuildJS cost memory 0.1551361083984375
[2026-07-23T17:07:00.899] [DEBUG] debug-file - entry:ohosTest@OhosTestCompileArkTS is not up-to-date, since the input file '/Users/guoyutong/MyWorkSpace/TestThirdParty/cases/tinyxml2/harmony-demo/entry/build/default/intermediates/res/ohosTest/ResourceTable.txt' has been changed.
[2026-07-23T17:07:00.905] [DEBUG] debug-file - runTaskFromQueue task cost before running: 690 ms 
[2026-07-23T17:07:00.899] [DEBUG] debug-file - Incremental task entry:ohosTest@OhosTestCompileArkTS pre-execution cost: 1 ms .
[2026-07-23T17:07:00.905] [INFO] debug-file - Finished :entry:ohosTest@OhosTestBuildJS... after 1 ms 
[2026-07-23T17:07:00.902] [DEBUG] debug-file - build config:
[2026-07-23T17:07:00.902] [DEBUG] debug-file - {
  moduleType: 'entry',
  perf: 0,
  targetName: '.ohosTest',
  packageManagerType: 'ohpm',
  localPropertiesPath: '/Users/guoyutong/MyWorkSpace/TestThirdParty/cases/tinyxml2/harmony-demo/local.properties',
  isPreview: false,
  isOhosTest: true,
  isLocalTest: false,
  buildMode: 'Debug',
  hotReloadBuild: undefined,
  watchMode: 'false',
  aceProfilePath: '/Users/guoyutong/MyWorkSpace/TestThirdParty/cases/tinyxml2/harmony-demo/entry/build/default/intermediates/res/ohosTest/resources/base/profile',
  etsLoaderPath: '/Users/guoyutong/command-line-tools/sdk/default/openharmony/ets/build-tools/ets-loader',
  modulePath: '/Users/guoyutong/MyWorkSpace/TestThirdParty/cases/tinyxml2/harmony-demo/entry',
  testFrameworkPar: {
    testMode: 'ohosTest',
    coveragePathFilter: undefined,
    coverageMode: undefined
  },
  needCoverageInsert: false,
  debugLine: false,
  projectTopDir: '/Users/guoyutong/MyWorkSpace/TestThirdParty/cases/tinyxml2/harmony-demo',
  compileSdkVersion: 26,
  compatibleSdkVersion: 26,
  originCompatibleSdkVersion: '26.0.0',
  compatibleSdkVersionStage: undefined,
  bundleName: 'c***2',
  etsLoaderVersion: '26.0.0.23',
  etsLoaderReleaseType: 'Beta1',
  aotCompileMode: 'type',
  apPath: '/Users/guoyutong/MyWorkSpace/TestThirdParty/cases/tinyxml2/harmony-demo/entry/modules.ap',
  entryModuleName: 'entry',
  entryModuleVersion: '1.0.0',
  entryPackageName: 'entry',
  allModuleNameHash: 'e71f65eca2aa57c317f34b9fe7823ba53d99ef3d7e7a3e20d577c7d7ed4bc82d',
  externalApiPaths: [ '/Users/guoyutong/command-line-tools/sdk/default/hms/ets' ],
  compilerTypes: [],
  isCrossplatform: false,
  hvigorPluginFile: undefined,
  compilePluginPath: undefined,
  buildGeneratedProfilePath: '/Users/guoyutong/MyWorkSpace/TestThirdParty/cases/tinyxml2/harmony-demo/entry/build/default/generated/profile/ohosTest',
  bundleType: 'app',
  arkTSVersion: undefined,
  apiVersion: 26,
  needCompleteSourcesMap: true,
  isFaMode: false,
  buildDir: '/Users/guoyutong/MyWorkSpace/TestThirdParty/cases/tinyxml2/harmony-demo/entry/build',
  deviceTypes: [ 'phone', 'tablet', '2in1' ],
  pkgContextInfo: undefined,
  ohPackagePathMap: {},
  dependencyAliasMap: {},
  permission: { requestPermissions: undefined, definePermissions: undefined },
  useGetCurrentBundleName: false,
  projectArkOption: undefined,
  sourceMapDir: undefined,
  branchElimination: false,
  transformLib: undefined,
  tsImportSendable: false,
  resolveConflictMode: true,
  depName2RootPath: {},
  depName2DepInfo: {},
  depName2OhExports: {},
  rootPathSet: [
    '/Users/guoyutong/MyWorkSpace/TestThirdParty/cases/tinyxml2/harmony-demo'
  ],
  useNativeResolver: true,
  shouldEmitJs: true,
  useUnifiedAst: false,
  useTscResolve: false,
  singleFileEmit: false,
  userProjectConfig: {
    autoLazyImport: false,
    allowEmptyBundleName: false,
    reExportCheckMode: 'noCheck',
    executionMode: 'memory',
    usePathPlaceholder: false,
    writeRollupCache: true,
    isExpandImportEnabled: false,
    expandImportExclude: '',
    lazyImportExclude: '',
    lazyImportInclude: '',
    ignoreCrossplatformCheck: false,
    isHarDeduplicateEnabled: false,
    skipOhModulesLint: false,
    enableStrictCheckOHModule: false,
    disableSendableCheckRules: [],
    useDeclarationFileSignature: false,
    customizedOptions: undefined,
    integratedHsp: false,
    tsImportSoCheck: false,
    isPreloadSoEnabled: false
  },
  executionMode: 'memory',
  arkCompileCachePath: '/Users/guoyutong/MyWorkSpace/TestThirdParty/cases/tinyxml2/harmony-demo/entry/build/default/cache/ohosTest/ohosTest@OhosTestCompileArkTS/esmodule',
  autoLazyFilter: undefined,
  isHarDeduplicateEnabled: false,
  intermediateHarDuplicateDirPath: '/Users/guoyutong/MyWorkSpace/TestThirdParty/cases/tinyxml2/harmony-demo/entry/build/default/intermediates/har_duplicate/ohosTest',
  autoLazyImport: false,
  allowEmptyBundleName: false,
  reExportCheckMode: 'noCheck',
  usePathPlaceholder: false,
  writeRollupCache: true,
  isExpandImportEnabled: false,
  expandImportExclude: '',
  lazyImportExclude: '',
  lazyImportInclude: '',
  ignoreCrossplatformCheck: false,
  skipOhModulesLint: false,
  enableStrictCheckOHModule: false,
  disableSendableCheckRules: [],
  useDeclarationFileSignature: false,
  customizedOptions: undefined,
  integratedHsp: false,
  tsImportSoCheck: false,
  isPreloadSoEnabled: false,
  strictMode: undefined,
  useNormalizedOHMUrl: false,
  caseSensitiveCheck: false,
  strictCheckerOnly: false,
  aceModuleJsonPath: '/Users/guoyutong/MyWorkSpace/TestThirdParty/cases/tinyxml2/harmony-demo/entry/build/default/intermediates/res/ohosTest/ark_module.json',
  appResource: '/Users/guoyutong/MyWorkSpace/TestThirdParty/cases/tinyxml2/harmony-demo/entry/build/default/intermediates/res/ohosTest/ResourceTable.txt',
  rawFileResource: '/Users/guoyutong/MyWorkSpace/TestThirdParty/cases/tinyxml2/harmony-demo/entry/build/default/intermediates/res/ohosTest/resources/rawfile',
  resourceTableHash: 'd949a5a203711d86d5a7abdcf4b3674564817d6c853cb034ed93650d438b6df3',
  runtimeOS: 'HarmonyOS',
  sdkInfo: 'false:26:26.0.0.23:Beta1',
  aceModuleRoot: '/Users/guoyutong/MyWorkSpace/TestThirdParty/cases/tinyxml2/harmony-demo/entry/src/ohosTest/ets',
  compileMode: 'esmodule',
  aceSuperVisualPath: '/Users/guoyutong/MyWorkSpace/TestThirdParty/cases/tinyxml2/harmony-demo/entry/src/ohosTest/supervisual',
  aceBuildJson: '/Users/guoyutong/MyWorkSpace/TestThirdParty/cases/tinyxml2/harmony-demo/entry/build/default/intermediates/loader/ohosTest/loader.json',
  cachePath: '/Users/guoyutong/MyWorkSpace/TestThirdParty/cases/tinyxml2/harmony-demo/entry/build/default/cache/ohosTest/ohosTest@OhosTestCompileArkTS/esmodule/debug',
  aceModuleBuild: '/Users/guoyutong/MyWorkSpace/TestThirdParty/cases/tinyxml2/harmony-demo/entry/build/default/intermediates/loader_out/ohosTest/ets',
  supportChunks: false,
  declaredFilesPath: undefined,
  shouldCollectDirectImportees: false,
  isByteCodeHarOptimize: false,
  expandImportPath: undefined,
  resourceTableTs: '/Users/guoyutong/MyWorkSpace/TestThirdParty/cases/tinyxml2/harmony-demo/entry/build/default/generated/r/ohosTest/ResourceTable.ts',
  moduleMetaInfoFiles: [
    {
      filePath: '/Users/guoyutong/MyWorkSpace/TestThirdParty/cases/tinyxml2/harmony-demo/entry/build/default/generated/r/ohosTest/ResourceTable.ts',
      ohmurl: 'com.thirdparty.validation.tinyxml2/entry/build/generated/r/ResourceTable'
    }
  ],
  pkgNameToPkgBriefInfo: {
    entry: {
      pkgRoot: '/Users/guoyutong/MyWorkSpace/TestThirdParty/cases/tinyxml2/harmony-demo/entry',
      originalSourceRoots: undefined,
      sourceRoots: [Array],
      pkgName: 'entry'
    }
  },
  projectModel: {
    '/Users/guoyutong/MyWorkSpace/TestThirdParty/cases/tinyxml2/harmony-demo/entry/src/main': {
      moduleName: 'entry',
      modulePkgPath: '/Users/guoyutong/MyWorkSpace/TestThirdParty/cases/tinyxml2/harmony-demo/entry',
      belongProjectPath: '/Users/guoyutong/MyWorkSpace/TestThirdParty/cases/tinyxml2/harmony-demo'
    },
    '/Users/guoyutong/MyWorkSpace/TestThirdParty/cases/tinyxml2/harmony-demo/entry/src/ohosTest': {
      moduleName: 'entry_test',
      modulePkgPath: '/Users/guoyutong/MyWorkSpace/TestThirdParty/cases/tinyxml2/harmony-demo/entry',
      belongProjectPath: '/Users/guoyutong/MyWorkSpace/TestThirdParty/cases/tinyxml2/harmony-demo'
    },
    '/Users/guoyutong/MyWorkSpace/TestThirdParty/cases/tinyxml2/harmony-demo/entry': {
      moduleName: 'entry',
      modulePkgPath: '/Users/guoyutong/MyWorkSpace/TestThirdParty/cases/tinyxml2/harmony-demo/entry',
      belongProjectPath: '/Users/guoyutong/MyWorkSpace/TestThirdParty/cases/tinyxml2/harmony-demo'
    },
    '/Users/guoyutong/MyWorkSpace/TestThirdParty/cases/tinyxml2/harmony-demo': {
      moduleName: 'harmony-demo',
      modulePkgPath: '/Users/guoyutong/MyWorkSpace/TestThirdParty/cases/tinyxml2/harmony-demo',
      belongProjectPath: '/Users/guoyutong/MyWorkSpace/TestThirdParty/cases/tinyxml2/harmony-demo'
    }
  },
  pkgJsonFileHash: '8519713dbe917935f72df9fefd8b67ca846046fdb729f87772c82524c1f894c7',
  allModulePaths: [
    '/Users/guoyutong/MyWorkSpace/TestThirdParty/cases/tinyxml2/harmony-demo/entry'
  ],
  routerMap: {},
  obfuscationOptions: undefined,
  byteCodeHarToDependencyKeys: undefined,
  compileBlockPkg: [],
  mockParams: {
    decorator: '@MockSetup',
    packageName: '@ohos/hamock',
    etsSourceRootPath: 'src/main/ets',
    mockConfigPath: undefined,
    mockConfigKey2ModuleInfo: {},
    source2ModuleIdMap: {}
  },
  copyCodeResourceEnable: true,
  copyCodeResourceExcludes: [],
  copyCodeResourceIncludes: undefined,
  uiTransformOptimization: false,
  sdkPath: '/Users/guoyutong/command-line-tools/sdk',
  needPreloadSoFileSet: {},
  preloadSoFilePath: '/Users/guoyutong/MyWorkSpace/TestThirdParty/cases/tinyxml2/harmony-demo/entry/build/default/intermediates/preload/ohosTest/preload.json',
  useSourceHash: false,
  localModuleParamMap: {},
  otherPaths: {
    'entry/*': [
      '../../main/*',
      '../../../build/default/generated/profile/ohosTest/*'
    ]
  },
  collectImportersConfig: undefined
}
[2026-07-23T17:07:00.902] [DEBUG] debug-file - Compile arkts with external api path: /Users/guoyutong/command-line-tools/sdk/default/hms/ets
[2026-07-23T17:07:00.903] [DEBUG] debug-file - ohosTest@OhosTestCompileArkTS work[2] is submitted.
[2026-07-23T17:07:00.903] [DEBUG] debug-file - ohosTest@OhosTestCompileArkTS work[2] is pushed to ready queue.
[2026-07-23T17:07:00.903] [DEBUG] debug-file - A work dispatched to worker[9] failed because unable to get work from ready queue.
[2026-07-23T17:07:00.903] [DEBUG] debug-file - A work dispatched to worker[8] failed because of worker busy.
[2026-07-23T17:07:00.903] [DEBUG] debug-file - A work dispatched to worker[7] failed because of worker busy.
[2026-07-23T17:07:00.903] [DEBUG] debug-file - A work dispatched to worker[6] failed because unable to get work from ready queue.
[2026-07-23T17:07:00.903] [DEBUG] debug-file - A work dispatched to worker[5] failed because unable to get work from ready queue.
[2026-07-23T17:07:00.903] [DEBUG] debug-file - Create  resident worker with id: 4.
[2026-07-23T17:07:00.903] [DEBUG] debug-file - ohosTest@OhosTestCompileArkTS work[2] has been dispatched to worker[4].
[2026-07-23T17:07:00.903] [DEBUG] debug-file - ohosTest@OhosTestCompileArkTS work[2] is dispatched.
[2026-07-23T17:07:00.903] [DEBUG] debug-file - CopyResources startTime: 806620610318458
[2026-07-23T17:07:00.903] [DEBUG] debug-file - ohosTest@OhosTestCompileArkTS work[3] is submitted.
[2026-07-23T17:07:00.903] [DEBUG] debug-file - ohosTest@OhosTestCompileArkTS work[3] is pushed to ready queue.
[2026-07-23T17:07:00.903] [DEBUG] debug-file - A work dispatched to worker[9] failed because unable to get work from ready queue.
[2026-07-23T17:07:00.903] [DEBUG] debug-file - A work dispatched to worker[8] failed because of worker busy.
[2026-07-23T17:07:00.903] [DEBUG] debug-file - A work dispatched to worker[7] failed because of worker busy.
[2026-07-23T17:07:00.903] [DEBUG] debug-file - Create  resident worker with id: 6.
[2026-07-23T17:07:00.903] [DEBUG] debug-file - ohosTest@OhosTestCompileArkTS work[3] has been dispatched to worker[6].
[2026-07-23T17:07:00.903] [DEBUG] debug-file - ohosTest@OhosTestCompileArkTS work[3] is dispatched.
[2026-07-23T17:07:00.903] [DEBUG] debug-file - entry : ohosTest@OhosTestCompileArkTS cost memory 1.8276214599609375
[2026-07-23T17:07:01.039] [DEBUG] debug-file - ninja: Entering directory `/Users/guoyutong/MyWorkSpace/TestThirdParty/cases/tinyxml2/harmony-demo/entry/.cxx/default/ohosTest/debug/x86_64'

[2026-07-23T17:07:01.042] [DEBUG] debug-file - ninja: no work to do.

[2026-07-23T17:07:01.046] [DEBUG] debug-file - ninja: Entering directory `/Users/guoyutong/MyWorkSpace/TestThirdParty/cases/tinyxml2/harmony-demo/entry/.cxx/default/ohosTest/debug/arm64-v8a'
ninja: no work to do.

[2026-07-23T17:07:01.043] [DEBUG] debug-file - worker[7] has one work done.
[2026-07-23T17:07:01.050] [DEBUG] debug-file - ohosTest@BuildNativeWithNinja work[1] done.
[2026-07-23T17:07:01.054] [DEBUG] debug-file - Executing task :entry:ohosTest@ProcessLibs
[2026-07-23T17:07:01.050] [DEBUG] debug-file - worker[8] has one work done.
[2026-07-23T17:07:01.062] [DEBUG] debug-file - Check content hash for /Users/guoyutong/MyWorkSpace/TestThirdParty/cases/tinyxml2/harmony-demo/entry/build/default/intermediates/cmake/ohosTest/obj/x86_64/libtinyxml2.a
[2026-07-23T17:07:01.053] [DEBUG] debug-file - ohosTest@BuildNativeWithNinja work[0] done.
[2026-07-23T17:07:01.053] [INFO] debug-file - Finished :entry:ohosTest@BuildNativeWithNinja... after 25 ms 
[2026-07-23T17:07:01.064] [DEBUG] debug-file - Check content hash for /Users/guoyutong/MyWorkSpace/TestThirdParty/cases/tinyxml2/harmony-demo/entry/build/default/intermediates/cmake/ohosTest/obj/x86_64/libentry_test.so
[2026-07-23T17:07:01.072] [DEBUG] debug-file - Check content hash for /Users/guoyutong/MyWorkSpace/TestThirdParty/cases/tinyxml2/harmony-demo/entry/build/default/intermediates/cmake/ohosTest/obj/x86_64/libc++_shared.so
[2026-07-23T17:07:01.075] [DEBUG] debug-file - Check content hash for /Users/guoyutong/MyWorkSpace/TestThirdParty/cases/tinyxml2/harmony-demo/entry/build/default/intermediates/cmake/ohosTest/obj/arm64-v8a/libtinyxml2.a
[2026-07-23T17:07:01.079] [DEBUG] debug-file - Check content hash for /Users/guoyutong/MyWorkSpace/TestThirdParty/cases/tinyxml2/harmony-demo/entry/build/default/intermediates/cmake/ohosTest/obj/arm64-v8a/libentry_test.so
[2026-07-23T17:07:01.085] [DEBUG] debug-file - Check content hash for /Users/guoyutong/MyWorkSpace/TestThirdParty/cases/tinyxml2/harmony-demo/entry/build/default/intermediates/cmake/ohosTest/obj/arm64-v8a/libc++_shared.so
[2026-07-23T17:07:01.090] [DEBUG] debug-file - Task 'entry:ohosTest@ProcessLibs' cost while wrapping incremental declarations: 1 ms 
[2026-07-23T17:07:01.092] [DEBUG] debug-file - Incremental task entry:ohosTest@ProcessLibs pre-execution cost: 2 ms .
[2026-07-23T17:07:01.094] [DEBUG] debug-file - Executing task :entry:ohosTest@DoNativeStrip
[2026-07-23T17:07:01.096] [DEBUG] debug-file - Executing task :entry:ohosTest@CacheNativeLibs
[2026-07-23T17:07:01.092] [DEBUG] debug-file - entry : ohosTest@ProcessLibs cost memory -8.856338500976562
[2026-07-23T17:07:01.094] [DEBUG] debug-file - File: '/Users/guoyutong/MyWorkSpace/TestThirdParty/cases/tinyxml2/harmony-demo/entry/build/default/intermediates/binxo/ohosTest' from 'doBinxoNativeLibs' is not exists, just ignore.
[2026-07-23T17:07:01.096] [DEBUG] debug-file - File: '/Users/guoyutong/MyWorkSpace/TestThirdParty/cases/tinyxml2/harmony-demo/entry/build/default/intermediates/binxo/ohosTest' from 'cacheBinxoNativeLibs' is not exists, just ignore.
[2026-07-23T17:07:01.092] [INFO] debug-file - UP-TO-DATE :entry:ohosTest@ProcessLibs...  
[2026-07-23T17:07:01.094] [DEBUG] debug-file - Task 'entry:ohosTest@DoNativeStrip' cost while wrapping incremental declarations: 1 ms 
[2026-07-23T17:07:01.096] [DEBUG] debug-file - Task 'entry:ohosTest@CacheNativeLibs' cost while wrapping incremental declarations: 1 ms 
[2026-07-23T17:07:01.095] [DEBUG] debug-file - Incremental task entry:ohosTest@DoNativeStrip pre-execution cost: 1 ms .
[2026-07-23T17:07:01.097] [DEBUG] debug-file - Incremental task entry:ohosTest@CacheNativeLibs pre-execution cost: 1 ms .
[2026-07-23T17:07:01.095] [DEBUG] debug-file - entry : ohosTest@DoNativeStrip cost memory -0.29059600830078125
[2026-07-23T17:07:01.097] [DEBUG] debug-file - entry : ohosTest@CacheNativeLibs cost memory 0.5517044067382812
[2026-07-23T17:07:01.095] [INFO] debug-file - UP-TO-DATE :entry:ohosTest@DoNativeStrip...  
[2026-07-23T17:07:01.097] [INFO] debug-file - UP-TO-DATE :entry:ohosTest@CacheNativeLibs...  
[2026-07-23T17:07:01.140] [DEBUG] debug-file - worker[6] has one work done.
[2026-07-23T17:07:01.140] [DEBUG] debug-file - CopyResources is end, endTime: 806620847462708
[2026-07-23T17:07:01.140] [DEBUG] debug-file - ohosTest@OhosTestCompileArkTS work[3] done.
[2026-07-23T17:07:01.241] [DEBUG] debug-file - A work dispatched to worker[6] failed because unable to get work from ready queue.
[2026-07-23T17:07:01.253] [DEBUG] debug-file - A work dispatched to worker[7] failed because unable to get work from ready queue.
[2026-07-23T17:07:01.253] [DEBUG] debug-file - A work dispatched to worker[8] failed because unable to get work from ready queue.
[2026-07-23T17:07:02.642] [DEBUG] debug-file - Ark compile task finished.finished time is 806622349199541
[2026-07-23T17:07:02.642] [DEBUG] debug-file - worker[4] has one work done.
[2026-07-23T17:07:02.643] [DEBUG] debug-file - ohosTest@OhosTestCompileArkTS work[2] done.
[2026-07-23T17:07:02.644] [DEBUG] debug-file - Executing task :entry:ohosTest@OhosTestCopyMockConfigJson
[2026-07-23T17:07:02.647] [DEBUG] debug-file - Executing task :entry:ohosTest@PackageHap
[2026-07-23T17:07:02.648] [DEBUG] debug-file - ohosTest@PackageHap work[4] is submitted.
[2026-07-23T17:07:02.643] [DEBUG] debug-file - A work dispatched to worker[4] failed because unable to get work from ready queue.
[2026-07-23T17:07:02.644] [DEBUG] debug-file - File: '/Users/guoyutong/MyWorkSpace/TestThirdParty/cases/tinyxml2/harmony-demo/entry/build/default/intermediates/res/ohosTest/mock-config.json' from 'mockConfigJsonFile' is not exists, just ignore.
[2026-07-23T17:07:02.647] [DEBUG] debug-file - entry:ohosTest@PackageHap is not up-to-date, since the input file '/Users/guoyutong/MyWorkSpace/TestThirdParty/cases/tinyxml2/harmony-demo/entry/build/default/intermediates/res/ohosTest/module.json' has been changed.
[2026-07-23T17:07:02.648] [DEBUG] debug-file - ohosTest@PackageHap work[4] is pushed to ready queue.
[2026-07-23T17:07:02.643] [INFO] debug-file - Finished :entry:ohosTest@OhosTestCompileArkTS... after 1 s 229 ms 
[2026-07-23T17:07:02.644] [DEBUG] debug-file - Task 'entry:ohosTest@OhosTestCopyMockConfigJson' cost while wrapping incremental declarations: 1 ms 
[2026-07-23T17:07:02.648] [DEBUG] debug-file - Incremental task entry:ohosTest@PackageHap pre-execution cost: 1 ms .
[2026-07-23T17:07:02.648] [DEBUG] debug-file - A work dispatched to worker[9] failed because unable to get work from ready queue.
[2026-07-23T17:07:02.644] [DEBUG] debug-file - entry:ohosTest@OhosTestCopyMockConfigJson is not up-to-date, since the output file '/Users/guoyutong/MyWorkSpace/TestThirdParty/cases/tinyxml2/harmony-demo/entry/build/default/intermediates/res/ohosTest/resources/rawfile/mock/mock-config.json' does not exist.
[2026-07-23T17:07:02.648] [DEBUG] debug-file - Use tool [/Users/guoyutong/command-line-tools/sdk/default/openharmony/toolchains/lib/app_packing_tool.jar]
 [
  'java',
  '-Dfile.encoding=utf-8',
  '-jar',
  '/Users/guoyutong/command-line-tools/sdk/default/openharmony/toolchains/lib/app_packing_tool.jar',
  '--mode',
  'hap',
  '--force',
  'true',
  '--lib-path',
  '/Users/guoyutong/MyWorkSpace/TestThirdParty/cases/tinyxml2/harmony-demo/entry/build/default/intermediates/stripped_native_libs/ohosTest',
  '--json-path',
  '/Users/guoyutong/MyWorkSpace/TestThirdParty/cases/tinyxml2/harmony-demo/entry/build/default/intermediates/package/ohosTest/module.json',
  '--resources-path',
  '/Users/guoyutong/MyWorkSpace/TestThirdParty/cases/tinyxml2/harmony-demo/entry/build/default/intermediates/res/ohosTest/resources',
  '--index-path',
  '/Users/guoyutong/MyWorkSpace/TestThirdParty/cases/tinyxml2/harmony-demo/entry/build/default/intermediates/res/ohosTest/resources.index',
  '--pack-info-path',
  '/Users/guoyutong/MyWorkSpace/TestThirdParty/cases/tinyxml2/harmony-demo/entry/build/default/outputs/ohosTest/pack.info',
  '--out-path',
  '/Users/guoyutong/MyWorkSpace/TestThirdParty/cases/tinyxml2/harmony-demo/entry/build/default/outputs/ohosTest/entry-ohosTest-unsigned.hap',
  '--ets-path',
  '/Users/guoyutong/MyWorkSpace/TestThirdParty/cases/tinyxml2/harmony-demo/entry/build/default/intermediates/loader_out/ohosTest/ets',
  '--pkg-sdk-info-path',
  '/Users/guoyutong/MyWorkSpace/TestThirdParty/cases/tinyxml2/harmony-demo/entry/build/default/intermediates/loader/ohosTest/pkgSdkInfo.json'
]
[2026-07-23T17:07:02.648] [DEBUG] debug-file - ohosTest@PackageHap work[4] has been dispatched to worker[8].
[2026-07-23T17:07:02.644] [DEBUG] debug-file - Incremental task entry:ohosTest@OhosTestCopyMockConfigJson pre-execution cost: 1 ms .
[2026-07-23T17:07:02.648] [DEBUG] debug-file - ohosTest@PackageHap work[4] is dispatched.
[2026-07-23T17:07:02.644] [DEBUG] debug-file - Failed to generate mock-config.json during compilation.
[2026-07-23T17:07:02.648] [DEBUG] debug-file - entry : ohosTest@PackageHap cost memory 0.41405487060546875
[2026-07-23T17:07:02.644] [DEBUG] debug-file - entry : ohosTest@OhosTestCopyMockConfigJson cost memory 0.090362548828125
[2026-07-23T17:07:02.644] [DEBUG] debug-file - runTaskFromQueue task cost before running: 2 s 430 ms 
[2026-07-23T17:07:02.644] [INFO] debug-file - Finished :entry:ohosTest@OhosTestCopyMockConfigJson... after 1 ms 
[2026-07-23T17:07:02.645] [DEBUG] debug-file - Executing task :entry:ohosTest@GeneratePkgModuleJson
[2026-07-23T17:07:02.645] [DEBUG] debug-file - File: '/Users/guoyutong/MyWorkSpace/TestThirdParty/cases/tinyxml2/harmony-demo/entry/build/default/intermediates/preload/ohosTest/preload.json' from 'preloadSoJsonPath' is not exists, just ignore.
[2026-07-23T17:07:02.645] [DEBUG] debug-file - Error occurs while handling @Input 'shouldDeduplicateHar': The "data" argument must be of type string or an instance of Buffer, TypedArray, or DataView. Received undefined
[2026-07-23T17:07:02.645] [DEBUG] debug-file - Task 'entry:ohosTest@GeneratePkgModuleJson' cost while wrapping incremental declarations: 1 ms 
[2026-07-23T17:07:02.645] [DEBUG] debug-file - entry:ohosTest@GeneratePkgModuleJson is not up-to-date, since the input file '/Users/guoyutong/MyWorkSpace/TestThirdParty/cases/tinyxml2/harmony-demo/entry/build/default/intermediates/res/ohosTest/module.json' has been changed.
[2026-07-23T17:07:02.645] [DEBUG] debug-file - Incremental task entry:ohosTest@GeneratePkgModuleJson pre-execution cost: 1 ms .
[2026-07-23T17:07:02.645] [DEBUG] debug-file - entry : ohosTest@GeneratePkgModuleJson cost memory 0.18201446533203125
[2026-07-23T17:07:02.645] [DEBUG] debug-file - runTaskFromQueue task cost before running: 2 s 431 ms 
[2026-07-23T17:07:02.645] [INFO] debug-file - Finished :entry:ohosTest@GeneratePkgModuleJson... after 1 ms 
[2026-07-23T17:07:02.646] [DEBUG] debug-file - Executing task :entry:ohosTest@ProcessCompiledResources
[2026-07-23T17:07:02.646] [DEBUG] debug-file - File: '/Users/guoyutong/MyWorkSpace/TestThirdParty/cases/tinyxml2/harmony-demo/entry/build/default/intermediates/preload/ohosTest/preload.json' from 'preloadSoJsonPath' is not exists, just ignore.
[2026-07-23T17:07:02.646] [DEBUG] debug-file - Task 'entry:ohosTest@ProcessCompiledResources' cost while wrapping incremental declarations: 1 ms 
[2026-07-23T17:07:02.646] [DEBUG] debug-file - entry : ohosTest@ProcessCompiledResources cost memory 0.053955078125
[2026-07-23T17:07:02.646] [DEBUG] debug-file - runTaskFromQueue task cost before running: 2 s 431 ms 
[2026-07-23T17:07:02.646] [INFO] debug-file - Finished :entry:ohosTest@ProcessCompiledResources... after 1 ms 
[2026-07-23T17:07:02.650] [DEBUG] debug-file - current process  memoryUsage: {
  rss: 1017888768,
  heapTotal: 89735168,
  heapUsed: 53420144,
  external: 5042679,
  arrayBuffers: 20798
} os memoryUsage :15.854949951171875
[2026-07-23T17:07:02.824] [DEBUG] debug-file - worker[8] has one work done.
[2026-07-23T17:07:02.824] [DEBUG] debug-file - ohosTest@PackageHap work[4] done.
[2026-07-23T17:07:02.825] [DEBUG] debug-file - Executing task :entry:ohosTest@PackingCheck
[2026-07-23T17:07:02.828] [DEBUG] debug-file - Executing task :entry:ohosTest@CollectDebugSymbol
[2026-07-23T17:07:02.827] [DEBUG] debug-file - Executing task :entry:ohosTest@SignHap
[2026-07-23T17:07:02.824] [DEBUG] debug-file - A work dispatched to worker[8] failed because unable to get work from ready queue.
[2026-07-23T17:07:02.827] [DEBUG] debug-file - entry : ohosTest@PackingCheck cost memory 0.39009857177734375
[2026-07-23T17:07:02.828] [DEBUG] debug-file - entry : ohosTest@CollectDebugSymbol cost memory 0.10335540771484375
[2026-07-23T17:07:02.827] [WARN] debug-file - No signingConfig found for product default
[2026-07-23T17:07:02.825] [INFO] debug-file - Finished :entry:ohosTest@PackageHap... after 177 ms 
[2026-07-23T17:07:02.828] [DEBUG] debug-file - runTaskFromQueue task cost before running: 2 s 614 ms 
[2026-07-23T17:07:02.828] [DEBUG] debug-file - entry:ohosTest@SignHap is not up-to-date, since the input file '/Users/guoyutong/MyWorkSpace/TestThirdParty/cases/tinyxml2/harmony-demo/entry/build/default/outputs/ohosTest/entry-ohosTest-unsigned.hap' has been changed.
[2026-07-23T17:07:02.827] [DEBUG] debug-file - runTaskFromQueue task cost before running: 2 s 612 ms 
[2026-07-23T17:07:02.829] [INFO] debug-file - Finished :entry:ohosTest@CollectDebugSymbol... after 1 ms 
[2026-07-23T17:07:02.828] [DEBUG] debug-file - Incremental task entry:ohosTest@SignHap pre-execution cost: 1 ms .
[2026-07-23T17:07:02.827] [INFO] debug-file - Finished :entry:ohosTest@PackingCheck... after 2 ms 
[2026-07-23T17:07:02.829] [DEBUG] debug-file - Executing task :entry:assembleHap
[2026-07-23T17:07:02.828] [DEBUG] debug-file - entry : ohosTest@SignHap cost memory 0.08777618408203125
[2026-07-23T17:07:02.829] [DEBUG] debug-file - entry : assembleHap cost memory 0.01410675048828125
[2026-07-23T17:07:02.828] [DEBUG] debug-file - runTaskFromQueue task cost before running: 2 s 613 ms 
[2026-07-23T17:07:02.829] [DEBUG] debug-file - runTaskFromQueue task cost before running: 2 s 614 ms 
[2026-07-23T17:07:02.828] [INFO] debug-file - Finished :entry:ohosTest@SignHap... after 1 ms 
[2026-07-23T17:07:02.829] [INFO] debug-file - Finished :entry:assembleHap... after 1 ms 
[2026-07-23T17:07:02.829] [INFO] debug-file - BUILD SUCCESSFUL in 2 s 615 ms 
[2026-07-23T17:07:02.830] [DEBUG] debug-file - There is no need to refresh cache, since the incremental task entry:ohosTest@PreBuild is up-to-date.
[2026-07-23T17:07:02.830] [DEBUG] debug-file - Update task entry:ohosTest@CreateModuleInfo output file:/Users/guoyutong/MyWorkSpace/TestThirdParty/cases/tinyxml2/harmony-demo/entry/build/default/generated/profile/ohosTest/ModuleInfo.ts cache.
[2026-07-23T17:07:02.830] [DEBUG] debug-file - Incremental task entry:ohosTest@CreateModuleInfo post-execution cost:1 ms .
[2026-07-23T17:07:02.830] [DEBUG] debug-file - There is no need to refresh cache, since the incremental task entry:ohosTest@GenerateMetadata is up-to-date.
[2026-07-23T17:07:02.830] [DEBUG] debug-file - There is no need to refresh cache, since the incremental task entry:ohosTest@MergeProfile is up-to-date.
[2026-07-23T17:07:02.830] [DEBUG] debug-file - There is no need to refresh cache, since the incremental task entry:ohosTest@CreateBuildProfile is up-to-date.
[2026-07-23T17:07:02.830] [DEBUG] debug-file - Update task entry:ohosTest@GeneratePkgContextInfo output file:/Users/guoyutong/MyWorkSpace/TestThirdParty/cases/tinyxml2/harmony-demo/entry/build/default/intermediates/loader/ohosTest/pkgContextInfo.json cache.
[2026-07-23T17:07:02.830] [DEBUG] debug-file - Incremental task entry:ohosTest@GeneratePkgContextInfo post-execution cost:1 ms .
[2026-07-23T17:07:02.830] [DEBUG] debug-file - There is no need to refresh cache, since the incremental task entry:ohosTest@GeneratePkgSdkInfo is up-to-date.
[2026-07-23T17:07:02.830] [DEBUG] debug-file - Update task entry:ohosTest@ProcessIntegratedHsp output file:/Users/guoyutong/MyWorkSpace/TestThirdParty/cases/tinyxml2/harmony-demo/build/cache/default/integrated_hsp/integratedHspCache.json cache.
[2026-07-23T17:07:02.830] [DEBUG] debug-file - Incremental task entry:ohosTest@ProcessIntegratedHsp post-execution cost:1 ms .
[2026-07-23T17:07:02.830] [DEBUG] debug-file - There is no need to refresh cache, since the incremental task entry:ohosTest@MakePackInfo is up-to-date.
[2026-07-23T17:07:02.830] [DEBUG] debug-file - Update task entry:ohosTest@SyscapTransform input file:/Users/guoyutong/command-line-tools/sdk/default/openharmony/toolchains/syscap_tool cache by regenerate.
[2026-07-23T17:07:02.830] [DEBUG] debug-file - Update task entry:ohosTest@SyscapTransform input file:/Users/guoyutong/command-line-tools/sdk/default/openharmony/ets/api/device-define cache by regenerate.
[2026-07-23T17:07:02.830] [DEBUG] debug-file - Update task entry:ohosTest@SyscapTransform output file:/Users/guoyutong/MyWorkSpace/TestThirdParty/cases/tinyxml2/harmony-demo/entry/build/default/intermediates/syscap/ohosTest/rpcid.sc cache.
[2026-07-23T17:07:02.830] [DEBUG] debug-file - Incremental task entry:ohosTest@SyscapTransform post-execution cost:1 ms .
[2026-07-23T17:07:02.830] [DEBUG] debug-file - There is no need to refresh cache, since the incremental task entry:ohosTest@ProcessProfile is up-to-date.
[2026-07-23T17:07:02.830] [DEBUG] debug-file - There is no need to refresh cache, since the incremental task entry:ohosTest@ProcessRouterMap is up-to-date.
[2026-07-23T17:07:02.830] [DEBUG] debug-file - There is no need to refresh cache, since the incremental task entry:ohosTest@ProcessShareConfig is up-to-date.
[2026-07-23T17:07:02.830] [DEBUG] debug-file - Update task entry:ohosTest@ProcessStartupConfig output file:/Users/guoyutong/MyWorkSpace/TestThirdParty/cases/tinyxml2/harmony-demo/entry/build/default/intermediates/startup/ohosTest/startup_config.json cache.
[2026-07-23T17:07:02.830] [DEBUG] debug-file - Incremental task entry:ohosTest@ProcessStartupConfig post-execution cost:1 ms .
[2026-07-23T17:07:02.830] [DEBUG] debug-file - There is no need to refresh cache, since the incremental task entry:ohosTest@ProcessResource is up-to-date.
[2026-07-23T17:07:02.830] [DEBUG] debug-file - There is no need to refresh cache, since the incremental task entry:ohosTest@GenerateLoaderJson is up-to-date.
[2026-07-23T17:07:02.830] [DEBUG] debug-file - Update task entry:ohosTest@CompileResource input file:/Users/guoyutong/MyWorkSpace/TestThirdParty/cases/tinyxml2/harmony-demo/entry/src/ohosTest/resources cache from map.
[2026-07-23T17:07:02.830] [DEBUG] debug-file - Update task entry:ohosTest@CompileResource input file:/Users/guoyutong/MyWorkSpace/TestThirdParty/cases/tinyxml2/harmony-demo/AppScope/resources cache by regenerate.
[2026-07-23T17:07:02.830] [DEBUG] debug-file - Update task entry:ohosTest@CompileResource input file:/Users/guoyutong/MyWorkSpace/TestThirdParty/cases/tinyxml2/harmony-demo/entry/build/default/intermediates/process_profile/ohosTest/module.json cache by regenerate.
[2026-07-23T17:07:02.831] [DEBUG] debug-file - Update task entry:ohosTest@CompileResource input file:/Users/guoyutong/MyWorkSpace/TestThirdParty/cases/tinyxml2/harmony-demo/entry/src/main/resources cache by regenerate.
[2026-07-23T17:07:02.831] [DEBUG] debug-file - Update task entry:ohosTest@CompileResource input file:/Users/guoyutong/MyWorkSpace/TestThirdParty/cases/tinyxml2/harmony-demo/entry/build/default/intermediates/res/ohosTest/resConfig.json cache by regenerate.
[2026-07-23T17:07:02.831] [DEBUG] debug-file - Update task entry:ohosTest@CompileResource output file:/Users/guoyutong/MyWorkSpace/TestThirdParty/cases/tinyxml2/harmony-demo/entry/build/default/intermediates/res/ohosTest cache.
[2026-07-23T17:07:02.831] [DEBUG] debug-file - Update task entry:ohosTest@CompileResource output file:/Users/guoyutong/MyWorkSpace/TestThirdParty/cases/tinyxml2/harmony-demo/entry/build/default/generated/r/ohosTest/ResourceTable.h cache.
[2026-07-23T17:07:02.831] [DEBUG] debug-file - Update task entry:ohosTest@CompileResource output file:/Users/guoyutong/MyWorkSpace/TestThirdParty/cases/tinyxml2/harmony-demo/entry/build/default/generated/r/ohosTest/ResourceTable.ts cache.
[2026-07-23T17:07:02.831] [DEBUG] debug-file - Update task entry:ohosTest@CompileResource output file:/Users/guoyutong/MyWorkSpace/TestThirdParty/cases/tinyxml2/harmony-demo/entry/build/default/generated/r/ohosTest cache.
[2026-07-23T17:07:02.831] [DEBUG] debug-file - Incremental task entry:ohosTest@CompileResource post-execution cost:1 ms .
[2026-07-23T17:07:02.831] [DEBUG] debug-file - Update task entry:ohosTest@OhosTestCompileArkTS input file:/Users/guoyutong/MyWorkSpace/TestThirdParty/cases/tinyxml2/harmony-demo/entry/build/default/intermediates/loader/ohosTest cache by regenerate.
[2026-07-23T17:07:02.831] [DEBUG] debug-file - Update task entry:ohosTest@OhosTestCompileArkTS input file:/Users/guoyutong/MyWorkSpace/TestThirdParty/cases/tinyxml2/harmony-demo/entry/build/default/intermediates/res/ohosTest/ResourceTable.txt cache from map.
[2026-07-23T17:07:02.831] [DEBUG] debug-file - Update task entry:ohosTest@OhosTestCompileArkTS input file:/Users/guoyutong/MyWorkSpace/TestThirdParty/cases/tinyxml2/harmony-demo/entry/build/default/intermediates/res/ohosTest/ark_module.json cache by regenerate.
[2026-07-23T17:07:02.831] [DEBUG] debug-file - Update task entry:ohosTest@OhosTestCompileArkTS input file:/Users/guoyutong/MyWorkSpace/TestThirdParty/cases/tinyxml2/harmony-demo/entry/build/default/intermediates/res/ohosTest/resources/base/profile cache by regenerate.
[2026-07-23T17:07:02.831] [DEBUG] debug-file - Update task entry:ohosTest@OhosTestCompileArkTS input file:/Users/guoyutong/MyWorkSpace/TestThirdParty/cases/tinyxml2/harmony-demo/entry/src/ohosTest/ets cache by regenerate.
[2026-07-23T17:07:02.832] [DEBUG] debug-file - Update task entry:ohosTest@OhosTestCompileArkTS input file:/Users/guoyutong/MyWorkSpace/TestThirdParty/cases/tinyxml2/harmony-demo/entry/src/ohosTest cache by regenerate.
[2026-07-23T17:07:02.832] [DEBUG] debug-file - Update task entry:ohosTest@OhosTestCompileArkTS input file:/Users/guoyutong/MyWorkSpace/TestThirdParty/cases/tinyxml2/harmony-demo/entry/build/default/generated/profile/ohosTest/BuildProfile.ets cache by regenerate.
[2026-07-23T17:07:02.832] [DEBUG] debug-file - Update task entry:ohosTest@OhosTestCompileArkTS input file:/Users/guoyutong/MyWorkSpace/TestThirdParty/cases/tinyxml2/harmony-demo/entry/src/main/cpp/types cache by regenerate.
[2026-07-23T17:07:02.832] [DEBUG] debug-file - Update task entry:ohosTest@OhosTestCompileArkTS input file:/Users/guoyutong/MyWorkSpace/TestThirdParty/cases/tinyxml2/harmony-demo/entry/src/main/ets cache by regenerate.
[2026-07-23T17:07:02.832] [DEBUG] debug-file - Update task entry:ohosTest@OhosTestCompileArkTS output file:/Users/guoyutong/MyWorkSpace/TestThirdParty/cases/tinyxml2/harmony-demo/entry/build/default/intermediates/loader_out/ohosTest/ets cache.
[2026-07-23T17:07:02.832] [DEBUG] debug-file - Incremental task entry:ohosTest@OhosTestCompileArkTS post-execution cost:2 ms .
[2026-07-23T17:07:02.832] [DEBUG] debug-file - Update task entry:ohosTest@OhosTestBuildJS input file:/Users/guoyutong/MyWorkSpace/TestThirdParty/cases/tinyxml2/harmony-demo/entry/build/default/intermediates/loader/ohosTest cache by regenerate.
[2026-07-23T17:07:02.832] [DEBUG] debug-file - Update task entry:ohosTest@OhosTestBuildJS input file:/Users/guoyutong/MyWorkSpace/TestThirdParty/cases/tinyxml2/harmony-demo/entry/build/default/intermediates/res/ohosTest/ResourceTable.txt cache by regenerate.
[2026-07-23T17:07:02.832] [DEBUG] debug-file - Update task entry:ohosTest@OhosTestBuildJS input file:/Users/guoyutong/MyWorkSpace/TestThirdParty/cases/tinyxml2/harmony-demo/entry/build/default/intermediates/res/ohosTest/ark_module.json cache by regenerate.
[2026-07-23T17:07:02.832] [DEBUG] debug-file - Update task entry:ohosTest@OhosTestBuildJS input file:/Users/guoyutong/MyWorkSpace/TestThirdParty/cases/tinyxml2/harmony-demo/entry/build/default/intermediates/res/ohosTest/resources/base/profile cache by regenerate.
[2026-07-23T17:07:02.832] [DEBUG] debug-file - Update task entry:ohosTest@OhosTestBuildJS input file:/Users/guoyutong/MyWorkSpace/TestThirdParty/cases/tinyxml2/harmony-demo/entry/src/ohosTest cache by regenerate.
[2026-07-23T17:07:02.833] [DEBUG] debug-file - Update task entry:ohosTest@OhosTestBuildJS output file:/Users/guoyutong/MyWorkSpace/TestThirdParty/cases/tinyxml2/harmony-demo/entry/build/default/intermediates/loader_out/ohosTest/js cache.
[2026-07-23T17:07:02.833] [DEBUG] debug-file - Incremental task entry:ohosTest@OhosTestBuildJS post-execution cost:1 ms .
[2026-07-23T17:07:02.833] [DEBUG] debug-file - There is no need to refresh cache, since the incremental task entry:ohosTest@ProcessLibs is up-to-date.
[2026-07-23T17:07:02.833] [DEBUG] debug-file - There is no need to refresh cache, since the incremental task entry:ohosTest@DoNativeStrip is up-to-date.
[2026-07-23T17:07:02.833] [DEBUG] debug-file - There is no need to refresh cache, since the incremental task entry:ohosTest@CacheNativeLibs is up-to-date.
[2026-07-23T17:07:02.833] [DEBUG] debug-file - Update task entry:ohosTest@OhosTestCopyMockConfigJson output file:/Users/guoyutong/MyWorkSpace/TestThirdParty/cases/tinyxml2/harmony-demo/entry/build/default/intermediates/res/ohosTest/resources/rawfile/mock/mock-config.json cache.
[2026-07-23T17:07:02.833] [DEBUG] debug-file - Incremental task entry:ohosTest@OhosTestCopyMockConfigJson post-execution cost:1 ms .
[2026-07-23T17:07:02.833] [DEBUG] debug-file - Update task entry:ohosTest@GeneratePkgModuleJson input file:/Users/guoyutong/MyWorkSpace/TestThirdParty/cases/tinyxml2/harmony-demo/entry/build/default/intermediates/res/ohosTest/module.json cache from map.
[2026-07-23T17:07:02.833] [DEBUG] debug-file - Update task entry:ohosTest@GeneratePkgModuleJson output file:/Users/guoyutong/MyWorkSpace/TestThirdParty/cases/tinyxml2/harmony-demo/entry/build/default/intermediates/package/ohosTest/module.json cache.
[2026-07-23T17:07:02.833] [DEBUG] debug-file - Incremental task entry:ohosTest@GeneratePkgModuleJson post-execution cost:1 ms .
[2026-07-23T17:07:02.833] [DEBUG] debug-file - Incremental task entry:ohosTest@ProcessCompiledResources post-execution cost:1 ms .
[2026-07-23T17:07:02.833] [DEBUG] debug-file - Update task entry:ohosTest@PackageHap input file:/Users/guoyutong/MyWorkSpace/TestThirdParty/cases/tinyxml2/harmony-demo/entry/build/default/outputs/ohosTest/pack.info cache by regenerate.
[2026-07-23T17:07:02.833] [DEBUG] debug-file - Update task entry:ohosTest@PackageHap input file:/Users/guoyutong/MyWorkSpace/TestThirdParty/cases/tinyxml2/harmony-demo/entry/build/default/intermediates/stripped_native_libs/ohosTest cache by regenerate.
[2026-07-23T17:07:02.833] [DEBUG] debug-file - Update task entry:ohosTest@PackageHap input file:/Users/guoyutong/MyWorkSpace/TestThirdParty/cases/tinyxml2/harmony-demo/entry/build/default/intermediates/res/ohosTest/module.json cache from map.
[2026-07-23T17:07:02.833] [DEBUG] debug-file - Update task entry:ohosTest@PackageHap input file:/Users/guoyutong/MyWorkSpace/TestThirdParty/cases/tinyxml2/harmony-demo/entry/build/default/intermediates/res/ohosTest/resources cache by regenerate.
[2026-07-23T17:07:02.833] [DEBUG] debug-file - Update task entry:ohosTest@PackageHap input file:/Users/guoyutong/MyWorkSpace/TestThirdParty/cases/tinyxml2/harmony-demo/entry/build/default/intermediates/res/ohosTest/resources.index cache by regenerate.
[2026-07-23T17:07:02.833] [DEBUG] debug-file - Update task entry:ohosTest@PackageHap input file:/Users/guoyutong/MyWorkSpace/TestThirdParty/cases/tinyxml2/harmony-demo/entry/build/default/intermediates/loader_out/ohosTest/ets cache by regenerate.
[2026-07-23T17:07:02.833] [DEBUG] debug-file - Update task entry:ohosTest@PackageHap input file:/Users/guoyutong/MyWorkSpace/TestThirdParty/cases/tinyxml2/harmony-demo/entry/build/default/intermediates/loader/ohosTest/pkgSdkInfo.json cache by regenerate.
[2026-07-23T17:07:02.833] [DEBUG] debug-file - Update task entry:ohosTest@PackageHap input file:/Users/guoyutong/MyWorkSpace/TestThirdParty/cases/tinyxml2/harmony-demo/entry/build/default/intermediates/package/ohosTest/module.json cache by regenerate.
[2026-07-23T17:07:02.833] [DEBUG] debug-file - Update task entry:ohosTest@PackageHap input file:/Users/guoyutong/MyWorkSpace/TestThirdParty/cases/tinyxml2/harmony-demo/entry/build/default/intermediates/loader_out/ohosTest/ets/sourceMaps.map cache by regenerate.
[2026-07-23T17:07:02.833] [DEBUG] debug-file - Update task entry:ohosTest@PackageHap input file:/Users/guoyutong/MyWorkSpace/TestThirdParty/cases/tinyxml2/harmony-demo/entry/build/default/generated/profile/ohosTest/BuildProfile.ets cache by regenerate.
[2026-07-23T17:07:02.833] [DEBUG] debug-file - Update task entry:ohosTest@PackageHap output file:/Users/guoyutong/MyWorkSpace/TestThirdParty/cases/tinyxml2/harmony-demo/entry/build/default/outputs/ohosTest/entry-ohosTest-unsigned.hap cache.
[2026-07-23T17:07:02.833] [DEBUG] debug-file - Update task entry:ohosTest@PackageHap output file:/Users/guoyutong/MyWorkSpace/TestThirdParty/cases/tinyxml2/harmony-demo/entry/build/default/intermediates/source_map/ohosTest/sourceMaps.map cache.
[2026-07-23T17:07:02.833] [DEBUG] debug-file - Update task entry:ohosTest@PackageHap output file:/Users/guoyutong/MyWorkSpace/TestThirdParty/cases/tinyxml2/harmony-demo/entry/build/default/outputs/ohosTest/mapping/sourceMaps.map cache.
[2026-07-23T17:07:02.833] [DEBUG] debug-file - Incremental task entry:ohosTest@PackageHap post-execution cost:1 ms .
[2026-07-23T17:07:02.833] [DEBUG] debug-file - Update task entry:ohosTest@SignHap input file:/Users/guoyutong/MyWorkSpace/TestThirdParty/cases/tinyxml2/harmony-demo/entry/build/default/outputs/ohosTest/entry-ohosTest-unsigned.hap cache from map.
[2026-07-23T17:07:02.833] [DEBUG] debug-file - Update task entry:ohosTest@SignHap output file:/Users/guoyutong/MyWorkSpace/TestThirdParty/cases/tinyxml2/harmony-demo/entry/build/default/outputs/ohosTest/entry-ohosTest-signed.hap cache.
[2026-07-23T17:07:02.833] [DEBUG] debug-file - Incremental task entry:ohosTest@SignHap post-execution cost:1 ms .
[2026-07-23T17:07:02.834] [DEBUG] debug-file - Update task entry:ohosTest@CollectDebugSymbol input file:/Users/guoyutong/MyWorkSpace/TestThirdParty/cases/tinyxml2/harmony-demo/entry/build/default/intermediates/loader_out/ohosTest/ets/sourceMaps.map cache by regenerate.
[2026-07-23T17:07:02.834] [DEBUG] debug-file - Update task entry:ohosTest@CollectDebugSymbol input file:/Users/guoyutong/MyWorkSpace/TestThirdParty/cases/tinyxml2/harmony-demo/entry/build/default/intermediates/libs/ohosTest cache by regenerate.
[2026-07-23T17:07:02.834] [DEBUG] debug-file - Update task entry:ohosTest@CollectDebugSymbol output file:/Users/guoyutong/MyWorkSpace/TestThirdParty/cases/tinyxml2/harmony-demo/entry/build/default/outputs/ohosTest/symbol cache.
[2026-07-23T17:07:02.834] [DEBUG] debug-file - Incremental task entry:ohosTest@CollectDebugSymbol post-execution cost:1 ms .
[2026-07-23T17:07:02.838] [DEBUG] debug-file - Current worker pool is stopped or closed.
[2026-07-23T17:07:02.838] [DEBUG] debug-file - Clear worker 0.
[2026-07-23T17:07:02.838] [DEBUG] debug-file - Worker 0 has been cleared.
[2026-07-23T17:07:02.838] [DEBUG] debug-file - Current idle worker size: 5.
[2026-07-23T17:07:02.838] [DEBUG] debug-file - Current busy worker size: 0.
[2026-07-23T17:07:02.838] [DEBUG] debug-file - Clear worker 1.
[2026-07-23T17:07:02.838] [DEBUG] debug-file - Worker 1 has been cleared.
[2026-07-23T17:07:02.838] [DEBUG] debug-file - Current idle worker size: 4.
[2026-07-23T17:07:02.838] [DEBUG] debug-file - Current busy worker size: 0.
[2026-07-23T17:07:02.838] [DEBUG] debug-file - Clear worker 7.
[2026-07-23T17:07:02.838] [DEBUG] debug-file - Worker 7 has been cleared.
[2026-07-23T17:07:02.838] [DEBUG] debug-file - Current idle worker size: 3.
[2026-07-23T17:07:02.838] [DEBUG] debug-file - Current busy worker size: 0.
[2026-07-23T17:07:02.838] [DEBUG] debug-file - Clear worker 6.
[2026-07-23T17:07:02.838] [DEBUG] debug-file - Worker 6 has been cleared.
[2026-07-23T17:07:02.838] [DEBUG] debug-file - Current idle worker size: 2.
[2026-07-23T17:07:02.838] [DEBUG] debug-file - Current busy worker size: 0.
[2026-07-23T17:07:02.838] [DEBUG] debug-file - Clear worker 4.
[2026-07-23T17:07:02.838] [DEBUG] debug-file - Worker 4 has been cleared.
[2026-07-23T17:07:02.838] [DEBUG] debug-file - Current idle worker size: 1.
[2026-07-23T17:07:02.838] [DEBUG] debug-file - Current busy worker size: 0.
[2026-07-23T17:07:02.838] [DEBUG] debug-file - Clear worker 8.
[2026-07-23T17:07:02.838] [DEBUG] debug-file - Worker 8 has been cleared.
[2026-07-23T17:07:02.838] [DEBUG] debug-file - Current idle worker size: 0.
[2026-07-23T17:07:02.838] [DEBUG] debug-file - Current busy worker size: 0.
[2026-07-23T17:07:02.839] [DEBUG] debug-file - hvigor build process will be closed.
[2026-07-23T17:07:02.840] [DEBUG] debug-file - Current worker pool is terminated.
[2026-07-23T17:07:02.840] [DEBUG] debug-file - worker[0] exits with exit code 1.
[2026-07-23T17:07:02.840] [DEBUG] debug-file - worker[1] exits with exit code 1.
[2026-07-23T17:07:02.841] [DEBUG] debug-file - worker[6] exits with exit code 1.
[2026-07-23T17:07:02.841] [DEBUG] debug-file - worker[7] exits with exit code 1.
[2026-07-23T17:07:02.841] [DEBUG] debug-file - worker[8] exits with exit code 1.
[2026-07-23T17:07:02.844] [DEBUG] debug-file - worker[4] exits with exit code 1.
[2026-07-23T17:10:45.296] [DEBUG] debug-file - env: nodejsVersion=v24.14.1
[2026-07-23T17:10:45.413] [DEBUG] debug-file - Hvigor init with startParameters:{
  hvigorfileTypeCheck: false,
  parallelExecution: true,
  incrementalExecution: true,
  printStackTrace: false,
  daemon: false,
  analyze: 0,
  logLevel: Level { level: 20000, levelStr: 'INFO', colour: 'green' },
  optimizationStrategy: 'memory',
  hotCompile: undefined,
  hotReloadBuild: undefined,
  customizedParam: undefined
}
[2026-07-23T17:10:45.981] [DEBUG] debug-file - Starting plugin build process
[2026-07-23T17:10:46.048] [DEBUG] debug-file - App plugin register hook start...
[2026-07-23T17:10:46.049] [DEBUG] debug-file - Start initialize project's product build option map with build mode debug.
[2026-07-23T17:10:45.981] [DEBUG] debug-file - hvigorfile, require result:  { default: { system: [Function: appTasks], plugins: [] } }
[2026-07-23T17:10:46.050] [DEBUG] debug-file - Obtain build option for product 'default'in this build.
[2026-07-23T17:10:46.053] [DEBUG] debug-file - Start recording SDK configuration permission data.
[2026-07-23T17:10:46.074] [DEBUG] debug-file - failed to load cangjie to dynamically generate schemas: Error: Cannot find module '@ohos/cangjie-build-support/index'
Require stack:
- /Users/guoyutong/command-line-tools/hvigor/hvigor-ohos-plugin/src/plugin/hooks/cangjie-register.js
- /Users/guoyutong/command-line-tools/hvigor/hvigor-ohos-plugin/src/plugin/strategy/stage-init-strategy.js
- /Users/guoyutong/command-line-tools/hvigor/hvigor-ohos-plugin/src/plugin/builder/abstract-plugin-builder.js
- /Users/guoyutong/command-line-tools/hvigor/hvigor-ohos-plugin/src/plugin/builder/app-plugin-builder.js
- /Users/guoyutong/command-line-tools/hvigor/hvigor-ohos-plugin/src/plugin/factory/plugin-factory.js
- /Users/guoyutong/command-line-tools/hvigor/hvigor-ohos-plugin/index.js
- /Users/guoyutong/MyWorkSpace/TestThirdParty/cases/tinyxml2/harmony-demo/hvigorfile.ts
- /Users/guoyutong/command-line-tools/hvigor/hvigor/src/base/internal/lifecycle/configuration.js
- /Users/guoyutong/command-line-tools/hvigor/hvigor/src/base/boot/index.js
- /Users/guoyutong/command-line-tools/hvigor/hvigor/src/cli/main/cli.js
- /Users/guoyutong/command-line-tools/hvigor/hvigor/bin/hvigor.js
[2026-07-23T17:10:46.070] [DEBUG] debug-file - Project task initialization takes 2 ms 
[2026-07-23T17:10:46.076] [DEBUG] debug-file - Start initialize module-target build option map, moduleName=entry, buildMode=debug
[2026-07-23T17:10:46.080] [DEBUG] debug-file - start to load updatedOhPackageInfo to the disk
[2026-07-23T17:10:46.079] [DEBUG] debug-file - project has submodules:entry
[2026-07-23T17:10:46.085] [DEBUG] debug-file - Start to initialize dependency information.
[2026-07-23T17:10:46.090] [DEBUG] debug-file - Executing task :entry:default@PreBuild
[2026-07-23T17:10:46.150] [DEBUG] debug-file - Executing task :entry:default@GenerateMetadata
[2026-07-23T17:10:45.297] [DEBUG] debug-file - env: hvigor-config.json5 content = {
  modelVersion: '6.1.0',
  dependencies: {},
  execution: {},
  logging: {},
  debugging: {},
  nodeOptions: {}
}
[2026-07-23T17:10:45.418] [DEBUG] debug-file - Cache service initialization finished in 5 ms 
[2026-07-23T17:10:45.981] [DEBUG] debug-file - App plugin prepare start...
[2026-07-23T17:10:46.048] [DEBUG] debug-file - App plugin register hook end...
[2026-07-23T17:10:46.049] [DEBUG] debug-file - Picking option from product 'default' with build mode 'debug'.
[2026-07-23T17:10:46.050] [DEBUG] debug-file - No signingConfig found, initRemoteHspCache failed.
[2026-07-23T17:10:45.981] [DEBUG] debug-file - hvigorfile, binding system plugins [Function: appTasks]
[2026-07-23T17:10:46.068] [DEBUG] debug-file - Sdk init in 17 ms 
[2026-07-23T17:10:46.070] [DEBUG] debug-file - hvigorfile, begin to bind custom plugins...
[2026-07-23T17:10:46.076] [DEBUG] debug-file - Target 'default' config initialized
[2026-07-23T17:10:46.082] [DEBUG] debug-file - load to the disk finished
[2026-07-23T17:10:46.086] [DEBUG] debug-file - Module entry Collected Dependency: /Users/guoyutong/MyWorkSpace/TestThirdParty/cases/tinyxml2/harmony-demo/entry/src/main/cpp/types/libentry
[2026-07-23T17:10:46.092] [DEBUG] debug-file - Task 'entry:default@PreBuild' cost while wrapping incremental declarations: 1 ms 
[2026-07-23T17:10:46.151] [DEBUG] debug-file - Task 'entry:default@GenerateMetadata' cost while wrapping incremental declarations: 1 ms 
[2026-07-23T17:10:45.297] [DEBUG] debug-file - env: daemon=false
[2026-07-23T17:10:45.419] [DEBUG] debug-file - hvigorfile, resolving /Users/guoyutong/MyWorkSpace/TestThirdParty/cases/tinyxml2/harmony-demo/hvigorfile.ts
[2026-07-23T17:10:45.981] [DEBUG] debug-file - App plugin prepare end...
[2026-07-23T17:10:46.048] [DEBUG] debug-file - Plugin build process completed
[2026-07-23T17:10:46.049] [DEBUG] debug-file - Product 'default' build option initialized
[2026-07-23T17:10:46.052] [DEBUG] debug-file - Local scan or download HarmonyOS sdk components toolchains,ets,js,native,previewer
[2026-07-23T17:10:46.070] [DEBUG] debug-file - hvigorfile, no custom plugins were found in /Users/guoyutong/MyWorkSpace/TestThirdParty/cases/tinyxml2/harmony-demo/hvigorfile.ts
[2026-07-23T17:10:46.076] [DEBUG] debug-file - Target 'ohosTest' config initialized
[2026-07-23T17:10:46.082] [DEBUG] debug-file - Start to initialize dependency information.
[2026-07-23T17:10:46.086] [DEBUG] debug-file - Module entry's total dependency: 1
[2026-07-23T17:10:46.093] [DEBUG] debug-file - entry:default@PreBuild is not up-to-date, since the input file '/Users/guoyutong/MyWorkSpace/TestThirdParty/cases/tinyxml2/harmony-demo/build-profile.json5' has been changed.
[2026-07-23T17:10:46.152] [DEBUG] debug-file - Incremental task entry:default@GenerateMetadata pre-execution cost: 2 ms .
[2026-07-23T17:10:45.297] [DEBUG] debug-file - no-daemon, use the parent process.execArgv --max-old-space-size=8192,--max-semi-space-size=16,--expose-gc
[2026-07-23T17:10:45.981] [DEBUG] debug-file - App plugin creating...
[2026-07-23T17:10:46.049] [DEBUG] debug-file - End initialize project's product build option map with build mode 'debug'.
[2026-07-23T17:10:46.053] [DEBUG] debug-file - Local scan or download hmscore sdk components toolchains,ets,native
[2026-07-23T17:10:46.070] [DEBUG] debug-file - hvigorfile, resolve finished /Users/guoyutong/MyWorkSpace/TestThirdParty/cases/tinyxml2/harmony-demo/hvigorfile.ts
[2026-07-23T17:10:46.077] [DEBUG] debug-file - Module 'entry' target 'default' build option initialized
[2026-07-23T17:10:46.085] [DEBUG] debug-file - Module harmony-demo Collected Dependency: 
[2026-07-23T17:10:46.088] [DEBUG] debug-file - Configuration phase cost:670 ms 
[2026-07-23T17:10:46.093] [DEBUG] debug-file - Incremental task entry:default@PreBuild pre-execution cost: 1 ms .
[2026-07-23T17:10:46.152] [DEBUG] debug-file - entry : default@GenerateMetadata cost memory 0.13886260986328125
[2026-07-23T17:10:46.164] [DEBUG] debug-file - Executing task :entry:default@CreateBuildProfile
[2026-07-23T17:10:46.177] [DEBUG] debug-file - Executing task :entry:default@ProcessIntegratedHsp
[2026-07-23T17:10:46.166] [DEBUG] debug-file - Executing task :entry:default@PreCheckSyscap
[2026-07-23T17:10:46.178] [DEBUG] debug-file - Executing task :entry:default@BuildNativeWithCmake
[2026-07-23T17:10:46.169] [DEBUG] debug-file - Executing task :entry:default@GeneratePkgContextInfo
[2026-07-23T17:10:46.179] [DEBUG] debug-file - Use tool [Cmake]
 [
  '/Users/guoyutong/command-line-tools/sdk/default/openharmony/native/build-tools/cmake/bin/cmake',
  '-H/Users/guoyutong/MyWorkSpace/TestThirdParty/cases/tinyxml2/harmony-demo/entry/src/main/cpp',
  '-B/Users/guoyutong/MyWorkSpace/TestThirdParty/cases/tinyxml2/harmony-demo/entry/.cxx/default/default/debug/arm64-v8a',
  '-DOHOS_ARCH=arm64-v8a',
  '-DCMAKE_LIBRARY_OUTPUT_DIRECTORY=/Users/guoyutong/MyWorkSpace/TestThirdParty/cases/tinyxml2/harmony-demo/entry/build/default/intermediates/cmake/default/obj/arm64-v8a',
  '-DCMAKE_BUILD_TYPE=Debug',
  '-DOHOS_SDK_NATIVE=/Users/guoyutong/command-line-tools/sdk/default/openharmony/native',
  '-DCMAKE_SYSTEM_NAME=OHOS',
  '-DCMAKE_OHOS_ARCH_ABI=arm64-v8a',
  '-DCMAKE_EXPORT_COMPILE_COMMANDS=ON',
  '-DCMAKE_TOOLCHAIN_FILE=/Users/guoyutong/command-line-tools/sdk/default/hms/native/build/cmake/hmos.toolchain.cmake',
  '-GNinja',
  '-DCMAKE_MAKE_PROGRAM=/Users/guoyutong/command-line-tools/sdk/default/openharmony/native/build-tools/cmake/bin/ninja',
  '-DCMAKE_FIND_ROOT_PATH=/Users/guoyutong/MyWorkSpace/TestThirdParty/cases/tinyxml2/harmony-demo/entry/.cxx/default/default/debug/hvigor/arm64-v8a',
  '-DPACKAGE_FIND_FILE=/Users/guoyutong/MyWorkSpace/TestThirdParty/cases/tinyxml2/harmony-demo/entry/.cxx/default/default/debug/hvigor/arm64-v8a/summary.cmake',
  '--no-warn-unused-cli',
  '-DCMAKE_CXX_FLAGS=-std=c++17',
  '-DHMOS_SDK_NATIVE=/Users/guoyutong/command-line-tools/sdk/default/hms/native'
]
[2026-07-23T17:10:46.071] [DEBUG] debug-file - hvigorfile, resolving /Users/guoyutong/MyWorkSpace/TestThirdParty/cases/tinyxml2/harmony-demo/entry/hvigorfile.ts
[2026-07-23T17:10:46.077] [DEBUG] debug-file - Module 'entry' target 'ohosTest' build option initialized
[2026-07-23T17:10:46.085] [DEBUG] debug-file - Module harmony-demo's total dependency: 0
[2026-07-23T17:10:46.088] [DEBUG] debug-file - Configuration task cost before running: 678 ms 
[2026-07-23T17:10:46.145] [DEBUG] debug-file - current product is not Atomic service.
[2026-07-23T17:10:46.153] [INFO] debug-file - UP-TO-DATE :entry:default@GenerateMetadata...  
[2026-07-23T17:10:46.164] [DEBUG] debug-file - Task 'entry:default@CreateBuildProfile' cost while wrapping incremental declarations: 1 ms 
[2026-07-23T17:10:46.177] [DEBUG] debug-file - entry:default@ProcessIntegratedHsp is not up-to-date, since the output file '/Users/guoyutong/MyWorkSpace/TestThirdParty/cases/tinyxml2/harmony-demo/build/cache/default/integrated_hsp/integratedHspCache.json' does not exist.
[2026-07-23T17:10:46.166] [DEBUG] debug-file - entry : default@PreCheckSyscap cost memory 0.01963043212890625
[2026-07-23T17:10:46.174] [DEBUG] debug-file - Task 'entry:default@GeneratePkgContextInfo' cost while wrapping incremental declarations: 1 ms 
[2026-07-23T17:10:46.073] [DEBUG] debug-file - hvigorfile, require result:  { default: { system: [Function: hapTasks], plugins: [] } }
[2026-07-23T17:10:46.077] [DEBUG] debug-file - End initialize module-target build option map, moduleName=entry
[2026-07-23T17:10:46.146] [DEBUG] debug-file - Use tool [darwin: JAVA_HOME, CLASSPATH]
 [
  { JAVA_HOME: '/opt/homebrew/opt/openjdk@17' },
  { CLASSPATH: undefined }
]
[2026-07-23T17:10:46.153] [DEBUG] debug-file - Executing task :entry:default@ConfigureCmake
[2026-07-23T17:10:46.165] [DEBUG] debug-file - entry:default@CreateBuildProfile is not up-to-date, since the input file '/Users/guoyutong/MyWorkSpace/TestThirdParty/cases/tinyxml2/harmony-demo/build-profile.json5' has been changed.
[2026-07-23T17:10:46.177] [DEBUG] debug-file - Incremental task entry:default@ProcessIntegratedHsp pre-execution cost: 1 ms .
[2026-07-23T17:10:46.166] [DEBUG] debug-file - runTaskFromQueue task cost before running: 755 ms 
[2026-07-23T17:10:46.174] [DEBUG] debug-file - entry : default@GeneratePkgContextInfo cost memory 0.5223312377929688
[2026-07-23T17:10:46.073] [DEBUG] debug-file - hvigorfile, binding system plugins [Function: hapTasks]
[2026-07-23T17:10:46.077] [DEBUG] debug-file - Start initialize module-target build option map, moduleName=entry, buildMode=release
[2026-07-23T17:10:46.146] [DEBUG] debug-file - Use tool [darwin: NODE_HOME]
 [ { NODE_HOME: undefined } ]
[2026-07-23T17:10:46.160] [DEBUG] debug-file - entry : default@ConfigureCmake cost memory -9.669700622558594
[2026-07-23T17:10:46.165] [DEBUG] debug-file - Incremental task entry:default@CreateBuildProfile pre-execution cost: 1 ms .
[2026-07-23T17:10:46.177] [DEBUG] debug-file - entry : default@ProcessIntegratedHsp cost memory 0.0677490234375
[2026-07-23T17:10:46.166] [INFO] debug-file - Finished :entry:default@PreCheckSyscap... after 1 ms 
[2026-07-23T17:10:46.174] [DEBUG] debug-file - runTaskFromQueue task cost before running: 764 ms 
[2026-07-23T17:10:46.073] [DEBUG] debug-file - Starting plugin build process
[2026-07-23T17:10:46.077] [DEBUG] debug-file - Target 'default' config initialized
[2026-07-23T17:10:46.146] [DEBUG] debug-file - entry : default@PreBuild cost memory 13.164627075195312
[2026-07-23T17:10:46.160] [DEBUG] debug-file - runTaskFromQueue task cost before running: 749 ms 
[2026-07-23T17:10:46.165] [DEBUG] debug-file - entry : default@CreateBuildProfile cost memory 0.129791259765625
[2026-07-23T17:10:46.177] [DEBUG] debug-file - runTaskFromQueue task cost before running: 767 ms 
[2026-07-23T17:10:46.174] [INFO] debug-file - Finished :entry:default@GeneratePkgContextInfo... after 6 ms 
[2026-07-23T17:10:46.077] [DEBUG] debug-file - Target 'ohosTest' config initialized
[2026-07-23T17:10:46.073] [DEBUG] debug-file - Hap plugin creating...
[2026-07-23T17:10:46.146] [DEBUG] debug-file - runTaskFromQueue task cost before running: 736 ms 
[2026-07-23T17:10:46.165] [DEBUG] debug-file - runTaskFromQueue task cost before running: 755 ms 
[2026-07-23T17:10:46.160] [INFO] debug-file - Finished :entry:default@ConfigureCmake... after 7 ms 
[2026-07-23T17:10:46.175] [DEBUG] debug-file - Executing task :entry:default@GeneratePkgSdkInfo
[2026-07-23T17:10:46.077] [DEBUG] debug-file - Module 'entry' target 'default' build option initialized
[2026-07-23T17:10:46.177] [INFO] debug-file - Finished :entry:default@ProcessIntegratedHsp... after 1 ms 
[2026-07-23T17:10:46.147] [INFO] debug-file - Finished :entry:default@PreBuild... after 56 ms 
[2026-07-23T17:10:46.165] [INFO] debug-file - Finished :entry:default@CreateBuildProfile... after 1 ms 
[2026-07-23T17:10:46.161] [DEBUG] debug-file - Executing task :entry:default@MergeProfile
[2026-07-23T17:10:46.175] [DEBUG] debug-file - Task 'entry:default@GeneratePkgSdkInfo' cost while wrapping incremental declarations: 1 ms 
[2026-07-23T17:10:46.077] [DEBUG] debug-file - Module 'entry' target 'ohosTest' build option initialized
[2026-07-23T17:10:46.148] [DEBUG] debug-file - Executing task :entry:default@CreateModuleInfo
[2026-07-23T17:10:46.161] [DEBUG] debug-file - Task 'entry:default@MergeProfile' cost while wrapping incremental declarations: 1 ms 
[2026-07-23T17:10:46.175] [DEBUG] debug-file - Incremental task entry:default@GeneratePkgSdkInfo pre-execution cost: 1 ms .
[2026-07-23T17:10:46.077] [DEBUG] debug-file - End initialize module-target build option map, moduleName=entry
[2026-07-23T17:10:46.148] [DEBUG] debug-file - Task 'entry:default@CreateModuleInfo' cost while wrapping incremental declarations: 1 ms 
[2026-07-23T17:10:46.161] [DEBUG] debug-file - entry:default@MergeProfile is not up-to-date, since the input file '/Users/guoyutong/MyWorkSpace/TestThirdParty/cases/tinyxml2/harmony-demo/build-profile.json5' has been changed.
[2026-07-23T17:10:46.175] [DEBUG] debug-file - entry : default@GeneratePkgSdkInfo cost memory 0.290435791015625
[2026-07-23T17:10:46.077] [DEBUG] debug-file - Start initialize module-target build option map, moduleName=entry, buildMode=debug
[2026-07-23T17:10:46.148] [DEBUG] debug-file - entry : default@CreateModuleInfo cost memory 0.05475616455078125
[2026-07-23T17:10:46.161] [DEBUG] debug-file - Incremental task entry:default@MergeProfile pre-execution cost: 1 ms .
[2026-07-23T17:10:46.176] [INFO] debug-file - UP-TO-DATE :entry:default@GeneratePkgSdkInfo...  
[2026-07-23T17:10:46.077] [DEBUG] debug-file - Target 'default' config initialized
[2026-07-23T17:10:46.148] [DEBUG] debug-file - runTaskFromQueue task cost before running: 738 ms 
[2026-07-23T17:10:46.161] [DEBUG] debug-file - Change app api release type with 'Beta1'
[2026-07-23T17:10:46.077] [DEBUG] debug-file - Target 'ohosTest' config initialized
[2026-07-23T17:10:46.148] [INFO] debug-file - Finished :entry:default@CreateModuleInfo... after 1 ms 
[2026-07-23T17:10:46.162] [DEBUG] debug-file - Change app compile API version with '26.0.0.23'
[2026-07-23T17:10:46.077] [DEBUG] debug-file - Module 'entry' target 'default' build option initialized
[2026-07-23T17:10:46.162] [DEBUG] debug-file - Change app target API version with '260000026'
[2026-07-23T17:10:46.077] [DEBUG] debug-file - Module 'entry' target 'ohosTest' build option initialized
[2026-07-23T17:10:46.162] [DEBUG] debug-file - Change app minimum API version with '60002022'
[2026-07-23T17:10:46.077] [DEBUG] debug-file - End initialize module-target build option map, moduleName=entry
[2026-07-23T17:10:46.162] [DEBUG] debug-file - Use cli appEnvironment
[2026-07-23T17:10:46.077] [DEBUG] debug-file - Obtain build option for module 'entry' target 'default'in this build.
[2026-07-23T17:10:46.163] [DEBUG] debug-file - entry : default@MergeProfile cost memory 0.241180419921875
[2026-07-23T17:10:46.079] [DEBUG] debug-file - Module entry task initialization takes 2 ms 
[2026-07-23T17:10:46.163] [DEBUG] debug-file - runTaskFromQueue task cost before running: 753 ms 
[2026-07-23T17:10:46.079] [DEBUG] debug-file - Hap plugin register hook start...
[2026-07-23T17:10:46.163] [INFO] debug-file - Finished :entry:default@MergeProfile... after 3 ms 
[2026-07-23T17:10:46.079] [DEBUG] debug-file - Hap plugin register hook end...
[2026-07-23T17:10:46.079] [DEBUG] debug-file - Plugin build process completed
[2026-07-23T17:10:46.079] [DEBUG] debug-file - hvigorfile, begin to bind custom plugins...
[2026-07-23T17:10:46.079] [DEBUG] debug-file - hvigorfile, no custom plugins were found in /Users/guoyutong/MyWorkSpace/TestThirdParty/cases/tinyxml2/harmony-demo/entry/hvigorfile.ts
[2026-07-23T17:10:46.079] [DEBUG] debug-file - hvigorfile, resolve finished /Users/guoyutong/MyWorkSpace/TestThirdParty/cases/tinyxml2/harmony-demo/entry/hvigorfile.ts
[2026-07-23T17:10:46.181] [DEBUG] debug-file - CMake configuration was up-to-date
[2026-07-23T17:10:46.182] [DEBUG] debug-file - Use tool [Cmake]
 [
  '/Users/guoyutong/command-line-tools/sdk/default/openharmony/native/build-tools/cmake/bin/cmake',
  '-H/Users/guoyutong/MyWorkSpace/TestThirdParty/cases/tinyxml2/harmony-demo/entry/src/main/cpp',
  '-B/Users/guoyutong/MyWorkSpace/TestThirdParty/cases/tinyxml2/harmony-demo/entry/.cxx/default/default/debug/x86_64',
  '-DOHOS_ARCH=x86_64',
  '-DCMAKE_LIBRARY_OUTPUT_DIRECTORY=/Users/guoyutong/MyWorkSpace/TestThirdParty/cases/tinyxml2/harmony-demo/entry/build/default/intermediates/cmake/default/obj/x86_64',
  '-DCMAKE_BUILD_TYPE=Debug',
  '-DOHOS_SDK_NATIVE=/Users/guoyutong/command-line-tools/sdk/default/openharmony/native',
  '-DCMAKE_SYSTEM_NAME=OHOS',
  '-DCMAKE_OHOS_ARCH_ABI=x86_64',
  '-DCMAKE_EXPORT_COMPILE_COMMANDS=ON',
  '-DCMAKE_TOOLCHAIN_FILE=/Users/guoyutong/command-line-tools/sdk/default/hms/native/build/cmake/hmos.toolchain.cmake',
  '-GNinja',
  '-DCMAKE_MAKE_PROGRAM=/Users/guoyutong/command-line-tools/sdk/default/openharmony/native/build-tools/cmake/bin/ninja',
  '-DCMAKE_FIND_ROOT_PATH=/Users/guoyutong/MyWorkSpace/TestThirdParty/cases/tinyxml2/harmony-demo/entry/.cxx/default/default/debug/hvigor/x86_64',
  '-DPACKAGE_FIND_FILE=/Users/guoyutong/MyWorkSpace/TestThirdParty/cases/tinyxml2/harmony-demo/entry/.cxx/default/default/debug/hvigor/x86_64/summary.cmake',
  '--no-warn-unused-cli',
  '-DCMAKE_CXX_FLAGS=-std=c++17',
  '-DHMOS_SDK_NATIVE=/Users/guoyutong/command-line-tools/sdk/default/hms/native'
]
[2026-07-23T17:10:46.182] [DEBUG] debug-file - CMake configuration was up-to-date
[2026-07-23T17:10:46.183] [DEBUG] debug-file - entry : default@BuildNativeWithCmake cost memory 1.1782455444335938
[2026-07-23T17:10:46.183] [DEBUG] debug-file - runTaskFromQueue task cost before running: 772 ms 
[2026-07-23T17:10:46.183] [DEBUG] debug-file - Executing task :entry:default@MakePackInfo
[2026-07-23T17:10:46.198] [DEBUG] debug-file - Executing task :entry:default@ProcessProfile
[2026-07-23T17:10:46.242] [DEBUG] debug-file - Executing task :entry:default@ProcessRouterMap
[2026-07-23T17:10:46.240] [DEBUG] debug-file - 13.0.1.0
[2026-07-23T17:10:46.243] [DEBUG] debug-file - Executing task :entry:default@ProcessShareConfig
[2026-07-23T17:10:46.243] [DEBUG] debug-file - Executing task :entry:default@ProcessStartupConfig
[2026-07-23T17:10:46.184] [DEBUG] debug-file - Executing task :entry:default@SyscapTransform
[2026-07-23T17:10:46.183] [INFO] debug-file - Finished :entry:default@BuildNativeWithCmake... after 5 ms 
[2026-07-23T17:10:46.244] [DEBUG] debug-file - Executing task :entry:default@BuildNativeWithNinja
[2026-07-23T17:10:46.184] [DEBUG] debug-file - entry:default@MakePackInfo is not up-to-date, since the input file '/Users/guoyutong/MyWorkSpace/TestThirdParty/cases/tinyxml2/harmony-demo/build-profile.json5' has been changed.
[2026-07-23T17:10:46.199] [DEBUG] debug-file - Task 'entry:default@ProcessProfile' cost while wrapping incremental declarations: 1 ms 
[2026-07-23T17:10:46.242] [DEBUG] debug-file - Incremental task entry:default@ProcessRouterMap pre-execution cost: 1 ms .
[2026-07-23T17:10:46.241] [DEBUG] debug-file - No need to add fake ui ability because of not in preview process.
[2026-07-23T17:10:46.243] [DEBUG] debug-file - Incremental task entry:default@ProcessShareConfig pre-execution cost: 1 ms .
[2026-07-23T17:10:46.184] [DEBUG] debug-file - File: '/Users/guoyutong/MyWorkSpace/TestThirdParty/cases/tinyxml2/harmony-demo/entry/src/main/syscap.json' from 'sysCapJsonPath' is not exists, just ignore.
[2026-07-23T17:10:46.243] [DEBUG] debug-file - Task 'entry:default@ProcessStartupConfig' cost while wrapping incremental declarations: 1 ms 
[2026-07-23T17:10:46.184] [DEBUG] debug-file - Incremental task entry:default@MakePackInfo pre-execution cost: 1 ms .
[2026-07-23T17:10:46.199] [DEBUG] debug-file - entry:default@ProcessProfile is not up-to-date, since the input file '/Users/guoyutong/MyWorkSpace/TestThirdParty/cases/tinyxml2/harmony-demo/entry/build/default/intermediates/merge_profile/default/module.json' has been changed.
[2026-07-23T17:10:46.242] [DEBUG] debug-file - entry : default@ProcessRouterMap cost memory 0.5400772094726562
[2026-07-23T17:10:46.243] [DEBUG] debug-file - entry : default@ProcessShareConfig cost memory 0.1106109619140625
[2026-07-23T17:10:46.185] [DEBUG] debug-file - Task 'entry:default@SyscapTransform' cost while wrapping incremental declarations: 1 ms 
[2026-07-23T17:10:46.241] [DEBUG] debug-file - entry : default@ProcessProfile cost memory 0.40210723876953125
[2026-07-23T17:10:46.184] [DEBUG] debug-file - Module Pack Info:  {
  summary: {
    app: { bundleName: 'c***2', bundleType: 'app', version: [Object] },
    modules: [ [Object] ]
  },
  packages: [
    {
      deviceType: [Array],
      moduleType: 'entry',
      deliveryWithInstall: true,
      name: 'entry-default'
    }
  ]
}
[2026-07-23T17:10:46.243] [DEBUG] debug-file - entry:default@ProcessStartupConfig is not up-to-date, since the output file '/Users/guoyutong/MyWorkSpace/TestThirdParty/cases/tinyxml2/harmony-demo/entry/build/default/intermediates/startup/default/startup_config.json' does not exist.
[2026-07-23T17:10:46.199] [DEBUG] debug-file - Incremental task entry:default@ProcessProfile pre-execution cost: 1 ms .
[2026-07-23T17:10:46.243] [INFO] debug-file - UP-TO-DATE :entry:default@ProcessShareConfig...  
[2026-07-23T17:10:46.242] [INFO] debug-file - UP-TO-DATE :entry:default@ProcessRouterMap...  
[2026-07-23T17:10:46.197] [DEBUG] debug-file - entry:default@SyscapTransform is not up-to-date, since the output file '/Users/guoyutong/MyWorkSpace/TestThirdParty/cases/tinyxml2/harmony-demo/entry/build/default/intermediates/syscap/default/rpcid.sc' does not exist.
[2026-07-23T17:10:46.241] [DEBUG] debug-file - runTaskFromQueue task cost before running: 830 ms 
[2026-07-23T17:10:46.184] [DEBUG] debug-file - entry : default@MakePackInfo cost memory 0.15889739990234375
[2026-07-23T17:10:46.243] [DEBUG] debug-file - Incremental task entry:default@ProcessStartupConfig pre-execution cost: 1 ms .
[2026-07-23T17:10:46.199] [DEBUG] debug-file - [
  '/Users/guoyutong/command-line-tools/tool/node/bin/node',
  '/Users/guoyutong/command-line-tools/sdk/default/openharmony/ets/build-tools/ets-loader/bin/ark/ts2abc.js',
  '--target-api-version',
  '22'
]
[2026-07-23T17:10:46.197] [DEBUG] debug-file - Incremental task entry:default@SyscapTransform pre-execution cost: 13 ms .
[2026-07-23T17:10:46.184] [DEBUG] debug-file - runTaskFromQueue task cost before running: 774 ms 
[2026-07-23T17:10:46.244] [DEBUG] debug-file - entry : default@ProcessStartupConfig cost memory 0.09090423583984375
[2026-07-23T17:10:46.241] [INFO] debug-file - Finished :entry:default@ProcessProfile... after 43 ms 
[2026-07-23T17:10:46.197] [DEBUG] debug-file - entry : default@SyscapTransform cost memory 0.13195037841796875
[2026-07-23T17:10:46.184] [INFO] debug-file - Finished :entry:default@MakePackInfo... after 1 ms 
[2026-07-23T17:10:46.244] [DEBUG] debug-file - runTaskFromQueue task cost before running: 833 ms 
[2026-07-23T17:10:46.197] [DEBUG] debug-file - runTaskFromQueue task cost before running: 787 ms 
[2026-07-23T17:10:46.245] [DEBUG] debug-file - Use tool [Ninja]
 [
  '/Users/guoyutong/command-line-tools/sdk/default/openharmony/native/build-tools/cmake/bin/ninja',
  '-C',
  '/Users/guoyutong/MyWorkSpace/TestThirdParty/cases/tinyxml2/harmony-demo/entry/.cxx/default/default/debug/arm64-v8a'
]
[2026-07-23T17:10:46.244] [INFO] debug-file - Finished :entry:default@ProcessStartupConfig... after 1 ms 
[2026-07-23T17:10:46.197] [INFO] debug-file - Finished :entry:default@SyscapTransform... after 13 ms 
[2026-07-23T17:10:46.245] [DEBUG] debug-file - Since there is no instance or instance is terminated, create a new worker pool.
[2026-07-23T17:10:46.245] [DEBUG] debug-file - Create  resident worker with id: 0.
[2026-07-23T17:10:46.253] [DEBUG] debug-file - OHOS_STL is c++_shared
[2026-07-23T17:10:46.245] [DEBUG] debug-file - Worker pool is initialized with config:  {
  minPoolNum: 2,
  maxPoolNum: undefined,
  maxCoreSize: undefined,
  cacheCapacity: undefined,
  cacheTtl: undefined
}
[2026-07-23T17:10:46.246] [DEBUG] debug-file - Create  resident worker with id: 1.
[2026-07-23T17:10:46.253] [DEBUG] debug-file - Copy STL libc++_shared.so to /Users/guoyutong/MyWorkSpace/TestThirdParty/cases/tinyxml2/harmony-demo/entry/build/default/intermediates/cmake/default/obj/arm64-v8a due to OHOS_STL is 'c++_shared'
[2026-07-23T17:10:46.247] [DEBUG] debug-file - default@BuildNativeWithNinja work[0] is submitted.
[2026-07-23T17:10:46.253] [DEBUG] debug-file - Use tool [Ninja]
 [
  '/Users/guoyutong/command-line-tools/sdk/default/openharmony/native/build-tools/cmake/bin/ninja',
  '-C',
  '/Users/guoyutong/MyWorkSpace/TestThirdParty/cases/tinyxml2/harmony-demo/entry/.cxx/default/default/debug/x86_64'
]
[2026-07-23T17:10:46.247] [DEBUG] debug-file - default@BuildNativeWithNinja work[0] is pushed to ready queue.
[2026-07-23T17:10:46.254] [DEBUG] debug-file - default@BuildNativeWithNinja work[1] is submitted.
[2026-07-23T17:10:46.254] [DEBUG] debug-file - default@BuildNativeWithNinja work[1] is pushed to ready queue.
[2026-07-23T17:10:46.247] [DEBUG] debug-file - A work dispatched to worker[9] failed because unable to get work from ready queue.
[2026-07-23T17:10:46.265] [DEBUG] debug-file - Executing task :entry:default@ProcessResource
[2026-07-23T17:10:46.268] [DEBUG] debug-file - Executing task :entry:default@GenerateLoaderJson
[2026-07-23T17:10:46.274] [DEBUG] debug-file - Executing task :entry:default@CompileResource
[2026-07-23T17:10:46.254] [DEBUG] debug-file - A work dispatched to worker[9] failed because unable to get work from ready queue.
[2026-07-23T17:10:46.247] [DEBUG] debug-file - Create  resident worker with id: 8.
[2026-07-23T17:10:46.265] [DEBUG] debug-file - Task 'entry:default@ProcessResource' cost while wrapping incremental declarations: 1 ms 
[2026-07-23T17:10:46.268] [DEBUG] debug-file - Task 'entry:default@GenerateLoaderJson' cost while wrapping incremental declarations: 1 ms 
[2026-07-23T17:10:46.276] [DEBUG] debug-file - entry:default@CompileResource is not up-to-date, since the input file '/Users/guoyutong/MyWorkSpace/TestThirdParty/cases/tinyxml2/harmony-demo/entry/build/default/intermediates/process_profile/default/module.json' has been changed.
[2026-07-23T17:10:46.254] [DEBUG] debug-file - A work dispatched to worker[8] failed because of worker busy.
[2026-07-23T17:10:46.247] [DEBUG] debug-file - default@BuildNativeWithNinja work[0] has been dispatched to worker[8].
[2026-07-23T17:10:46.266] [DEBUG] debug-file - Incremental task entry:default@ProcessResource pre-execution cost: 1 ms .
[2026-07-23T17:10:46.271] [DEBUG] debug-file - entry:default@GenerateLoaderJson is not up-to-date, since the task snapshots are different.
[2026-07-23T17:10:46.276] [DEBUG] debug-file - Incremental task entry:default@CompileResource pre-execution cost: 1 ms .
[2026-07-23T17:10:46.254] [DEBUG] debug-file - Create  resident worker with id: 7.
[2026-07-23T17:10:46.247] [DEBUG] debug-file - default@BuildNativeWithNinja work[0] is dispatched.
[2026-07-23T17:10:46.276] [DEBUG] debug-file - current process  memoryUsage: {
  rss: 322584576,
  heapTotal: 172965888,
  heapUsed: 150498400,
  external: 3955608,
  arrayBuffers: 140457
} os memoryUsage :15.884063720703125
[2026-07-23T17:10:46.266] [DEBUG] debug-file - entry : default@ProcessResource cost memory 0.13333892822265625
[2026-07-23T17:10:46.271] [DEBUG] debug-file - Incremental task entry:default@GenerateLoaderJson pre-execution cost: 2 ms .
[2026-07-23T17:10:46.276] [DEBUG] debug-file - Use tool [/Users/guoyutong/command-line-tools/sdk/default/openharmony/toolchains/restool]
 [
  '/Users/guoyutong/command-line-tools/sdk/default/openharmony/toolchains/restool',
  '-l',
  '/Users/guoyutong/MyWorkSpace/TestThirdParty/cases/tinyxml2/harmony-demo/entry/build/default/intermediates/res/default/resConfig.json'
]
[2026-07-23T17:10:46.254] [DEBUG] debug-file - default@BuildNativeWithNinja work[1] has been dispatched to worker[7].
[2026-07-23T17:10:46.266] [INFO] debug-file - UP-TO-DATE :entry:default@ProcessResource...  
[2026-07-23T17:10:46.272] [DEBUG] debug-file - entry : default@GenerateLoaderJson cost memory 0.43662261962890625
[2026-07-23T17:10:46.255] [DEBUG] debug-file - default@BuildNativeWithNinja work[1] is dispatched.
[2026-07-23T17:10:46.272] [DEBUG] debug-file - runTaskFromQueue task cost before running: 862 ms 
[2026-07-23T17:10:46.262] [DEBUG] debug-file - OHOS_STL is c++_shared
[2026-07-23T17:10:46.273] [INFO] debug-file - Finished :entry:default@GenerateLoaderJson... after 5 ms 
[2026-07-23T17:10:46.262] [DEBUG] debug-file - Copy STL libc++_shared.so to /Users/guoyutong/MyWorkSpace/TestThirdParty/cases/tinyxml2/harmony-demo/entry/build/default/intermediates/cmake/default/obj/x86_64 due to OHOS_STL is 'c++_shared'
[2026-07-23T17:10:46.274] [DEBUG] debug-file - restool module names: entry; moduleName=entry, taskName=default@CompileResource
[2026-07-23T17:10:46.263] [DEBUG] debug-file - entry : default@BuildNativeWithNinja cost memory 3.4885177612304688
[2026-07-23T17:10:46.264] [DEBUG] debug-file - restool module names: entry; moduleName=entry, taskName=default@ProcessResource
[2026-07-23T17:10:46.299] [DEBUG] debug-file - Info: Pack: normal pack mode

[2026-07-23T17:10:46.405] [DEBUG] debug-file - Info: hardware concurrency count is : 10
Info: thread count is : 10

[2026-07-23T17:10:46.405] [DEBUG] debug-file - Info: thread pool is started

[2026-07-23T17:10:46.405] [DEBUG] debug-file - Info: GenericCompiler::CompileFiles

[2026-07-23T17:10:46.407] [DEBUG] debug-file - Info: GenericCompiler::CompileFiles

[2026-07-23T17:10:46.409] [DEBUG] debug-file - 07-23 17:10:46.409 42892 12076998 I C01400/SvgDecodeUtils: SvgDecodeUtils::IsSvgFormat probe svg format, path:/Users/guoyutong/MyWorkSpace/TestThirdParty/cases/tinyxml2/harmony-demo/AppScope/resources/base/media/app_icon.png.

[2026-07-23T17:10:46.410] [DEBUG] debug-file - 07-23 17:10:46.409 42892 12076998 E C01400/ImageTranscoderUtils: DecodeToRGBA IN

[2026-07-23T17:10:46.410] [DEBUG] debug-file - 07-23 17:10:46.410 42892 12076998 I C01400/SvgDecodeUtils: SvgDecodeUtils::IsSvgFormat probe svg format, path:/Users/guoyutong/MyWorkSpace/TestThirdParty/cases/tinyxml2/harmony-demo/AppScope/resources/base/media/app_icon.png.

[2026-07-23T17:10:46.410] [DEBUG] debug-file - 07-23 17:10:46.410 42892 12076998 E C01400/ImageTranscoderUtils: ImageFilter IN /Users/guoyutong/MyWorkSpace/TestThirdParty/cases/tinyxml2/harmony-demo/AppScope/resources/base/media/app_icon.png

[2026-07-23T17:10:46.439] [DEBUG] debug-file - Warning: The width or height of the png file referenced by the icon exceeds the limit (41 pixels)
at /Users/guoyutong/MyWorkSpace/TestThirdParty/cases/tinyxml2/harmony-demo/AppScope/resources/base/media/app_icon.png

[2026-07-23T17:10:46.439] [DEBUG] debug-file - Warning: The width or height of the png file referenced by the startWindowIcon exceeds the limit (144 pixels)
at /Users/guoyutong/MyWorkSpace/TestThirdParty/cases/tinyxml2/harmony-demo/AppScope/resources/base/media/app_icon.png

[2026-07-23T17:10:46.439] [DEBUG] debug-file - Info: restool resources compile success.

[2026-07-23T17:10:46.440] [DEBUG] debug-file - Info: thread pool is stopped

[2026-07-23T17:10:46.442] [DEBUG] debug-file - entry : default@CompileResource cost memory 0.8007583618164062
[2026-07-23T17:10:46.442] [DEBUG] debug-file - runTaskFromQueue task cost before running: 1 s 32 ms 
[2026-07-23T17:10:46.453] [DEBUG] debug-file - Executing task :entry:default@BuildJS
[2026-07-23T17:10:46.444] [DEBUG] debug-file - Executing task :entry:default@CompileArkTS
[2026-07-23T17:10:46.442] [INFO] debug-file - Finished :entry:default@CompileResource... after 168 ms 
[2026-07-23T17:10:46.453] [DEBUG] debug-file - Task 'entry:default@BuildJS' cost while wrapping incremental declarations: 1 ms 
[2026-07-23T17:10:46.444] [DEBUG] debug-file - obfuscationOptions: undefined
[2026-07-23T17:10:46.453] [DEBUG] debug-file - entry : default@BuildJS cost memory 0.31403350830078125
[2026-07-23T17:10:46.445] [DEBUG] debug-file - Task 'entry:default@CompileArkTS' cost while wrapping incremental declarations: 1 ms 
[2026-07-23T17:10:46.453] [DEBUG] debug-file - runTaskFromQueue task cost before running: 1 s 43 ms 
[2026-07-23T17:10:46.446] [DEBUG] debug-file - entry:default@CompileArkTS is not up-to-date, since the input file '/Users/guoyutong/MyWorkSpace/TestThirdParty/cases/tinyxml2/harmony-demo/entry/build/default/intermediates/loader/default' has been changed.
[2026-07-23T17:10:46.454] [INFO] debug-file - Finished :entry:default@BuildJS... after 1 ms 
[2026-07-23T17:10:46.446] [DEBUG] debug-file - Incremental task entry:default@CompileArkTS pre-execution cost: 1 ms .
[2026-07-23T17:10:46.449] [DEBUG] debug-file - build config:
[2026-07-23T17:10:46.449] [DEBUG] debug-file - {
  moduleType: 'entry',
  perf: 0,
  targetName: '.default',
  packageManagerType: 'ohpm',
  localPropertiesPath: '/Users/guoyutong/MyWorkSpace/TestThirdParty/cases/tinyxml2/harmony-demo/local.properties',
  isPreview: false,
  isOhosTest: false,
  isLocalTest: false,
  buildMode: 'Debug',
  hotReloadBuild: undefined,
  watchMode: 'false',
  aceProfilePath: '/Users/guoyutong/MyWorkSpace/TestThirdParty/cases/tinyxml2/harmony-demo/entry/build/default/intermediates/res/default/resources/base/profile',
  etsLoaderPath: '/Users/guoyutong/command-line-tools/sdk/default/openharmony/ets/build-tools/ets-loader',
  modulePath: '/Users/guoyutong/MyWorkSpace/TestThirdParty/cases/tinyxml2/harmony-demo/entry',
  testFrameworkPar: {
    testMode: undefined,
    coveragePathFilter: undefined,
    coverageMode: undefined
  },
  needCoverageInsert: false,
  debugLine: false,
  projectTopDir: '/Users/guoyutong/MyWorkSpace/TestThirdParty/cases/tinyxml2/harmony-demo',
  compileSdkVersion: 26,
  compatibleSdkVersion: 22,
  originCompatibleSdkVersion: '6.0.2(22)',
  compatibleSdkVersionStage: undefined,
  bundleName: 'c***2',
  etsLoaderVersion: '26.0.0.23',
  etsLoaderReleaseType: 'Beta1',
  aotCompileMode: 'type',
  apPath: '/Users/guoyutong/MyWorkSpace/TestThirdParty/cases/tinyxml2/harmony-demo/entry/modules.ap',
  entryModuleName: 'entry',
  entryModuleVersion: '1.0.0',
  entryPackageName: 'entry',
  allModuleNameHash: 'e71f65eca2aa57c317f34b9fe7823ba53d99ef3d7e7a3e20d577c7d7ed4bc82d',
  externalApiPaths: [ '/Users/guoyutong/command-line-tools/sdk/default/hms/ets' ],
  compilerTypes: [],
  isCrossplatform: false,
  hvigorPluginFile: undefined,
  compilePluginPath: undefined,
  buildGeneratedProfilePath: '/Users/guoyutong/MyWorkSpace/TestThirdParty/cases/tinyxml2/harmony-demo/entry/build/default/generated/profile/default',
  bundleType: 'app',
  arkTSVersion: undefined,
  apiVersion: 26,
  needCompleteSourcesMap: false,
  isFaMode: false,
  buildDir: '/Users/guoyutong/MyWorkSpace/TestThirdParty/cases/tinyxml2/harmony-demo/entry/build',
  deviceTypes: [ 'phone', 'tablet', '2in1' ],
  pkgContextInfo: undefined,
  ohPackagePathMap: {},
  dependencyAliasMap: {},
  permission: { requestPermissions: undefined, definePermissions: undefined },
  useGetCurrentBundleName: false,
  projectArkOption: undefined,
  sourceMapDir: undefined,
  branchElimination: false,
  transformLib: undefined,
  tsImportSendable: false,
  resolveConflictMode: true,
  depName2RootPath: {},
  depName2DepInfo: {},
  depName2OhExports: {},
  rootPathSet: [
    '/Users/guoyutong/MyWorkSpace/TestThirdParty/cases/tinyxml2/harmony-demo'
  ],
  useNativeResolver: true,
  shouldEmitJs: true,
  useUnifiedAst: false,
  useTscResolve: false,
  singleFileEmit: false,
  userProjectConfig: {
    autoLazyImport: false,
    allowEmptyBundleName: false,
    reExportCheckMode: 'noCheck',
    executionMode: 'memory',
    usePathPlaceholder: false,
    writeRollupCache: true,
    isExpandImportEnabled: false,
    expandImportExclude: '',
    lazyImportExclude: '',
    lazyImportInclude: '',
    ignoreCrossplatformCheck: false,
    isHarDeduplicateEnabled: false,
    skipOhModulesLint: false,
    enableStrictCheckOHModule: false,
    disableSendableCheckRules: [],
    useDeclarationFileSignature: false,
    customizedOptions: undefined,
    integratedHsp: false,
    tsImportSoCheck: false,
    isPreloadSoEnabled: false
  },
  executionMode: 'memory',
  arkCompileCachePath: '/Users/guoyutong/MyWorkSpace/TestThirdParty/cases/tinyxml2/harmony-demo/entry/build/default/cache/default/default@CompileArkTS/esmodule',
  autoLazyFilter: undefined,
  isHarDeduplicateEnabled: false,
  intermediateHarDuplicateDirPath: '/Users/guoyutong/MyWorkSpace/TestThirdParty/cases/tinyxml2/harmony-demo/entry/build/default/intermediates/har_duplicate/default',
  autoLazyImport: false,
  allowEmptyBundleName: false,
  reExportCheckMode: 'noCheck',
  usePathPlaceholder: false,
  writeRollupCache: true,
  isExpandImportEnabled: false,
  expandImportExclude: '',
  lazyImportExclude: '',
  lazyImportInclude: '',
  ignoreCrossplatformCheck: false,
  skipOhModulesLint: false,
  enableStrictCheckOHModule: false,
  disableSendableCheckRules: [],
  useDeclarationFileSignature: false,
  customizedOptions: undefined,
  integratedHsp: false,
  tsImportSoCheck: false,
  isPreloadSoEnabled: false,
  strictMode: undefined,
  useNormalizedOHMUrl: false,
  caseSensitiveCheck: false,
  strictCheckerOnly: false,
  aceModuleJsonPath: '/Users/guoyutong/MyWorkSpace/TestThirdParty/cases/tinyxml2/harmony-demo/entry/build/default/intermediates/res/default/ark_module.json',
  appResource: '/Users/guoyutong/MyWorkSpace/TestThirdParty/cases/tinyxml2/harmony-demo/entry/build/default/intermediates/res/default/ResourceTable.txt',
  rawFileResource: '/Users/guoyutong/MyWorkSpace/TestThirdParty/cases/tinyxml2/harmony-demo/entry/build/default/intermediates/res/default/resources/rawfile',
  resourceTableHash: '0f09b429b371a6f162359917e8bf68f1d1a81abfb007e38c000dadae708d7c6a',
  runtimeOS: 'HarmonyOS',
  sdkInfo: 'false:26:26.0.0.23:Beta1',
  aceModuleRoot: '/Users/guoyutong/MyWorkSpace/TestThirdParty/cases/tinyxml2/harmony-demo/entry/src/main/ets',
  compileMode: 'esmodule',
  aceSuperVisualPath: '/Users/guoyutong/MyWorkSpace/TestThirdParty/cases/tinyxml2/harmony-demo/entry/src/main/supervisual',
  aceBuildJson: '/Users/guoyutong/MyWorkSpace/TestThirdParty/cases/tinyxml2/harmony-demo/entry/build/default/intermediates/loader/default/loader.json',
  cachePath: '/Users/guoyutong/MyWorkSpace/TestThirdParty/cases/tinyxml2/harmony-demo/entry/build/default/cache/default/default@CompileArkTS/esmodule/debug',
  aceModuleBuild: '/Users/guoyutong/MyWorkSpace/TestThirdParty/cases/tinyxml2/harmony-demo/entry/build/default/intermediates/loader_out/default/ets',
  supportChunks: true,
  declaredFilesPath: undefined,
  shouldCollectDirectImportees: false,
  isByteCodeHarOptimize: false,
  expandImportPath: undefined,
  resourceTableTs: '/Users/guoyutong/MyWorkSpace/TestThirdParty/cases/tinyxml2/harmony-demo/entry/build/default/generated/r/default/ResourceTable.ts',
  moduleMetaInfoFiles: [
    {
      filePath: '/Users/guoyutong/MyWorkSpace/TestThirdParty/cases/tinyxml2/harmony-demo/entry/build/default/generated/r/default/ResourceTable.ts',
      ohmurl: 'com.thirdparty.validation.tinyxml2/entry/build/generated/r/ResourceTable'
    }
  ],
  pkgNameToPkgBriefInfo: {
    entry: {
      pkgRoot: '/Users/guoyutong/MyWorkSpace/TestThirdParty/cases/tinyxml2/harmony-demo/entry',
      originalSourceRoots: undefined,
      sourceRoots: [Array],
      pkgName: 'entry'
    }
  },
  projectModel: {
    '/Users/guoyutong/MyWorkSpace/TestThirdParty/cases/tinyxml2/harmony-demo/entry/src/main': {
      moduleName: 'entry',
      modulePkgPath: '/Users/guoyutong/MyWorkSpace/TestThirdParty/cases/tinyxml2/harmony-demo/entry',
      belongProjectPath: '/Users/guoyutong/MyWorkSpace/TestThirdParty/cases/tinyxml2/harmony-demo'
    },
    '/Users/guoyutong/MyWorkSpace/TestThirdParty/cases/tinyxml2/harmony-demo/entry/src/ohosTest': {
      moduleName: 'entry_test',
      modulePkgPath: '/Users/guoyutong/MyWorkSpace/TestThirdParty/cases/tinyxml2/harmony-demo/entry',
      belongProjectPath: '/Users/guoyutong/MyWorkSpace/TestThirdParty/cases/tinyxml2/harmony-demo'
    },
    '/Users/guoyutong/MyWorkSpace/TestThirdParty/cases/tinyxml2/harmony-demo/entry': {
      moduleName: 'entry',
      modulePkgPath: '/Users/guoyutong/MyWorkSpace/TestThirdParty/cases/tinyxml2/harmony-demo/entry',
      belongProjectPath: '/Users/guoyutong/MyWorkSpace/TestThirdParty/cases/tinyxml2/harmony-demo'
    },
    '/Users/guoyutong/MyWorkSpace/TestThirdParty/cases/tinyxml2/harmony-demo': {
      moduleName: 'harmony-demo',
      modulePkgPath: '/Users/guoyutong/MyWorkSpace/TestThirdParty/cases/tinyxml2/harmony-demo',
      belongProjectPath: '/Users/guoyutong/MyWorkSpace/TestThirdParty/cases/tinyxml2/harmony-demo'
    }
  },
  pkgJsonFileHash: '8519713dbe917935f72df9fefd8b67ca846046fdb729f87772c82524c1f894c7',
  allModulePaths: [
    '/Users/guoyutong/MyWorkSpace/TestThirdParty/cases/tinyxml2/harmony-demo/entry'
  ],
  routerMap: {},
  obfuscationOptions: undefined,
  byteCodeHarToDependencyKeys: undefined,
  compileBlockPkg: [],
  mockParams: {
    decorator: '@MockSetup',
    packageName: '@ohos/hamock',
    etsSourceRootPath: 'src/main/ets',
    mockConfigPath: undefined,
    mockConfigKey2ModuleInfo: {},
    source2ModuleIdMap: {}
  },
  copyCodeResourceEnable: true,
  copyCodeResourceExcludes: [],
  copyCodeResourceIncludes: undefined,
  uiTransformOptimization: false,
  sdkPath: '/Users/guoyutong/command-line-tools/sdk',
  needPreloadSoFileSet: {},
  preloadSoFilePath: '/Users/guoyutong/MyWorkSpace/TestThirdParty/cases/tinyxml2/harmony-demo/entry/build/default/intermediates/preload/default/preload.json',
  useSourceHash: false,
  localModuleParamMap: {},
  otherPaths: {
    'entry/*': [ '../*', '../../../build/default/generated/profile/default/*' ]
  },
  collectImportersConfig: undefined
}
[2026-07-23T17:10:46.449] [DEBUG] debug-file - Compile arkts with external api path: /Users/guoyutong/command-line-tools/sdk/default/hms/ets
[2026-07-23T17:10:46.450] [DEBUG] debug-file - default@CompileArkTS work[2] is submitted.
[2026-07-23T17:10:46.450] [DEBUG] debug-file - default@CompileArkTS work[2] is pushed to ready queue.
[2026-07-23T17:10:46.450] [DEBUG] debug-file - A work dispatched to worker[9] failed because unable to get work from ready queue.
[2026-07-23T17:10:46.450] [DEBUG] debug-file - A work dispatched to worker[8] failed because of worker busy.
[2026-07-23T17:10:46.450] [DEBUG] debug-file - A work dispatched to worker[7] failed because of worker busy.
[2026-07-23T17:10:46.450] [DEBUG] debug-file - A work dispatched to worker[6] failed because unable to get work from ready queue.
[2026-07-23T17:10:46.450] [DEBUG] debug-file - A work dispatched to worker[5] failed because unable to get work from ready queue.
[2026-07-23T17:10:46.450] [DEBUG] debug-file - Create  resident worker with id: 4.
[2026-07-23T17:10:46.450] [DEBUG] debug-file - default@CompileArkTS work[2] has been dispatched to worker[4].
[2026-07-23T17:10:46.450] [DEBUG] debug-file - default@CompileArkTS work[2] is dispatched.
[2026-07-23T17:10:46.450] [DEBUG] debug-file - CopyResources startTime: 806846157621708
[2026-07-23T17:10:46.450] [DEBUG] debug-file - default@CompileArkTS work[3] is submitted.
[2026-07-23T17:10:46.450] [DEBUG] debug-file - default@CompileArkTS work[3] is pushed to ready queue.
[2026-07-23T17:10:46.450] [DEBUG] debug-file - A work dispatched to worker[9] failed because unable to get work from ready queue.
[2026-07-23T17:10:46.450] [DEBUG] debug-file - A work dispatched to worker[8] failed because of worker busy.
[2026-07-23T17:10:46.450] [DEBUG] debug-file - A work dispatched to worker[7] failed because of worker busy.
[2026-07-23T17:10:46.450] [DEBUG] debug-file - Create  resident worker with id: 6.
[2026-07-23T17:10:46.451] [DEBUG] debug-file - default@CompileArkTS work[3] has been dispatched to worker[6].
[2026-07-23T17:10:46.451] [DEBUG] debug-file - default@CompileArkTS work[3] is dispatched.
[2026-07-23T17:10:46.451] [DEBUG] debug-file - entry : default@CompileArkTS cost memory 1.823822021484375
[2026-07-23T17:10:46.697] [DEBUG] debug-file - ninja: Entering directory `/Users/guoyutong/MyWorkSpace/TestThirdParty/cases/tinyxml2/harmony-demo/entry/.cxx/default/default/debug/x86_64'

[2026-07-23T17:10:46.702] [DEBUG] debug-file - ninja: no work to do.

[2026-07-23T17:10:46.711] [DEBUG] debug-file - ninja: Entering directory `/Users/guoyutong/MyWorkSpace/TestThirdParty/cases/tinyxml2/harmony-demo/entry/.cxx/default/default/debug/arm64-v8a'

[2026-07-23T17:10:46.704] [DEBUG] debug-file - worker[7] has one work done.
[2026-07-23T17:10:46.712] [DEBUG] debug-file - default@BuildNativeWithNinja work[1] done.
[2026-07-23T17:10:46.713] [DEBUG] debug-file - worker[6] has one work done.
[2026-07-23T17:10:46.713] [DEBUG] debug-file - CopyResources is end, endTime: 806846419802041
[2026-07-23T17:10:46.713] [DEBUG] debug-file - default@CompileArkTS work[3] done.
[2026-07-23T17:10:46.713] [DEBUG] debug-file - ninja: no work to do.

[2026-07-23T17:10:46.713] [DEBUG] debug-file - worker[8] has one work done.
[2026-07-23T17:10:46.717] [DEBUG] debug-file - default@BuildNativeWithNinja work[0] done.
[2026-07-23T17:10:46.718] [DEBUG] debug-file - Executing task :entry:default@ProcessLibs
[2026-07-23T17:10:46.717] [INFO] debug-file - Finished :entry:default@BuildNativeWithNinja... after 40 ms 
[2026-07-23T17:10:46.726] [DEBUG] debug-file - Check content hash for /Users/guoyutong/MyWorkSpace/TestThirdParty/cases/tinyxml2/harmony-demo/entry/build/default/intermediates/cmake/default/obj/x86_64/libtinyxml2.a
[2026-07-23T17:10:46.729] [DEBUG] debug-file - Check content hash for /Users/guoyutong/MyWorkSpace/TestThirdParty/cases/tinyxml2/harmony-demo/entry/build/default/intermediates/cmake/default/obj/x86_64/libentry.so
[2026-07-23T17:10:46.731] [DEBUG] debug-file - Check content hash for /Users/guoyutong/MyWorkSpace/TestThirdParty/cases/tinyxml2/harmony-demo/entry/build/default/intermediates/cmake/default/obj/x86_64/libc++_shared.so
[2026-07-23T17:10:46.733] [DEBUG] debug-file - Check content hash for /Users/guoyutong/MyWorkSpace/TestThirdParty/cases/tinyxml2/harmony-demo/entry/build/default/intermediates/cmake/default/obj/arm64-v8a/libtinyxml2.a
[2026-07-23T17:10:46.734] [DEBUG] debug-file - Check content hash for /Users/guoyutong/MyWorkSpace/TestThirdParty/cases/tinyxml2/harmony-demo/entry/build/default/intermediates/cmake/default/obj/arm64-v8a/libentry.so
[2026-07-23T17:10:46.736] [DEBUG] debug-file - Check content hash for /Users/guoyutong/MyWorkSpace/TestThirdParty/cases/tinyxml2/harmony-demo/entry/build/default/intermediates/cmake/default/obj/arm64-v8a/libc++_shared.so
[2026-07-23T17:10:46.739] [DEBUG] debug-file - Task 'entry:default@ProcessLibs' cost while wrapping incremental declarations: 1 ms 
[2026-07-23T17:10:46.739] [DEBUG] debug-file - entry:default@ProcessLibs is not up-to-date, since the input file '/Users/guoyutong/MyWorkSpace/TestThirdParty/cases/tinyxml2/harmony-demo/build-profile.json5' has been changed.
[2026-07-23T17:10:46.739] [DEBUG] debug-file - Incremental task entry:default@ProcessLibs pre-execution cost: 1 ms .
[2026-07-23T17:10:46.740] [DEBUG] debug-file - Worker dispatch failed, running processLibs on main thread.
[2026-07-23T17:10:46.741] [DEBUG] debug-file - Link /Users/guoyutong/MyWorkSpace/TestThirdParty/cases/tinyxml2/harmony-demo/entry/build/default/intermediates/cmake/default/obj/x86_64/libentry.so to /Users/guoyutong/MyWorkSpace/TestThirdParty/cases/tinyxml2/harmony-demo/entry/build/default/intermediates/libs/default/x86_64/libentry.so successfully.
[2026-07-23T17:10:46.741] [DEBUG] debug-file - Link /Users/guoyutong/MyWorkSpace/TestThirdParty/cases/tinyxml2/harmony-demo/entry/build/default/intermediates/cmake/default/obj/x86_64/libc++_shared.so to /Users/guoyutong/MyWorkSpace/TestThirdParty/cases/tinyxml2/harmony-demo/entry/build/default/intermediates/libs/default/x86_64/libc++_shared.so successfully.
[2026-07-23T17:10:46.742] [DEBUG] debug-file - Link /Users/guoyutong/MyWorkSpace/TestThirdParty/cases/tinyxml2/harmony-demo/entry/build/default/intermediates/cmake/default/obj/arm64-v8a/libentry.so to /Users/guoyutong/MyWorkSpace/TestThirdParty/cases/tinyxml2/harmony-demo/entry/build/default/intermediates/libs/default/arm64-v8a/libentry.so successfully.
[2026-07-23T17:10:46.742] [DEBUG] debug-file - Link /Users/guoyutong/MyWorkSpace/TestThirdParty/cases/tinyxml2/harmony-demo/entry/build/default/intermediates/cmake/default/obj/arm64-v8a/libc++_shared.so to /Users/guoyutong/MyWorkSpace/TestThirdParty/cases/tinyxml2/harmony-demo/entry/build/default/intermediates/libs/default/arm64-v8a/libc++_shared.so successfully.
[2026-07-23T17:10:46.743] [DEBUG] debug-file - entry : default@ProcessLibs cost memory 4.3167572021484375
[2026-07-23T17:10:46.743] [DEBUG] debug-file - runTaskFromQueue task cost before running: 1 s 332 ms 
[2026-07-23T17:10:46.744] [DEBUG] debug-file - Executing task :entry:default@DoNativeStrip
[2026-07-23T17:10:46.745] [DEBUG] debug-file - Executing task :entry:default@CacheNativeLibs
[2026-07-23T17:10:46.743] [INFO] debug-file - Finished :entry:default@ProcessLibs... after 25 ms 
[2026-07-23T17:10:46.744] [DEBUG] debug-file - File: '/Users/guoyutong/MyWorkSpace/TestThirdParty/cases/tinyxml2/harmony-demo/entry/build/default/intermediates/binxo/default' from 'doBinxoNativeLibs' is not exists, just ignore.
[2026-07-23T17:10:46.745] [DEBUG] debug-file - File: '/Users/guoyutong/MyWorkSpace/TestThirdParty/cases/tinyxml2/harmony-demo/entry/build/default/intermediates/binxo/default' from 'cacheBinxoNativeLibs' is not exists, just ignore.
[2026-07-23T17:10:46.744] [DEBUG] debug-file - Task 'entry:default@DoNativeStrip' cost while wrapping incremental declarations: 1 ms 
[2026-07-23T17:10:46.745] [DEBUG] debug-file - Task 'entry:default@CacheNativeLibs' cost while wrapping incremental declarations: 1 ms 
[2026-07-23T17:10:46.744] [DEBUG] debug-file - Incremental task entry:default@DoNativeStrip pre-execution cost: 1 ms .
[2026-07-23T17:10:46.745] [DEBUG] debug-file - Incremental task entry:default@CacheNativeLibs pre-execution cost: 1 ms .
[2026-07-23T17:10:46.744] [DEBUG] debug-file - entry : default@DoNativeStrip cost memory 0.14070892333984375
[2026-07-23T17:10:46.745] [DEBUG] debug-file - entry : default@CacheNativeLibs cost memory 0.1583709716796875
[2026-07-23T17:10:46.744] [INFO] debug-file - UP-TO-DATE :entry:default@DoNativeStrip...  
[2026-07-23T17:10:46.745] [INFO] debug-file - UP-TO-DATE :entry:default@CacheNativeLibs...  
[2026-07-23T17:10:46.813] [DEBUG] debug-file - A work dispatched to worker[7] failed because unable to get work from ready queue.
[2026-07-23T17:10:46.813] [DEBUG] debug-file - A work dispatched to worker[6] failed because unable to get work from ready queue.
[2026-07-23T17:10:46.818] [DEBUG] debug-file - A work dispatched to worker[8] failed because unable to get work from ready queue.
[2026-07-23T17:10:48.400] [DEBUG] debug-file - Ark compile task finished.finished time is 806848107210000
[2026-07-23T17:10:48.400] [DEBUG] debug-file - worker[4] has one work done.
[2026-07-23T17:10:48.400] [DEBUG] debug-file - default@CompileArkTS work[2] done.
[2026-07-23T17:10:48.404] [DEBUG] debug-file - Executing task :entry:default@PackageHap
[2026-07-23T17:10:48.405] [DEBUG] debug-file - default@PackageHap work[4] is submitted.
[2026-07-23T17:10:48.401] [DEBUG] debug-file - A work dispatched to worker[4] failed because unable to get work from ready queue.
[2026-07-23T17:10:48.405] [DEBUG] debug-file - default@PackageHap work[4] is pushed to ready queue.
[2026-07-23T17:10:48.401] [INFO] debug-file - Finished :entry:default@CompileArkTS... after 1 s 420 ms 
[2026-07-23T17:10:48.404] [DEBUG] debug-file - entry:default@PackageHap is not up-to-date, since the input file '/Users/guoyutong/MyWorkSpace/TestThirdParty/cases/tinyxml2/harmony-demo/entry/build/default/outputs/default/pack.info' has been changed.
[2026-07-23T17:10:48.405] [DEBUG] debug-file - A work dispatched to worker[9] failed because unable to get work from ready queue.
[2026-07-23T17:10:48.402] [DEBUG] debug-file - Executing task :entry:default@GeneratePkgModuleJson
[2026-07-23T17:10:48.404] [DEBUG] debug-file - Incremental task entry:default@PackageHap pre-execution cost: 1 ms .
[2026-07-23T17:10:48.405] [DEBUG] debug-file - default@PackageHap work[4] has been dispatched to worker[8].
[2026-07-23T17:10:48.402] [DEBUG] debug-file - File: '/Users/guoyutong/MyWorkSpace/TestThirdParty/cases/tinyxml2/harmony-demo/entry/build/default/intermediates/preload/default/preload.json' from 'preloadSoJsonPath' is not exists, just ignore.
[2026-07-23T17:10:48.405] [DEBUG] debug-file - Use tool [/Users/guoyutong/command-line-tools/sdk/default/openharmony/toolchains/lib/app_packing_tool.jar]
 [
  'java',
  '-Dfile.encoding=utf-8',
  '-jar',
  '/Users/guoyutong/command-line-tools/sdk/default/openharmony/toolchains/lib/app_packing_tool.jar',
  '--mode',
  'hap',
  '--force',
  'true',
  '--lib-path',
  '/Users/guoyutong/MyWorkSpace/TestThirdParty/cases/tinyxml2/harmony-demo/entry/build/default/intermediates/stripped_native_libs/default',
  '--json-path',
  '/Users/guoyutong/MyWorkSpace/TestThirdParty/cases/tinyxml2/harmony-demo/entry/build/default/intermediates/package/default/module.json',
  '--resources-path',
  '/Users/guoyutong/MyWorkSpace/TestThirdParty/cases/tinyxml2/harmony-demo/entry/build/default/intermediates/res/default/resources',
  '--index-path',
  '/Users/guoyutong/MyWorkSpace/TestThirdParty/cases/tinyxml2/harmony-demo/entry/build/default/intermediates/res/default/resources.index',
  '--pack-info-path',
  '/Users/guoyutong/MyWorkSpace/TestThirdParty/cases/tinyxml2/harmony-demo/entry/build/default/outputs/default/pack.info',
  '--out-path',
  '/Users/guoyutong/MyWorkSpace/TestThirdParty/cases/tinyxml2/harmony-demo/entry/build/default/outputs/default/entry-default-unsigned.hap',
  '--ets-path',
  '/Users/guoyutong/MyWorkSpace/TestThirdParty/cases/tinyxml2/harmony-demo/entry/build/default/intermediates/loader_out/default/ets',
  '--pkg-sdk-info-path',
  '/Users/guoyutong/MyWorkSpace/TestThirdParty/cases/tinyxml2/harmony-demo/entry/build/default/intermediates/loader/default/pkgSdkInfo.json'
]
[2026-07-23T17:10:48.405] [DEBUG] debug-file - default@PackageHap work[4] is dispatched.
[2026-07-23T17:10:48.402] [DEBUG] debug-file - Error occurs while handling @Input 'shouldDeduplicateHar': The "data" argument must be of type string or an instance of Buffer, TypedArray, or DataView. Received undefined
[2026-07-23T17:10:48.405] [DEBUG] debug-file - entry : default@PackageHap cost memory 0.36882781982421875
[2026-07-23T17:10:48.402] [DEBUG] debug-file - Task 'entry:default@GeneratePkgModuleJson' cost while wrapping incremental declarations: 1 ms 
[2026-07-23T17:10:48.402] [DEBUG] debug-file - entry:default@GeneratePkgModuleJson is not up-to-date, since the input file '/Users/guoyutong/MyWorkSpace/TestThirdParty/cases/tinyxml2/harmony-demo/entry/build/default/intermediates/res/default/module.json' has been changed.
[2026-07-23T17:10:48.402] [DEBUG] debug-file - Incremental task entry:default@GeneratePkgModuleJson pre-execution cost: 1 ms .
[2026-07-23T17:10:48.402] [DEBUG] debug-file - entry : default@GeneratePkgModuleJson cost memory 0.15499114990234375
[2026-07-23T17:10:48.402] [DEBUG] debug-file - runTaskFromQueue task cost before running: 2 s 992 ms 
[2026-07-23T17:10:48.402] [INFO] debug-file - Finished :entry:default@GeneratePkgModuleJson... after 1 ms 
[2026-07-23T17:10:48.403] [DEBUG] debug-file - Executing task :entry:default@ProcessCompiledResources
[2026-07-23T17:10:48.403] [DEBUG] debug-file - File: '/Users/guoyutong/MyWorkSpace/TestThirdParty/cases/tinyxml2/harmony-demo/entry/build/default/intermediates/preload/default/preload.json' from 'preloadSoJsonPath' is not exists, just ignore.
[2026-07-23T17:10:48.403] [DEBUG] debug-file - Task 'entry:default@ProcessCompiledResources' cost while wrapping incremental declarations: 1 ms 
[2026-07-23T17:10:48.403] [DEBUG] debug-file - entry : default@ProcessCompiledResources cost memory 0.05587005615234375
[2026-07-23T17:10:48.403] [DEBUG] debug-file - runTaskFromQueue task cost before running: 2 s 993 ms 
[2026-07-23T17:10:48.403] [INFO] debug-file - Finished :entry:default@ProcessCompiledResources... after 1 ms 
[2026-07-23T17:10:48.407] [DEBUG] debug-file - current process  memoryUsage: {
  rss: 946765824,
  heapTotal: 87113728,
  heapUsed: 56839320,
  external: 5042685,
  arrayBuffers: 20804
} os memoryUsage :15.878875732421875
[2026-07-23T17:10:48.666] [DEBUG] debug-file - worker[8] has one work done.
[2026-07-23T17:10:48.666] [DEBUG] debug-file - default@PackageHap work[4] done.
[2026-07-23T17:10:48.670] [DEBUG] debug-file - Executing task :entry:default@CollectDebugSymbol
[2026-07-23T17:10:48.667] [DEBUG] debug-file - Executing task :entry:default@PackingCheck
[2026-07-23T17:10:48.669] [DEBUG] debug-file - Executing task :entry:default@SignHap
[2026-07-23T17:10:48.671] [DEBUG] debug-file - entry : default@CollectDebugSymbol cost memory 0.102264404296875
[2026-07-23T17:10:48.669] [WARN] debug-file - No signingConfig found for product default
[2026-07-23T17:10:48.669] [DEBUG] debug-file - entry : default@PackingCheck cost memory 0.285003662109375
[2026-07-23T17:10:48.666] [DEBUG] debug-file - A work dispatched to worker[8] failed because unable to get work from ready queue.
[2026-07-23T17:10:48.671] [DEBUG] debug-file - runTaskFromQueue task cost before running: 3 s 260 ms 
[2026-07-23T17:10:48.670] [DEBUG] debug-file - entry:default@SignHap is not up-to-date, since the input file '/Users/guoyutong/MyWorkSpace/TestThirdParty/cases/tinyxml2/harmony-demo/entry/build/default/outputs/default/entry-default-unsigned.hap' has been changed.
[2026-07-23T17:10:48.669] [DEBUG] debug-file - runTaskFromQueue task cost before running: 3 s 258 ms 
[2026-07-23T17:10:48.667] [INFO] debug-file - Finished :entry:default@PackageHap... after 262 ms 
[2026-07-23T17:10:48.671] [INFO] debug-file - Finished :entry:default@CollectDebugSymbol... after 1 ms 
[2026-07-23T17:10:48.670] [DEBUG] debug-file - Incremental task entry:default@SignHap pre-execution cost: 1 ms .
[2026-07-23T17:10:48.669] [INFO] debug-file - Finished :entry:default@PackingCheck... after 2 ms 
[2026-07-23T17:10:48.671] [DEBUG] debug-file - Executing task :entry:assembleHap
[2026-07-23T17:10:48.670] [DEBUG] debug-file - entry : default@SignHap cost memory 0.08642578125
[2026-07-23T17:10:48.671] [DEBUG] debug-file - entry : assembleHap cost memory 0.01580810546875
[2026-07-23T17:10:48.670] [DEBUG] debug-file - runTaskFromQueue task cost before running: 3 s 260 ms 
[2026-07-23T17:10:48.671] [DEBUG] debug-file - runTaskFromQueue task cost before running: 3 s 261 ms 
[2026-07-23T17:10:48.670] [INFO] debug-file - Finished :entry:default@SignHap... after 1 ms 
[2026-07-23T17:10:48.671] [INFO] debug-file - Finished :entry:assembleHap... after 1 ms 
[2026-07-23T17:10:48.672] [INFO] debug-file - BUILD SUCCESSFUL in 3 s 261 ms 
[2026-07-23T17:10:48.672] [DEBUG] debug-file - Update task entry:default@PreBuild input file:/Users/guoyutong/MyWorkSpace/TestThirdParty/cases/tinyxml2/harmony-demo/AppScope/app.json5 cache by regenerate.
[2026-07-23T17:10:48.672] [DEBUG] debug-file - Update task entry:default@PreBuild input file:/Users/guoyutong/MyWorkSpace/TestThirdParty/cases/tinyxml2/harmony-demo/entry/src/main/module.json5 cache by regenerate.
[2026-07-23T17:10:48.672] [DEBUG] debug-file - Update task entry:default@PreBuild input file:/Users/guoyutong/MyWorkSpace/TestThirdParty/cases/tinyxml2/harmony-demo/build-profile.json5 cache from map.
[2026-07-23T17:10:48.672] [DEBUG] debug-file - Update task entry:default@PreBuild input file:/Users/guoyutong/MyWorkSpace/TestThirdParty/cases/tinyxml2/harmony-demo/entry/build-profile.json5 cache by regenerate.
[2026-07-23T17:10:48.672] [DEBUG] debug-file - Update task entry:default@PreBuild input file:/Users/guoyutong/MyWorkSpace/TestThirdParty/cases/tinyxml2/harmony-demo/entry/src/main/resources/base/profile/main_pages.json cache by regenerate.
[2026-07-23T17:10:48.672] [DEBUG] debug-file - Update task entry:default@PreBuild input file:/Users/guoyutong/MyWorkSpace/TestThirdParty/cases/tinyxml2/harmony-demo/hvigor/hvigor-config.json5 cache by regenerate.
[2026-07-23T17:10:48.672] [DEBUG] debug-file - Update task entry:default@PreBuild input file:/Users/guoyutong/MyWorkSpace/TestThirdParty/cases/tinyxml2/harmony-demo/entry/oh-package.json5 cache by regenerate.
[2026-07-23T17:10:48.672] [DEBUG] debug-file - Update task entry:default@PreBuild input file:/Users/guoyutong/MyWorkSpace/TestThirdParty/cases/tinyxml2/harmony-demo/oh-package.json5 cache by regenerate.
[2026-07-23T17:10:48.672] [DEBUG] debug-file - Incremental task entry:default@PreBuild post-execution cost:1 ms .
[2026-07-23T17:10:48.672] [DEBUG] debug-file - Update task entry:default@CreateModuleInfo output file:/Users/guoyutong/MyWorkSpace/TestThirdParty/cases/tinyxml2/harmony-demo/entry/build/default/generated/profile/default/ModuleInfo.ts cache.
[2026-07-23T17:10:48.672] [DEBUG] debug-file - Incremental task entry:default@CreateModuleInfo post-execution cost:1 ms .
[2026-07-23T17:10:48.672] [DEBUG] debug-file - There is no need to refresh cache, since the incremental task entry:default@GenerateMetadata is up-to-date.
[2026-07-23T17:10:48.672] [DEBUG] debug-file - Update task entry:default@MergeProfile input file:/Users/guoyutong/MyWorkSpace/TestThirdParty/cases/tinyxml2/harmony-demo/AppScope/app.json5 cache by regenerate.
[2026-07-23T17:10:48.672] [DEBUG] debug-file - Update task entry:default@MergeProfile input file:/Users/guoyutong/MyWorkSpace/TestThirdParty/cases/tinyxml2/harmony-demo/build-profile.json5 cache from map.
[2026-07-23T17:10:48.672] [DEBUG] debug-file - Update task entry:default@MergeProfile input file:/Users/guoyutong/MyWorkSpace/TestThirdParty/cases/tinyxml2/harmony-demo/entry/src/main/module.json5 cache by regenerate.
[2026-07-23T17:10:48.672] [DEBUG] debug-file - Update task entry:default@MergeProfile output file:/Users/guoyutong/MyWorkSpace/TestThirdParty/cases/tinyxml2/harmony-demo/entry/build/default/intermediates/merge_profile/default/module.json cache.
[2026-07-23T17:10:48.672] [DEBUG] debug-file - Incremental task entry:default@MergeProfile post-execution cost:1 ms .
[2026-07-23T17:10:48.672] [DEBUG] debug-file - Update task entry:default@CreateBuildProfile input file:/Users/guoyutong/MyWorkSpace/TestThirdParty/cases/tinyxml2/harmony-demo/AppScope/app.json5 cache by regenerate.
[2026-07-23T17:10:48.672] [DEBUG] debug-file - Update task entry:default@CreateBuildProfile input file:/Users/guoyutong/MyWorkSpace/TestThirdParty/cases/tinyxml2/harmony-demo/build-profile.json5 cache from map.
[2026-07-23T17:10:48.672] [DEBUG] debug-file - Update task entry:default@CreateBuildProfile output file:/Users/guoyutong/MyWorkSpace/TestThirdParty/cases/tinyxml2/harmony-demo/entry/build/default/generated/profile/default/BuildProfile.ets cache.
[2026-07-23T17:10:48.672] [DEBUG] debug-file - Incremental task entry:default@CreateBuildProfile post-execution cost:1 ms .
[2026-07-23T17:10:48.672] [DEBUG] debug-file - Update task entry:default@GeneratePkgContextInfo output file:/Users/guoyutong/MyWorkSpace/TestThirdParty/cases/tinyxml2/harmony-demo/entry/build/default/intermediates/loader/default/pkgContextInfo.json cache.
[2026-07-23T17:10:48.672] [DEBUG] debug-file - Incremental task entry:default@GeneratePkgContextInfo post-execution cost:1 ms .
[2026-07-23T17:10:48.672] [DEBUG] debug-file - There is no need to refresh cache, since the incremental task entry:default@GeneratePkgSdkInfo is up-to-date.
[2026-07-23T17:10:48.672] [DEBUG] debug-file - Update task entry:default@ProcessIntegratedHsp output file:/Users/guoyutong/MyWorkSpace/TestThirdParty/cases/tinyxml2/harmony-demo/build/cache/default/integrated_hsp/integratedHspCache.json cache.
[2026-07-23T17:10:48.672] [DEBUG] debug-file - Incremental task entry:default@ProcessIntegratedHsp post-execution cost:1 ms .
[2026-07-23T17:10:48.673] [DEBUG] debug-file - Update task entry:default@MakePackInfo input file:/Users/guoyutong/MyWorkSpace/TestThirdParty/cases/tinyxml2/harmony-demo/AppScope/app.json5 cache by regenerate.
[2026-07-23T17:10:48.673] [DEBUG] debug-file - Update task entry:default@MakePackInfo input file:/Users/guoyutong/MyWorkSpace/TestThirdParty/cases/tinyxml2/harmony-demo/entry/src/main/module.json5 cache by regenerate.
[2026-07-23T17:10:48.673] [DEBUG] debug-file - Update task entry:default@MakePackInfo input file:/Users/guoyutong/MyWorkSpace/TestThirdParty/cases/tinyxml2/harmony-demo/build-profile.json5 cache from map.
[2026-07-23T17:10:48.673] [DEBUG] debug-file - Update task entry:default@MakePackInfo output file:/Users/guoyutong/MyWorkSpace/TestThirdParty/cases/tinyxml2/harmony-demo/entry/build/default/outputs/default/pack.info cache.
[2026-07-23T17:10:48.673] [DEBUG] debug-file - Incremental task entry:default@MakePackInfo post-execution cost:1 ms .
[2026-07-23T17:10:48.673] [DEBUG] debug-file - Update task entry:default@SyscapTransform input file:/Users/guoyutong/command-line-tools/sdk/default/openharmony/toolchains/syscap_tool cache by regenerate.
[2026-07-23T17:10:48.673] [DEBUG] debug-file - Update task entry:default@SyscapTransform input file:/Users/guoyutong/command-line-tools/sdk/default/openharmony/ets/api/device-define cache by regenerate.
[2026-07-23T17:10:48.673] [DEBUG] debug-file - Update task entry:default@SyscapTransform output file:/Users/guoyutong/MyWorkSpace/TestThirdParty/cases/tinyxml2/harmony-demo/entry/build/default/intermediates/syscap/default/rpcid.sc cache.
[2026-07-23T17:10:48.673] [DEBUG] debug-file - Incremental task entry:default@SyscapTransform post-execution cost:1 ms .
[2026-07-23T17:10:48.673] [DEBUG] debug-file - Update task entry:default@ProcessProfile input file:/Users/guoyutong/MyWorkSpace/TestThirdParty/cases/tinyxml2/harmony-demo/entry/build/default/intermediates/merge_profile/default/module.json cache from map.
[2026-07-23T17:10:48.673] [DEBUG] debug-file - Update task entry:default@ProcessProfile output file:/Users/guoyutong/MyWorkSpace/TestThirdParty/cases/tinyxml2/harmony-demo/entry/build/default/intermediates/process_profile/default/module.json cache.
[2026-07-23T17:10:48.673] [DEBUG] debug-file - Incremental task entry:default@ProcessProfile post-execution cost:1 ms .
[2026-07-23T17:10:48.673] [DEBUG] debug-file - There is no need to refresh cache, since the incremental task entry:default@ProcessRouterMap is up-to-date.
[2026-07-23T17:10:48.673] [DEBUG] debug-file - There is no need to refresh cache, since the incremental task entry:default@ProcessShareConfig is up-to-date.
[2026-07-23T17:10:48.673] [DEBUG] debug-file - Update task entry:default@ProcessStartupConfig output file:/Users/guoyutong/MyWorkSpace/TestThirdParty/cases/tinyxml2/harmony-demo/entry/build/default/intermediates/startup/default/startup_config.json cache.
[2026-07-23T17:10:48.673] [DEBUG] debug-file - Incremental task entry:default@ProcessStartupConfig post-execution cost:1 ms .
[2026-07-23T17:10:48.673] [DEBUG] debug-file - There is no need to refresh cache, since the incremental task entry:default@ProcessResource is up-to-date.
[2026-07-23T17:10:48.673] [DEBUG] debug-file - Update task entry:default@GenerateLoaderJson input file:/Users/guoyutong/MyWorkSpace/TestThirdParty/cases/tinyxml2/harmony-demo/entry/build/default/intermediates/router_map/default/temp-router-map.json cache by regenerate.
[2026-07-23T17:10:48.673] [DEBUG] debug-file - Update task entry:default@GenerateLoaderJson output file:/Users/guoyutong/MyWorkSpace/TestThirdParty/cases/tinyxml2/harmony-demo/entry/build/default/intermediates/loader/default/loader.json cache.
[2026-07-23T17:10:48.673] [DEBUG] debug-file - Incremental task entry:default@GenerateLoaderJson post-execution cost:1 ms .
[2026-07-23T17:10:48.673] [DEBUG] debug-file - Update task entry:default@CompileResource input file:/Users/guoyutong/MyWorkSpace/TestThirdParty/cases/tinyxml2/harmony-demo/entry/src/main/resources cache by regenerate.
[2026-07-23T17:10:48.673] [DEBUG] debug-file - Update task entry:default@CompileResource input file:/Users/guoyutong/MyWorkSpace/TestThirdParty/cases/tinyxml2/harmony-demo/AppScope/resources cache by regenerate.
[2026-07-23T17:10:48.673] [DEBUG] debug-file - Update task entry:default@CompileResource input file:/Users/guoyutong/MyWorkSpace/TestThirdParty/cases/tinyxml2/harmony-demo/entry/build/default/intermediates/process_profile/default/module.json cache from map.
[2026-07-23T17:10:48.673] [DEBUG] debug-file - Update task entry:default@CompileResource input file:/Users/guoyutong/MyWorkSpace/TestThirdParty/cases/tinyxml2/harmony-demo/entry/build/default/intermediates/res/default/resConfig.json cache by regenerate.
[2026-07-23T17:10:48.673] [DEBUG] debug-file - Update task entry:default@CompileResource output file:/Users/guoyutong/MyWorkSpace/TestThirdParty/cases/tinyxml2/harmony-demo/entry/build/default/intermediates/res/default cache.
[2026-07-23T17:10:48.674] [DEBUG] debug-file - Update task entry:default@CompileResource output file:/Users/guoyutong/MyWorkSpace/TestThirdParty/cases/tinyxml2/harmony-demo/entry/build/default/generated/r/default/ResourceTable.h cache.
[2026-07-23T17:10:48.674] [DEBUG] debug-file - Update task entry:default@CompileResource output file:/Users/guoyutong/MyWorkSpace/TestThirdParty/cases/tinyxml2/harmony-demo/entry/build/default/generated/r/default/ResourceTable.ts cache.
[2026-07-23T17:10:48.674] [DEBUG] debug-file - Update task entry:default@CompileResource output file:/Users/guoyutong/MyWorkSpace/TestThirdParty/cases/tinyxml2/harmony-demo/entry/build/default/generated/r/default cache.
[2026-07-23T17:10:48.674] [DEBUG] debug-file - Incremental task entry:default@CompileResource post-execution cost:1 ms .
[2026-07-23T17:10:48.674] [DEBUG] debug-file - Update task entry:default@CompileArkTS input file:/Users/guoyutong/MyWorkSpace/TestThirdParty/cases/tinyxml2/harmony-demo/entry/build/default/intermediates/loader/default cache from map.
[2026-07-23T17:10:48.674] [DEBUG] debug-file - Update task entry:default@CompileArkTS input file:/Users/guoyutong/MyWorkSpace/TestThirdParty/cases/tinyxml2/harmony-demo/entry/build/default/intermediates/res/default/ResourceTable.txt cache by regenerate.
[2026-07-23T17:10:48.674] [DEBUG] debug-file - Update task entry:default@CompileArkTS input file:/Users/guoyutong/MyWorkSpace/TestThirdParty/cases/tinyxml2/harmony-demo/entry/build/default/intermediates/res/default/ark_module.json cache by regenerate.
[2026-07-23T17:10:48.674] [DEBUG] debug-file - Update task entry:default@CompileArkTS input file:/Users/guoyutong/MyWorkSpace/TestThirdParty/cases/tinyxml2/harmony-demo/entry/build/default/intermediates/res/default/resources/base/profile cache by regenerate.
[2026-07-23T17:10:48.674] [DEBUG] debug-file - Update task entry:default@CompileArkTS input file:/Users/guoyutong/MyWorkSpace/TestThirdParty/cases/tinyxml2/harmony-demo/entry/src/main/ets cache by regenerate.
[2026-07-23T17:10:48.674] [DEBUG] debug-file - Update task entry:default@CompileArkTS input file:/Users/guoyutong/MyWorkSpace/TestThirdParty/cases/tinyxml2/harmony-demo/entry/build/default/generated/profile/default/BuildProfile.ets cache by regenerate.
[2026-07-23T17:10:48.674] [DEBUG] debug-file - Update task entry:default@CompileArkTS input file:/Users/guoyutong/MyWorkSpace/TestThirdParty/cases/tinyxml2/harmony-demo/entry/src/main/cpp/types cache by regenerate.
[2026-07-23T17:10:48.674] [DEBUG] debug-file - Update task entry:default@CompileArkTS output file:/Users/guoyutong/MyWorkSpace/TestThirdParty/cases/tinyxml2/harmony-demo/entry/build/default/intermediates/loader_out/default/ets cache.
[2026-07-23T17:10:48.674] [DEBUG] debug-file - Incremental task entry:default@CompileArkTS post-execution cost:1 ms .
[2026-07-23T17:10:48.674] [DEBUG] debug-file - Update task entry:default@BuildJS input file:/Users/guoyutong/MyWorkSpace/TestThirdParty/cases/tinyxml2/harmony-demo/entry/build/default/intermediates/loader/default cache by regenerate.
[2026-07-23T17:10:48.674] [DEBUG] debug-file - Update task entry:default@BuildJS input file:/Users/guoyutong/MyWorkSpace/TestThirdParty/cases/tinyxml2/harmony-demo/entry/build/default/intermediates/res/default/ResourceTable.txt cache by regenerate.
[2026-07-23T17:10:48.674] [DEBUG] debug-file - Update task entry:default@BuildJS input file:/Users/guoyutong/MyWorkSpace/TestThirdParty/cases/tinyxml2/harmony-demo/entry/build/default/intermediates/res/default/ark_module.json cache by regenerate.
[2026-07-23T17:10:48.674] [DEBUG] debug-file - Update task entry:default@BuildJS input file:/Users/guoyutong/MyWorkSpace/TestThirdParty/cases/tinyxml2/harmony-demo/entry/build/default/intermediates/res/default/resources/base/profile cache by regenerate.
[2026-07-23T17:10:48.674] [DEBUG] debug-file - Update task entry:default@BuildJS output file:/Users/guoyutong/MyWorkSpace/TestThirdParty/cases/tinyxml2/harmony-demo/entry/build/default/intermediates/loader_out/default/js cache.
[2026-07-23T17:10:48.674] [DEBUG] debug-file - Incremental task entry:default@BuildJS post-execution cost:1 ms .
[2026-07-23T17:10:48.674] [DEBUG] debug-file - Update task entry:default@ProcessLibs input file:/Users/guoyutong/MyWorkSpace/TestThirdParty/cases/tinyxml2/harmony-demo/build-profile.json5 cache from map.
[2026-07-23T17:10:48.674] [DEBUG] debug-file - Update task entry:default@ProcessLibs input file:/Users/guoyutong/MyWorkSpace/TestThirdParty/cases/tinyxml2/harmony-demo/entry/build-profile.json5 cache by regenerate.
[2026-07-23T17:10:48.674] [DEBUG] debug-file - Update task entry:default@ProcessLibs output file:/Users/guoyutong/MyWorkSpace/TestThirdParty/cases/tinyxml2/harmony-demo/entry/build/default/intermediates/libs/default cache.
[2026-07-23T17:10:48.675] [DEBUG] debug-file - Incremental task entry:default@ProcessLibs post-execution cost:1 ms .
[2026-07-23T17:10:48.675] [DEBUG] debug-file - There is no need to refresh cache, since the incremental task entry:default@DoNativeStrip is up-to-date.
[2026-07-23T17:10:48.675] [DEBUG] debug-file - There is no need to refresh cache, since the incremental task entry:default@CacheNativeLibs is up-to-date.
[2026-07-23T17:10:48.675] [DEBUG] debug-file - Update task entry:default@GeneratePkgModuleJson input file:/Users/guoyutong/MyWorkSpace/TestThirdParty/cases/tinyxml2/harmony-demo/entry/build/default/intermediates/res/default/module.json cache from map.
[2026-07-23T17:10:48.675] [DEBUG] debug-file - Update task entry:default@GeneratePkgModuleJson output file:/Users/guoyutong/MyWorkSpace/TestThirdParty/cases/tinyxml2/harmony-demo/entry/build/default/intermediates/package/default/module.json cache.
[2026-07-23T17:10:48.675] [DEBUG] debug-file - Incremental task entry:default@GeneratePkgModuleJson post-execution cost:1 ms .
[2026-07-23T17:10:48.675] [DEBUG] debug-file - Incremental task entry:default@ProcessCompiledResources post-execution cost:1 ms .
[2026-07-23T17:10:48.675] [DEBUG] debug-file - Update task entry:default@PackageHap input file:/Users/guoyutong/MyWorkSpace/TestThirdParty/cases/tinyxml2/harmony-demo/entry/build/default/outputs/default/pack.info cache from map.
[2026-07-23T17:10:48.675] [DEBUG] debug-file - Update task entry:default@PackageHap input file:/Users/guoyutong/MyWorkSpace/TestThirdParty/cases/tinyxml2/harmony-demo/entry/build/default/intermediates/stripped_native_libs/default cache by regenerate.
[2026-07-23T17:10:48.675] [DEBUG] debug-file - Update task entry:default@PackageHap input file:/Users/guoyutong/MyWorkSpace/TestThirdParty/cases/tinyxml2/harmony-demo/entry/build/default/intermediates/res/default/module.json cache by regenerate.
[2026-07-23T17:10:48.675] [DEBUG] debug-file - Update task entry:default@PackageHap input file:/Users/guoyutong/MyWorkSpace/TestThirdParty/cases/tinyxml2/harmony-demo/entry/build/default/intermediates/res/default/resources cache by regenerate.
[2026-07-23T17:10:48.675] [DEBUG] debug-file - Update task entry:default@PackageHap input file:/Users/guoyutong/MyWorkSpace/TestThirdParty/cases/tinyxml2/harmony-demo/entry/build/default/intermediates/res/default/resources.index cache by regenerate.
[2026-07-23T17:10:48.675] [DEBUG] debug-file - Update task entry:default@PackageHap input file:/Users/guoyutong/MyWorkSpace/TestThirdParty/cases/tinyxml2/harmony-demo/entry/build/default/intermediates/loader_out/default/ets cache by regenerate.
[2026-07-23T17:10:48.675] [DEBUG] debug-file - Update task entry:default@PackageHap input file:/Users/guoyutong/MyWorkSpace/TestThirdParty/cases/tinyxml2/harmony-demo/entry/build/default/intermediates/loader/default/pkgSdkInfo.json cache by regenerate.
[2026-07-23T17:10:48.675] [DEBUG] debug-file - Update task entry:default@PackageHap input file:/Users/guoyutong/MyWorkSpace/TestThirdParty/cases/tinyxml2/harmony-demo/entry/build/default/intermediates/package/default/module.json cache by regenerate.
[2026-07-23T17:10:48.675] [DEBUG] debug-file - Update task entry:default@PackageHap input file:/Users/guoyutong/MyWorkSpace/TestThirdParty/cases/tinyxml2/harmony-demo/entry/build/default/intermediates/loader_out/default/ets/sourceMaps.map cache by regenerate.
[2026-07-23T17:10:48.675] [DEBUG] debug-file - Update task entry:default@PackageHap input file:/Users/guoyutong/MyWorkSpace/TestThirdParty/cases/tinyxml2/harmony-demo/entry/build/default/generated/profile/default/BuildProfile.ets cache by regenerate.
[2026-07-23T17:10:48.675] [DEBUG] debug-file - Update task entry:default@PackageHap output file:/Users/guoyutong/MyWorkSpace/TestThirdParty/cases/tinyxml2/harmony-demo/entry/build/default/outputs/default/entry-default-unsigned.hap cache.
[2026-07-23T17:10:48.675] [DEBUG] debug-file - Update task entry:default@PackageHap output file:/Users/guoyutong/MyWorkSpace/TestThirdParty/cases/tinyxml2/harmony-demo/entry/build/default/intermediates/source_map/default/sourceMaps.map cache.
[2026-07-23T17:10:48.675] [DEBUG] debug-file - Update task entry:default@PackageHap output file:/Users/guoyutong/MyWorkSpace/TestThirdParty/cases/tinyxml2/harmony-demo/entry/build/default/outputs/default/mapping/sourceMaps.map cache.
[2026-07-23T17:10:48.675] [DEBUG] debug-file - Incremental task entry:default@PackageHap post-execution cost:1 ms .
[2026-07-23T17:10:48.675] [DEBUG] debug-file - Update task entry:default@SignHap input file:/Users/guoyutong/MyWorkSpace/TestThirdParty/cases/tinyxml2/harmony-demo/entry/build/default/outputs/default/entry-default-unsigned.hap cache from map.
[2026-07-23T17:10:48.675] [DEBUG] debug-file - Update task entry:default@SignHap output file:/Users/guoyutong/MyWorkSpace/TestThirdParty/cases/tinyxml2/harmony-demo/entry/build/default/outputs/default/entry-default-signed.hap cache.
[2026-07-23T17:10:48.675] [DEBUG] debug-file - Incremental task entry:default@SignHap post-execution cost:1 ms .
[2026-07-23T17:10:48.675] [DEBUG] debug-file - Update task entry:default@CollectDebugSymbol input file:/Users/guoyutong/MyWorkSpace/TestThirdParty/cases/tinyxml2/harmony-demo/entry/build/default/intermediates/loader_out/default/ets/sourceMaps.map cache by regenerate.
[2026-07-23T17:10:48.675] [DEBUG] debug-file - Update task entry:default@CollectDebugSymbol input file:/Users/guoyutong/MyWorkSpace/TestThirdParty/cases/tinyxml2/harmony-demo/entry/build/default/intermediates/libs/default cache by regenerate.
[2026-07-23T17:10:48.675] [DEBUG] debug-file - Update task entry:default@CollectDebugSymbol output file:/Users/guoyutong/MyWorkSpace/TestThirdParty/cases/tinyxml2/harmony-demo/entry/build/default/outputs/default/symbol cache.
[2026-07-23T17:10:48.675] [DEBUG] debug-file - Incremental task entry:default@CollectDebugSymbol post-execution cost:1 ms .
[2026-07-23T17:10:48.690] [DEBUG] debug-file - Current worker pool is stopped or closed.
[2026-07-23T17:10:48.690] [DEBUG] debug-file - Clear worker 0.
[2026-07-23T17:10:48.690] [DEBUG] debug-file - Worker 0 has been cleared.
[2026-07-23T17:10:48.690] [DEBUG] debug-file - Current idle worker size: 5.
[2026-07-23T17:10:48.690] [DEBUG] debug-file - Current busy worker size: 0.
[2026-07-23T17:10:48.690] [DEBUG] debug-file - Clear worker 1.
[2026-07-23T17:10:48.690] [DEBUG] debug-file - Worker 1 has been cleared.
[2026-07-23T17:10:48.690] [DEBUG] debug-file - Current idle worker size: 4.
[2026-07-23T17:10:48.690] [DEBUG] debug-file - Current busy worker size: 0.
[2026-07-23T17:10:48.690] [DEBUG] debug-file - Clear worker 7.
[2026-07-23T17:10:48.690] [DEBUG] debug-file - Worker 7 has been cleared.
[2026-07-23T17:10:48.690] [DEBUG] debug-file - Current idle worker size: 3.
[2026-07-23T17:10:48.690] [DEBUG] debug-file - Current busy worker size: 0.
[2026-07-23T17:10:48.690] [DEBUG] debug-file - Clear worker 6.
[2026-07-23T17:10:48.690] [DEBUG] debug-file - Worker 6 has been cleared.
[2026-07-23T17:10:48.690] [DEBUG] debug-file - Current idle worker size: 2.
[2026-07-23T17:10:48.690] [DEBUG] debug-file - Current busy worker size: 0.
[2026-07-23T17:10:48.690] [DEBUG] debug-file - Clear worker 4.
[2026-07-23T17:10:48.690] [DEBUG] debug-file - Worker 4 has been cleared.
[2026-07-23T17:10:48.690] [DEBUG] debug-file - Current idle worker size: 1.
[2026-07-23T17:10:48.690] [DEBUG] debug-file - Current busy worker size: 0.
[2026-07-23T17:10:48.690] [DEBUG] debug-file - Clear worker 8.
[2026-07-23T17:10:48.690] [DEBUG] debug-file - Worker 8 has been cleared.
[2026-07-23T17:10:48.690] [DEBUG] debug-file - Current idle worker size: 0.
[2026-07-23T17:10:48.690] [DEBUG] debug-file - Current busy worker size: 0.
[2026-07-23T17:10:48.691] [DEBUG] debug-file - hvigor build process will be closed.
[2026-07-23T17:10:48.693] [DEBUG] debug-file - worker[6] exits with exit code 1.
[2026-07-23T17:10:48.693] [DEBUG] debug-file - worker[1] exits with exit code 1.
[2026-07-23T17:10:48.693] [DEBUG] debug-file - worker[7] exits with exit code 1.
[2026-07-23T17:10:48.693] [DEBUG] debug-file - worker[0] exits with exit code 1.
[2026-07-23T17:10:48.693] [DEBUG] debug-file - worker[8] exits with exit code 1.
[2026-07-23T17:10:48.694] [DEBUG] debug-file - Current worker pool is terminated.
[2026-07-23T17:10:48.696] [DEBUG] debug-file - worker[4] exits with exit code 1.
[2026-07-23T17:10:48.955] [DEBUG] debug-file - env: nodejsVersion=v24.14.1
[2026-07-23T17:10:49.054] [DEBUG] debug-file - Hvigor init with startParameters:{
  hvigorfileTypeCheck: false,
  parallelExecution: true,
  incrementalExecution: true,
  printStackTrace: false,
  daemon: false,
  analyze: 0,
  logLevel: Level { level: 20000, levelStr: 'INFO', colour: 'green' },
  optimizationStrategy: 'memory',
  hotCompile: undefined,
  hotReloadBuild: undefined,
  customizedParam: undefined
}
[2026-07-23T17:10:49.421] [DEBUG] debug-file - hvigorfile, require result:  { default: { system: [Function: appTasks], plugins: [] } }
[2026-07-23T17:10:49.484] [DEBUG] debug-file - App plugin register hook start...
[2026-07-23T17:10:49.422] [DEBUG] debug-file - Starting plugin build process
[2026-07-23T17:10:49.485] [DEBUG] debug-file - Start initialize project's product build option map with build mode debug.
[2026-07-23T17:10:49.486] [DEBUG] debug-file - Obtain build option for product 'default'in this build.
[2026-07-23T17:10:49.489] [DEBUG] debug-file - Start recording SDK configuration permission data.
[2026-07-23T17:10:49.507] [DEBUG] debug-file - failed to load cangjie to dynamically generate schemas: Error: Cannot find module '@ohos/cangjie-build-support/index'
Require stack:
- /Users/guoyutong/command-line-tools/hvigor/hvigor-ohos-plugin/src/plugin/hooks/cangjie-register.js
- /Users/guoyutong/command-line-tools/hvigor/hvigor-ohos-plugin/src/plugin/strategy/stage-init-strategy.js
- /Users/guoyutong/command-line-tools/hvigor/hvigor-ohos-plugin/src/plugin/builder/abstract-plugin-builder.js
- /Users/guoyutong/command-line-tools/hvigor/hvigor-ohos-plugin/src/plugin/builder/app-plugin-builder.js
- /Users/guoyutong/command-line-tools/hvigor/hvigor-ohos-plugin/src/plugin/factory/plugin-factory.js
- /Users/guoyutong/command-line-tools/hvigor/hvigor-ohos-plugin/index.js
- /Users/guoyutong/MyWorkSpace/TestThirdParty/cases/tinyxml2/harmony-demo/hvigorfile.ts
- /Users/guoyutong/command-line-tools/hvigor/hvigor/src/base/internal/lifecycle/configuration.js
- /Users/guoyutong/command-line-tools/hvigor/hvigor/src/base/boot/index.js
- /Users/guoyutong/command-line-tools/hvigor/hvigor/src/cli/main/cli.js
- /Users/guoyutong/command-line-tools/hvigor/hvigor/bin/hvigor.js
[2026-07-23T17:10:49.509] [DEBUG] debug-file - Start initialize module-target build option map, moduleName=entry, buildMode=debug
[2026-07-23T17:10:49.504] [DEBUG] debug-file - Project task initialization takes 2 ms 
[2026-07-23T17:10:49.513] [DEBUG] debug-file - start to load updatedOhPackageInfo to the disk
[2026-07-23T17:10:49.520] [DEBUG] debug-file - Executing task :entry:ohosTest@PreBuild
[2026-07-23T17:10:49.512] [DEBUG] debug-file - project has submodules:entry
[2026-07-23T17:10:49.516] [DEBUG] debug-file - Start to initialize dependency information.
[2026-07-23T17:10:49.575] [DEBUG] debug-file - Executing task :entry:ohosTest@GenerateMetadata
[2026-07-23T17:10:48.955] [DEBUG] debug-file - env: hvigor-config.json5 content = {
  modelVersion: '6.1.0',
  dependencies: {},
  execution: {},
  logging: {},
  debugging: {},
  nodeOptions: {}
}
[2026-07-23T17:10:49.057] [DEBUG] debug-file - Cache service initialization finished in 3 ms 
[2026-07-23T17:10:49.422] [DEBUG] debug-file - hvigorfile, binding system plugins [Function: appTasks]
[2026-07-23T17:10:49.484] [DEBUG] debug-file - App plugin register hook end...
[2026-07-23T17:10:49.422] [DEBUG] debug-file - App plugin prepare start...
[2026-07-23T17:10:49.485] [DEBUG] debug-file - Picking option from product 'default' with build mode 'debug'.
[2026-07-23T17:10:49.487] [DEBUG] debug-file - No signingConfig found, initRemoteHspCache failed.
[2026-07-23T17:10:49.502] [DEBUG] debug-file - Sdk init in 15 ms 
[2026-07-23T17:10:49.509] [DEBUG] debug-file - Target 'default' config initialized
[2026-07-23T17:10:49.504] [DEBUG] debug-file - hvigorfile, begin to bind custom plugins...
[2026-07-23T17:10:49.513] [DEBUG] debug-file - load to the disk finished
[2026-07-23T17:10:49.522] [DEBUG] debug-file - Task 'entry:ohosTest@PreBuild' cost while wrapping incremental declarations: 1 ms 
[2026-07-23T17:10:49.516] [DEBUG] debug-file - Module entry Collected Dependency: /Users/guoyutong/MyWorkSpace/TestThirdParty/cases/tinyxml2/harmony-demo/entry/src/main/cpp/types/libentry
[2026-07-23T17:10:49.575] [DEBUG] debug-file - Task 'entry:ohosTest@GenerateMetadata' cost while wrapping incremental declarations: 1 ms 
[2026-07-23T17:10:48.956] [DEBUG] debug-file - env: daemon=false
[2026-07-23T17:10:49.057] [DEBUG] debug-file - hvigorfile, resolving /Users/guoyutong/MyWorkSpace/TestThirdParty/cases/tinyxml2/harmony-demo/hvigorfile.ts
[2026-07-23T17:10:49.484] [DEBUG] debug-file - Plugin build process completed
[2026-07-23T17:10:49.422] [DEBUG] debug-file - App plugin prepare end...
[2026-07-23T17:10:49.485] [DEBUG] debug-file - Product 'default' build option initialized
[2026-07-23T17:10:49.487] [DEBUG] debug-file - Local scan or download HarmonyOS sdk components toolchains,ets,js,native,previewer
[2026-07-23T17:10:49.510] [DEBUG] debug-file - Target 'ohosTest' config initialized
[2026-07-23T17:10:49.504] [DEBUG] debug-file - hvigorfile, no custom plugins were found in /Users/guoyutong/MyWorkSpace/TestThirdParty/cases/tinyxml2/harmony-demo/hvigorfile.ts
[2026-07-23T17:10:49.513] [DEBUG] debug-file - Start to initialize dependency information.
[2026-07-23T17:10:49.523] [DEBUG] debug-file - entry:ohosTest@PreBuild is not up-to-date, since the task snapshots are different.
[2026-07-23T17:10:49.516] [DEBUG] debug-file - Module entry's total dependency: 1
[2026-07-23T17:10:49.576] [DEBUG] debug-file - Incremental task entry:ohosTest@GenerateMetadata pre-execution cost: 1 ms .
[2026-07-23T17:10:48.956] [DEBUG] debug-file - no-daemon, use the parent process.execArgv --max-old-space-size=8192,--max-semi-space-size=16,--expose-gc
[2026-07-23T17:10:49.422] [DEBUG] debug-file - App plugin creating...
[2026-07-23T17:10:49.485] [DEBUG] debug-file - End initialize project's product build option map with build mode 'debug'.
[2026-07-23T17:10:49.488] [DEBUG] debug-file - Local scan or download hmscore sdk components toolchains,ets,native
[2026-07-23T17:10:49.510] [DEBUG] debug-file - Module 'entry' target 'default' build option initialized
[2026-07-23T17:10:49.504] [DEBUG] debug-file - hvigorfile, resolve finished /Users/guoyutong/MyWorkSpace/TestThirdParty/cases/tinyxml2/harmony-demo/hvigorfile.ts
[2026-07-23T17:10:49.515] [DEBUG] debug-file - Module harmony-demo Collected Dependency: 
[2026-07-23T17:10:49.523] [DEBUG] debug-file - Incremental task entry:ohosTest@PreBuild pre-execution cost: 1 ms .
[2026-07-23T17:10:49.517] [DEBUG] debug-file - Configuration phase cost:461 ms 
[2026-07-23T17:10:49.585] [DEBUG] debug-file - Executing task :entry:ohosTest@CreateBuildProfile
[2026-07-23T17:10:49.586] [DEBUG] debug-file - Executing task :entry:ohosTest@GeneratePkgContextInfo
[2026-07-23T17:10:49.586] [DEBUG] debug-file - Executing task :entry:ohosTest@PreCheckSyscap
[2026-07-23T17:10:49.592] [DEBUG] debug-file - Executing task :entry:ohosTest@BuildNativeWithCmake
[2026-07-23T17:10:49.591] [DEBUG] debug-file - Executing task :entry:ohosTest@ProcessIntegratedHsp
[2026-07-23T17:10:49.593] [DEBUG] debug-file - Use tool [Cmake]
 [
  '/Users/guoyutong/command-line-tools/sdk/default/openharmony/native/build-tools/cmake/bin/cmake',
  '-H/Users/guoyutong/MyWorkSpace/TestThirdParty/cases/tinyxml2/harmony-demo/entry/src/ohosTest/cpp',
  '-B/Users/guoyutong/MyWorkSpace/TestThirdParty/cases/tinyxml2/harmony-demo/entry/.cxx/default/ohosTest/debug/arm64-v8a',
  '-DOHOS_ARCH=arm64-v8a',
  '-DCMAKE_LIBRARY_OUTPUT_DIRECTORY=/Users/guoyutong/MyWorkSpace/TestThirdParty/cases/tinyxml2/harmony-demo/entry/build/default/intermediates/cmake/ohosTest/obj/arm64-v8a',
  '-DCMAKE_BUILD_TYPE=Debug',
  '-DOHOS_SDK_NATIVE=/Users/guoyutong/command-line-tools/sdk/default/openharmony/native',
  '-DCMAKE_SYSTEM_NAME=OHOS',
  '-DCMAKE_OHOS_ARCH_ABI=arm64-v8a',
  '-DCMAKE_EXPORT_COMPILE_COMMANDS=ON',
  '-DCMAKE_TOOLCHAIN_FILE=/Users/guoyutong/command-line-tools/sdk/default/hms/native/build/cmake/hmos.toolchain.cmake',
  '-GNinja',
  '-DCMAKE_MAKE_PROGRAM=/Users/guoyutong/command-line-tools/sdk/default/openharmony/native/build-tools/cmake/bin/ninja',
  '-DCMAKE_FIND_ROOT_PATH=/Users/guoyutong/MyWorkSpace/TestThirdParty/cases/tinyxml2/harmony-demo/entry/.cxx/default/ohosTest/debug/hvigor/arm64-v8a',
  '-DPACKAGE_FIND_FILE=/Users/guoyutong/MyWorkSpace/TestThirdParty/cases/tinyxml2/harmony-demo/entry/.cxx/default/ohosTest/debug/hvigor/arm64-v8a/summary.cmake',
  '--no-warn-unused-cli',
  '-DCMAKE_CXX_FLAGS=-std=c++17',
  '-DHMOS_SDK_NATIVE=/Users/guoyutong/command-line-tools/sdk/default/hms/native'
]
[2026-07-23T17:10:49.576] [DEBUG] debug-file - entry : ohosTest@GenerateMetadata cost memory -0.31314849853515625
[2026-07-23T17:10:49.510] [DEBUG] debug-file - Module 'entry' target 'ohosTest' build option initialized
[2026-07-23T17:10:49.504] [DEBUG] debug-file - hvigorfile, resolving /Users/guoyutong/MyWorkSpace/TestThirdParty/cases/tinyxml2/harmony-demo/entry/hvigorfile.ts
[2026-07-23T17:10:49.515] [DEBUG] debug-file - Module harmony-demo's total dependency: 0
[2026-07-23T17:10:49.573] [DEBUG] debug-file - current product is not Atomic service.
[2026-07-23T17:10:49.585] [DEBUG] debug-file - Task 'entry:ohosTest@CreateBuildProfile' cost while wrapping incremental declarations: 1 ms 
[2026-07-23T17:10:49.586] [DEBUG] debug-file - entry : ohosTest@PreCheckSyscap cost memory 0.01963043212890625
[2026-07-23T17:10:49.589] [DEBUG] debug-file - Task 'entry:ohosTest@GeneratePkgContextInfo' cost while wrapping incremental declarations: 1 ms 
[2026-07-23T17:10:49.518] [DEBUG] debug-file - Configuration task cost before running: 466 ms 
[2026-07-23T17:10:49.592] [DEBUG] debug-file - entry:ohosTest@ProcessIntegratedHsp is not up-to-date, since the output file '/Users/guoyutong/MyWorkSpace/TestThirdParty/cases/tinyxml2/harmony-demo/build/cache/default/integrated_hsp/integratedHspCache.json' does not exist.
[2026-07-23T17:10:49.576] [INFO] debug-file - UP-TO-DATE :entry:ohosTest@GenerateMetadata...  
[2026-07-23T17:10:49.510] [DEBUG] debug-file - End initialize module-target build option map, moduleName=entry
[2026-07-23T17:10:49.507] [DEBUG] debug-file - hvigorfile, require result:  { default: { system: [Function: hapTasks], plugins: [] } }
[2026-07-23T17:10:49.573] [DEBUG] debug-file - Use tool [darwin: JAVA_HOME, CLASSPATH]
 [
  { JAVA_HOME: '/opt/homebrew/opt/openjdk@17' },
  { CLASSPATH: undefined }
]
[2026-07-23T17:10:49.585] [DEBUG] debug-file - entry:ohosTest@CreateBuildProfile is not up-to-date, since the task snapshots are different.
[2026-07-23T17:10:49.586] [DEBUG] debug-file - runTaskFromQueue task cost before running: 534 ms 
[2026-07-23T17:10:49.589] [DEBUG] debug-file - entry : ohosTest@GeneratePkgContextInfo cost memory 0.5167617797851562
[2026-07-23T17:10:49.592] [DEBUG] debug-file - Incremental task entry:ohosTest@ProcessIntegratedHsp pre-execution cost: 1 ms .
[2026-07-23T17:10:49.576] [DEBUG] debug-file - Executing task :entry:ohosTest@ConfigureCmake
[2026-07-23T17:10:49.510] [DEBUG] debug-file - Start initialize module-target build option map, moduleName=entry, buildMode=release
[2026-07-23T17:10:49.507] [DEBUG] debug-file - hvigorfile, binding system plugins [Function: hapTasks]
[2026-07-23T17:10:49.573] [DEBUG] debug-file - Use tool [darwin: NODE_HOME]
 [ { NODE_HOME: undefined } ]
[2026-07-23T17:10:49.585] [DEBUG] debug-file - Incremental task entry:ohosTest@CreateBuildProfile pre-execution cost: 1 ms .
[2026-07-23T17:10:49.586] [INFO] debug-file - Finished :entry:ohosTest@PreCheckSyscap... after 1 ms 
[2026-07-23T17:10:49.589] [DEBUG] debug-file - runTaskFromQueue task cost before running: 537 ms 
[2026-07-23T17:10:49.592] [DEBUG] debug-file - entry : ohosTest@ProcessIntegratedHsp cost memory 0.05757904052734375
[2026-07-23T17:10:49.582] [DEBUG] debug-file - entry : ohosTest@ConfigureCmake cost memory -9.643547058105469
[2026-07-23T17:10:49.510] [DEBUG] debug-file - Target 'default' config initialized
[2026-07-23T17:10:49.507] [DEBUG] debug-file - Starting plugin build process
[2026-07-23T17:10:49.573] [DEBUG] debug-file - entry : ohosTest@PreBuild cost memory 13.238609313964844
[2026-07-23T17:10:49.585] [DEBUG] debug-file - entry : ohosTest@CreateBuildProfile cost memory 0.14345550537109375
[2026-07-23T17:10:49.590] [INFO] debug-file - Finished :entry:ohosTest@GeneratePkgContextInfo... after 4 ms 
[2026-07-23T17:10:49.592] [DEBUG] debug-file - runTaskFromQueue task cost before running: 539 ms 
[2026-07-23T17:10:49.582] [DEBUG] debug-file - runTaskFromQueue task cost before running: 529 ms 
[2026-07-23T17:10:49.510] [DEBUG] debug-file - Target 'ohosTest' config initialized
[2026-07-23T17:10:49.507] [DEBUG] debug-file - Hap plugin creating...
[2026-07-23T17:10:49.573] [DEBUG] debug-file - runTaskFromQueue task cost before running: 521 ms 
[2026-07-23T17:10:49.585] [DEBUG] debug-file - runTaskFromQueue task cost before running: 533 ms 
[2026-07-23T17:10:49.590] [DEBUG] debug-file - Executing task :entry:ohosTest@GeneratePkgSdkInfo
[2026-07-23T17:10:49.592] [INFO] debug-file - Finished :entry:ohosTest@ProcessIntegratedHsp... after 1 ms 
[2026-07-23T17:10:49.582] [INFO] debug-file - Finished :entry:ohosTest@ConfigureCmake... after 6 ms 
[2026-07-23T17:10:49.510] [DEBUG] debug-file - Module 'entry' target 'default' build option initialized
[2026-07-23T17:10:49.574] [INFO] debug-file - Finished :entry:ohosTest@PreBuild... after 54 ms 
[2026-07-23T17:10:49.590] [DEBUG] debug-file - Task 'entry:ohosTest@GeneratePkgSdkInfo' cost while wrapping incremental declarations: 1 ms 
[2026-07-23T17:10:49.582] [DEBUG] debug-file - Executing task :entry:ohosTest@MergeProfile
[2026-07-23T17:10:49.585] [INFO] debug-file - Finished :entry:ohosTest@CreateBuildProfile... after 1 ms 
[2026-07-23T17:10:49.510] [DEBUG] debug-file - Module 'entry' target 'ohosTest' build option initialized
[2026-07-23T17:10:49.574] [DEBUG] debug-file - Executing task :entry:ohosTest@CreateModuleInfo
[2026-07-23T17:10:49.590] [DEBUG] debug-file - Incremental task entry:ohosTest@GeneratePkgSdkInfo pre-execution cost: 1 ms .
[2026-07-23T17:10:49.582] [DEBUG] debug-file - Task 'entry:ohosTest@MergeProfile' cost while wrapping incremental declarations: 1 ms 
[2026-07-23T17:10:49.510] [DEBUG] debug-file - End initialize module-target build option map, moduleName=entry
[2026-07-23T17:10:49.575] [DEBUG] debug-file - Task 'entry:ohosTest@CreateModuleInfo' cost while wrapping incremental declarations: 1 ms 
[2026-07-23T17:10:49.583] [DEBUG] debug-file - entry:ohosTest@MergeProfile is not up-to-date, since the task snapshots are different.
[2026-07-23T17:10:49.590] [DEBUG] debug-file - entry : ohosTest@GeneratePkgSdkInfo cost memory -0.012847900390625
[2026-07-23T17:10:49.510] [DEBUG] debug-file - Start initialize module-target build option map, moduleName=entry, buildMode=debug
[2026-07-23T17:10:49.575] [DEBUG] debug-file - entry : ohosTest@CreateModuleInfo cost memory -0.5897140502929688
[2026-07-23T17:10:49.583] [DEBUG] debug-file - Incremental task entry:ohosTest@MergeProfile pre-execution cost: 1 ms .
[2026-07-23T17:10:49.591] [INFO] debug-file - UP-TO-DATE :entry:ohosTest@GeneratePkgSdkInfo...  
[2026-07-23T17:10:49.510] [DEBUG] debug-file - Target 'default' config initialized
[2026-07-23T17:10:49.575] [DEBUG] debug-file - runTaskFromQueue task cost before running: 522 ms 
[2026-07-23T17:10:49.583] [DEBUG] debug-file - Change app api release type with 'Beta1'
[2026-07-23T17:10:49.575] [INFO] debug-file - Finished :entry:ohosTest@CreateModuleInfo... after 1 ms 
[2026-07-23T17:10:49.510] [DEBUG] debug-file - Target 'ohosTest' config initialized
[2026-07-23T17:10:49.583] [DEBUG] debug-file - Change app compile API version with '26.0.0.23'
[2026-07-23T17:10:49.510] [DEBUG] debug-file - Module 'entry' target 'default' build option initialized
[2026-07-23T17:10:49.583] [DEBUG] debug-file - Change app target API version with '260000026'
[2026-07-23T17:10:49.510] [DEBUG] debug-file - Module 'entry' target 'ohosTest' build option initialized
[2026-07-23T17:10:49.583] [DEBUG] debug-file - Change app minimum API version with '60002022'
[2026-07-23T17:10:49.510] [DEBUG] debug-file - End initialize module-target build option map, moduleName=entry
[2026-07-23T17:10:49.583] [DEBUG] debug-file - Use cli appEnvironment
[2026-07-23T17:10:49.510] [DEBUG] debug-file - Obtain build option for module 'entry' target 'ohosTest'in this build.
[2026-07-23T17:10:49.584] [DEBUG] debug-file - entry : ohosTest@MergeProfile cost memory 0.28319549560546875
[2026-07-23T17:10:49.512] [DEBUG] debug-file - Module entry task initialization takes 2 ms 
[2026-07-23T17:10:49.584] [DEBUG] debug-file - runTaskFromQueue task cost before running: 532 ms 
[2026-07-23T17:10:49.512] [DEBUG] debug-file - Hap plugin register hook start...
[2026-07-23T17:10:49.584] [INFO] debug-file - Finished :entry:ohosTest@MergeProfile... after 2 ms 
[2026-07-23T17:10:49.512] [DEBUG] debug-file - Hap plugin register hook end...
[2026-07-23T17:10:49.512] [DEBUG] debug-file - Plugin build process completed
[2026-07-23T17:10:49.512] [DEBUG] debug-file - hvigorfile, begin to bind custom plugins...
[2026-07-23T17:10:49.512] [DEBUG] debug-file - hvigorfile, no custom plugins were found in /Users/guoyutong/MyWorkSpace/TestThirdParty/cases/tinyxml2/harmony-demo/entry/hvigorfile.ts
[2026-07-23T17:10:49.596] [DEBUG] debug-file - CMake configuration was up-to-date
[2026-07-23T17:10:49.512] [DEBUG] debug-file - hvigorfile, resolve finished /Users/guoyutong/MyWorkSpace/TestThirdParty/cases/tinyxml2/harmony-demo/entry/hvigorfile.ts
[2026-07-23T17:10:49.596] [DEBUG] debug-file - Use tool [Cmake]
 [
  '/Users/guoyutong/command-line-tools/sdk/default/openharmony/native/build-tools/cmake/bin/cmake',
  '-H/Users/guoyutong/MyWorkSpace/TestThirdParty/cases/tinyxml2/harmony-demo/entry/src/ohosTest/cpp',
  '-B/Users/guoyutong/MyWorkSpace/TestThirdParty/cases/tinyxml2/harmony-demo/entry/.cxx/default/ohosTest/debug/x86_64',
  '-DOHOS_ARCH=x86_64',
  '-DCMAKE_LIBRARY_OUTPUT_DIRECTORY=/Users/guoyutong/MyWorkSpace/TestThirdParty/cases/tinyxml2/harmony-demo/entry/build/default/intermediates/cmake/ohosTest/obj/x86_64',
  '-DCMAKE_BUILD_TYPE=Debug',
  '-DOHOS_SDK_NATIVE=/Users/guoyutong/command-line-tools/sdk/default/openharmony/native',
  '-DCMAKE_SYSTEM_NAME=OHOS',
  '-DCMAKE_OHOS_ARCH_ABI=x86_64',
  '-DCMAKE_EXPORT_COMPILE_COMMANDS=ON',
  '-DCMAKE_TOOLCHAIN_FILE=/Users/guoyutong/command-line-tools/sdk/default/hms/native/build/cmake/hmos.toolchain.cmake',
  '-GNinja',
  '-DCMAKE_MAKE_PROGRAM=/Users/guoyutong/command-line-tools/sdk/default/openharmony/native/build-tools/cmake/bin/ninja',
  '-DCMAKE_FIND_ROOT_PATH=/Users/guoyutong/MyWorkSpace/TestThirdParty/cases/tinyxml2/harmony-demo/entry/.cxx/default/ohosTest/debug/hvigor/x86_64',
  '-DPACKAGE_FIND_FILE=/Users/guoyutong/MyWorkSpace/TestThirdParty/cases/tinyxml2/harmony-demo/entry/.cxx/default/ohosTest/debug/hvigor/x86_64/summary.cmake',
  '--no-warn-unused-cli',
  '-DCMAKE_CXX_FLAGS=-std=c++17',
  '-DHMOS_SDK_NATIVE=/Users/guoyutong/command-line-tools/sdk/default/hms/native'
]
[2026-07-23T17:10:49.597] [DEBUG] debug-file - CMake configuration was up-to-date
[2026-07-23T17:10:49.598] [DEBUG] debug-file - entry : ohosTest@BuildNativeWithCmake cost memory 1.585052490234375
[2026-07-23T17:10:49.598] [DEBUG] debug-file - runTaskFromQueue task cost before running: 545 ms 
[2026-07-23T17:10:49.600] [DEBUG] debug-file - Executing task :entry:ohosTest@SyscapTransform
[2026-07-23T17:10:49.598] [DEBUG] debug-file - Executing task :entry:ohosTest@MakePackInfo
[2026-07-23T17:10:49.606] [DEBUG] debug-file - Executing task :entry:ohosTest@ProcessProfile
[2026-07-23T17:10:49.636] [DEBUG] debug-file - 13.0.1.0
[2026-07-23T17:10:49.640] [DEBUG] debug-file - Executing task :entry:ohosTest@ProcessStartupConfig
[2026-07-23T17:10:49.640] [DEBUG] debug-file - Executing task :entry:ohosTest@BuildNativeWithNinja
[2026-07-23T17:10:49.638] [DEBUG] debug-file - Executing task :entry:ohosTest@ProcessShareConfig
[2026-07-23T17:10:49.598] [INFO] debug-file - Finished :entry:ohosTest@BuildNativeWithCmake... after 6 ms 
[2026-07-23T17:10:49.600] [DEBUG] debug-file - File: '/Users/guoyutong/MyWorkSpace/TestThirdParty/cases/tinyxml2/harmony-demo/entry/src/ohosTest/syscap.json' from 'sysCapJsonPath' is not exists, just ignore.
[2026-07-23T17:10:49.637] [DEBUG] debug-file - Executing task :entry:ohosTest@ProcessRouterMap
[2026-07-23T17:10:49.599] [DEBUG] debug-file - entry:ohosTest@MakePackInfo is not up-to-date, since the task snapshots are different.
[2026-07-23T17:10:49.607] [DEBUG] debug-file - Task 'entry:ohosTest@ProcessProfile' cost while wrapping incremental declarations: 1 ms 
[2026-07-23T17:10:49.636] [DEBUG] debug-file - No need to add fake ui ability because of not in preview process.
[2026-07-23T17:10:49.640] [DEBUG] debug-file - Task 'entry:ohosTest@ProcessStartupConfig' cost while wrapping incremental declarations: 1 ms 
[2026-07-23T17:10:49.639] [DEBUG] debug-file - Incremental task entry:ohosTest@ProcessShareConfig pre-execution cost: 1 ms .
[2026-07-23T17:10:49.600] [DEBUG] debug-file - Task 'entry:ohosTest@SyscapTransform' cost while wrapping incremental declarations: 1 ms 
[2026-07-23T17:10:49.638] [DEBUG] debug-file - Incremental task entry:ohosTest@ProcessRouterMap pre-execution cost: 1 ms .
[2026-07-23T17:10:49.599] [DEBUG] debug-file - Incremental task entry:ohosTest@MakePackInfo pre-execution cost: 1 ms .
[2026-07-23T17:10:49.607] [DEBUG] debug-file - entry:ohosTest@ProcessProfile is not up-to-date, since the input file '/Users/guoyutong/MyWorkSpace/TestThirdParty/cases/tinyxml2/harmony-demo/entry/build/default/intermediates/merge_profile/ohosTest/module.json' has been changed.
[2026-07-23T17:10:49.636] [DEBUG] debug-file - entry : ohosTest@ProcessProfile cost memory 0.38906097412109375
[2026-07-23T17:10:49.640] [DEBUG] debug-file - entry:ohosTest@ProcessStartupConfig is not up-to-date, since the output file '/Users/guoyutong/MyWorkSpace/TestThirdParty/cases/tinyxml2/harmony-demo/entry/build/default/intermediates/startup/ohosTest/startup_config.json' does not exist.
[2026-07-23T17:10:49.639] [DEBUG] debug-file - entry : ohosTest@ProcessShareConfig cost memory 0.1082763671875
[2026-07-23T17:10:49.605] [DEBUG] debug-file - entry:ohosTest@SyscapTransform is not up-to-date, since the output file '/Users/guoyutong/MyWorkSpace/TestThirdParty/cases/tinyxml2/harmony-demo/entry/build/default/intermediates/syscap/ohosTest/rpcid.sc' does not exist.
[2026-07-23T17:10:49.638] [DEBUG] debug-file - entry : ohosTest@ProcessRouterMap cost memory 0.47064971923828125
[2026-07-23T17:10:49.599] [DEBUG] debug-file - Module Pack Info:  {
  summary: {
    app: { bundleName: 'c***2', bundleType: 'app', version: [Object] },
    modules: [ [Object], [Object] ]
  },
  packages: [
    {
      deviceType: [Array],
      moduleType: 'feature',
      deliveryWithInstall: true,
      name: 'entry-ohosTest'
    }
  ]
}
[2026-07-23T17:10:49.607] [DEBUG] debug-file - Incremental task entry:ohosTest@ProcessProfile pre-execution cost: 1 ms .
[2026-07-23T17:10:49.636] [DEBUG] debug-file - runTaskFromQueue task cost before running: 584 ms 
[2026-07-23T17:10:49.640] [DEBUG] debug-file - Incremental task entry:ohosTest@ProcessStartupConfig pre-execution cost: 1 ms .
[2026-07-23T17:10:49.639] [INFO] debug-file - UP-TO-DATE :entry:ohosTest@ProcessShareConfig...  
[2026-07-23T17:10:49.605] [DEBUG] debug-file - Incremental task entry:ohosTest@SyscapTransform pre-execution cost: 6 ms .
[2026-07-23T17:10:49.638] [INFO] debug-file - UP-TO-DATE :entry:ohosTest@ProcessRouterMap...  
[2026-07-23T17:10:49.599] [DEBUG] debug-file - entry : ohosTest@MakePackInfo cost memory 0.2002716064453125
[2026-07-23T17:10:49.607] [DEBUG] debug-file - [
  '/Users/guoyutong/command-line-tools/tool/node/bin/node',
  '/Users/guoyutong/command-line-tools/sdk/default/openharmony/ets/build-tools/ets-loader/bin/ark/ts2abc.js',
  '--target-api-version',
  '22'
]
[2026-07-23T17:10:49.637] [INFO] debug-file - Finished :entry:ohosTest@ProcessProfile... after 30 ms 
[2026-07-23T17:10:49.640] [DEBUG] debug-file - entry : ohosTest@ProcessStartupConfig cost memory 0.0910491943359375
[2026-07-23T17:10:49.606] [DEBUG] debug-file - entry : ohosTest@SyscapTransform cost memory 0.128204345703125
[2026-07-23T17:10:49.599] [DEBUG] debug-file - runTaskFromQueue task cost before running: 547 ms 
[2026-07-23T17:10:49.640] [DEBUG] debug-file - runTaskFromQueue task cost before running: 588 ms 
[2026-07-23T17:10:49.606] [DEBUG] debug-file - runTaskFromQueue task cost before running: 553 ms 
[2026-07-23T17:10:49.599] [INFO] debug-file - Finished :entry:ohosTest@MakePackInfo... after 2 ms 
[2026-07-23T17:10:49.640] [INFO] debug-file - Finished :entry:ohosTest@ProcessStartupConfig... after 1 ms 
[2026-07-23T17:10:49.606] [INFO] debug-file - Finished :entry:ohosTest@SyscapTransform... after 6 ms 
[2026-07-23T17:10:49.641] [DEBUG] debug-file - Use tool [Ninja]
 [
  '/Users/guoyutong/command-line-tools/sdk/default/openharmony/native/build-tools/cmake/bin/ninja',
  '-C',
  '/Users/guoyutong/MyWorkSpace/TestThirdParty/cases/tinyxml2/harmony-demo/entry/.cxx/default/ohosTest/debug/arm64-v8a'
]
[2026-07-23T17:10:49.642] [DEBUG] debug-file - Since there is no instance or instance is terminated, create a new worker pool.
[2026-07-23T17:10:49.642] [DEBUG] debug-file - Create  resident worker with id: 0.
[2026-07-23T17:10:49.650] [DEBUG] debug-file - OHOS_STL is c++_shared
[2026-07-23T17:10:49.642] [DEBUG] debug-file - Worker pool is initialized with config:  {
  minPoolNum: 2,
  maxPoolNum: undefined,
  maxCoreSize: undefined,
  cacheCapacity: undefined,
  cacheTtl: undefined
}
[2026-07-23T17:10:49.643] [DEBUG] debug-file - Create  resident worker with id: 1.
[2026-07-23T17:10:49.650] [DEBUG] debug-file - Copy STL libc++_shared.so to /Users/guoyutong/MyWorkSpace/TestThirdParty/cases/tinyxml2/harmony-demo/entry/build/default/intermediates/cmake/ohosTest/obj/arm64-v8a due to OHOS_STL is 'c++_shared'
[2026-07-23T17:10:49.643] [DEBUG] debug-file - ohosTest@BuildNativeWithNinja work[0] is submitted.
[2026-07-23T17:10:49.650] [DEBUG] debug-file - Use tool [Ninja]
 [
  '/Users/guoyutong/command-line-tools/sdk/default/openharmony/native/build-tools/cmake/bin/ninja',
  '-C',
  '/Users/guoyutong/MyWorkSpace/TestThirdParty/cases/tinyxml2/harmony-demo/entry/.cxx/default/ohosTest/debug/x86_64'
]
[2026-07-23T17:10:49.643] [DEBUG] debug-file - ohosTest@BuildNativeWithNinja work[0] is pushed to ready queue.
[2026-07-23T17:10:49.650] [DEBUG] debug-file - ohosTest@BuildNativeWithNinja work[1] is submitted.
[2026-07-23T17:10:49.644] [DEBUG] debug-file - A work dispatched to worker[9] failed because unable to get work from ready queue.
[2026-07-23T17:10:49.658] [DEBUG] debug-file - Executing task :entry:ohosTest@ProcessResource
[2026-07-23T17:10:49.660] [DEBUG] debug-file - Executing task :entry:ohosTest@GenerateLoaderJson
[2026-07-23T17:10:49.665] [DEBUG] debug-file - Executing task :entry:ohosTest@CompileResource
[2026-07-23T17:10:49.650] [DEBUG] debug-file - ohosTest@BuildNativeWithNinja work[1] is pushed to ready queue.
[2026-07-23T17:10:49.644] [DEBUG] debug-file - Create  resident worker with id: 8.
[2026-07-23T17:10:49.658] [DEBUG] debug-file - Task 'entry:ohosTest@ProcessResource' cost while wrapping incremental declarations: 1 ms 
[2026-07-23T17:10:49.660] [DEBUG] debug-file - Task 'entry:ohosTest@GenerateLoaderJson' cost while wrapping incremental declarations: 1 ms 
[2026-07-23T17:10:49.667] [DEBUG] debug-file - entry:ohosTest@CompileResource is not up-to-date, since the input file '/Users/guoyutong/MyWorkSpace/TestThirdParty/cases/tinyxml2/harmony-demo/entry/build/default/intermediates/process_profile/ohosTest/module.json' has been changed.
[2026-07-23T17:10:49.650] [DEBUG] debug-file - A work dispatched to worker[9] failed because unable to get work from ready queue.
[2026-07-23T17:10:49.644] [DEBUG] debug-file - ohosTest@BuildNativeWithNinja work[0] has been dispatched to worker[8].
[2026-07-23T17:10:49.668] [DEBUG] debug-file - current process  memoryUsage: {
  rss: 324829184,
  heapTotal: 173228032,
  heapUsed: 150804656,
  external: 3955700,
  arrayBuffers: 140549
} os memoryUsage :15.322799682617188
[2026-07-23T17:10:49.659] [DEBUG] debug-file - Incremental task entry:ohosTest@ProcessResource pre-execution cost: 1 ms .
[2026-07-23T17:10:49.662] [DEBUG] debug-file - entry:ohosTest@GenerateLoaderJson is not up-to-date, since the task snapshots are different.
[2026-07-23T17:10:49.667] [DEBUG] debug-file - Incremental task entry:ohosTest@CompileResource pre-execution cost: 2 ms .
[2026-07-23T17:10:49.650] [DEBUG] debug-file - A work dispatched to worker[8] failed because of worker busy.
[2026-07-23T17:10:49.644] [DEBUG] debug-file - ohosTest@BuildNativeWithNinja work[0] is dispatched.
[2026-07-23T17:10:49.659] [DEBUG] debug-file - entry : ohosTest@ProcessResource cost memory 0.38674163818359375
[2026-07-23T17:10:49.662] [DEBUG] debug-file - Incremental task entry:ohosTest@GenerateLoaderJson pre-execution cost: 1 ms .
[2026-07-23T17:10:49.668] [DEBUG] debug-file - Use tool [/Users/guoyutong/command-line-tools/sdk/default/openharmony/toolchains/restool]
 [
  '/Users/guoyutong/command-line-tools/sdk/default/openharmony/toolchains/restool',
  '-l',
  '/Users/guoyutong/MyWorkSpace/TestThirdParty/cases/tinyxml2/harmony-demo/entry/build/default/intermediates/res/ohosTest/resConfig.json'
]
[2026-07-23T17:10:49.650] [DEBUG] debug-file - Create  resident worker with id: 7.
[2026-07-23T17:10:49.659] [INFO] debug-file - UP-TO-DATE :entry:ohosTest@ProcessResource...  
[2026-07-23T17:10:49.664] [DEBUG] debug-file - entry : ohosTest@GenerateLoaderJson cost memory 0.43685150146484375
[2026-07-23T17:10:49.651] [DEBUG] debug-file - ohosTest@BuildNativeWithNinja work[1] has been dispatched to worker[7].
[2026-07-23T17:10:49.664] [DEBUG] debug-file - runTaskFromQueue task cost before running: 612 ms 
[2026-07-23T17:10:49.651] [DEBUG] debug-file - ohosTest@BuildNativeWithNinja work[1] is dispatched.
[2026-07-23T17:10:49.664] [INFO] debug-file - Finished :entry:ohosTest@GenerateLoaderJson... after 5 ms 
[2026-07-23T17:10:49.656] [DEBUG] debug-file - OHOS_STL is c++_shared
[2026-07-23T17:10:49.665] [DEBUG] debug-file - restool module names: entry,entry_test; moduleName=entry, taskName=ohosTest@CompileResource
[2026-07-23T17:10:49.656] [DEBUG] debug-file - Copy STL libc++_shared.so to /Users/guoyutong/MyWorkSpace/TestThirdParty/cases/tinyxml2/harmony-demo/entry/build/default/intermediates/cmake/ohosTest/obj/x86_64 due to OHOS_STL is 'c++_shared'
[2026-07-23T17:10:49.657] [DEBUG] debug-file - entry : ohosTest@BuildNativeWithNinja cost memory 3.5105056762695312
[2026-07-23T17:10:49.658] [DEBUG] debug-file - restool module names: entry,entry_test; moduleName=entry, taskName=ohosTest@ProcessResource
[2026-07-23T17:10:49.685] [DEBUG] debug-file - Info: Pack: normal pack mode

[2026-07-23T17:10:49.731] [DEBUG] debug-file - Info: hardware concurrency count is : 10
Info: thread count is : 10
Info: thread pool is started

[2026-07-23T17:10:49.731] [DEBUG] debug-file - Info: GenericCompiler::CompileFiles

[2026-07-23T17:10:49.734] [DEBUG] debug-file - Info: GenericCompiler::CompileFiles

[2026-07-23T17:10:49.735] [DEBUG] debug-file - Info: GenericCompiler::CompileFiles

[2026-07-23T17:10:49.736] [DEBUG] debug-file - 07-23 17:10:49.736 43153 12077483 I C01400/SvgDecodeUtils: SvgDecodeUtils::IsSvgFormat probe svg format, path:/Users/guoyutong/MyWorkSpace/TestThirdParty/cases/tinyxml2/harmony-demo/AppScope/resources/base/media/app_icon.png.

[2026-07-23T17:10:49.737] [DEBUG] debug-file - 07-23 17:10:49.736 43153 12077483 E C01400/ImageTranscoderUtils: DecodeToRGBA IN
07-23 17:10:49.736 43153 12077483 I C01400/SvgDecodeUtils: SvgDecodeUtils::IsSvgFormat probe svg format, path:/Users/guoyutong/MyWorkSpace/TestThirdParty/cases/tinyxml2/harmony-demo/AppScope/resources/base/media/app_icon.png.
07-23 17:10:49.736 43153 12077483 E C01400/ImageTranscoderUtils: ImageFilter IN /Users/guoyutong/MyWorkSpace/TestThirdParty/cases/tinyxml2/harmony-demo/AppScope/resources/base/media/app_icon.png

[2026-07-23T17:10:49.758] [DEBUG] debug-file - Warning: The width or height of the png file referenced by the icon exceeds the limit (41 pixels)
at /Users/guoyutong/MyWorkSpace/TestThirdParty/cases/tinyxml2/harmony-demo/AppScope/resources/base/media/app_icon.png

[2026-07-23T17:10:49.758] [DEBUG] debug-file - Warning: The width or height of the png file referenced by the startWindowIcon exceeds the limit (144 pixels)
at /Users/guoyutong/MyWorkSpace/TestThirdParty/cases/tinyxml2/harmony-demo/AppScope/resources/base/media/app_icon.png

[2026-07-23T17:10:49.759] [DEBUG] debug-file - Info: restool resources compile success.

[2026-07-23T17:10:49.759] [DEBUG] debug-file - Info: thread pool is stopped

[2026-07-23T17:10:49.762] [DEBUG] debug-file - entry : ohosTest@CompileResource cost memory 0.7804107666015625
[2026-07-23T17:10:49.762] [DEBUG] debug-file - runTaskFromQueue task cost before running: 710 ms 
[2026-07-23T17:10:49.763] [INFO] debug-file - Finished :entry:ohosTest@CompileResource... after 98 ms 
[2026-07-23T17:10:49.763] [DEBUG] debug-file - Executing task :entry:ohosTest@OhosTestCompileArkTS
[2026-07-23T17:10:49.770] [DEBUG] debug-file - Executing task :entry:ohosTest@OhosTestBuildJS
[2026-07-23T17:10:49.764] [DEBUG] debug-file - obfuscationOptions: undefined
[2026-07-23T17:10:49.770] [DEBUG] debug-file - Task 'entry:ohosTest@OhosTestBuildJS' cost while wrapping incremental declarations: 1 ms 
[2026-07-23T17:10:49.764] [DEBUG] debug-file - Task 'entry:ohosTest@OhosTestCompileArkTS' cost while wrapping incremental declarations: 1 ms 
[2026-07-23T17:10:49.771] [DEBUG] debug-file - entry : ohosTest@OhosTestBuildJS cost memory 0.4971923828125
[2026-07-23T17:10:49.765] [DEBUG] debug-file - entry:ohosTest@OhosTestCompileArkTS is not up-to-date, since the input file '/Users/guoyutong/MyWorkSpace/TestThirdParty/cases/tinyxml2/harmony-demo/entry/build/default/intermediates/loader/ohosTest' has been changed.
[2026-07-23T17:10:49.771] [DEBUG] debug-file - runTaskFromQueue task cost before running: 719 ms 
[2026-07-23T17:10:49.765] [DEBUG] debug-file - Incremental task entry:ohosTest@OhosTestCompileArkTS pre-execution cost: 1 ms .
[2026-07-23T17:10:49.771] [INFO] debug-file - Finished :entry:ohosTest@OhosTestBuildJS... after 1 ms 
[2026-07-23T17:10:49.768] [DEBUG] debug-file - build config:
[2026-07-23T17:10:49.768] [DEBUG] debug-file - {
  moduleType: 'entry',
  perf: 0,
  targetName: '.ohosTest',
  packageManagerType: 'ohpm',
  localPropertiesPath: '/Users/guoyutong/MyWorkSpace/TestThirdParty/cases/tinyxml2/harmony-demo/local.properties',
  isPreview: false,
  isOhosTest: true,
  isLocalTest: false,
  buildMode: 'Debug',
  hotReloadBuild: undefined,
  watchMode: 'false',
  aceProfilePath: '/Users/guoyutong/MyWorkSpace/TestThirdParty/cases/tinyxml2/harmony-demo/entry/build/default/intermediates/res/ohosTest/resources/base/profile',
  etsLoaderPath: '/Users/guoyutong/command-line-tools/sdk/default/openharmony/ets/build-tools/ets-loader',
  modulePath: '/Users/guoyutong/MyWorkSpace/TestThirdParty/cases/tinyxml2/harmony-demo/entry',
  testFrameworkPar: {
    testMode: 'ohosTest',
    coveragePathFilter: undefined,
    coverageMode: undefined
  },
  needCoverageInsert: false,
  debugLine: false,
  projectTopDir: '/Users/guoyutong/MyWorkSpace/TestThirdParty/cases/tinyxml2/harmony-demo',
  compileSdkVersion: 26,
  compatibleSdkVersion: 22,
  originCompatibleSdkVersion: '6.0.2(22)',
  compatibleSdkVersionStage: undefined,
  bundleName: 'c***2',
  etsLoaderVersion: '26.0.0.23',
  etsLoaderReleaseType: 'Beta1',
  aotCompileMode: 'type',
  apPath: '/Users/guoyutong/MyWorkSpace/TestThirdParty/cases/tinyxml2/harmony-demo/entry/modules.ap',
  entryModuleName: 'entry',
  entryModuleVersion: '1.0.0',
  entryPackageName: 'entry',
  allModuleNameHash: 'e71f65eca2aa57c317f34b9fe7823ba53d99ef3d7e7a3e20d577c7d7ed4bc82d',
  externalApiPaths: [ '/Users/guoyutong/command-line-tools/sdk/default/hms/ets' ],
  compilerTypes: [],
  isCrossplatform: false,
  hvigorPluginFile: undefined,
  compilePluginPath: undefined,
  buildGeneratedProfilePath: '/Users/guoyutong/MyWorkSpace/TestThirdParty/cases/tinyxml2/harmony-demo/entry/build/default/generated/profile/ohosTest',
  bundleType: 'app',
  arkTSVersion: undefined,
  apiVersion: 26,
  needCompleteSourcesMap: true,
  isFaMode: false,
  buildDir: '/Users/guoyutong/MyWorkSpace/TestThirdParty/cases/tinyxml2/harmony-demo/entry/build',
  deviceTypes: [ 'phone', 'tablet', '2in1' ],
  pkgContextInfo: undefined,
  ohPackagePathMap: {},
  dependencyAliasMap: {},
  permission: { requestPermissions: undefined, definePermissions: undefined },
  useGetCurrentBundleName: false,
  projectArkOption: undefined,
  sourceMapDir: undefined,
  branchElimination: false,
  transformLib: undefined,
  tsImportSendable: false,
  resolveConflictMode: true,
  depName2RootPath: {},
  depName2DepInfo: {},
  depName2OhExports: {},
  rootPathSet: [
    '/Users/guoyutong/MyWorkSpace/TestThirdParty/cases/tinyxml2/harmony-demo'
  ],
  useNativeResolver: true,
  shouldEmitJs: true,
  useUnifiedAst: false,
  useTscResolve: false,
  singleFileEmit: false,
  userProjectConfig: {
    autoLazyImport: false,
    allowEmptyBundleName: false,
    reExportCheckMode: 'noCheck',
    executionMode: 'memory',
    usePathPlaceholder: false,
    writeRollupCache: true,
    isExpandImportEnabled: false,
    expandImportExclude: '',
    lazyImportExclude: '',
    lazyImportInclude: '',
    ignoreCrossplatformCheck: false,
    isHarDeduplicateEnabled: false,
    skipOhModulesLint: false,
    enableStrictCheckOHModule: false,
    disableSendableCheckRules: [],
    useDeclarationFileSignature: false,
    customizedOptions: undefined,
    integratedHsp: false,
    tsImportSoCheck: false,
    isPreloadSoEnabled: false
  },
  executionMode: 'memory',
  arkCompileCachePath: '/Users/guoyutong/MyWorkSpace/TestThirdParty/cases/tinyxml2/harmony-demo/entry/build/default/cache/ohosTest/ohosTest@OhosTestCompileArkTS/esmodule',
  autoLazyFilter: undefined,
  isHarDeduplicateEnabled: false,
  intermediateHarDuplicateDirPath: '/Users/guoyutong/MyWorkSpace/TestThirdParty/cases/tinyxml2/harmony-demo/entry/build/default/intermediates/har_duplicate/ohosTest',
  autoLazyImport: false,
  allowEmptyBundleName: false,
  reExportCheckMode: 'noCheck',
  usePathPlaceholder: false,
  writeRollupCache: true,
  isExpandImportEnabled: false,
  expandImportExclude: '',
  lazyImportExclude: '',
  lazyImportInclude: '',
  ignoreCrossplatformCheck: false,
  skipOhModulesLint: false,
  enableStrictCheckOHModule: false,
  disableSendableCheckRules: [],
  useDeclarationFileSignature: false,
  customizedOptions: undefined,
  integratedHsp: false,
  tsImportSoCheck: false,
  isPreloadSoEnabled: false,
  strictMode: undefined,
  useNormalizedOHMUrl: false,
  caseSensitiveCheck: false,
  strictCheckerOnly: false,
  aceModuleJsonPath: '/Users/guoyutong/MyWorkSpace/TestThirdParty/cases/tinyxml2/harmony-demo/entry/build/default/intermediates/res/ohosTest/ark_module.json',
  appResource: '/Users/guoyutong/MyWorkSpace/TestThirdParty/cases/tinyxml2/harmony-demo/entry/build/default/intermediates/res/ohosTest/ResourceTable.txt',
  rawFileResource: '/Users/guoyutong/MyWorkSpace/TestThirdParty/cases/tinyxml2/harmony-demo/entry/build/default/intermediates/res/ohosTest/resources/rawfile',
  resourceTableHash: 'd949a5a203711d86d5a7abdcf4b3674564817d6c853cb034ed93650d438b6df3',
  runtimeOS: 'HarmonyOS',
  sdkInfo: 'false:26:26.0.0.23:Beta1',
  aceModuleRoot: '/Users/guoyutong/MyWorkSpace/TestThirdParty/cases/tinyxml2/harmony-demo/entry/src/ohosTest/ets',
  compileMode: 'esmodule',
  aceSuperVisualPath: '/Users/guoyutong/MyWorkSpace/TestThirdParty/cases/tinyxml2/harmony-demo/entry/src/ohosTest/supervisual',
  aceBuildJson: '/Users/guoyutong/MyWorkSpace/TestThirdParty/cases/tinyxml2/harmony-demo/entry/build/default/intermediates/loader/ohosTest/loader.json',
  cachePath: '/Users/guoyutong/MyWorkSpace/TestThirdParty/cases/tinyxml2/harmony-demo/entry/build/default/cache/ohosTest/ohosTest@OhosTestCompileArkTS/esmodule/debug',
  aceModuleBuild: '/Users/guoyutong/MyWorkSpace/TestThirdParty/cases/tinyxml2/harmony-demo/entry/build/default/intermediates/loader_out/ohosTest/ets',
  supportChunks: false,
  declaredFilesPath: undefined,
  shouldCollectDirectImportees: false,
  isByteCodeHarOptimize: false,
  expandImportPath: undefined,
  resourceTableTs: '/Users/guoyutong/MyWorkSpace/TestThirdParty/cases/tinyxml2/harmony-demo/entry/build/default/generated/r/ohosTest/ResourceTable.ts',
  moduleMetaInfoFiles: [
    {
      filePath: '/Users/guoyutong/MyWorkSpace/TestThirdParty/cases/tinyxml2/harmony-demo/entry/build/default/generated/r/ohosTest/ResourceTable.ts',
      ohmurl: 'com.thirdparty.validation.tinyxml2/entry/build/generated/r/ResourceTable'
    }
  ],
  pkgNameToPkgBriefInfo: {
    entry: {
      pkgRoot: '/Users/guoyutong/MyWorkSpace/TestThirdParty/cases/tinyxml2/harmony-demo/entry',
      originalSourceRoots: undefined,
      sourceRoots: [Array],
      pkgName: 'entry'
    }
  },
  projectModel: {
    '/Users/guoyutong/MyWorkSpace/TestThirdParty/cases/tinyxml2/harmony-demo/entry/src/main': {
      moduleName: 'entry',
      modulePkgPath: '/Users/guoyutong/MyWorkSpace/TestThirdParty/cases/tinyxml2/harmony-demo/entry',
      belongProjectPath: '/Users/guoyutong/MyWorkSpace/TestThirdParty/cases/tinyxml2/harmony-demo'
    },
    '/Users/guoyutong/MyWorkSpace/TestThirdParty/cases/tinyxml2/harmony-demo/entry/src/ohosTest': {
      moduleName: 'entry_test',
      modulePkgPath: '/Users/guoyutong/MyWorkSpace/TestThirdParty/cases/tinyxml2/harmony-demo/entry',
      belongProjectPath: '/Users/guoyutong/MyWorkSpace/TestThirdParty/cases/tinyxml2/harmony-demo'
    },
    '/Users/guoyutong/MyWorkSpace/TestThirdParty/cases/tinyxml2/harmony-demo/entry': {
      moduleName: 'entry',
      modulePkgPath: '/Users/guoyutong/MyWorkSpace/TestThirdParty/cases/tinyxml2/harmony-demo/entry',
      belongProjectPath: '/Users/guoyutong/MyWorkSpace/TestThirdParty/cases/tinyxml2/harmony-demo'
    },
    '/Users/guoyutong/MyWorkSpace/TestThirdParty/cases/tinyxml2/harmony-demo': {
      moduleName: 'harmony-demo',
      modulePkgPath: '/Users/guoyutong/MyWorkSpace/TestThirdParty/cases/tinyxml2/harmony-demo',
      belongProjectPath: '/Users/guoyutong/MyWorkSpace/TestThirdParty/cases/tinyxml2/harmony-demo'
    }
  },
  pkgJsonFileHash: '8519713dbe917935f72df9fefd8b67ca846046fdb729f87772c82524c1f894c7',
  allModulePaths: [
    '/Users/guoyutong/MyWorkSpace/TestThirdParty/cases/tinyxml2/harmony-demo/entry'
  ],
  routerMap: {},
  obfuscationOptions: undefined,
  byteCodeHarToDependencyKeys: undefined,
  compileBlockPkg: [],
  mockParams: {
    decorator: '@MockSetup',
    packageName: '@ohos/hamock',
    etsSourceRootPath: 'src/main/ets',
    mockConfigPath: undefined,
    mockConfigKey2ModuleInfo: {},
    source2ModuleIdMap: {}
  },
  copyCodeResourceEnable: true,
  copyCodeResourceExcludes: [],
  copyCodeResourceIncludes: undefined,
  uiTransformOptimization: false,
  sdkPath: '/Users/guoyutong/command-line-tools/sdk',
  needPreloadSoFileSet: {},
  preloadSoFilePath: '/Users/guoyutong/MyWorkSpace/TestThirdParty/cases/tinyxml2/harmony-demo/entry/build/default/intermediates/preload/ohosTest/preload.json',
  useSourceHash: false,
  localModuleParamMap: {},
  otherPaths: {
    'entry/*': [
      '../../main/*',
      '../../../build/default/generated/profile/ohosTest/*'
    ]
  },
  collectImportersConfig: undefined
}
[2026-07-23T17:10:49.768] [DEBUG] debug-file - Compile arkts with external api path: /Users/guoyutong/command-line-tools/sdk/default/hms/ets
[2026-07-23T17:10:49.769] [DEBUG] debug-file - ohosTest@OhosTestCompileArkTS work[2] is submitted.
[2026-07-23T17:10:49.769] [DEBUG] debug-file - ohosTest@OhosTestCompileArkTS work[2] is pushed to ready queue.
[2026-07-23T17:10:49.769] [DEBUG] debug-file - A work dispatched to worker[9] failed because unable to get work from ready queue.
[2026-07-23T17:10:49.769] [DEBUG] debug-file - A work dispatched to worker[8] failed because of worker busy.
[2026-07-23T17:10:49.769] [DEBUG] debug-file - A work dispatched to worker[7] failed because of worker busy.
[2026-07-23T17:10:49.769] [DEBUG] debug-file - A work dispatched to worker[6] failed because unable to get work from ready queue.
[2026-07-23T17:10:49.769] [DEBUG] debug-file - A work dispatched to worker[5] failed because unable to get work from ready queue.
[2026-07-23T17:10:49.769] [DEBUG] debug-file - Create  resident worker with id: 4.
[2026-07-23T17:10:49.769] [DEBUG] debug-file - ohosTest@OhosTestCompileArkTS work[2] has been dispatched to worker[4].
[2026-07-23T17:10:49.769] [DEBUG] debug-file - ohosTest@OhosTestCompileArkTS work[2] is dispatched.
[2026-07-23T17:10:49.769] [DEBUG] debug-file - CopyResources startTime: 806849476704500
[2026-07-23T17:10:49.769] [DEBUG] debug-file - ohosTest@OhosTestCompileArkTS work[3] is submitted.
[2026-07-23T17:10:49.769] [DEBUG] debug-file - ohosTest@OhosTestCompileArkTS work[3] is pushed to ready queue.
[2026-07-23T17:10:49.769] [DEBUG] debug-file - A work dispatched to worker[9] failed because unable to get work from ready queue.
[2026-07-23T17:10:49.770] [DEBUG] debug-file - A work dispatched to worker[8] failed because of worker busy.
[2026-07-23T17:10:49.770] [DEBUG] debug-file - A work dispatched to worker[7] failed because of worker busy.
[2026-07-23T17:10:49.770] [DEBUG] debug-file - Create  resident worker with id: 6.
[2026-07-23T17:10:49.770] [DEBUG] debug-file - ohosTest@OhosTestCompileArkTS work[3] has been dispatched to worker[6].
[2026-07-23T17:10:49.770] [DEBUG] debug-file - ohosTest@OhosTestCompileArkTS work[3] is dispatched.
[2026-07-23T17:10:49.770] [DEBUG] debug-file - entry : ohosTest@OhosTestCompileArkTS cost memory 1.8294143676757812
[2026-07-23T17:10:50.040] [DEBUG] debug-file - worker[6] has one work done.
[2026-07-23T17:10:50.041] [DEBUG] debug-file - CopyResources is end, endTime: 806849747822625
[2026-07-23T17:10:50.041] [DEBUG] debug-file - ohosTest@OhosTestCompileArkTS work[3] done.
[2026-07-23T17:10:50.044] [DEBUG] debug-file - ninja: Entering directory `/Users/guoyutong/MyWorkSpace/TestThirdParty/cases/tinyxml2/harmony-demo/entry/.cxx/default/ohosTest/debug/x86_64'

[2026-07-23T17:10:50.046] [DEBUG] debug-file - ninja: Entering directory `/Users/guoyutong/MyWorkSpace/TestThirdParty/cases/tinyxml2/harmony-demo/entry/.cxx/default/ohosTest/debug/arm64-v8a'

[2026-07-23T17:10:50.048] [DEBUG] debug-file - ninja: no work to do.

[2026-07-23T17:10:50.048] [DEBUG] debug-file - ninja: no work to do.

[2026-07-23T17:10:50.049] [DEBUG] debug-file - worker[8] has one work done.
[2026-07-23T17:10:50.053] [DEBUG] debug-file - ohosTest@BuildNativeWithNinja work[0] done.
[2026-07-23T17:10:50.058] [DEBUG] debug-file - Executing task :entry:ohosTest@ProcessLibs
[2026-07-23T17:10:50.054] [DEBUG] debug-file - worker[7] has one work done.
[2026-07-23T17:10:50.066] [DEBUG] debug-file - Check content hash for /Users/guoyutong/MyWorkSpace/TestThirdParty/cases/tinyxml2/harmony-demo/entry/build/default/intermediates/cmake/ohosTest/obj/x86_64/libtinyxml2.a
[2026-07-23T17:10:50.057] [DEBUG] debug-file - ohosTest@BuildNativeWithNinja work[1] done.
[2026-07-23T17:10:50.057] [INFO] debug-file - Finished :entry:ohosTest@BuildNativeWithNinja... after 25 ms 
[2026-07-23T17:10:50.069] [DEBUG] debug-file - Check content hash for /Users/guoyutong/MyWorkSpace/TestThirdParty/cases/tinyxml2/harmony-demo/entry/build/default/intermediates/cmake/ohosTest/obj/x86_64/libentry_test.so
[2026-07-23T17:10:50.071] [DEBUG] debug-file - Check content hash for /Users/guoyutong/MyWorkSpace/TestThirdParty/cases/tinyxml2/harmony-demo/entry/build/default/intermediates/cmake/ohosTest/obj/x86_64/libc++_shared.so
[2026-07-23T17:10:50.073] [DEBUG] debug-file - Check content hash for /Users/guoyutong/MyWorkSpace/TestThirdParty/cases/tinyxml2/harmony-demo/entry/build/default/intermediates/cmake/ohosTest/obj/arm64-v8a/libtinyxml2.a
[2026-07-23T17:10:50.074] [DEBUG] debug-file - Check content hash for /Users/guoyutong/MyWorkSpace/TestThirdParty/cases/tinyxml2/harmony-demo/entry/build/default/intermediates/cmake/ohosTest/obj/arm64-v8a/libentry_test.so
[2026-07-23T17:10:50.076] [DEBUG] debug-file - Check content hash for /Users/guoyutong/MyWorkSpace/TestThirdParty/cases/tinyxml2/harmony-demo/entry/build/default/intermediates/cmake/ohosTest/obj/arm64-v8a/libc++_shared.so
[2026-07-23T17:10:50.078] [DEBUG] debug-file - Task 'entry:ohosTest@ProcessLibs' cost while wrapping incremental declarations: 1 ms 
[2026-07-23T17:10:50.078] [DEBUG] debug-file - entry:ohosTest@ProcessLibs is not up-to-date, since the task snapshots are different.
[2026-07-23T17:10:50.079] [DEBUG] debug-file - Incremental task entry:ohosTest@ProcessLibs pre-execution cost: 1 ms .
[2026-07-23T17:10:50.080] [DEBUG] debug-file - Worker dispatch failed, running processLibs on main thread.
[2026-07-23T17:10:50.081] [DEBUG] debug-file - Link /Users/guoyutong/MyWorkSpace/TestThirdParty/cases/tinyxml2/harmony-demo/entry/build/default/intermediates/cmake/ohosTest/obj/x86_64/libentry_test.so to /Users/guoyutong/MyWorkSpace/TestThirdParty/cases/tinyxml2/harmony-demo/entry/build/default/intermediates/libs/ohosTest/x86_64/libentry_test.so successfully.
[2026-07-23T17:10:50.081] [DEBUG] debug-file - Link /Users/guoyutong/MyWorkSpace/TestThirdParty/cases/tinyxml2/harmony-demo/entry/build/default/intermediates/cmake/ohosTest/obj/x86_64/libc++_shared.so to /Users/guoyutong/MyWorkSpace/TestThirdParty/cases/tinyxml2/harmony-demo/entry/build/default/intermediates/libs/ohosTest/x86_64/libc++_shared.so successfully.
[2026-07-23T17:10:50.081] [DEBUG] debug-file - Link /Users/guoyutong/MyWorkSpace/TestThirdParty/cases/tinyxml2/harmony-demo/entry/build/default/intermediates/cmake/ohosTest/obj/arm64-v8a/libentry_test.so to /Users/guoyutong/MyWorkSpace/TestThirdParty/cases/tinyxml2/harmony-demo/entry/build/default/intermediates/libs/ohosTest/arm64-v8a/libentry_test.so successfully.
[2026-07-23T17:10:50.082] [DEBUG] debug-file - Link /Users/guoyutong/MyWorkSpace/TestThirdParty/cases/tinyxml2/harmony-demo/entry/build/default/intermediates/cmake/ohosTest/obj/arm64-v8a/libc++_shared.so to /Users/guoyutong/MyWorkSpace/TestThirdParty/cases/tinyxml2/harmony-demo/entry/build/default/intermediates/libs/ohosTest/arm64-v8a/libc++_shared.so successfully.
[2026-07-23T17:10:50.082] [DEBUG] debug-file - entry : ohosTest@ProcessLibs cost memory 4.4075927734375
[2026-07-23T17:10:50.083] [DEBUG] debug-file - Executing task :entry:ohosTest@DoNativeStrip
[2026-07-23T17:10:50.084] [DEBUG] debug-file - Executing task :entry:ohosTest@CacheNativeLibs
[2026-07-23T17:10:50.082] [DEBUG] debug-file - runTaskFromQueue task cost before running: 1 s 30 ms 
[2026-07-23T17:10:50.083] [DEBUG] debug-file - File: '/Users/guoyutong/MyWorkSpace/TestThirdParty/cases/tinyxml2/harmony-demo/entry/build/default/intermediates/binxo/ohosTest' from 'doBinxoNativeLibs' is not exists, just ignore.
[2026-07-23T17:10:50.084] [DEBUG] debug-file - File: '/Users/guoyutong/MyWorkSpace/TestThirdParty/cases/tinyxml2/harmony-demo/entry/build/default/intermediates/binxo/ohosTest' from 'cacheBinxoNativeLibs' is not exists, just ignore.
[2026-07-23T17:10:50.082] [INFO] debug-file - Finished :entry:ohosTest@ProcessLibs... after 25 ms 
[2026-07-23T17:10:50.083] [DEBUG] debug-file - Task 'entry:ohosTest@DoNativeStrip' cost while wrapping incremental declarations: 1 ms 
[2026-07-23T17:10:50.084] [DEBUG] debug-file - Task 'entry:ohosTest@CacheNativeLibs' cost while wrapping incremental declarations: 1 ms 
[2026-07-23T17:10:50.083] [DEBUG] debug-file - Incremental task entry:ohosTest@DoNativeStrip pre-execution cost: 1 ms .
[2026-07-23T17:10:50.086] [DEBUG] debug-file - Incremental task entry:ohosTest@CacheNativeLibs pre-execution cost: 2 ms .
[2026-07-23T17:10:50.083] [DEBUG] debug-file - entry : ohosTest@DoNativeStrip cost memory 0.14246368408203125
[2026-07-23T17:10:50.086] [DEBUG] debug-file - entry : ohosTest@CacheNativeLibs cost memory 0.29498291015625
[2026-07-23T17:10:50.083] [INFO] debug-file - UP-TO-DATE :entry:ohosTest@DoNativeStrip...  
[2026-07-23T17:10:50.086] [INFO] debug-file - UP-TO-DATE :entry:ohosTest@CacheNativeLibs...  
[2026-07-23T17:10:50.143] [DEBUG] debug-file - A work dispatched to worker[6] failed because unable to get work from ready queue.
[2026-07-23T17:10:50.153] [DEBUG] debug-file - A work dispatched to worker[8] failed because unable to get work from ready queue.
[2026-07-23T17:10:50.158] [DEBUG] debug-file - A work dispatched to worker[7] failed because unable to get work from ready queue.
[2026-07-23T17:10:51.566] [DEBUG] debug-file - Ark compile task finished.finished time is 806851272671625
[2026-07-23T17:10:51.565] [DEBUG] debug-file - worker[4] has one work done.
[2026-07-23T17:10:51.566] [DEBUG] debug-file - ohosTest@OhosTestCompileArkTS work[2] done.
[2026-07-23T17:10:51.567] [DEBUG] debug-file - Executing task :entry:ohosTest@OhosTestCopyMockConfigJson
[2026-07-23T17:10:51.571] [DEBUG] debug-file - Executing task :entry:ohosTest@PackageHap
[2026-07-23T17:10:51.566] [DEBUG] debug-file - A work dispatched to worker[4] failed because unable to get work from ready queue.
[2026-07-23T17:10:51.568] [DEBUG] debug-file - File: '/Users/guoyutong/MyWorkSpace/TestThirdParty/cases/tinyxml2/harmony-demo/entry/build/default/intermediates/res/ohosTest/mock-config.json' from 'mockConfigJsonFile' is not exists, just ignore.
[2026-07-23T17:10:51.571] [DEBUG] debug-file - entry:ohosTest@PackageHap is not up-to-date, since the input file '/Users/guoyutong/MyWorkSpace/TestThirdParty/cases/tinyxml2/harmony-demo/entry/build/default/outputs/ohosTest/pack.info' has been changed.
[2026-07-23T17:10:51.567] [INFO] debug-file - Finished :entry:ohosTest@OhosTestCompileArkTS... after 1 s 258 ms 
[2026-07-23T17:10:51.568] [DEBUG] debug-file - Task 'entry:ohosTest@OhosTestCopyMockConfigJson' cost while wrapping incremental declarations: 1 ms 
[2026-07-23T17:10:51.571] [DEBUG] debug-file - Incremental task entry:ohosTest@PackageHap pre-execution cost: 1 ms .
[2026-07-23T17:10:51.568] [DEBUG] debug-file - entry:ohosTest@OhosTestCopyMockConfigJson is not up-to-date, since the output file '/Users/guoyutong/MyWorkSpace/TestThirdParty/cases/tinyxml2/harmony-demo/entry/build/default/intermediates/res/ohosTest/resources/rawfile/mock/mock-config.json' does not exist.
[2026-07-23T17:10:51.572] [DEBUG] debug-file - ohosTest@PackageHap work[4] is submitted.
[2026-07-23T17:10:51.571] [DEBUG] debug-file - Use tool [/Users/guoyutong/command-line-tools/sdk/default/openharmony/toolchains/lib/app_packing_tool.jar]
 [
  'java',
  '-Dfile.encoding=utf-8',
  '-jar',
  '/Users/guoyutong/command-line-tools/sdk/default/openharmony/toolchains/lib/app_packing_tool.jar',
  '--mode',
  'hap',
  '--force',
  'true',
  '--lib-path',
  '/Users/guoyutong/MyWorkSpace/TestThirdParty/cases/tinyxml2/harmony-demo/entry/build/default/intermediates/stripped_native_libs/ohosTest',
  '--json-path',
  '/Users/guoyutong/MyWorkSpace/TestThirdParty/cases/tinyxml2/harmony-demo/entry/build/default/intermediates/package/ohosTest/module.json',
  '--resources-path',
  '/Users/guoyutong/MyWorkSpace/TestThirdParty/cases/tinyxml2/harmony-demo/entry/build/default/intermediates/res/ohosTest/resources',
  '--index-path',
  '/Users/guoyutong/MyWorkSpace/TestThirdParty/cases/tinyxml2/harmony-demo/entry/build/default/intermediates/res/ohosTest/resources.index',
  '--pack-info-path',
  '/Users/guoyutong/MyWorkSpace/TestThirdParty/cases/tinyxml2/harmony-demo/entry/build/default/outputs/ohosTest/pack.info',
  '--out-path',
  '/Users/guoyutong/MyWorkSpace/TestThirdParty/cases/tinyxml2/harmony-demo/entry/build/default/outputs/ohosTest/entry-ohosTest-unsigned.hap',
  '--ets-path',
  '/Users/guoyutong/MyWorkSpace/TestThirdParty/cases/tinyxml2/harmony-demo/entry/build/default/intermediates/loader_out/ohosTest/ets',
  '--pkg-sdk-info-path',
  '/Users/guoyutong/MyWorkSpace/TestThirdParty/cases/tinyxml2/harmony-demo/entry/build/default/intermediates/loader/ohosTest/pkgSdkInfo.json'
]
[2026-07-23T17:10:51.568] [DEBUG] debug-file - Incremental task entry:ohosTest@OhosTestCopyMockConfigJson pre-execution cost: 1 ms .
[2026-07-23T17:10:51.572] [DEBUG] debug-file - ohosTest@PackageHap work[4] is pushed to ready queue.
[2026-07-23T17:10:51.568] [DEBUG] debug-file - Failed to generate mock-config.json during compilation.
[2026-07-23T17:10:51.572] [DEBUG] debug-file - A work dispatched to worker[9] failed because unable to get work from ready queue.
[2026-07-23T17:10:51.568] [DEBUG] debug-file - entry : ohosTest@OhosTestCopyMockConfigJson cost memory 0.0890655517578125
[2026-07-23T17:10:51.572] [DEBUG] debug-file - ohosTest@PackageHap work[4] has been dispatched to worker[8].
[2026-07-23T17:10:51.568] [DEBUG] debug-file - runTaskFromQueue task cost before running: 2 s 515 ms 
[2026-07-23T17:10:51.572] [DEBUG] debug-file - ohosTest@PackageHap work[4] is dispatched.
[2026-07-23T17:10:51.568] [INFO] debug-file - Finished :entry:ohosTest@OhosTestCopyMockConfigJson... after 1 ms 
[2026-07-23T17:10:51.572] [DEBUG] debug-file - entry : ohosTest@PackageHap cost memory 0.37369537353515625
[2026-07-23T17:10:51.568] [DEBUG] debug-file - Executing task :entry:ohosTest@GeneratePkgModuleJson
[2026-07-23T17:10:51.568] [DEBUG] debug-file - File: '/Users/guoyutong/MyWorkSpace/TestThirdParty/cases/tinyxml2/harmony-demo/entry/build/default/intermediates/preload/ohosTest/preload.json' from 'preloadSoJsonPath' is not exists, just ignore.
[2026-07-23T17:10:51.568] [DEBUG] debug-file - Error occurs while handling @Input 'shouldDeduplicateHar': The "data" argument must be of type string or an instance of Buffer, TypedArray, or DataView. Received undefined
[2026-07-23T17:10:51.568] [DEBUG] debug-file - Task 'entry:ohosTest@GeneratePkgModuleJson' cost while wrapping incremental declarations: 1 ms 
[2026-07-23T17:10:51.568] [DEBUG] debug-file - entry:ohosTest@GeneratePkgModuleJson is not up-to-date, since the input file '/Users/guoyutong/MyWorkSpace/TestThirdParty/cases/tinyxml2/harmony-demo/entry/build/default/intermediates/res/ohosTest/module.json' has been changed.
[2026-07-23T17:10:51.568] [DEBUG] debug-file - Incremental task entry:ohosTest@GeneratePkgModuleJson pre-execution cost: 1 ms .
[2026-07-23T17:10:51.569] [DEBUG] debug-file - entry : ohosTest@GeneratePkgModuleJson cost memory 0.16117095947265625
[2026-07-23T17:10:51.569] [DEBUG] debug-file - runTaskFromQueue task cost before running: 2 s 517 ms 
[2026-07-23T17:10:51.569] [INFO] debug-file - Finished :entry:ohosTest@GeneratePkgModuleJson... after 2 ms 
[2026-07-23T17:10:51.570] [DEBUG] debug-file - Executing task :entry:ohosTest@ProcessCompiledResources
[2026-07-23T17:10:51.570] [DEBUG] debug-file - File: '/Users/guoyutong/MyWorkSpace/TestThirdParty/cases/tinyxml2/harmony-demo/entry/build/default/intermediates/preload/ohosTest/preload.json' from 'preloadSoJsonPath' is not exists, just ignore.
[2026-07-23T17:10:51.570] [DEBUG] debug-file - Task 'entry:ohosTest@ProcessCompiledResources' cost while wrapping incremental declarations: 1 ms 
[2026-07-23T17:10:51.570] [DEBUG] debug-file - entry : ohosTest@ProcessCompiledResources cost memory 0.0548248291015625
[2026-07-23T17:10:51.570] [DEBUG] debug-file - runTaskFromQueue task cost before running: 2 s 518 ms 
[2026-07-23T17:10:51.570] [INFO] debug-file - Finished :entry:ohosTest@ProcessCompiledResources... after 1 ms 
[2026-07-23T17:10:51.574] [DEBUG] debug-file - current process  memoryUsage: {
  rss: 1010352128,
  heapTotal: 86851584,
  heapUsed: 57003720,
  external: 5042686,
  arrayBuffers: 20805
} os memoryUsage :15.874404907226562
[2026-07-23T17:10:51.746] [DEBUG] debug-file - worker[8] has one work done.
[2026-07-23T17:10:51.746] [DEBUG] debug-file - ohosTest@PackageHap work[4] done.
[2026-07-23T17:10:51.747] [DEBUG] debug-file - Executing task :entry:ohosTest@PackingCheck
[2026-07-23T17:10:51.749] [DEBUG] debug-file - Executing task :entry:ohosTest@CollectDebugSymbol
[2026-07-23T17:10:51.748] [DEBUG] debug-file - Executing task :entry:ohosTest@SignHap
[2026-07-23T17:10:51.746] [DEBUG] debug-file - A work dispatched to worker[8] failed because unable to get work from ready queue.
[2026-07-23T17:10:51.748] [DEBUG] debug-file - entry : ohosTest@PackingCheck cost memory 0.28905487060546875
[2026-07-23T17:10:51.750] [DEBUG] debug-file - entry : ohosTest@CollectDebugSymbol cost memory 0.10326385498046875
[2026-07-23T17:10:51.748] [WARN] debug-file - No signingConfig found for product default
[2026-07-23T17:10:51.746] [INFO] debug-file - Finished :entry:ohosTest@PackageHap... after 174 ms 
[2026-07-23T17:10:51.748] [DEBUG] debug-file - runTaskFromQueue task cost before running: 2 s 695 ms 
[2026-07-23T17:10:51.750] [DEBUG] debug-file - runTaskFromQueue task cost before running: 2 s 697 ms 
[2026-07-23T17:10:51.749] [DEBUG] debug-file - entry:ohosTest@SignHap is not up-to-date, since the input file '/Users/guoyutong/MyWorkSpace/TestThirdParty/cases/tinyxml2/harmony-demo/entry/build/default/outputs/ohosTest/entry-ohosTest-unsigned.hap' has been changed.
[2026-07-23T17:10:51.748] [INFO] debug-file - Finished :entry:ohosTest@PackingCheck... after 2 ms 
[2026-07-23T17:10:51.750] [INFO] debug-file - Finished :entry:ohosTest@CollectDebugSymbol... after 1 ms 
[2026-07-23T17:10:51.749] [DEBUG] debug-file - Incremental task entry:ohosTest@SignHap pre-execution cost: 1 ms .
[2026-07-23T17:10:51.750] [DEBUG] debug-file - Executing task :entry:assembleHap
[2026-07-23T17:10:51.749] [DEBUG] debug-file - entry : ohosTest@SignHap cost memory 0.0861053466796875
[2026-07-23T17:10:51.750] [DEBUG] debug-file - entry : assembleHap cost memory 0.014068603515625
[2026-07-23T17:10:51.749] [DEBUG] debug-file - runTaskFromQueue task cost before running: 2 s 697 ms 
[2026-07-23T17:10:51.750] [DEBUG] debug-file - runTaskFromQueue task cost before running: 2 s 698 ms 
[2026-07-23T17:10:51.749] [INFO] debug-file - Finished :entry:ohosTest@SignHap... after 1 ms 
[2026-07-23T17:10:51.750] [INFO] debug-file - Finished :entry:assembleHap... after 1 ms 
[2026-07-23T17:10:51.750] [INFO] debug-file - BUILD SUCCESSFUL in 2 s 698 ms 
[2026-07-23T17:10:51.751] [DEBUG] debug-file - Update task entry:ohosTest@PreBuild input file:/Users/guoyutong/MyWorkSpace/TestThirdParty/cases/tinyxml2/harmony-demo/AppScope/app.json5 cache by regenerate.
[2026-07-23T17:10:51.751] [DEBUG] debug-file - Update task entry:ohosTest@PreBuild input file:/Users/guoyutong/MyWorkSpace/TestThirdParty/cases/tinyxml2/harmony-demo/entry/src/ohosTest/module.json5 cache by regenerate.
[2026-07-23T17:10:51.751] [DEBUG] debug-file - Update task entry:ohosTest@PreBuild input file:/Users/guoyutong/MyWorkSpace/TestThirdParty/cases/tinyxml2/harmony-demo/build-profile.json5 cache by regenerate.
[2026-07-23T17:10:51.751] [DEBUG] debug-file - Update task entry:ohosTest@PreBuild input file:/Users/guoyutong/MyWorkSpace/TestThirdParty/cases/tinyxml2/harmony-demo/entry/build-profile.json5 cache by regenerate.
[2026-07-23T17:10:51.751] [DEBUG] debug-file - Update task entry:ohosTest@PreBuild input file:/Users/guoyutong/MyWorkSpace/TestThirdParty/cases/tinyxml2/harmony-demo/entry/src/ohosTest/resources/base/profile/test_pages.json cache by regenerate.
[2026-07-23T17:10:51.751] [DEBUG] debug-file - Update task entry:ohosTest@PreBuild input file:/Users/guoyutong/MyWorkSpace/TestThirdParty/cases/tinyxml2/harmony-demo/hvigor/hvigor-config.json5 cache by regenerate.
[2026-07-23T17:10:51.751] [DEBUG] debug-file - Update task entry:ohosTest@PreBuild input file:/Users/guoyutong/MyWorkSpace/TestThirdParty/cases/tinyxml2/harmony-demo/entry/oh-package.json5 cache by regenerate.
[2026-07-23T17:10:51.751] [DEBUG] debug-file - Update task entry:ohosTest@PreBuild input file:/Users/guoyutong/MyWorkSpace/TestThirdParty/cases/tinyxml2/harmony-demo/oh-package.json5 cache by regenerate.
[2026-07-23T17:10:51.751] [DEBUG] debug-file - Incremental task entry:ohosTest@PreBuild post-execution cost:1 ms .
[2026-07-23T17:10:51.751] [DEBUG] debug-file - Update task entry:ohosTest@CreateModuleInfo output file:/Users/guoyutong/MyWorkSpace/TestThirdParty/cases/tinyxml2/harmony-demo/entry/build/default/generated/profile/ohosTest/ModuleInfo.ts cache.
[2026-07-23T17:10:51.751] [DEBUG] debug-file - Incremental task entry:ohosTest@CreateModuleInfo post-execution cost:1 ms .
[2026-07-23T17:10:51.751] [DEBUG] debug-file - There is no need to refresh cache, since the incremental task entry:ohosTest@GenerateMetadata is up-to-date.
[2026-07-23T17:10:51.751] [DEBUG] debug-file - Update task entry:ohosTest@MergeProfile input file:/Users/guoyutong/MyWorkSpace/TestThirdParty/cases/tinyxml2/harmony-demo/AppScope/app.json5 cache by regenerate.
[2026-07-23T17:10:51.751] [DEBUG] debug-file - Update task entry:ohosTest@MergeProfile input file:/Users/guoyutong/MyWorkSpace/TestThirdParty/cases/tinyxml2/harmony-demo/build-profile.json5 cache by regenerate.
[2026-07-23T17:10:51.751] [DEBUG] debug-file - Update task entry:ohosTest@MergeProfile input file:/Users/guoyutong/MyWorkSpace/TestThirdParty/cases/tinyxml2/harmony-demo/entry/src/ohosTest/module.json5 cache by regenerate.
[2026-07-23T17:10:51.751] [DEBUG] debug-file - Update task entry:ohosTest@MergeProfile output file:/Users/guoyutong/MyWorkSpace/TestThirdParty/cases/tinyxml2/harmony-demo/entry/build/default/intermediates/merge_profile/ohosTest/module.json cache.
[2026-07-23T17:10:51.751] [DEBUG] debug-file - Incremental task entry:ohosTest@MergeProfile post-execution cost:1 ms .
[2026-07-23T17:10:51.751] [DEBUG] debug-file - Update task entry:ohosTest@CreateBuildProfile input file:/Users/guoyutong/MyWorkSpace/TestThirdParty/cases/tinyxml2/harmony-demo/AppScope/app.json5 cache by regenerate.
[2026-07-23T17:10:51.751] [DEBUG] debug-file - Update task entry:ohosTest@CreateBuildProfile input file:/Users/guoyutong/MyWorkSpace/TestThirdParty/cases/tinyxml2/harmony-demo/build-profile.json5 cache by regenerate.
[2026-07-23T17:10:51.751] [DEBUG] debug-file - Update task entry:ohosTest@CreateBuildProfile output file:/Users/guoyutong/MyWorkSpace/TestThirdParty/cases/tinyxml2/harmony-demo/entry/build/default/generated/profile/ohosTest/BuildProfile.ets cache.
[2026-07-23T17:10:51.751] [DEBUG] debug-file - Incremental task entry:ohosTest@CreateBuildProfile post-execution cost:1 ms .
[2026-07-23T17:10:51.751] [DEBUG] debug-file - Update task entry:ohosTest@GeneratePkgContextInfo output file:/Users/guoyutong/MyWorkSpace/TestThirdParty/cases/tinyxml2/harmony-demo/entry/build/default/intermediates/loader/ohosTest/pkgContextInfo.json cache.
[2026-07-23T17:10:51.751] [DEBUG] debug-file - Incremental task entry:ohosTest@GeneratePkgContextInfo post-execution cost:1 ms .
[2026-07-23T17:10:51.751] [DEBUG] debug-file - There is no need to refresh cache, since the incremental task entry:ohosTest@GeneratePkgSdkInfo is up-to-date.
[2026-07-23T17:10:51.751] [DEBUG] debug-file - Update task entry:ohosTest@ProcessIntegratedHsp output file:/Users/guoyutong/MyWorkSpace/TestThirdParty/cases/tinyxml2/harmony-demo/build/cache/default/integrated_hsp/integratedHspCache.json cache.
[2026-07-23T17:10:51.751] [DEBUG] debug-file - Incremental task entry:ohosTest@ProcessIntegratedHsp post-execution cost:1 ms .
[2026-07-23T17:10:51.751] [DEBUG] debug-file - Update task entry:ohosTest@MakePackInfo input file:/Users/guoyutong/MyWorkSpace/TestThirdParty/cases/tinyxml2/harmony-demo/AppScope/app.json5 cache by regenerate.
[2026-07-23T17:10:51.751] [DEBUG] debug-file - Update task entry:ohosTest@MakePackInfo input file:/Users/guoyutong/MyWorkSpace/TestThirdParty/cases/tinyxml2/harmony-demo/entry/src/ohosTest/module.json5 cache by regenerate.
[2026-07-23T17:10:51.751] [DEBUG] debug-file - Update task entry:ohosTest@MakePackInfo input file:/Users/guoyutong/MyWorkSpace/TestThirdParty/cases/tinyxml2/harmony-demo/build-profile.json5 cache by regenerate.
[2026-07-23T17:10:51.751] [DEBUG] debug-file - Update task entry:ohosTest@MakePackInfo output file:/Users/guoyutong/MyWorkSpace/TestThirdParty/cases/tinyxml2/harmony-demo/entry/build/default/outputs/ohosTest/pack.info cache.
[2026-07-23T17:10:51.751] [DEBUG] debug-file - Incremental task entry:ohosTest@MakePackInfo post-execution cost:1 ms .
[2026-07-23T17:10:51.751] [DEBUG] debug-file - Update task entry:ohosTest@SyscapTransform input file:/Users/guoyutong/command-line-tools/sdk/default/openharmony/toolchains/syscap_tool cache by regenerate.
[2026-07-23T17:10:51.751] [DEBUG] debug-file - Update task entry:ohosTest@SyscapTransform input file:/Users/guoyutong/command-line-tools/sdk/default/openharmony/ets/api/device-define cache by regenerate.
[2026-07-23T17:10:51.752] [DEBUG] debug-file - Update task entry:ohosTest@SyscapTransform output file:/Users/guoyutong/MyWorkSpace/TestThirdParty/cases/tinyxml2/harmony-demo/entry/build/default/intermediates/syscap/ohosTest/rpcid.sc cache.
[2026-07-23T17:10:51.752] [DEBUG] debug-file - Incremental task entry:ohosTest@SyscapTransform post-execution cost:1 ms .
[2026-07-23T17:10:51.752] [DEBUG] debug-file - Update task entry:ohosTest@ProcessProfile input file:/Users/guoyutong/MyWorkSpace/TestThirdParty/cases/tinyxml2/harmony-demo/entry/build/default/intermediates/merge_profile/ohosTest/module.json cache from map.
[2026-07-23T17:10:51.752] [DEBUG] debug-file - Update task entry:ohosTest@ProcessProfile output file:/Users/guoyutong/MyWorkSpace/TestThirdParty/cases/tinyxml2/harmony-demo/entry/build/default/intermediates/process_profile/ohosTest/module.json cache.
[2026-07-23T17:10:51.752] [DEBUG] debug-file - Incremental task entry:ohosTest@ProcessProfile post-execution cost:1 ms .
[2026-07-23T17:10:51.752] [DEBUG] debug-file - There is no need to refresh cache, since the incremental task entry:ohosTest@ProcessRouterMap is up-to-date.
[2026-07-23T17:10:51.752] [DEBUG] debug-file - There is no need to refresh cache, since the incremental task entry:ohosTest@ProcessShareConfig is up-to-date.
[2026-07-23T17:10:51.752] [DEBUG] debug-file - Update task entry:ohosTest@ProcessStartupConfig output file:/Users/guoyutong/MyWorkSpace/TestThirdParty/cases/tinyxml2/harmony-demo/entry/build/default/intermediates/startup/ohosTest/startup_config.json cache.
[2026-07-23T17:10:51.752] [DEBUG] debug-file - Incremental task entry:ohosTest@ProcessStartupConfig post-execution cost:1 ms .
[2026-07-23T17:10:51.752] [DEBUG] debug-file - There is no need to refresh cache, since the incremental task entry:ohosTest@ProcessResource is up-to-date.
[2026-07-23T17:10:51.752] [DEBUG] debug-file - Update task entry:ohosTest@GenerateLoaderJson input file:/Users/guoyutong/MyWorkSpace/TestThirdParty/cases/tinyxml2/harmony-demo/entry/build/default/intermediates/router_map/ohosTest/temp-router-map.json cache by regenerate.
[2026-07-23T17:10:51.752] [DEBUG] debug-file - Update task entry:ohosTest@GenerateLoaderJson output file:/Users/guoyutong/MyWorkSpace/TestThirdParty/cases/tinyxml2/harmony-demo/entry/build/default/intermediates/loader/ohosTest/loader.json cache.
[2026-07-23T17:10:51.752] [DEBUG] debug-file - Incremental task entry:ohosTest@GenerateLoaderJson post-execution cost:1 ms .
[2026-07-23T17:10:51.752] [DEBUG] debug-file - Update task entry:ohosTest@CompileResource input file:/Users/guoyutong/MyWorkSpace/TestThirdParty/cases/tinyxml2/harmony-demo/entry/src/ohosTest/resources cache by regenerate.
[2026-07-23T17:10:51.752] [DEBUG] debug-file - Update task entry:ohosTest@CompileResource input file:/Users/guoyutong/MyWorkSpace/TestThirdParty/cases/tinyxml2/harmony-demo/AppScope/resources cache by regenerate.
[2026-07-23T17:10:51.752] [DEBUG] debug-file - Update task entry:ohosTest@CompileResource input file:/Users/guoyutong/MyWorkSpace/TestThirdParty/cases/tinyxml2/harmony-demo/entry/build/default/intermediates/process_profile/ohosTest/module.json cache from map.
[2026-07-23T17:10:51.752] [DEBUG] debug-file - Update task entry:ohosTest@CompileResource input file:/Users/guoyutong/MyWorkSpace/TestThirdParty/cases/tinyxml2/harmony-demo/entry/src/main/resources cache by regenerate.
[2026-07-23T17:10:51.753] [DEBUG] debug-file - Update task entry:ohosTest@CompileResource input file:/Users/guoyutong/MyWorkSpace/TestThirdParty/cases/tinyxml2/harmony-demo/entry/build/default/intermediates/res/ohosTest/resConfig.json cache by regenerate.
[2026-07-23T17:10:51.753] [DEBUG] debug-file - Update task entry:ohosTest@CompileResource output file:/Users/guoyutong/MyWorkSpace/TestThirdParty/cases/tinyxml2/harmony-demo/entry/build/default/intermediates/res/ohosTest cache.
[2026-07-23T17:10:51.753] [DEBUG] debug-file - Update task entry:ohosTest@CompileResource output file:/Users/guoyutong/MyWorkSpace/TestThirdParty/cases/tinyxml2/harmony-demo/entry/build/default/generated/r/ohosTest/ResourceTable.h cache.
[2026-07-23T17:10:51.753] [DEBUG] debug-file - Update task entry:ohosTest@CompileResource output file:/Users/guoyutong/MyWorkSpace/TestThirdParty/cases/tinyxml2/harmony-demo/entry/build/default/generated/r/ohosTest/ResourceTable.ts cache.
[2026-07-23T17:10:51.753] [DEBUG] debug-file - Update task entry:ohosTest@CompileResource output file:/Users/guoyutong/MyWorkSpace/TestThirdParty/cases/tinyxml2/harmony-demo/entry/build/default/generated/r/ohosTest cache.
[2026-07-23T17:10:51.753] [DEBUG] debug-file - Incremental task entry:ohosTest@CompileResource post-execution cost:2 ms .
[2026-07-23T17:10:51.753] [DEBUG] debug-file - Update task entry:ohosTest@OhosTestCompileArkTS input file:/Users/guoyutong/MyWorkSpace/TestThirdParty/cases/tinyxml2/harmony-demo/entry/build/default/intermediates/loader/ohosTest cache from map.
[2026-07-23T17:10:51.753] [DEBUG] debug-file - Update task entry:ohosTest@OhosTestCompileArkTS input file:/Users/guoyutong/MyWorkSpace/TestThirdParty/cases/tinyxml2/harmony-demo/entry/build/default/intermediates/res/ohosTest/ResourceTable.txt cache by regenerate.
[2026-07-23T17:10:51.753] [DEBUG] debug-file - Update task entry:ohosTest@OhosTestCompileArkTS input file:/Users/guoyutong/MyWorkSpace/TestThirdParty/cases/tinyxml2/harmony-demo/entry/build/default/intermediates/res/ohosTest/ark_module.json cache by regenerate.
[2026-07-23T17:10:51.753] [DEBUG] debug-file - Update task entry:ohosTest@OhosTestCompileArkTS input file:/Users/guoyutong/MyWorkSpace/TestThirdParty/cases/tinyxml2/harmony-demo/entry/build/default/intermediates/res/ohosTest/resources/base/profile cache by regenerate.
[2026-07-23T17:10:51.753] [DEBUG] debug-file - Update task entry:ohosTest@OhosTestCompileArkTS input file:/Users/guoyutong/MyWorkSpace/TestThirdParty/cases/tinyxml2/harmony-demo/entry/src/ohosTest/ets cache by regenerate.
[2026-07-23T17:10:51.753] [DEBUG] debug-file - Update task entry:ohosTest@OhosTestCompileArkTS input file:/Users/guoyutong/MyWorkSpace/TestThirdParty/cases/tinyxml2/harmony-demo/entry/src/ohosTest cache by regenerate.
[2026-07-23T17:10:51.754] [DEBUG] debug-file - Update task entry:ohosTest@OhosTestCompileArkTS input file:/Users/guoyutong/MyWorkSpace/TestThirdParty/cases/tinyxml2/harmony-demo/entry/build/default/generated/profile/ohosTest/BuildProfile.ets cache by regenerate.
[2026-07-23T17:10:51.754] [DEBUG] debug-file - Update task entry:ohosTest@OhosTestCompileArkTS input file:/Users/guoyutong/MyWorkSpace/TestThirdParty/cases/tinyxml2/harmony-demo/entry/src/main/cpp/types cache by regenerate.
[2026-07-23T17:10:51.754] [DEBUG] debug-file - Update task entry:ohosTest@OhosTestCompileArkTS input file:/Users/guoyutong/MyWorkSpace/TestThirdParty/cases/tinyxml2/harmony-demo/entry/src/main/ets cache by regenerate.
[2026-07-23T17:10:51.754] [DEBUG] debug-file - Update task entry:ohosTest@OhosTestCompileArkTS output file:/Users/guoyutong/MyWorkSpace/TestThirdParty/cases/tinyxml2/harmony-demo/entry/build/default/intermediates/loader_out/ohosTest/ets cache.
[2026-07-23T17:10:51.754] [DEBUG] debug-file - Incremental task entry:ohosTest@OhosTestCompileArkTS post-execution cost:2 ms .
[2026-07-23T17:10:51.754] [DEBUG] debug-file - Update task entry:ohosTest@OhosTestBuildJS input file:/Users/guoyutong/MyWorkSpace/TestThirdParty/cases/tinyxml2/harmony-demo/entry/build/default/intermediates/loader/ohosTest cache by regenerate.
[2026-07-23T17:10:51.754] [DEBUG] debug-file - Update task entry:ohosTest@OhosTestBuildJS input file:/Users/guoyutong/MyWorkSpace/TestThirdParty/cases/tinyxml2/harmony-demo/entry/build/default/intermediates/res/ohosTest/ResourceTable.txt cache by regenerate.
[2026-07-23T17:10:51.754] [DEBUG] debug-file - Update task entry:ohosTest@OhosTestBuildJS input file:/Users/guoyutong/MyWorkSpace/TestThirdParty/cases/tinyxml2/harmony-demo/entry/build/default/intermediates/res/ohosTest/ark_module.json cache by regenerate.
[2026-07-23T17:10:51.754] [DEBUG] debug-file - Update task entry:ohosTest@OhosTestBuildJS input file:/Users/guoyutong/MyWorkSpace/TestThirdParty/cases/tinyxml2/harmony-demo/entry/build/default/intermediates/res/ohosTest/resources/base/profile cache by regenerate.
[2026-07-23T17:10:51.754] [DEBUG] debug-file - Update task entry:ohosTest@OhosTestBuildJS input file:/Users/guoyutong/MyWorkSpace/TestThirdParty/cases/tinyxml2/harmony-demo/entry/src/ohosTest cache by regenerate.
[2026-07-23T17:10:51.755] [DEBUG] debug-file - Update task entry:ohosTest@OhosTestBuildJS output file:/Users/guoyutong/MyWorkSpace/TestThirdParty/cases/tinyxml2/harmony-demo/entry/build/default/intermediates/loader_out/ohosTest/js cache.
[2026-07-23T17:10:51.755] [DEBUG] debug-file - Incremental task entry:ohosTest@OhosTestBuildJS post-execution cost:1 ms .
[2026-07-23T17:10:51.755] [DEBUG] debug-file - Update task entry:ohosTest@ProcessLibs input file:/Users/guoyutong/MyWorkSpace/TestThirdParty/cases/tinyxml2/harmony-demo/build-profile.json5 cache by regenerate.
[2026-07-23T17:10:51.755] [DEBUG] debug-file - Update task entry:ohosTest@ProcessLibs input file:/Users/guoyutong/MyWorkSpace/TestThirdParty/cases/tinyxml2/harmony-demo/entry/build-profile.json5 cache by regenerate.
[2026-07-23T17:10:51.755] [DEBUG] debug-file - Update task entry:ohosTest@ProcessLibs output file:/Users/guoyutong/MyWorkSpace/TestThirdParty/cases/tinyxml2/harmony-demo/entry/build/default/intermediates/libs/ohosTest cache.
[2026-07-23T17:10:51.755] [DEBUG] debug-file - Incremental task entry:ohosTest@ProcessLibs post-execution cost:1 ms .
[2026-07-23T17:10:51.755] [DEBUG] debug-file - There is no need to refresh cache, since the incremental task entry:ohosTest@DoNativeStrip is up-to-date.
[2026-07-23T17:10:51.755] [DEBUG] debug-file - There is no need to refresh cache, since the incremental task entry:ohosTest@CacheNativeLibs is up-to-date.
[2026-07-23T17:10:51.755] [DEBUG] debug-file - Update task entry:ohosTest@OhosTestCopyMockConfigJson output file:/Users/guoyutong/MyWorkSpace/TestThirdParty/cases/tinyxml2/harmony-demo/entry/build/default/intermediates/res/ohosTest/resources/rawfile/mock/mock-config.json cache.
[2026-07-23T17:10:51.755] [DEBUG] debug-file - Incremental task entry:ohosTest@OhosTestCopyMockConfigJson post-execution cost:1 ms .
[2026-07-23T17:10:51.755] [DEBUG] debug-file - Update task entry:ohosTest@GeneratePkgModuleJson input file:/Users/guoyutong/MyWorkSpace/TestThirdParty/cases/tinyxml2/harmony-demo/entry/build/default/intermediates/res/ohosTest/module.json cache from map.
[2026-07-23T17:10:51.755] [DEBUG] debug-file - Update task entry:ohosTest@GeneratePkgModuleJson output file:/Users/guoyutong/MyWorkSpace/TestThirdParty/cases/tinyxml2/harmony-demo/entry/build/default/intermediates/package/ohosTest/module.json cache.
[2026-07-23T17:10:51.755] [DEBUG] debug-file - Incremental task entry:ohosTest@GeneratePkgModuleJson post-execution cost:1 ms .
[2026-07-23T17:10:51.755] [DEBUG] debug-file - Incremental task entry:ohosTest@ProcessCompiledResources post-execution cost:1 ms .
[2026-07-23T17:10:51.755] [DEBUG] debug-file - Update task entry:ohosTest@PackageHap input file:/Users/guoyutong/MyWorkSpace/TestThirdParty/cases/tinyxml2/harmony-demo/entry/build/default/outputs/ohosTest/pack.info cache from map.
[2026-07-23T17:10:51.755] [DEBUG] debug-file - Update task entry:ohosTest@PackageHap input file:/Users/guoyutong/MyWorkSpace/TestThirdParty/cases/tinyxml2/harmony-demo/entry/build/default/intermediates/stripped_native_libs/ohosTest cache by regenerate.
[2026-07-23T17:10:51.755] [DEBUG] debug-file - Update task entry:ohosTest@PackageHap input file:/Users/guoyutong/MyWorkSpace/TestThirdParty/cases/tinyxml2/harmony-demo/entry/build/default/intermediates/res/ohosTest/module.json cache by regenerate.
[2026-07-23T17:10:51.755] [DEBUG] debug-file - Update task entry:ohosTest@PackageHap input file:/Users/guoyutong/MyWorkSpace/TestThirdParty/cases/tinyxml2/harmony-demo/entry/build/default/intermediates/res/ohosTest/resources cache by regenerate.
[2026-07-23T17:10:51.755] [DEBUG] debug-file - Update task entry:ohosTest@PackageHap input file:/Users/guoyutong/MyWorkSpace/TestThirdParty/cases/tinyxml2/harmony-demo/entry/build/default/intermediates/res/ohosTest/resources.index cache by regenerate.
[2026-07-23T17:10:51.755] [DEBUG] debug-file - Update task entry:ohosTest@PackageHap input file:/Users/guoyutong/MyWorkSpace/TestThirdParty/cases/tinyxml2/harmony-demo/entry/build/default/intermediates/loader_out/ohosTest/ets cache by regenerate.
[2026-07-23T17:10:51.755] [DEBUG] debug-file - Update task entry:ohosTest@PackageHap input file:/Users/guoyutong/MyWorkSpace/TestThirdParty/cases/tinyxml2/harmony-demo/entry/build/default/intermediates/loader/ohosTest/pkgSdkInfo.json cache by regenerate.
[2026-07-23T17:10:51.755] [DEBUG] debug-file - Update task entry:ohosTest@PackageHap input file:/Users/guoyutong/MyWorkSpace/TestThirdParty/cases/tinyxml2/harmony-demo/entry/build/default/intermediates/package/ohosTest/module.json cache by regenerate.
[2026-07-23T17:10:51.755] [DEBUG] debug-file - Update task entry:ohosTest@PackageHap input file:/Users/guoyutong/MyWorkSpace/TestThirdParty/cases/tinyxml2/harmony-demo/entry/build/default/intermediates/loader_out/ohosTest/ets/sourceMaps.map cache by regenerate.
[2026-07-23T17:10:51.755] [DEBUG] debug-file - Update task entry:ohosTest@PackageHap input file:/Users/guoyutong/MyWorkSpace/TestThirdParty/cases/tinyxml2/harmony-demo/entry/build/default/generated/profile/ohosTest/BuildProfile.ets cache by regenerate.
[2026-07-23T17:10:51.755] [DEBUG] debug-file - Update task entry:ohosTest@PackageHap output file:/Users/guoyutong/MyWorkSpace/TestThirdParty/cases/tinyxml2/harmony-demo/entry/build/default/outputs/ohosTest/entry-ohosTest-unsigned.hap cache.
[2026-07-23T17:10:51.755] [DEBUG] debug-file - Update task entry:ohosTest@PackageHap output file:/Users/guoyutong/MyWorkSpace/TestThirdParty/cases/tinyxml2/harmony-demo/entry/build/default/intermediates/source_map/ohosTest/sourceMaps.map cache.
[2026-07-23T17:10:51.755] [DEBUG] debug-file - Update task entry:ohosTest@PackageHap output file:/Users/guoyutong/MyWorkSpace/TestThirdParty/cases/tinyxml2/harmony-demo/entry/build/default/outputs/ohosTest/mapping/sourceMaps.map cache.
[2026-07-23T17:10:51.755] [DEBUG] debug-file - Incremental task entry:ohosTest@PackageHap post-execution cost:1 ms .
[2026-07-23T17:10:51.755] [DEBUG] debug-file - Update task entry:ohosTest@SignHap input file:/Users/guoyutong/MyWorkSpace/TestThirdParty/cases/tinyxml2/harmony-demo/entry/build/default/outputs/ohosTest/entry-ohosTest-unsigned.hap cache from map.
[2026-07-23T17:10:51.755] [DEBUG] debug-file - Update task entry:ohosTest@SignHap output file:/Users/guoyutong/MyWorkSpace/TestThirdParty/cases/tinyxml2/harmony-demo/entry/build/default/outputs/ohosTest/entry-ohosTest-signed.hap cache.
[2026-07-23T17:10:51.755] [DEBUG] debug-file - Incremental task entry:ohosTest@SignHap post-execution cost:1 ms .
[2026-07-23T17:10:51.755] [DEBUG] debug-file - Update task entry:ohosTest@CollectDebugSymbol input file:/Users/guoyutong/MyWorkSpace/TestThirdParty/cases/tinyxml2/harmony-demo/entry/build/default/intermediates/loader_out/ohosTest/ets/sourceMaps.map cache by regenerate.
[2026-07-23T17:10:51.755] [DEBUG] debug-file - Update task entry:ohosTest@CollectDebugSymbol input file:/Users/guoyutong/MyWorkSpace/TestThirdParty/cases/tinyxml2/harmony-demo/entry/build/default/intermediates/libs/ohosTest cache by regenerate.
[2026-07-23T17:10:51.756] [DEBUG] debug-file - Update task entry:ohosTest@CollectDebugSymbol output file:/Users/guoyutong/MyWorkSpace/TestThirdParty/cases/tinyxml2/harmony-demo/entry/build/default/outputs/ohosTest/symbol cache.
[2026-07-23T17:10:51.756] [DEBUG] debug-file - Incremental task entry:ohosTest@CollectDebugSymbol post-execution cost:1 ms .
[2026-07-23T17:10:51.770] [DEBUG] debug-file - Current worker pool is stopped or closed.
[2026-07-23T17:10:51.770] [DEBUG] debug-file - Clear worker 0.
[2026-07-23T17:10:51.770] [DEBUG] debug-file - Worker 0 has been cleared.
[2026-07-23T17:10:51.770] [DEBUG] debug-file - Current idle worker size: 5.
[2026-07-23T17:10:51.770] [DEBUG] debug-file - Current busy worker size: 0.
[2026-07-23T17:10:51.770] [DEBUG] debug-file - Clear worker 1.
[2026-07-23T17:10:51.770] [DEBUG] debug-file - Worker 1 has been cleared.
[2026-07-23T17:10:51.770] [DEBUG] debug-file - Current idle worker size: 4.
[2026-07-23T17:10:51.770] [DEBUG] debug-file - Current busy worker size: 0.
[2026-07-23T17:10:51.770] [DEBUG] debug-file - Clear worker 6.
[2026-07-23T17:10:51.770] [DEBUG] debug-file - Worker 6 has been cleared.
[2026-07-23T17:10:51.770] [DEBUG] debug-file - Current idle worker size: 3.
[2026-07-23T17:10:51.770] [DEBUG] debug-file - Current busy worker size: 0.
[2026-07-23T17:10:51.770] [DEBUG] debug-file - Clear worker 7.
[2026-07-23T17:10:51.770] [DEBUG] debug-file - Worker 7 has been cleared.
[2026-07-23T17:10:51.770] [DEBUG] debug-file - Current idle worker size: 2.
[2026-07-23T17:10:51.770] [DEBUG] debug-file - Current busy worker size: 0.
[2026-07-23T17:10:51.770] [DEBUG] debug-file - Clear worker 4.
[2026-07-23T17:10:51.771] [DEBUG] debug-file - Worker 4 has been cleared.
[2026-07-23T17:10:51.771] [DEBUG] debug-file - Current idle worker size: 1.
[2026-07-23T17:10:51.771] [DEBUG] debug-file - Current busy worker size: 0.
[2026-07-23T17:10:51.771] [DEBUG] debug-file - Clear worker 8.
[2026-07-23T17:10:51.771] [DEBUG] debug-file - Worker 8 has been cleared.
[2026-07-23T17:10:51.771] [DEBUG] debug-file - Current idle worker size: 0.
[2026-07-23T17:10:51.771] [DEBUG] debug-file - Current busy worker size: 0.
[2026-07-23T17:10:51.771] [DEBUG] debug-file - hvigor build process will be closed.
[2026-07-23T17:10:51.772] [DEBUG] debug-file - worker[1] exits with exit code 1.
[2026-07-23T17:10:51.772] [DEBUG] debug-file - worker[0] exits with exit code 1.
[2026-07-23T17:10:51.772] [DEBUG] debug-file - Current worker pool is terminated.
[2026-07-23T17:10:51.772] [DEBUG] debug-file - worker[7] exits with exit code 1.
[2026-07-23T17:10:51.773] [DEBUG] debug-file - worker[6] exits with exit code 1.
[2026-07-23T17:10:51.773] [DEBUG] debug-file - worker[8] exits with exit code 1.
[2026-07-23T17:10:51.776] [DEBUG] debug-file - worker[4] exits with exit code 1.
[2026-07-23T17:14:54.309] [DEBUG] debug-file - env: nodejsVersion=v24.14.1
[2026-07-23T17:14:54.421] [DEBUG] debug-file - Hvigor init with startParameters:{
  hvigorfileTypeCheck: false,
  parallelExecution: true,
  incrementalExecution: true,
  printStackTrace: false,
  daemon: false,
  analyze: 0,
  logLevel: Level { level: 20000, levelStr: 'INFO', colour: 'green' },
  optimizationStrategy: 'memory',
  hotCompile: undefined,
  hotReloadBuild: undefined,
  customizedParam: undefined
}
[2026-07-23T17:14:54.972] [DEBUG] debug-file - Starting plugin build process
[2026-07-23T17:14:54.971] [DEBUG] debug-file - hvigorfile, require result:  { default: { system: [Function: appTasks], plugins: [] } }
[2026-07-23T17:14:55.037] [DEBUG] debug-file - App plugin register hook start...
[2026-07-23T17:14:55.038] [DEBUG] debug-file - Start initialize project's product build option map with build mode debug.
[2026-07-23T17:14:55.039] [DEBUG] debug-file - Obtain build option for product 'default'in this build.
[2026-07-23T17:14:55.042] [DEBUG] debug-file - Start recording SDK configuration permission data.
[2026-07-23T17:14:55.058] [DEBUG] debug-file - Project task initialization takes 2 ms 
[2026-07-23T17:14:55.061] [DEBUG] debug-file - failed to load cangjie to dynamically generate schemas: Error: Cannot find module '@ohos/cangjie-build-support/index'
Require stack:
- /Users/guoyutong/command-line-tools/hvigor/hvigor-ohos-plugin/src/plugin/hooks/cangjie-register.js
- /Users/guoyutong/command-line-tools/hvigor/hvigor-ohos-plugin/src/plugin/strategy/stage-init-strategy.js
- /Users/guoyutong/command-line-tools/hvigor/hvigor-ohos-plugin/src/plugin/builder/abstract-plugin-builder.js
- /Users/guoyutong/command-line-tools/hvigor/hvigor-ohos-plugin/src/plugin/builder/app-plugin-builder.js
- /Users/guoyutong/command-line-tools/hvigor/hvigor-ohos-plugin/src/plugin/factory/plugin-factory.js
- /Users/guoyutong/command-line-tools/hvigor/hvigor-ohos-plugin/index.js
- /Users/guoyutong/MyWorkSpace/TestThirdParty/cases/tinyxml2/harmony-demo/hvigorfile.ts
- /Users/guoyutong/command-line-tools/hvigor/hvigor/src/base/internal/lifecycle/configuration.js
- /Users/guoyutong/command-line-tools/hvigor/hvigor/src/base/boot/index.js
- /Users/guoyutong/command-line-tools/hvigor/hvigor/src/cli/main/cli.js
- /Users/guoyutong/command-line-tools/hvigor/hvigor/bin/hvigor.js
[2026-07-23T17:14:55.063] [DEBUG] debug-file - Start initialize module-target build option map, moduleName=entry, buildMode=debug
[2026-07-23T17:14:55.066] [DEBUG] debug-file - project has submodules:entry
[2026-07-23T17:14:55.067] [DEBUG] debug-file - start to load updatedOhPackageInfo to the disk
[2026-07-23T17:14:55.072] [DEBUG] debug-file - Start to initialize dependency information.
[2026-07-23T17:14:55.076] [DEBUG] debug-file - Executing task :entry:ohosTest@PreBuild
[2026-07-23T17:14:55.081] [DEBUG] debug-file - Executing task :entry:ohosTest@GenerateMetadata
[2026-07-23T17:14:54.310] [DEBUG] debug-file - env: hvigor-config.json5 content = {
  modelVersion: '6.1.0',
  dependencies: {},
  execution: {},
  logging: {},
  debugging: {},
  nodeOptions: {}
}
[2026-07-23T17:14:54.426] [DEBUG] debug-file - Cache service initialization finished in 4 ms 
[2026-07-23T17:14:54.972] [DEBUG] debug-file - App plugin prepare start...
[2026-07-23T17:14:54.972] [DEBUG] debug-file - hvigorfile, binding system plugins [Function: appTasks]
[2026-07-23T17:14:55.037] [DEBUG] debug-file - App plugin register hook end...
[2026-07-23T17:14:55.038] [DEBUG] debug-file - Picking option from product 'default' with build mode 'debug'.
[2026-07-23T17:14:55.040] [DEBUG] debug-file - No signingConfig found, initRemoteHspCache failed.
[2026-07-23T17:14:55.056] [DEBUG] debug-file - Sdk init in 16 ms 
[2026-07-23T17:14:55.058] [DEBUG] debug-file - hvigorfile, begin to bind custom plugins...
[2026-07-23T17:14:55.063] [DEBUG] debug-file - Target 'default' config initialized
[2026-07-23T17:14:55.068] [DEBUG] debug-file - load to the disk finished
[2026-07-23T17:14:55.073] [DEBUG] debug-file - Module entry Collected Dependency: /Users/guoyutong/MyWorkSpace/TestThirdParty/cases/tinyxml2/harmony-demo/entry/src/main/cpp/types/libentry
[2026-07-23T17:14:55.077] [DEBUG] debug-file - Task 'entry:ohosTest@PreBuild' cost while wrapping incremental declarations: 1 ms 
[2026-07-23T17:14:55.081] [DEBUG] debug-file - Task 'entry:ohosTest@GenerateMetadata' cost while wrapping incremental declarations: 1 ms 
[2026-07-23T17:14:54.310] [DEBUG] debug-file - env: daemon=false
[2026-07-23T17:14:54.426] [DEBUG] debug-file - hvigorfile, resolving /Users/guoyutong/MyWorkSpace/TestThirdParty/cases/tinyxml2/harmony-demo/hvigorfile.ts
[2026-07-23T17:14:54.972] [DEBUG] debug-file - App plugin prepare end...
[2026-07-23T17:14:55.037] [DEBUG] debug-file - Plugin build process completed
[2026-07-23T17:14:55.038] [DEBUG] debug-file - Product 'default' build option initialized
[2026-07-23T17:14:55.041] [DEBUG] debug-file - Local scan or download HarmonyOS sdk components toolchains,ets,js,native,previewer
[2026-07-23T17:14:55.058] [DEBUG] debug-file - hvigorfile, no custom plugins were found in /Users/guoyutong/MyWorkSpace/TestThirdParty/cases/tinyxml2/harmony-demo/hvigorfile.ts
[2026-07-23T17:14:55.063] [DEBUG] debug-file - Target 'ohosTest' config initialized
[2026-07-23T17:14:55.069] [DEBUG] debug-file - Start to initialize dependency information.
[2026-07-23T17:14:55.073] [DEBUG] debug-file - Module entry's total dependency: 1
[2026-07-23T17:14:55.079] [DEBUG] debug-file - Incremental task entry:ohosTest@PreBuild pre-execution cost: 1 ms .
[2026-07-23T17:14:55.081] [DEBUG] debug-file - Incremental task entry:ohosTest@GenerateMetadata pre-execution cost: 1 ms .
[2026-07-23T17:14:54.310] [DEBUG] debug-file - no-daemon, use the parent process.execArgv --max-old-space-size=8192,--max-semi-space-size=16,--expose-gc
[2026-07-23T17:14:54.972] [DEBUG] debug-file - App plugin creating...
[2026-07-23T17:14:55.038] [DEBUG] debug-file - End initialize project's product build option map with build mode 'debug'.
[2026-07-23T17:14:55.041] [DEBUG] debug-file - Local scan or download hmscore sdk components toolchains,ets,native
[2026-07-23T17:14:55.058] [DEBUG] debug-file - hvigorfile, resolve finished /Users/guoyutong/MyWorkSpace/TestThirdParty/cases/tinyxml2/harmony-demo/hvigorfile.ts
[2026-07-23T17:14:55.063] [DEBUG] debug-file - Module 'entry' target 'default' build option initialized
[2026-07-23T17:14:55.071] [DEBUG] debug-file - Module harmony-demo Collected Dependency: 
[2026-07-23T17:14:55.074] [DEBUG] debug-file - Configuration phase cost:648 ms 
[2026-07-23T17:14:55.079] [DEBUG] debug-file - entry : ohosTest@PreBuild cost memory 0.9549179077148438
[2026-07-23T17:14:55.081] [DEBUG] debug-file - entry : ohosTest@GenerateMetadata cost memory 0.7376861572265625
[2026-07-23T17:14:55.089] [DEBUG] debug-file - Executing task :entry:ohosTest@PreCheckSyscap
[2026-07-23T17:14:55.088] [DEBUG] debug-file - Executing task :entry:ohosTest@CreateBuildProfile
[2026-07-23T17:14:55.090] [DEBUG] debug-file - Executing task :entry:ohosTest@GeneratePkgContextInfo
[2026-07-23T17:14:55.095] [DEBUG] debug-file - Executing task :entry:ohosTest@ProcessIntegratedHsp
[2026-07-23T17:14:55.096] [DEBUG] debug-file - Executing task :entry:ohosTest@BuildNativeWithCmake
[2026-07-23T17:14:55.097] [DEBUG] debug-file - Use tool [Cmake]
 [
  '/Users/guoyutong/command-line-tools/sdk/default/openharmony/native/build-tools/cmake/bin/cmake',
  '-H/Users/guoyutong/MyWorkSpace/TestThirdParty/cases/tinyxml2/harmony-demo/entry/src/ohosTest/cpp',
  '-B/Users/guoyutong/MyWorkSpace/TestThirdParty/cases/tinyxml2/harmony-demo/entry/.cxx/default/ohosTest/debug/arm64-v8a',
  '-DOHOS_ARCH=arm64-v8a',
  '-DCMAKE_LIBRARY_OUTPUT_DIRECTORY=/Users/guoyutong/MyWorkSpace/TestThirdParty/cases/tinyxml2/harmony-demo/entry/build/default/intermediates/cmake/ohosTest/obj/arm64-v8a',
  '-DCMAKE_BUILD_TYPE=Debug',
  '-DOHOS_SDK_NATIVE=/Users/guoyutong/command-line-tools/sdk/default/openharmony/native',
  '-DCMAKE_SYSTEM_NAME=OHOS',
  '-DCMAKE_OHOS_ARCH_ABI=arm64-v8a',
  '-DCMAKE_EXPORT_COMPILE_COMMANDS=ON',
  '-DCMAKE_TOOLCHAIN_FILE=/Users/guoyutong/command-line-tools/sdk/default/hms/native/build/cmake/hmos.toolchain.cmake',
  '-GNinja',
  '-DCMAKE_MAKE_PROGRAM=/Users/guoyutong/command-line-tools/sdk/default/openharmony/native/build-tools/cmake/bin/ninja',
  '-DCMAKE_FIND_ROOT_PATH=/Users/guoyutong/MyWorkSpace/TestThirdParty/cases/tinyxml2/harmony-demo/entry/.cxx/default/ohosTest/debug/hvigor/arm64-v8a',
  '-DPACKAGE_FIND_FILE=/Users/guoyutong/MyWorkSpace/TestThirdParty/cases/tinyxml2/harmony-demo/entry/.cxx/default/ohosTest/debug/hvigor/arm64-v8a/summary.cmake',
  '--no-warn-unused-cli',
  '-DCMAKE_CXX_FLAGS=-std=c++17',
  '-DHMOS_SDK_NATIVE=/Users/guoyutong/command-line-tools/sdk/default/hms/native'
]
[2026-07-23T17:14:55.058] [DEBUG] debug-file - hvigorfile, resolving /Users/guoyutong/MyWorkSpace/TestThirdParty/cases/tinyxml2/harmony-demo/entry/hvigorfile.ts
[2026-07-23T17:14:55.063] [DEBUG] debug-file - Module 'entry' target 'ohosTest' build option initialized
[2026-07-23T17:14:55.071] [DEBUG] debug-file - Module harmony-demo's total dependency: 0
[2026-07-23T17:14:55.074] [DEBUG] debug-file - Configuration task cost before running: 656 ms 
[2026-07-23T17:14:55.079] [INFO] debug-file - UP-TO-DATE :entry:ohosTest@PreBuild...  
[2026-07-23T17:14:55.081] [INFO] debug-file - UP-TO-DATE :entry:ohosTest@GenerateMetadata...  
[2026-07-23T17:14:55.089] [DEBUG] debug-file - entry : ohosTest@PreCheckSyscap cost memory 0.019927978515625
[2026-07-23T17:14:55.088] [DEBUG] debug-file - Task 'entry:ohosTest@CreateBuildProfile' cost while wrapping incremental declarations: 1 ms 
[2026-07-23T17:14:55.093] [DEBUG] debug-file - Task 'entry:ohosTest@GeneratePkgContextInfo' cost while wrapping incremental declarations: 1 ms 
[2026-07-23T17:14:55.095] [DEBUG] debug-file - entry:ohosTest@ProcessIntegratedHsp is not up-to-date, since the output file '/Users/guoyutong/MyWorkSpace/TestThirdParty/cases/tinyxml2/harmony-demo/build/cache/default/integrated_hsp/integratedHspCache.json' does not exist.
[2026-07-23T17:14:55.060] [DEBUG] debug-file - hvigorfile, require result:  { default: { system: [Function: hapTasks], plugins: [] } }
[2026-07-23T17:14:55.063] [DEBUG] debug-file - End initialize module-target build option map, moduleName=entry
[2026-07-23T17:14:55.080] [DEBUG] debug-file - Executing task :entry:ohosTest@CreateModuleInfo
[2026-07-23T17:14:55.081] [DEBUG] debug-file - Executing task :entry:ohosTest@ConfigureCmake
[2026-07-23T17:14:55.089] [DEBUG] debug-file - runTaskFromQueue task cost before running: 670 ms 
[2026-07-23T17:14:55.089] [DEBUG] debug-file - Incremental task entry:ohosTest@CreateBuildProfile pre-execution cost: 1 ms .
[2026-07-23T17:14:55.093] [DEBUG] debug-file - entry : ohosTest@GeneratePkgContextInfo cost memory 0.5156173706054688
[2026-07-23T17:14:55.095] [DEBUG] debug-file - Incremental task entry:ohosTest@ProcessIntegratedHsp pre-execution cost: 1 ms .
[2026-07-23T17:14:55.060] [DEBUG] debug-file - hvigorfile, binding system plugins [Function: hapTasks]
[2026-07-23T17:14:55.063] [DEBUG] debug-file - Start initialize module-target build option map, moduleName=entry, buildMode=release
[2026-07-23T17:14:55.080] [DEBUG] debug-file - Task 'entry:ohosTest@CreateModuleInfo' cost while wrapping incremental declarations: 1 ms 
[2026-07-23T17:14:55.087] [DEBUG] debug-file - entry : ohosTest@ConfigureCmake cost memory 1.5121536254882812
[2026-07-23T17:14:55.089] [DEBUG] debug-file - entry : ohosTest@CreateBuildProfile cost memory 0.11843109130859375
[2026-07-23T17:14:55.093] [DEBUG] debug-file - runTaskFromQueue task cost before running: 674 ms 
[2026-07-23T17:14:55.089] [INFO] debug-file - Finished :entry:ohosTest@PreCheckSyscap... after 1 ms 
[2026-07-23T17:14:55.095] [DEBUG] debug-file - entry : ohosTest@ProcessIntegratedHsp cost memory 0.0579833984375
[2026-07-23T17:14:55.060] [DEBUG] debug-file - Starting plugin build process
[2026-07-23T17:14:55.063] [DEBUG] debug-file - Target 'default' config initialized
[2026-07-23T17:14:55.080] [DEBUG] debug-file - entry : ohosTest@CreateModuleInfo cost memory 0.05926513671875
[2026-07-23T17:14:55.087] [DEBUG] debug-file - runTaskFromQueue task cost before running: 668 ms 
[2026-07-23T17:14:55.089] [INFO] debug-file - UP-TO-DATE :entry:ohosTest@CreateBuildProfile...  
[2026-07-23T17:14:55.093] [INFO] debug-file - Finished :entry:ohosTest@GeneratePkgContextInfo... after 4 ms 
[2026-07-23T17:14:55.095] [DEBUG] debug-file - runTaskFromQueue task cost before running: 677 ms 
[2026-07-23T17:14:55.060] [DEBUG] debug-file - Hap plugin creating...
[2026-07-23T17:14:55.063] [DEBUG] debug-file - Target 'ohosTest' config initialized
[2026-07-23T17:14:55.080] [DEBUG] debug-file - runTaskFromQueue task cost before running: 661 ms 
[2026-07-23T17:14:55.087] [INFO] debug-file - Finished :entry:ohosTest@ConfigureCmake... after 6 ms 
[2026-07-23T17:14:55.093] [DEBUG] debug-file - Executing task :entry:ohosTest@GeneratePkgSdkInfo
[2026-07-23T17:14:55.095] [INFO] debug-file - Finished :entry:ohosTest@ProcessIntegratedHsp... after 1 ms 
[2026-07-23T17:14:55.080] [INFO] debug-file - Finished :entry:ohosTest@CreateModuleInfo... after 1 ms 
[2026-07-23T17:14:55.064] [DEBUG] debug-file - Module 'entry' target 'default' build option initialized
[2026-07-23T17:14:55.087] [DEBUG] debug-file - Executing task :entry:ohosTest@MergeProfile
[2026-07-23T17:14:55.094] [DEBUG] debug-file - Task 'entry:ohosTest@GeneratePkgSdkInfo' cost while wrapping incremental declarations: 1 ms 
[2026-07-23T17:14:55.064] [DEBUG] debug-file - Module 'entry' target 'ohosTest' build option initialized
[2026-07-23T17:14:55.087] [DEBUG] debug-file - Task 'entry:ohosTest@MergeProfile' cost while wrapping incremental declarations: 1 ms 
[2026-07-23T17:14:55.094] [DEBUG] debug-file - Incremental task entry:ohosTest@GeneratePkgSdkInfo pre-execution cost: 1 ms .
[2026-07-23T17:14:55.064] [DEBUG] debug-file - End initialize module-target build option map, moduleName=entry
[2026-07-23T17:14:55.088] [DEBUG] debug-file - Incremental task entry:ohosTest@MergeProfile pre-execution cost: 1 ms .
[2026-07-23T17:14:55.094] [DEBUG] debug-file - entry : ohosTest@GeneratePkgSdkInfo cost memory 0.1202545166015625
[2026-07-23T17:14:55.064] [DEBUG] debug-file - Start initialize module-target build option map, moduleName=entry, buildMode=debug
[2026-07-23T17:14:55.088] [DEBUG] debug-file - entry : ohosTest@MergeProfile cost memory 0.13918304443359375
[2026-07-23T17:14:55.094] [INFO] debug-file - UP-TO-DATE :entry:ohosTest@GeneratePkgSdkInfo...  
[2026-07-23T17:14:55.064] [DEBUG] debug-file - Target 'default' config initialized
[2026-07-23T17:14:55.088] [INFO] debug-file - UP-TO-DATE :entry:ohosTest@MergeProfile...  
[2026-07-23T17:14:55.064] [DEBUG] debug-file - Target 'ohosTest' config initialized
[2026-07-23T17:14:55.064] [DEBUG] debug-file - Module 'entry' target 'default' build option initialized
[2026-07-23T17:14:55.064] [DEBUG] debug-file - Module 'entry' target 'ohosTest' build option initialized
[2026-07-23T17:14:55.064] [DEBUG] debug-file - End initialize module-target build option map, moduleName=entry
[2026-07-23T17:14:55.064] [DEBUG] debug-file - Obtain build option for module 'entry' target 'ohosTest'in this build.
[2026-07-23T17:14:55.066] [DEBUG] debug-file - Module entry task initialization takes 2 ms 
[2026-07-23T17:14:55.066] [DEBUG] debug-file - Hap plugin register hook start...
[2026-07-23T17:14:55.066] [DEBUG] debug-file - Hap plugin register hook end...
[2026-07-23T17:14:55.066] [DEBUG] debug-file - Plugin build process completed
[2026-07-23T17:14:55.066] [DEBUG] debug-file - hvigorfile, begin to bind custom plugins...
[2026-07-23T17:14:55.066] [DEBUG] debug-file - hvigorfile, no custom plugins were found in /Users/guoyutong/MyWorkSpace/TestThirdParty/cases/tinyxml2/harmony-demo/entry/hvigorfile.ts
[2026-07-23T17:14:55.066] [DEBUG] debug-file - hvigorfile, resolve finished /Users/guoyutong/MyWorkSpace/TestThirdParty/cases/tinyxml2/harmony-demo/entry/hvigorfile.ts
[2026-07-23T17:14:55.101] [DEBUG] debug-file - CMake configuration was up-to-date
[2026-07-23T17:14:55.102] [DEBUG] debug-file - Use tool [Cmake]
 [
  '/Users/guoyutong/command-line-tools/sdk/default/openharmony/native/build-tools/cmake/bin/cmake',
  '-H/Users/guoyutong/MyWorkSpace/TestThirdParty/cases/tinyxml2/harmony-demo/entry/src/ohosTest/cpp',
  '-B/Users/guoyutong/MyWorkSpace/TestThirdParty/cases/tinyxml2/harmony-demo/entry/.cxx/default/ohosTest/debug/x86_64',
  '-DOHOS_ARCH=x86_64',
  '-DCMAKE_LIBRARY_OUTPUT_DIRECTORY=/Users/guoyutong/MyWorkSpace/TestThirdParty/cases/tinyxml2/harmony-demo/entry/build/default/intermediates/cmake/ohosTest/obj/x86_64',
  '-DCMAKE_BUILD_TYPE=Debug',
  '-DOHOS_SDK_NATIVE=/Users/guoyutong/command-line-tools/sdk/default/openharmony/native',
  '-DCMAKE_SYSTEM_NAME=OHOS',
  '-DCMAKE_OHOS_ARCH_ABI=x86_64',
  '-DCMAKE_EXPORT_COMPILE_COMMANDS=ON',
  '-DCMAKE_TOOLCHAIN_FILE=/Users/guoyutong/command-line-tools/sdk/default/hms/native/build/cmake/hmos.toolchain.cmake',
  '-GNinja',
  '-DCMAKE_MAKE_PROGRAM=/Users/guoyutong/command-line-tools/sdk/default/openharmony/native/build-tools/cmake/bin/ninja',
  '-DCMAKE_FIND_ROOT_PATH=/Users/guoyutong/MyWorkSpace/TestThirdParty/cases/tinyxml2/harmony-demo/entry/.cxx/default/ohosTest/debug/hvigor/x86_64',
  '-DPACKAGE_FIND_FILE=/Users/guoyutong/MyWorkSpace/TestThirdParty/cases/tinyxml2/harmony-demo/entry/.cxx/default/ohosTest/debug/hvigor/x86_64/summary.cmake',
  '--no-warn-unused-cli',
  '-DCMAKE_CXX_FLAGS=-std=c++17',
  '-DHMOS_SDK_NATIVE=/Users/guoyutong/command-line-tools/sdk/default/hms/native'
]
[2026-07-23T17:14:55.103] [DEBUG] debug-file - CMake configuration was up-to-date
[2026-07-23T17:14:55.103] [DEBUG] debug-file - entry : ohosTest@BuildNativeWithCmake cost memory -10.401039123535156
[2026-07-23T17:14:55.103] [DEBUG] debug-file - runTaskFromQueue task cost before running: 685 ms 
[2026-07-23T17:14:55.105] [DEBUG] debug-file - Executing task :entry:ohosTest@SyscapTransform
[2026-07-23T17:14:55.126] [DEBUG] debug-file - Executing task :entry:ohosTest@ProcessRouterMap
[2026-07-23T17:14:55.104] [DEBUG] debug-file - Executing task :entry:ohosTest@MakePackInfo
[2026-07-23T17:14:55.124] [DEBUG] debug-file - Executing task :entry:ohosTest@ProcessProfile
[2026-07-23T17:14:55.127] [DEBUG] debug-file - Executing task :entry:ohosTest@ProcessShareConfig
[2026-07-23T17:14:55.129] [DEBUG] debug-file - Executing task :entry:ohosTest@ProcessStartupConfig
[2026-07-23T17:14:55.103] [INFO] debug-file - Finished :entry:ohosTest@BuildNativeWithCmake... after 8 ms 
[2026-07-23T17:14:55.130] [DEBUG] debug-file - Executing task :entry:ohosTest@BuildNativeWithNinja
[2026-07-23T17:14:55.105] [DEBUG] debug-file - File: '/Users/guoyutong/MyWorkSpace/TestThirdParty/cases/tinyxml2/harmony-demo/entry/src/ohosTest/syscap.json' from 'sysCapJsonPath' is not exists, just ignore.
[2026-07-23T17:14:55.126] [DEBUG] debug-file - Incremental task entry:ohosTest@ProcessRouterMap pre-execution cost: 1 ms .
[2026-07-23T17:14:55.104] [DEBUG] debug-file - Incremental task entry:ohosTest@MakePackInfo pre-execution cost: 1 ms .
[2026-07-23T17:14:55.124] [DEBUG] debug-file - Task 'entry:ohosTest@ProcessProfile' cost while wrapping incremental declarations: 1 ms 
[2026-07-23T17:14:55.129] [DEBUG] debug-file - Task 'entry:ohosTest@ProcessStartupConfig' cost while wrapping incremental declarations: 1 ms 
[2026-07-23T17:14:55.128] [DEBUG] debug-file - Incremental task entry:ohosTest@ProcessShareConfig pre-execution cost: 1 ms .
[2026-07-23T17:14:55.105] [DEBUG] debug-file - Task 'entry:ohosTest@SyscapTransform' cost while wrapping incremental declarations: 1 ms 
[2026-07-23T17:14:55.126] [DEBUG] debug-file - entry : ohosTest@ProcessRouterMap cost memory 0.12651824951171875
[2026-07-23T17:14:55.125] [DEBUG] debug-file - Incremental task entry:ohosTest@ProcessProfile pre-execution cost: 1 ms .
[2026-07-23T17:14:55.104] [DEBUG] debug-file - entry : ohosTest@MakePackInfo cost memory 0.12546539306640625
[2026-07-23T17:14:55.129] [DEBUG] debug-file - entry:ohosTest@ProcessStartupConfig is not up-to-date, since the output file '/Users/guoyutong/MyWorkSpace/TestThirdParty/cases/tinyxml2/harmony-demo/entry/build/default/intermediates/startup/ohosTest/startup_config.json' does not exist.
[2026-07-23T17:14:55.128] [DEBUG] debug-file - entry : ohosTest@ProcessShareConfig cost memory 0.11312103271484375
[2026-07-23T17:14:55.120] [DEBUG] debug-file - entry:ohosTest@SyscapTransform is not up-to-date, since the output file '/Users/guoyutong/MyWorkSpace/TestThirdParty/cases/tinyxml2/harmony-demo/entry/build/default/intermediates/syscap/ohosTest/rpcid.sc' does not exist.
[2026-07-23T17:14:55.126] [INFO] debug-file - UP-TO-DATE :entry:ohosTest@ProcessRouterMap...  
[2026-07-23T17:14:55.105] [INFO] debug-file - UP-TO-DATE :entry:ohosTest@MakePackInfo...  
[2026-07-23T17:14:55.129] [DEBUG] debug-file - Incremental task entry:ohosTest@ProcessStartupConfig pre-execution cost: 1 ms .
[2026-07-23T17:14:55.128] [INFO] debug-file - UP-TO-DATE :entry:ohosTest@ProcessShareConfig...  
[2026-07-23T17:14:55.125] [DEBUG] debug-file - entry : ohosTest@ProcessProfile cost memory 0.161895751953125
[2026-07-23T17:14:55.120] [DEBUG] debug-file - Incremental task entry:ohosTest@SyscapTransform pre-execution cost: 15 ms .
[2026-07-23T17:14:55.129] [DEBUG] debug-file - entry : ohosTest@ProcessStartupConfig cost memory 0.0906524658203125
[2026-07-23T17:14:55.125] [INFO] debug-file - UP-TO-DATE :entry:ohosTest@ProcessProfile...  
[2026-07-23T17:14:55.120] [DEBUG] debug-file - entry : ohosTest@SyscapTransform cost memory 0.12679290771484375
[2026-07-23T17:14:55.129] [DEBUG] debug-file - runTaskFromQueue task cost before running: 710 ms 
[2026-07-23T17:14:55.131] [DEBUG] debug-file - Use tool [Ninja]
 [
  '/Users/guoyutong/command-line-tools/sdk/default/openharmony/native/build-tools/cmake/bin/ninja',
  '-C',
  '/Users/guoyutong/MyWorkSpace/TestThirdParty/cases/tinyxml2/harmony-demo/entry/.cxx/default/ohosTest/debug/arm64-v8a'
]
[2026-07-23T17:14:55.120] [DEBUG] debug-file - runTaskFromQueue task cost before running: 701 ms 
[2026-07-23T17:14:55.129] [INFO] debug-file - Finished :entry:ohosTest@ProcessStartupConfig... after 1 ms 
[2026-07-23T17:14:55.131] [DEBUG] debug-file - Since there is no instance or instance is terminated, create a new worker pool.
[2026-07-23T17:14:55.131] [DEBUG] debug-file - Create  resident worker with id: 0.
[2026-07-23T17:14:55.142] [DEBUG] debug-file - OHOS_STL is c++_shared
[2026-07-23T17:14:55.120] [INFO] debug-file - Finished :entry:ohosTest@SyscapTransform... after 16 ms 
[2026-07-23T17:14:55.131] [DEBUG] debug-file - Worker pool is initialized with config:  {
  minPoolNum: 2,
  maxPoolNum: undefined,
  maxCoreSize: undefined,
  cacheCapacity: undefined,
  cacheTtl: undefined
}
[2026-07-23T17:14:55.133] [DEBUG] debug-file - Create  resident worker with id: 1.
[2026-07-23T17:14:55.142] [DEBUG] debug-file - Copy STL libc++_shared.so to /Users/guoyutong/MyWorkSpace/TestThirdParty/cases/tinyxml2/harmony-demo/entry/build/default/intermediates/cmake/ohosTest/obj/arm64-v8a due to OHOS_STL is 'c++_shared'
[2026-07-23T17:14:55.134] [DEBUG] debug-file - ohosTest@BuildNativeWithNinja work[0] is submitted.
[2026-07-23T17:14:55.142] [DEBUG] debug-file - Use tool [Ninja]
 [
  '/Users/guoyutong/command-line-tools/sdk/default/openharmony/native/build-tools/cmake/bin/ninja',
  '-C',
  '/Users/guoyutong/MyWorkSpace/TestThirdParty/cases/tinyxml2/harmony-demo/entry/.cxx/default/ohosTest/debug/x86_64'
]
[2026-07-23T17:14:55.135] [DEBUG] debug-file - ohosTest@BuildNativeWithNinja work[0] is pushed to ready queue.
[2026-07-23T17:14:55.143] [DEBUG] debug-file - ohosTest@BuildNativeWithNinja work[1] is submitted.
[2026-07-23T17:14:55.135] [DEBUG] debug-file - A work dispatched to worker[9] failed because unable to get work from ready queue.
[2026-07-23T17:14:55.143] [DEBUG] debug-file - ohosTest@BuildNativeWithNinja work[1] is pushed to ready queue.
[2026-07-23T17:14:55.135] [DEBUG] debug-file - Create  resident worker with id: 8.
[2026-07-23T17:14:55.153] [DEBUG] debug-file - Executing task :entry:ohosTest@ProcessResource
[2026-07-23T17:14:55.158] [DEBUG] debug-file - Executing task :entry:ohosTest@CompileResource
[2026-07-23T17:14:55.155] [DEBUG] debug-file - Executing task :entry:ohosTest@GenerateLoaderJson
[2026-07-23T17:14:55.174] [DEBUG] debug-file - Executing task :entry:ohosTest@OhosTestBuildJS
[2026-07-23T17:14:55.136] [DEBUG] debug-file - ohosTest@BuildNativeWithNinja work[0] has been dispatched to worker[8].
[2026-07-23T17:14:55.163] [DEBUG] debug-file - Executing task :entry:ohosTest@OhosTestCompileArkTS
[2026-07-23T17:14:55.153] [DEBUG] debug-file - Task 'entry:ohosTest@ProcessResource' cost while wrapping incremental declarations: 1 ms 
[2026-07-23T17:14:55.143] [DEBUG] debug-file - A work dispatched to worker[9] failed because unable to get work from ready queue.
[2026-07-23T17:14:55.161] [DEBUG] debug-file - Incremental task entry:ohosTest@CompileResource pre-execution cost: 3 ms .
[2026-07-23T17:14:55.155] [DEBUG] debug-file - Task 'entry:ohosTest@GenerateLoaderJson' cost while wrapping incremental declarations: 1 ms 
[2026-07-23T17:14:55.136] [DEBUG] debug-file - ohosTest@BuildNativeWithNinja work[0] is dispatched.
[2026-07-23T17:14:55.153] [DEBUG] debug-file - Incremental task entry:ohosTest@ProcessResource pre-execution cost: 1 ms .
[2026-07-23T17:14:55.143] [DEBUG] debug-file - A work dispatched to worker[8] failed because of worker busy.
[2026-07-23T17:14:55.174] [DEBUG] debug-file - Task 'entry:ohosTest@OhosTestBuildJS' cost while wrapping incremental declarations: 1 ms 
[2026-07-23T17:14:55.161] [DEBUG] debug-file - entry : ohosTest@CompileResource cost memory 0.4194793701171875
[2026-07-23T17:14:55.163] [DEBUG] debug-file - obfuscationOptions: undefined
[2026-07-23T17:14:55.157] [DEBUG] debug-file - Incremental task entry:ohosTest@GenerateLoaderJson pre-execution cost: 1 ms .
[2026-07-23T17:14:55.153] [DEBUG] debug-file - entry : ohosTest@ProcessResource cost memory 0.13806915283203125
[2026-07-23T17:14:55.143] [DEBUG] debug-file - Create  resident worker with id: 7.
[2026-07-23T17:14:55.175] [DEBUG] debug-file - entry : ohosTest@OhosTestBuildJS cost memory 0.5527801513671875
[2026-07-23T17:14:55.162] [INFO] debug-file - UP-TO-DATE :entry:ohosTest@CompileResource...  
[2026-07-23T17:14:55.164] [DEBUG] debug-file - Task 'entry:ohosTest@OhosTestCompileArkTS' cost while wrapping incremental declarations: 1 ms 
[2026-07-23T17:14:55.157] [DEBUG] debug-file - entry : ohosTest@GenerateLoaderJson cost memory 0.362091064453125
[2026-07-23T17:14:55.154] [INFO] debug-file - UP-TO-DATE :entry:ohosTest@ProcessResource...  
[2026-07-23T17:14:55.144] [DEBUG] debug-file - ohosTest@BuildNativeWithNinja work[1] has been dispatched to worker[7].
[2026-07-23T17:14:55.175] [DEBUG] debug-file - runTaskFromQueue task cost before running: 756 ms 
[2026-07-23T17:14:55.166] [DEBUG] debug-file - entry:ohosTest@OhosTestCompileArkTS is not up-to-date, since the input file '/Users/guoyutong/MyWorkSpace/TestThirdParty/cases/tinyxml2/harmony-demo/entry/src/ohosTest/ets' has been changed.
[2026-07-23T17:14:55.158] [INFO] debug-file - UP-TO-DATE :entry:ohosTest@GenerateLoaderJson...  
[2026-07-23T17:14:55.144] [DEBUG] debug-file - ohosTest@BuildNativeWithNinja work[1] is dispatched.
[2026-07-23T17:14:55.175] [INFO] debug-file - Finished :entry:ohosTest@OhosTestBuildJS... after 2 ms 
[2026-07-23T17:14:55.166] [DEBUG] debug-file - Incremental task entry:ohosTest@OhosTestCompileArkTS pre-execution cost: 2 ms .
[2026-07-23T17:14:55.158] [DEBUG] debug-file - restool module names: entry,entry_test; moduleName=entry, taskName=ohosTest@CompileResource
[2026-07-23T17:14:55.149] [DEBUG] debug-file - OHOS_STL is c++_shared
[2026-07-23T17:14:55.172] [DEBUG] debug-file - build config:
[2026-07-23T17:14:55.172] [DEBUG] debug-file - {
  moduleType: 'entry',
  perf: 0,
  targetName: '.ohosTest',
  packageManagerType: 'ohpm',
  localPropertiesPath: '/Users/guoyutong/MyWorkSpace/TestThirdParty/cases/tinyxml2/harmony-demo/local.properties',
  isPreview: false,
  isOhosTest: true,
  isLocalTest: false,
  buildMode: 'Debug',
  hotReloadBuild: undefined,
  watchMode: 'false',
  aceProfilePath: '/Users/guoyutong/MyWorkSpace/TestThirdParty/cases/tinyxml2/harmony-demo/entry/build/default/intermediates/res/ohosTest/resources/base/profile',
  etsLoaderPath: '/Users/guoyutong/command-line-tools/sdk/default/openharmony/ets/build-tools/ets-loader',
  modulePath: '/Users/guoyutong/MyWorkSpace/TestThirdParty/cases/tinyxml2/harmony-demo/entry',
  testFrameworkPar: {
    testMode: 'ohosTest',
    coveragePathFilter: undefined,
    coverageMode: undefined
  },
  needCoverageInsert: false,
  debugLine: false,
  projectTopDir: '/Users/guoyutong/MyWorkSpace/TestThirdParty/cases/tinyxml2/harmony-demo',
  compileSdkVersion: 26,
  compatibleSdkVersion: 22,
  originCompatibleSdkVersion: '6.0.2(22)',
  compatibleSdkVersionStage: undefined,
  bundleName: 'c***2',
  etsLoaderVersion: '26.0.0.23',
  etsLoaderReleaseType: 'Beta1',
  aotCompileMode: 'type',
  apPath: '/Users/guoyutong/MyWorkSpace/TestThirdParty/cases/tinyxml2/harmony-demo/entry/modules.ap',
  entryModuleName: 'entry',
  entryModuleVersion: '1.0.0',
  entryPackageName: 'entry',
  allModuleNameHash: 'e71f65eca2aa57c317f34b9fe7823ba53d99ef3d7e7a3e20d577c7d7ed4bc82d',
  externalApiPaths: [ '/Users/guoyutong/command-line-tools/sdk/default/hms/ets' ],
  compilerTypes: [],
  isCrossplatform: false,
  hvigorPluginFile: undefined,
  compilePluginPath: undefined,
  buildGeneratedProfilePath: '/Users/guoyutong/MyWorkSpace/TestThirdParty/cases/tinyxml2/harmony-demo/entry/build/default/generated/profile/ohosTest',
  bundleType: 'app',
  arkTSVersion: undefined,
  apiVersion: 26,
  needCompleteSourcesMap: true,
  isFaMode: false,
  buildDir: '/Users/guoyutong/MyWorkSpace/TestThirdParty/cases/tinyxml2/harmony-demo/entry/build',
  deviceTypes: [ 'phone', 'tablet', '2in1' ],
  pkgContextInfo: undefined,
  ohPackagePathMap: {},
  dependencyAliasMap: {},
  permission: { requestPermissions: undefined, definePermissions: undefined },
  useGetCurrentBundleName: false,
  projectArkOption: undefined,
  sourceMapDir: undefined,
  branchElimination: false,
  transformLib: undefined,
  tsImportSendable: false,
  resolveConflictMode: true,
  depName2RootPath: {},
  depName2DepInfo: {},
  depName2OhExports: {},
  rootPathSet: [
    '/Users/guoyutong/MyWorkSpace/TestThirdParty/cases/tinyxml2/harmony-demo'
  ],
  useNativeResolver: true,
  shouldEmitJs: true,
  useUnifiedAst: false,
  useTscResolve: false,
  singleFileEmit: false,
  userProjectConfig: {
    autoLazyImport: false,
    allowEmptyBundleName: false,
    reExportCheckMode: 'noCheck',
    executionMode: 'memory',
    usePathPlaceholder: false,
    writeRollupCache: true,
    isExpandImportEnabled: false,
    expandImportExclude: '',
    lazyImportExclude: '',
    lazyImportInclude: '',
    ignoreCrossplatformCheck: false,
    isHarDeduplicateEnabled: false,
    skipOhModulesLint: false,
    enableStrictCheckOHModule: false,
    disableSendableCheckRules: [],
    useDeclarationFileSignature: false,
    customizedOptions: undefined,
    integratedHsp: false,
    tsImportSoCheck: false,
    isPreloadSoEnabled: false
  },
  executionMode: 'memory',
  arkCompileCachePath: '/Users/guoyutong/MyWorkSpace/TestThirdParty/cases/tinyxml2/harmony-demo/entry/build/default/cache/ohosTest/ohosTest@OhosTestCompileArkTS/esmodule',
  autoLazyFilter: undefined,
  isHarDeduplicateEnabled: false,
  intermediateHarDuplicateDirPath: '/Users/guoyutong/MyWorkSpace/TestThirdParty/cases/tinyxml2/harmony-demo/entry/build/default/intermediates/har_duplicate/ohosTest',
  autoLazyImport: false,
  allowEmptyBundleName: false,
  reExportCheckMode: 'noCheck',
  usePathPlaceholder: false,
  writeRollupCache: true,
  isExpandImportEnabled: false,
  expandImportExclude: '',
  lazyImportExclude: '',
  lazyImportInclude: '',
  ignoreCrossplatformCheck: false,
  skipOhModulesLint: false,
  enableStrictCheckOHModule: false,
  disableSendableCheckRules: [],
  useDeclarationFileSignature: false,
  customizedOptions: undefined,
  integratedHsp: false,
  tsImportSoCheck: false,
  isPreloadSoEnabled: false,
  strictMode: undefined,
  useNormalizedOHMUrl: false,
  caseSensitiveCheck: false,
  strictCheckerOnly: false,
  aceModuleJsonPath: '/Users/guoyutong/MyWorkSpace/TestThirdParty/cases/tinyxml2/harmony-demo/entry/build/default/intermediates/res/ohosTest/ark_module.json',
  appResource: '/Users/guoyutong/MyWorkSpace/TestThirdParty/cases/tinyxml2/harmony-demo/entry/build/default/intermediates/res/ohosTest/ResourceTable.txt',
  rawFileResource: '/Users/guoyutong/MyWorkSpace/TestThirdParty/cases/tinyxml2/harmony-demo/entry/build/default/intermediates/res/ohosTest/resources/rawfile',
  resourceTableHash: 'd949a5a203711d86d5a7abdcf4b3674564817d6c853cb034ed93650d438b6df3',
  runtimeOS: 'HarmonyOS',
  sdkInfo: 'false:26:26.0.0.23:Beta1',
  aceModuleRoot: '/Users/guoyutong/MyWorkSpace/TestThirdParty/cases/tinyxml2/harmony-demo/entry/src/ohosTest/ets',
  compileMode: 'esmodule',
  aceSuperVisualPath: '/Users/guoyutong/MyWorkSpace/TestThirdParty/cases/tinyxml2/harmony-demo/entry/src/ohosTest/supervisual',
  aceBuildJson: '/Users/guoyutong/MyWorkSpace/TestThirdParty/cases/tinyxml2/harmony-demo/entry/build/default/intermediates/loader/ohosTest/loader.json',
  cachePath: '/Users/guoyutong/MyWorkSpace/TestThirdParty/cases/tinyxml2/harmony-demo/entry/build/default/cache/ohosTest/ohosTest@OhosTestCompileArkTS/esmodule/debug',
  aceModuleBuild: '/Users/guoyutong/MyWorkSpace/TestThirdParty/cases/tinyxml2/harmony-demo/entry/build/default/intermediates/loader_out/ohosTest/ets',
  supportChunks: false,
  declaredFilesPath: undefined,
  shouldCollectDirectImportees: false,
  isByteCodeHarOptimize: false,
  expandImportPath: undefined,
  resourceTableTs: '/Users/guoyutong/MyWorkSpace/TestThirdParty/cases/tinyxml2/harmony-demo/entry/build/default/generated/r/ohosTest/ResourceTable.ts',
  moduleMetaInfoFiles: [
    {
      filePath: '/Users/guoyutong/MyWorkSpace/TestThirdParty/cases/tinyxml2/harmony-demo/entry/build/default/generated/r/ohosTest/ResourceTable.ts',
      ohmurl: 'com.thirdparty.validation.tinyxml2/entry/build/generated/r/ResourceTable'
    }
  ],
  pkgNameToPkgBriefInfo: {
    entry: {
      pkgRoot: '/Users/guoyutong/MyWorkSpace/TestThirdParty/cases/tinyxml2/harmony-demo/entry',
      originalSourceRoots: undefined,
      sourceRoots: [Array],
      pkgName: 'entry'
    }
  },
  projectModel: {
    '/Users/guoyutong/MyWorkSpace/TestThirdParty/cases/tinyxml2/harmony-demo/entry/src/main': {
      moduleName: 'entry',
      modulePkgPath: '/Users/guoyutong/MyWorkSpace/TestThirdParty/cases/tinyxml2/harmony-demo/entry',
      belongProjectPath: '/Users/guoyutong/MyWorkSpace/TestThirdParty/cases/tinyxml2/harmony-demo'
    },
    '/Users/guoyutong/MyWorkSpace/TestThirdParty/cases/tinyxml2/harmony-demo/entry/src/ohosTest': {
      moduleName: 'entry_test',
      modulePkgPath: '/Users/guoyutong/MyWorkSpace/TestThirdParty/cases/tinyxml2/harmony-demo/entry',
      belongProjectPath: '/Users/guoyutong/MyWorkSpace/TestThirdParty/cases/tinyxml2/harmony-demo'
    },
    '/Users/guoyutong/MyWorkSpace/TestThirdParty/cases/tinyxml2/harmony-demo/entry': {
      moduleName: 'entry',
      modulePkgPath: '/Users/guoyutong/MyWorkSpace/TestThirdParty/cases/tinyxml2/harmony-demo/entry',
      belongProjectPath: '/Users/guoyutong/MyWorkSpace/TestThirdParty/cases/tinyxml2/harmony-demo'
    },
    '/Users/guoyutong/MyWorkSpace/TestThirdParty/cases/tinyxml2/harmony-demo': {
      moduleName: 'harmony-demo',
      modulePkgPath: '/Users/guoyutong/MyWorkSpace/TestThirdParty/cases/tinyxml2/harmony-demo',
      belongProjectPath: '/Users/guoyutong/MyWorkSpace/TestThirdParty/cases/tinyxml2/harmony-demo'
    }
  },
  pkgJsonFileHash: '8519713dbe917935f72df9fefd8b67ca846046fdb729f87772c82524c1f894c7',
  allModulePaths: [
    '/Users/guoyutong/MyWorkSpace/TestThirdParty/cases/tinyxml2/harmony-demo/entry'
  ],
  routerMap: {},
  obfuscationOptions: undefined,
  byteCodeHarToDependencyKeys: undefined,
  compileBlockPkg: [],
  mockParams: {
    decorator: '@MockSetup',
    packageName: '@ohos/hamock',
    etsSourceRootPath: 'src/main/ets',
    mockConfigPath: undefined,
    mockConfigKey2ModuleInfo: {},
    source2ModuleIdMap: {}
  },
  copyCodeResourceEnable: true,
  copyCodeResourceExcludes: [],
  copyCodeResourceIncludes: undefined,
  uiTransformOptimization: false,
  sdkPath: '/Users/guoyutong/command-line-tools/sdk',
  needPreloadSoFileSet: {},
  preloadSoFilePath: '/Users/guoyutong/MyWorkSpace/TestThirdParty/cases/tinyxml2/harmony-demo/entry/build/default/intermediates/preload/ohosTest/preload.json',
  useSourceHash: false,
  localModuleParamMap: {},
  otherPaths: {
    'entry/*': [
      '../../main/*',
      '../../../build/default/generated/profile/ohosTest/*'
    ]
  },
  collectImportersConfig: undefined
}
[2026-07-23T17:14:55.149] [DEBUG] debug-file - Copy STL libc++_shared.so to /Users/guoyutong/MyWorkSpace/TestThirdParty/cases/tinyxml2/harmony-demo/entry/build/default/intermediates/cmake/ohosTest/obj/x86_64 due to OHOS_STL is 'c++_shared'
[2026-07-23T17:14:55.172] [DEBUG] debug-file - Compile arkts with external api path: /Users/guoyutong/command-line-tools/sdk/default/hms/ets
[2026-07-23T17:14:55.150] [DEBUG] debug-file - entry : ohosTest@BuildNativeWithNinja cost memory 3.6031112670898438
[2026-07-23T17:14:55.172] [DEBUG] debug-file - ohosTest@OhosTestCompileArkTS work[2] is submitted.
[2026-07-23T17:14:55.151] [DEBUG] debug-file - restool module names: entry,entry_test; moduleName=entry, taskName=ohosTest@ProcessResource
[2026-07-23T17:14:55.172] [DEBUG] debug-file - ohosTest@OhosTestCompileArkTS work[2] is pushed to ready queue.
[2026-07-23T17:14:55.172] [DEBUG] debug-file - A work dispatched to worker[9] failed because unable to get work from ready queue.
[2026-07-23T17:14:55.172] [DEBUG] debug-file - A work dispatched to worker[8] failed because of worker busy.
[2026-07-23T17:14:55.172] [DEBUG] debug-file - A work dispatched to worker[7] failed because of worker busy.
[2026-07-23T17:14:55.172] [DEBUG] debug-file - A work dispatched to worker[6] failed because unable to get work from ready queue.
[2026-07-23T17:14:55.172] [DEBUG] debug-file - A work dispatched to worker[5] failed because unable to get work from ready queue.
[2026-07-23T17:14:55.172] [DEBUG] debug-file - Create  resident worker with id: 4.
[2026-07-23T17:14:55.173] [DEBUG] debug-file - ohosTest@OhosTestCompileArkTS work[2] has been dispatched to worker[4].
[2026-07-23T17:14:55.173] [DEBUG] debug-file - ohosTest@OhosTestCompileArkTS work[2] is dispatched.
[2026-07-23T17:14:55.173] [DEBUG] debug-file - CopyResources startTime: 807094879939250
[2026-07-23T17:14:55.173] [DEBUG] debug-file - ohosTest@OhosTestCompileArkTS work[3] is submitted.
[2026-07-23T17:14:55.173] [DEBUG] debug-file - ohosTest@OhosTestCompileArkTS work[3] is pushed to ready queue.
[2026-07-23T17:14:55.173] [DEBUG] debug-file - A work dispatched to worker[9] failed because unable to get work from ready queue.
[2026-07-23T17:14:55.173] [DEBUG] debug-file - A work dispatched to worker[8] failed because of worker busy.
[2026-07-23T17:14:55.173] [DEBUG] debug-file - A work dispatched to worker[7] failed because of worker busy.
[2026-07-23T17:14:55.173] [DEBUG] debug-file - Create  resident worker with id: 6.
[2026-07-23T17:14:55.173] [DEBUG] debug-file - ohosTest@OhosTestCompileArkTS work[3] has been dispatched to worker[6].
[2026-07-23T17:14:55.173] [DEBUG] debug-file - ohosTest@OhosTestCompileArkTS work[3] is dispatched.
[2026-07-23T17:14:55.173] [DEBUG] debug-file - entry : ohosTest@OhosTestCompileArkTS cost memory 1.90283203125
[2026-07-23T17:14:55.429] [DEBUG] debug-file - worker[6] has one work done.
[2026-07-23T17:14:55.429] [DEBUG] debug-file - CopyResources is end, endTime: 807095136480000
[2026-07-23T17:14:55.429] [DEBUG] debug-file - ohosTest@OhosTestCompileArkTS work[3] done.
[2026-07-23T17:14:55.430] [DEBUG] debug-file - A work dispatched to worker[6] failed because unable to get work from ready queue.
[2026-07-23T17:14:55.529] [DEBUG] debug-file - ninja: Entering directory `/Users/guoyutong/MyWorkSpace/TestThirdParty/cases/tinyxml2/harmony-demo/entry/.cxx/default/ohosTest/debug/x86_64'

[2026-07-23T17:14:55.530] [DEBUG] debug-file - ninja: Entering directory `/Users/guoyutong/MyWorkSpace/TestThirdParty/cases/tinyxml2/harmony-demo/entry/.cxx/default/ohosTest/debug/arm64-v8a'

[2026-07-23T17:14:55.536] [DEBUG] debug-file - ninja: no work to do.

[2026-07-23T17:14:55.536] [DEBUG] debug-file - ninja: no work to do.

[2026-07-23T17:14:55.536] [DEBUG] debug-file - worker[7] has one work done.
[2026-07-23T17:14:55.540] [DEBUG] debug-file - ohosTest@BuildNativeWithNinja work[1] done.
[2026-07-23T17:14:55.540] [DEBUG] debug-file - A work dispatched to worker[7] failed because unable to get work from ready queue.
[2026-07-23T17:14:55.543] [DEBUG] debug-file - Executing task :entry:ohosTest@ProcessLibs
[2026-07-23T17:14:55.540] [DEBUG] debug-file - worker[8] has one work done.
[2026-07-23T17:14:55.550] [DEBUG] debug-file - Check content hash for /Users/guoyutong/MyWorkSpace/TestThirdParty/cases/tinyxml2/harmony-demo/entry/build/default/intermediates/cmake/ohosTest/obj/x86_64/libtinyxml2.a
[2026-07-23T17:14:55.542] [DEBUG] debug-file - ohosTest@BuildNativeWithNinja work[0] done.
[2026-07-23T17:14:55.542] [DEBUG] debug-file - A work dispatched to worker[8] failed because unable to get work from ready queue.
[2026-07-23T17:14:55.542] [INFO] debug-file - Finished :entry:ohosTest@BuildNativeWithNinja... after 37 ms 
[2026-07-23T17:14:55.553] [DEBUG] debug-file - Check content hash for /Users/guoyutong/MyWorkSpace/TestThirdParty/cases/tinyxml2/harmony-demo/entry/build/default/intermediates/cmake/ohosTest/obj/x86_64/libentry_test.so
[2026-07-23T17:14:55.554] [DEBUG] debug-file - Check content hash for /Users/guoyutong/MyWorkSpace/TestThirdParty/cases/tinyxml2/harmony-demo/entry/build/default/intermediates/cmake/ohosTest/obj/x86_64/libc++_shared.so
[2026-07-23T17:14:55.556] [DEBUG] debug-file - Check content hash for /Users/guoyutong/MyWorkSpace/TestThirdParty/cases/tinyxml2/harmony-demo/entry/build/default/intermediates/cmake/ohosTest/obj/arm64-v8a/libtinyxml2.a
[2026-07-23T17:14:55.557] [DEBUG] debug-file - Check content hash for /Users/guoyutong/MyWorkSpace/TestThirdParty/cases/tinyxml2/harmony-demo/entry/build/default/intermediates/cmake/ohosTest/obj/arm64-v8a/libentry_test.so
[2026-07-23T17:14:55.559] [DEBUG] debug-file - Check content hash for /Users/guoyutong/MyWorkSpace/TestThirdParty/cases/tinyxml2/harmony-demo/entry/build/default/intermediates/cmake/ohosTest/obj/arm64-v8a/libc++_shared.so
[2026-07-23T17:14:55.561] [DEBUG] debug-file - Task 'entry:ohosTest@ProcessLibs' cost while wrapping incremental declarations: 1 ms 
[2026-07-23T17:14:55.561] [DEBUG] debug-file - Incremental task entry:ohosTest@ProcessLibs pre-execution cost: 1 ms .
[2026-07-23T17:14:55.563] [DEBUG] debug-file - Executing task :entry:ohosTest@CacheNativeLibs
[2026-07-23T17:14:55.562] [DEBUG] debug-file - Executing task :entry:ohosTest@DoNativeStrip
[2026-07-23T17:14:55.562] [DEBUG] debug-file - entry : ohosTest@ProcessLibs cost memory -9.178428649902344
[2026-07-23T17:14:55.562] [DEBUG] debug-file - File: '/Users/guoyutong/MyWorkSpace/TestThirdParty/cases/tinyxml2/harmony-demo/entry/build/default/intermediates/binxo/ohosTest' from 'doBinxoNativeLibs' is not exists, just ignore.
[2026-07-23T17:14:55.563] [DEBUG] debug-file - File: '/Users/guoyutong/MyWorkSpace/TestThirdParty/cases/tinyxml2/harmony-demo/entry/build/default/intermediates/binxo/ohosTest' from 'cacheBinxoNativeLibs' is not exists, just ignore.
[2026-07-23T17:14:55.562] [INFO] debug-file - UP-TO-DATE :entry:ohosTest@ProcessLibs...  
[2026-07-23T17:14:55.562] [DEBUG] debug-file - Task 'entry:ohosTest@DoNativeStrip' cost while wrapping incremental declarations: 1 ms 
[2026-07-23T17:14:55.563] [DEBUG] debug-file - Task 'entry:ohosTest@CacheNativeLibs' cost while wrapping incremental declarations: 1 ms 
[2026-07-23T17:14:55.563] [DEBUG] debug-file - Incremental task entry:ohosTest@DoNativeStrip pre-execution cost: 1 ms .
[2026-07-23T17:14:55.564] [DEBUG] debug-file - Incremental task entry:ohosTest@CacheNativeLibs pre-execution cost: 1 ms .
[2026-07-23T17:14:55.563] [DEBUG] debug-file - entry : ohosTest@DoNativeStrip cost memory 0.1397247314453125
[2026-07-23T17:14:55.564] [DEBUG] debug-file - entry : ohosTest@CacheNativeLibs cost memory 0.1595611572265625
[2026-07-23T17:14:55.563] [INFO] debug-file - UP-TO-DATE :entry:ohosTest@DoNativeStrip...  
[2026-07-23T17:14:55.564] [INFO] debug-file - UP-TO-DATE :entry:ohosTest@CacheNativeLibs...  
[2026-07-23T17:14:57.298] [DEBUG] debug-file - Ark compile task finished.finished time is 807097004740291
[2026-07-23T17:14:57.298] [DEBUG] debug-file - worker[4] has one work done.
[2026-07-23T17:14:57.298] [DEBUG] debug-file - ohosTest@OhosTestCompileArkTS work[2] done.
[2026-07-23T17:14:57.300] [DEBUG] debug-file - Executing task :entry:ohosTest@OhosTestCopyMockConfigJson
[2026-07-23T17:14:57.302] [DEBUG] debug-file - Executing task :entry:ohosTest@PackageHap
[2026-07-23T17:14:57.303] [DEBUG] debug-file - ohosTest@PackageHap work[4] is submitted.
[2026-07-23T17:14:57.298] [DEBUG] debug-file - A work dispatched to worker[4] failed because unable to get work from ready queue.
[2026-07-23T17:14:57.300] [DEBUG] debug-file - File: '/Users/guoyutong/MyWorkSpace/TestThirdParty/cases/tinyxml2/harmony-demo/entry/build/default/intermediates/res/ohosTest/mock-config.json' from 'mockConfigJsonFile' is not exists, just ignore.
[2026-07-23T17:14:57.303] [DEBUG] debug-file - entry:ohosTest@PackageHap is not up-to-date, since the input file '/Users/guoyutong/MyWorkSpace/TestThirdParty/cases/tinyxml2/harmony-demo/entry/build/default/intermediates/loader_out/ohosTest/ets' has been changed.
[2026-07-23T17:14:57.303] [DEBUG] debug-file - ohosTest@PackageHap work[4] is pushed to ready queue.
[2026-07-23T17:14:57.299] [INFO] debug-file - Finished :entry:ohosTest@OhosTestCompileArkTS... after 1 s 589 ms 
[2026-07-23T17:14:57.300] [DEBUG] debug-file - Task 'entry:ohosTest@OhosTestCopyMockConfigJson' cost while wrapping incremental declarations: 1 ms 
[2026-07-23T17:14:57.303] [DEBUG] debug-file - Incremental task entry:ohosTest@PackageHap pre-execution cost: 1 ms .
[2026-07-23T17:14:57.303] [DEBUG] debug-file - A work dispatched to worker[9] failed because unable to get work from ready queue.
[2026-07-23T17:14:57.300] [DEBUG] debug-file - entry:ohosTest@OhosTestCopyMockConfigJson is not up-to-date, since the output file '/Users/guoyutong/MyWorkSpace/TestThirdParty/cases/tinyxml2/harmony-demo/entry/build/default/intermediates/res/ohosTest/resources/rawfile/mock/mock-config.json' does not exist.
[2026-07-23T17:14:57.303] [DEBUG] debug-file - Use tool [/Users/guoyutong/command-line-tools/sdk/default/openharmony/toolchains/lib/app_packing_tool.jar]
 [
  'java',
  '-Dfile.encoding=utf-8',
  '-jar',
  '/Users/guoyutong/command-line-tools/sdk/default/openharmony/toolchains/lib/app_packing_tool.jar',
  '--mode',
  'hap',
  '--force',
  'true',
  '--lib-path',
  '/Users/guoyutong/MyWorkSpace/TestThirdParty/cases/tinyxml2/harmony-demo/entry/build/default/intermediates/stripped_native_libs/ohosTest',
  '--json-path',
  '/Users/guoyutong/MyWorkSpace/TestThirdParty/cases/tinyxml2/harmony-demo/entry/build/default/intermediates/package/ohosTest/module.json',
  '--resources-path',
  '/Users/guoyutong/MyWorkSpace/TestThirdParty/cases/tinyxml2/harmony-demo/entry/build/default/intermediates/res/ohosTest/resources',
  '--index-path',
  '/Users/guoyutong/MyWorkSpace/TestThirdParty/cases/tinyxml2/harmony-demo/entry/build/default/intermediates/res/ohosTest/resources.index',
  '--pack-info-path',
  '/Users/guoyutong/MyWorkSpace/TestThirdParty/cases/tinyxml2/harmony-demo/entry/build/default/outputs/ohosTest/pack.info',
  '--out-path',
  '/Users/guoyutong/MyWorkSpace/TestThirdParty/cases/tinyxml2/harmony-demo/entry/build/default/outputs/ohosTest/entry-ohosTest-unsigned.hap',
  '--ets-path',
  '/Users/guoyutong/MyWorkSpace/TestThirdParty/cases/tinyxml2/harmony-demo/entry/build/default/intermediates/loader_out/ohosTest/ets',
  '--pkg-sdk-info-path',
  '/Users/guoyutong/MyWorkSpace/TestThirdParty/cases/tinyxml2/harmony-demo/entry/build/default/intermediates/loader/ohosTest/pkgSdkInfo.json'
]
[2026-07-23T17:14:57.304] [DEBUG] debug-file - ohosTest@PackageHap work[4] has been dispatched to worker[8].
[2026-07-23T17:14:57.300] [DEBUG] debug-file - Incremental task entry:ohosTest@OhosTestCopyMockConfigJson pre-execution cost: 1 ms .
[2026-07-23T17:14:57.304] [DEBUG] debug-file - ohosTest@PackageHap work[4] is dispatched.
[2026-07-23T17:14:57.300] [DEBUG] debug-file - Failed to generate mock-config.json during compilation.
[2026-07-23T17:14:57.305] [DEBUG] debug-file - entry : ohosTest@PackageHap cost memory 0.5047531127929688
[2026-07-23T17:14:57.300] [DEBUG] debug-file - entry : ohosTest@OhosTestCopyMockConfigJson cost memory 0.09000396728515625
[2026-07-23T17:14:57.300] [DEBUG] debug-file - runTaskFromQueue task cost before running: 2 s 881 ms 
[2026-07-23T17:14:57.300] [INFO] debug-file - Finished :entry:ohosTest@OhosTestCopyMockConfigJson... after 1 ms 
[2026-07-23T17:14:57.300] [DEBUG] debug-file - Executing task :entry:ohosTest@GeneratePkgModuleJson
[2026-07-23T17:14:57.300] [DEBUG] debug-file - File: '/Users/guoyutong/MyWorkSpace/TestThirdParty/cases/tinyxml2/harmony-demo/entry/build/default/intermediates/preload/ohosTest/preload.json' from 'preloadSoJsonPath' is not exists, just ignore.
[2026-07-23T17:14:57.300] [DEBUG] debug-file - Error occurs while handling @Input 'shouldDeduplicateHar': The "data" argument must be of type string or an instance of Buffer, TypedArray, or DataView. Received undefined
[2026-07-23T17:14:57.300] [DEBUG] debug-file - Task 'entry:ohosTest@GeneratePkgModuleJson' cost while wrapping incremental declarations: 1 ms 
[2026-07-23T17:14:57.301] [DEBUG] debug-file - Incremental task entry:ohosTest@GeneratePkgModuleJson pre-execution cost: 1 ms .
[2026-07-23T17:14:57.301] [DEBUG] debug-file - entry : ohosTest@GeneratePkgModuleJson cost memory 0.08309173583984375
[2026-07-23T17:14:57.301] [INFO] debug-file - UP-TO-DATE :entry:ohosTest@GeneratePkgModuleJson...  
[2026-07-23T17:14:57.301] [DEBUG] debug-file - Executing task :entry:ohosTest@ProcessCompiledResources
[2026-07-23T17:14:57.301] [DEBUG] debug-file - File: '/Users/guoyutong/MyWorkSpace/TestThirdParty/cases/tinyxml2/harmony-demo/entry/build/default/intermediates/preload/ohosTest/preload.json' from 'preloadSoJsonPath' is not exists, just ignore.
[2026-07-23T17:14:57.301] [DEBUG] debug-file - Task 'entry:ohosTest@ProcessCompiledResources' cost while wrapping incremental declarations: 1 ms 
[2026-07-23T17:14:57.301] [DEBUG] debug-file - entry : ohosTest@ProcessCompiledResources cost memory 0.05532073974609375
[2026-07-23T17:14:57.301] [DEBUG] debug-file - runTaskFromQueue task cost before running: 2 s 882 ms 
[2026-07-23T17:14:57.301] [INFO] debug-file - Finished :entry:ohosTest@ProcessCompiledResources... after 1 ms 
[2026-07-23T17:14:57.305] [DEBUG] debug-file - current process  memoryUsage: {
  rss: 965459968,
  heapTotal: 90783744,
  heapUsed: 53384440,
  external: 5042686,
  arrayBuffers: 20805
} os memoryUsage :15.855072021484375
[2026-07-23T17:14:57.621] [DEBUG] debug-file - worker[8] has one work done.
[2026-07-23T17:14:57.622] [DEBUG] debug-file - ohosTest@PackageHap work[4] done.
[2026-07-23T17:14:57.622] [DEBUG] debug-file - Executing task :entry:ohosTest@PackingCheck
[2026-07-23T17:14:57.624] [DEBUG] debug-file - Executing task :entry:ohosTest@SignHap
[2026-07-23T17:14:57.625] [DEBUG] debug-file - Executing task :entry:ohosTest@CollectDebugSymbol
[2026-07-23T17:14:57.622] [DEBUG] debug-file - A work dispatched to worker[8] failed because unable to get work from ready queue.
[2026-07-23T17:14:57.624] [DEBUG] debug-file - entry : ohosTest@PackingCheck cost memory 0.3872833251953125
[2026-07-23T17:14:57.624] [WARN] debug-file - No signingConfig found for product default
[2026-07-23T17:14:57.625] [DEBUG] debug-file - entry : ohosTest@CollectDebugSymbol cost memory 0.10382843017578125
[2026-07-23T17:14:57.622] [INFO] debug-file - Finished :entry:ohosTest@PackageHap... after 320 ms 
[2026-07-23T17:14:57.624] [DEBUG] debug-file - runTaskFromQueue task cost before running: 3 s 205 ms 
[2026-07-23T17:14:57.625] [DEBUG] debug-file - entry:ohosTest@SignHap is not up-to-date, since the input file '/Users/guoyutong/MyWorkSpace/TestThirdParty/cases/tinyxml2/harmony-demo/entry/build/default/outputs/ohosTest/entry-ohosTest-unsigned.hap' has been changed.
[2026-07-23T17:14:57.625] [DEBUG] debug-file - runTaskFromQueue task cost before running: 3 s 207 ms 
[2026-07-23T17:14:57.624] [INFO] debug-file - Finished :entry:ohosTest@PackingCheck... after 2 ms 
[2026-07-23T17:14:57.625] [DEBUG] debug-file - Incremental task entry:ohosTest@SignHap pre-execution cost: 1 ms .
[2026-07-23T17:14:57.625] [INFO] debug-file - Finished :entry:ohosTest@CollectDebugSymbol... after 1 ms 
[2026-07-23T17:14:57.625] [DEBUG] debug-file - entry : ohosTest@SignHap cost memory 0.088897705078125
[2026-07-23T17:14:57.626] [DEBUG] debug-file - Executing task :entry:assembleHap
[2026-07-23T17:14:57.625] [DEBUG] debug-file - runTaskFromQueue task cost before running: 3 s 206 ms 
[2026-07-23T17:14:57.626] [DEBUG] debug-file - entry : assembleHap cost memory 0.0140838623046875
[2026-07-23T17:14:57.625] [INFO] debug-file - Finished :entry:ohosTest@SignHap... after 1 ms 
[2026-07-23T17:14:57.626] [DEBUG] debug-file - runTaskFromQueue task cost before running: 3 s 207 ms 
[2026-07-23T17:14:57.626] [INFO] debug-file - Finished :entry:assembleHap... after 1 ms 
[2026-07-23T17:14:57.626] [INFO] debug-file - BUILD SUCCESSFUL in 3 s 207 ms 
[2026-07-23T17:14:57.626] [DEBUG] debug-file - There is no need to refresh cache, since the incremental task entry:ohosTest@PreBuild is up-to-date.
[2026-07-23T17:14:57.627] [DEBUG] debug-file - Update task entry:ohosTest@CreateModuleInfo output file:/Users/guoyutong/MyWorkSpace/TestThirdParty/cases/tinyxml2/harmony-demo/entry/build/default/generated/profile/ohosTest/ModuleInfo.ts cache.
[2026-07-23T17:14:57.627] [DEBUG] debug-file - Incremental task entry:ohosTest@CreateModuleInfo post-execution cost:1 ms .
[2026-07-23T17:14:57.627] [DEBUG] debug-file - There is no need to refresh cache, since the incremental task entry:ohosTest@GenerateMetadata is up-to-date.
[2026-07-23T17:14:57.627] [DEBUG] debug-file - There is no need to refresh cache, since the incremental task entry:ohosTest@MergeProfile is up-to-date.
[2026-07-23T17:14:57.627] [DEBUG] debug-file - There is no need to refresh cache, since the incremental task entry:ohosTest@CreateBuildProfile is up-to-date.
[2026-07-23T17:14:57.627] [DEBUG] debug-file - Update task entry:ohosTest@GeneratePkgContextInfo output file:/Users/guoyutong/MyWorkSpace/TestThirdParty/cases/tinyxml2/harmony-demo/entry/build/default/intermediates/loader/ohosTest/pkgContextInfo.json cache.
[2026-07-23T17:14:57.627] [DEBUG] debug-file - Incremental task entry:ohosTest@GeneratePkgContextInfo post-execution cost:1 ms .
[2026-07-23T17:14:57.627] [DEBUG] debug-file - There is no need to refresh cache, since the incremental task entry:ohosTest@GeneratePkgSdkInfo is up-to-date.
[2026-07-23T17:14:57.627] [DEBUG] debug-file - Update task entry:ohosTest@ProcessIntegratedHsp output file:/Users/guoyutong/MyWorkSpace/TestThirdParty/cases/tinyxml2/harmony-demo/build/cache/default/integrated_hsp/integratedHspCache.json cache.
[2026-07-23T17:14:57.627] [DEBUG] debug-file - Incremental task entry:ohosTest@ProcessIntegratedHsp post-execution cost:1 ms .
[2026-07-23T17:14:57.627] [DEBUG] debug-file - There is no need to refresh cache, since the incremental task entry:ohosTest@MakePackInfo is up-to-date.
[2026-07-23T17:14:57.627] [DEBUG] debug-file - Update task entry:ohosTest@SyscapTransform input file:/Users/guoyutong/command-line-tools/sdk/default/openharmony/toolchains/syscap_tool cache by regenerate.
[2026-07-23T17:14:57.627] [DEBUG] debug-file - Update task entry:ohosTest@SyscapTransform input file:/Users/guoyutong/command-line-tools/sdk/default/openharmony/ets/api/device-define cache by regenerate.
[2026-07-23T17:14:57.627] [DEBUG] debug-file - Update task entry:ohosTest@SyscapTransform output file:/Users/guoyutong/MyWorkSpace/TestThirdParty/cases/tinyxml2/harmony-demo/entry/build/default/intermediates/syscap/ohosTest/rpcid.sc cache.
[2026-07-23T17:14:57.627] [DEBUG] debug-file - Incremental task entry:ohosTest@SyscapTransform post-execution cost:1 ms .
[2026-07-23T17:14:57.627] [DEBUG] debug-file - There is no need to refresh cache, since the incremental task entry:ohosTest@ProcessProfile is up-to-date.
[2026-07-23T17:14:57.627] [DEBUG] debug-file - There is no need to refresh cache, since the incremental task entry:ohosTest@ProcessRouterMap is up-to-date.
[2026-07-23T17:14:57.627] [DEBUG] debug-file - There is no need to refresh cache, since the incremental task entry:ohosTest@ProcessShareConfig is up-to-date.
[2026-07-23T17:14:57.627] [DEBUG] debug-file - Update task entry:ohosTest@ProcessStartupConfig output file:/Users/guoyutong/MyWorkSpace/TestThirdParty/cases/tinyxml2/harmony-demo/entry/build/default/intermediates/startup/ohosTest/startup_config.json cache.
[2026-07-23T17:14:57.627] [DEBUG] debug-file - Incremental task entry:ohosTest@ProcessStartupConfig post-execution cost:1 ms .
[2026-07-23T17:14:57.627] [DEBUG] debug-file - There is no need to refresh cache, since the incremental task entry:ohosTest@ProcessResource is up-to-date.
[2026-07-23T17:14:57.627] [DEBUG] debug-file - There is no need to refresh cache, since the incremental task entry:ohosTest@GenerateLoaderJson is up-to-date.
[2026-07-23T17:14:57.627] [DEBUG] debug-file - There is no need to refresh cache, since the incremental task entry:ohosTest@CompileResource is up-to-date.
[2026-07-23T17:14:57.627] [DEBUG] debug-file - Update task entry:ohosTest@OhosTestCompileArkTS input file:/Users/guoyutong/MyWorkSpace/TestThirdParty/cases/tinyxml2/harmony-demo/entry/build/default/intermediates/loader/ohosTest cache by regenerate.
[2026-07-23T17:14:57.627] [DEBUG] debug-file - Update task entry:ohosTest@OhosTestCompileArkTS input file:/Users/guoyutong/MyWorkSpace/TestThirdParty/cases/tinyxml2/harmony-demo/entry/build/default/intermediates/res/ohosTest/ResourceTable.txt cache by regenerate.
[2026-07-23T17:14:57.627] [DEBUG] debug-file - Update task entry:ohosTest@OhosTestCompileArkTS input file:/Users/guoyutong/MyWorkSpace/TestThirdParty/cases/tinyxml2/harmony-demo/entry/build/default/intermediates/res/ohosTest/ark_module.json cache by regenerate.
[2026-07-23T17:14:57.627] [DEBUG] debug-file - Update task entry:ohosTest@OhosTestCompileArkTS input file:/Users/guoyutong/MyWorkSpace/TestThirdParty/cases/tinyxml2/harmony-demo/entry/build/default/intermediates/res/ohosTest/resources/base/profile cache by regenerate.
[2026-07-23T17:14:57.627] [DEBUG] debug-file - Update task entry:ohosTest@OhosTestCompileArkTS input file:/Users/guoyutong/MyWorkSpace/TestThirdParty/cases/tinyxml2/harmony-demo/entry/src/ohosTest/ets cache from map.
[2026-07-23T17:14:57.627] [DEBUG] debug-file - Update task entry:ohosTest@OhosTestCompileArkTS input file:/Users/guoyutong/MyWorkSpace/TestThirdParty/cases/tinyxml2/harmony-demo/entry/src/ohosTest cache by regenerate.
[2026-07-23T17:14:57.628] [DEBUG] debug-file - Update task entry:ohosTest@OhosTestCompileArkTS input file:/Users/guoyutong/MyWorkSpace/TestThirdParty/cases/tinyxml2/harmony-demo/entry/build/default/generated/profile/ohosTest/BuildProfile.ets cache by regenerate.
[2026-07-23T17:14:57.628] [DEBUG] debug-file - Update task entry:ohosTest@OhosTestCompileArkTS input file:/Users/guoyutong/MyWorkSpace/TestThirdParty/cases/tinyxml2/harmony-demo/entry/src/main/cpp/types cache by regenerate.
[2026-07-23T17:14:57.628] [DEBUG] debug-file - Update task entry:ohosTest@OhosTestCompileArkTS input file:/Users/guoyutong/MyWorkSpace/TestThirdParty/cases/tinyxml2/harmony-demo/entry/src/main/ets cache by regenerate.
[2026-07-23T17:14:57.628] [DEBUG] debug-file - Update task entry:ohosTest@OhosTestCompileArkTS output file:/Users/guoyutong/MyWorkSpace/TestThirdParty/cases/tinyxml2/harmony-demo/entry/build/default/intermediates/loader_out/ohosTest/ets cache.
[2026-07-23T17:14:57.628] [DEBUG] debug-file - Incremental task entry:ohosTest@OhosTestCompileArkTS post-execution cost:2 ms .
[2026-07-23T17:14:57.628] [DEBUG] debug-file - Update task entry:ohosTest@OhosTestBuildJS input file:/Users/guoyutong/MyWorkSpace/TestThirdParty/cases/tinyxml2/harmony-demo/entry/build/default/intermediates/loader/ohosTest cache by regenerate.
[2026-07-23T17:14:57.628] [DEBUG] debug-file - Update task entry:ohosTest@OhosTestBuildJS input file:/Users/guoyutong/MyWorkSpace/TestThirdParty/cases/tinyxml2/harmony-demo/entry/build/default/intermediates/res/ohosTest/ResourceTable.txt cache by regenerate.
[2026-07-23T17:14:57.628] [DEBUG] debug-file - Update task entry:ohosTest@OhosTestBuildJS input file:/Users/guoyutong/MyWorkSpace/TestThirdParty/cases/tinyxml2/harmony-demo/entry/build/default/intermediates/res/ohosTest/ark_module.json cache by regenerate.
[2026-07-23T17:14:57.628] [DEBUG] debug-file - Update task entry:ohosTest@OhosTestBuildJS input file:/Users/guoyutong/MyWorkSpace/TestThirdParty/cases/tinyxml2/harmony-demo/entry/build/default/intermediates/res/ohosTest/resources/base/profile cache by regenerate.
[2026-07-23T17:14:57.628] [DEBUG] debug-file - Update task entry:ohosTest@OhosTestBuildJS input file:/Users/guoyutong/MyWorkSpace/TestThirdParty/cases/tinyxml2/harmony-demo/entry/src/ohosTest cache by regenerate.
[2026-07-23T17:14:57.629] [DEBUG] debug-file - Update task entry:ohosTest@OhosTestBuildJS output file:/Users/guoyutong/MyWorkSpace/TestThirdParty/cases/tinyxml2/harmony-demo/entry/build/default/intermediates/loader_out/ohosTest/js cache.
[2026-07-23T17:14:57.629] [DEBUG] debug-file - Incremental task entry:ohosTest@OhosTestBuildJS post-execution cost:1 ms .
[2026-07-23T17:14:57.629] [DEBUG] debug-file - There is no need to refresh cache, since the incremental task entry:ohosTest@ProcessLibs is up-to-date.
[2026-07-23T17:14:57.629] [DEBUG] debug-file - There is no need to refresh cache, since the incremental task entry:ohosTest@DoNativeStrip is up-to-date.
[2026-07-23T17:14:57.629] [DEBUG] debug-file - There is no need to refresh cache, since the incremental task entry:ohosTest@CacheNativeLibs is up-to-date.
[2026-07-23T17:14:57.629] [DEBUG] debug-file - Update task entry:ohosTest@OhosTestCopyMockConfigJson output file:/Users/guoyutong/MyWorkSpace/TestThirdParty/cases/tinyxml2/harmony-demo/entry/build/default/intermediates/res/ohosTest/resources/rawfile/mock/mock-config.json cache.
[2026-07-23T17:14:57.629] [DEBUG] debug-file - Incremental task entry:ohosTest@OhosTestCopyMockConfigJson post-execution cost:1 ms .
[2026-07-23T17:14:57.629] [DEBUG] debug-file - There is no need to refresh cache, since the incremental task entry:ohosTest@GeneratePkgModuleJson is up-to-date.
[2026-07-23T17:14:57.629] [DEBUG] debug-file - Incremental task entry:ohosTest@ProcessCompiledResources post-execution cost:1 ms .
[2026-07-23T17:14:57.629] [DEBUG] debug-file - Update task entry:ohosTest@PackageHap input file:/Users/guoyutong/MyWorkSpace/TestThirdParty/cases/tinyxml2/harmony-demo/entry/build/default/outputs/ohosTest/pack.info cache by regenerate.
[2026-07-23T17:14:57.629] [DEBUG] debug-file - Update task entry:ohosTest@PackageHap input file:/Users/guoyutong/MyWorkSpace/TestThirdParty/cases/tinyxml2/harmony-demo/entry/build/default/intermediates/stripped_native_libs/ohosTest cache by regenerate.
[2026-07-23T17:14:57.629] [DEBUG] debug-file - Update task entry:ohosTest@PackageHap input file:/Users/guoyutong/MyWorkSpace/TestThirdParty/cases/tinyxml2/harmony-demo/entry/build/default/intermediates/res/ohosTest/module.json cache by regenerate.
[2026-07-23T17:14:57.629] [DEBUG] debug-file - Update task entry:ohosTest@PackageHap input file:/Users/guoyutong/MyWorkSpace/TestThirdParty/cases/tinyxml2/harmony-demo/entry/build/default/intermediates/res/ohosTest/resources cache by regenerate.
[2026-07-23T17:14:57.629] [DEBUG] debug-file - Update task entry:ohosTest@PackageHap input file:/Users/guoyutong/MyWorkSpace/TestThirdParty/cases/tinyxml2/harmony-demo/entry/build/default/intermediates/res/ohosTest/resources.index cache by regenerate.
[2026-07-23T17:14:57.629] [DEBUG] debug-file - Update task entry:ohosTest@PackageHap input file:/Users/guoyutong/MyWorkSpace/TestThirdParty/cases/tinyxml2/harmony-demo/entry/build/default/intermediates/loader_out/ohosTest/ets cache from map.
[2026-07-23T17:14:57.629] [DEBUG] debug-file - Update task entry:ohosTest@PackageHap input file:/Users/guoyutong/MyWorkSpace/TestThirdParty/cases/tinyxml2/harmony-demo/entry/build/default/intermediates/loader/ohosTest/pkgSdkInfo.json cache by regenerate.
[2026-07-23T17:14:57.629] [DEBUG] debug-file - Update task entry:ohosTest@PackageHap input file:/Users/guoyutong/MyWorkSpace/TestThirdParty/cases/tinyxml2/harmony-demo/entry/build/default/intermediates/package/ohosTest/module.json cache by regenerate.
[2026-07-23T17:14:57.629] [DEBUG] debug-file - Update task entry:ohosTest@PackageHap input file:/Users/guoyutong/MyWorkSpace/TestThirdParty/cases/tinyxml2/harmony-demo/entry/build/default/intermediates/loader_out/ohosTest/ets/sourceMaps.map cache by regenerate.
[2026-07-23T17:14:57.629] [DEBUG] debug-file - Update task entry:ohosTest@PackageHap input file:/Users/guoyutong/MyWorkSpace/TestThirdParty/cases/tinyxml2/harmony-demo/entry/build/default/generated/profile/ohosTest/BuildProfile.ets cache by regenerate.
[2026-07-23T17:14:57.629] [DEBUG] debug-file - Update task entry:ohosTest@PackageHap output file:/Users/guoyutong/MyWorkSpace/TestThirdParty/cases/tinyxml2/harmony-demo/entry/build/default/outputs/ohosTest/entry-ohosTest-unsigned.hap cache.
[2026-07-23T17:14:57.629] [DEBUG] debug-file - Update task entry:ohosTest@PackageHap output file:/Users/guoyutong/MyWorkSpace/TestThirdParty/cases/tinyxml2/harmony-demo/entry/build/default/intermediates/source_map/ohosTest/sourceMaps.map cache.
[2026-07-23T17:14:57.629] [DEBUG] debug-file - Update task entry:ohosTest@PackageHap output file:/Users/guoyutong/MyWorkSpace/TestThirdParty/cases/tinyxml2/harmony-demo/entry/build/default/outputs/ohosTest/mapping/sourceMaps.map cache.
[2026-07-23T17:14:57.629] [DEBUG] debug-file - Incremental task entry:ohosTest@PackageHap post-execution cost:1 ms .
[2026-07-23T17:14:57.629] [DEBUG] debug-file - Update task entry:ohosTest@SignHap input file:/Users/guoyutong/MyWorkSpace/TestThirdParty/cases/tinyxml2/harmony-demo/entry/build/default/outputs/ohosTest/entry-ohosTest-unsigned.hap cache from map.
[2026-07-23T17:14:57.629] [DEBUG] debug-file - Update task entry:ohosTest@SignHap output file:/Users/guoyutong/MyWorkSpace/TestThirdParty/cases/tinyxml2/harmony-demo/entry/build/default/outputs/ohosTest/entry-ohosTest-signed.hap cache.
[2026-07-23T17:14:57.629] [DEBUG] debug-file - Incremental task entry:ohosTest@SignHap post-execution cost:1 ms .
[2026-07-23T17:14:57.629] [DEBUG] debug-file - Update task entry:ohosTest@CollectDebugSymbol input file:/Users/guoyutong/MyWorkSpace/TestThirdParty/cases/tinyxml2/harmony-demo/entry/build/default/intermediates/loader_out/ohosTest/ets/sourceMaps.map cache by regenerate.
[2026-07-23T17:14:57.629] [DEBUG] debug-file - Update task entry:ohosTest@CollectDebugSymbol input file:/Users/guoyutong/MyWorkSpace/TestThirdParty/cases/tinyxml2/harmony-demo/entry/build/default/intermediates/libs/ohosTest cache by regenerate.
[2026-07-23T17:14:57.630] [DEBUG] debug-file - Update task entry:ohosTest@CollectDebugSymbol output file:/Users/guoyutong/MyWorkSpace/TestThirdParty/cases/tinyxml2/harmony-demo/entry/build/default/outputs/ohosTest/symbol cache.
[2026-07-23T17:14:57.630] [DEBUG] debug-file - Incremental task entry:ohosTest@CollectDebugSymbol post-execution cost:1 ms .
[2026-07-23T17:14:57.634] [DEBUG] debug-file - Current worker pool is stopped or closed.
[2026-07-23T17:14:57.634] [DEBUG] debug-file - Clear worker 0.
[2026-07-23T17:14:57.634] [DEBUG] debug-file - Worker 0 has been cleared.
[2026-07-23T17:14:57.634] [DEBUG] debug-file - Current idle worker size: 5.
[2026-07-23T17:14:57.634] [DEBUG] debug-file - Current busy worker size: 0.
[2026-07-23T17:14:57.634] [DEBUG] debug-file - Clear worker 1.
[2026-07-23T17:14:57.634] [DEBUG] debug-file - Worker 1 has been cleared.
[2026-07-23T17:14:57.634] [DEBUG] debug-file - Current idle worker size: 4.
[2026-07-23T17:14:57.634] [DEBUG] debug-file - Current busy worker size: 0.
[2026-07-23T17:14:57.634] [DEBUG] debug-file - Clear worker 6.
[2026-07-23T17:14:57.634] [DEBUG] debug-file - Worker 6 has been cleared.
[2026-07-23T17:14:57.634] [DEBUG] debug-file - Current idle worker size: 3.
[2026-07-23T17:14:57.634] [DEBUG] debug-file - Current busy worker size: 0.
[2026-07-23T17:14:57.634] [DEBUG] debug-file - Clear worker 7.
[2026-07-23T17:14:57.634] [DEBUG] debug-file - Worker 7 has been cleared.
[2026-07-23T17:14:57.634] [DEBUG] debug-file - Current idle worker size: 2.
[2026-07-23T17:14:57.634] [DEBUG] debug-file - Current busy worker size: 0.
[2026-07-23T17:14:57.634] [DEBUG] debug-file - Clear worker 4.
[2026-07-23T17:14:57.634] [DEBUG] debug-file - Worker 4 has been cleared.
[2026-07-23T17:14:57.634] [DEBUG] debug-file - Current idle worker size: 1.
[2026-07-23T17:14:57.634] [DEBUG] debug-file - Current busy worker size: 0.
[2026-07-23T17:14:57.634] [DEBUG] debug-file - Clear worker 8.
[2026-07-23T17:14:57.634] [DEBUG] debug-file - Worker 8 has been cleared.
[2026-07-23T17:14:57.634] [DEBUG] debug-file - Current idle worker size: 0.
[2026-07-23T17:14:57.634] [DEBUG] debug-file - Current busy worker size: 0.
[2026-07-23T17:14:57.634] [DEBUG] debug-file - hvigor build process will be closed.
[2026-07-23T17:14:57.635] [DEBUG] debug-file - Current worker pool is terminated.
[2026-07-23T17:14:57.635] [DEBUG] debug-file - worker[0] exits with exit code 1.
[2026-07-23T17:14:57.635] [DEBUG] debug-file - worker[1] exits with exit code 1.
[2026-07-23T17:14:57.636] [DEBUG] debug-file - worker[7] exits with exit code 1.
[2026-07-23T17:14:57.636] [DEBUG] debug-file - worker[6] exits with exit code 1.
[2026-07-23T17:14:57.636] [DEBUG] debug-file - worker[8] exits with exit code 1.
[2026-07-23T17:14:57.638] [DEBUG] debug-file - worker[4] exits with exit code 1.
[2026-07-23T17:18:26.219] [DEBUG] debug-file - env: nodejsVersion=v24.14.1
[2026-07-23T17:18:26.335] [DEBUG] debug-file - Hvigor init with startParameters:{
  hvigorfileTypeCheck: false,
  parallelExecution: true,
  incrementalExecution: true,
  printStackTrace: false,
  daemon: false,
  analyze: 0,
  logLevel: Level { level: 20000, levelStr: 'INFO', colour: 'green' },
  optimizationStrategy: 'memory',
  hotCompile: undefined,
  hotReloadBuild: undefined,
  customizedParam: undefined
}
[2026-07-23T17:18:26.899] [DEBUG] debug-file - hvigorfile, require result:  { default: { system: [Function: appTasks], plugins: [] } }
[2026-07-23T17:18:26.899] [DEBUG] debug-file - Starting plugin build process
[2026-07-23T17:18:26.963] [DEBUG] debug-file - App plugin register hook start...
[2026-07-23T17:18:26.964] [DEBUG] debug-file - Start initialize project's product build option map with build mode debug.
[2026-07-23T17:18:26.965] [DEBUG] debug-file - Obtain build option for product 'default'in this build.
[2026-07-23T17:18:26.968] [DEBUG] debug-file - Start recording SDK configuration permission data.
[2026-07-23T17:18:26.984] [DEBUG] debug-file - Project task initialization takes 2 ms 
[2026-07-23T17:18:26.988] [DEBUG] debug-file - failed to load cangjie to dynamically generate schemas: Error: Cannot find module '@ohos/cangjie-build-support/index'
Require stack:
- /Users/guoyutong/command-line-tools/hvigor/hvigor-ohos-plugin/src/plugin/hooks/cangjie-register.js
- /Users/guoyutong/command-line-tools/hvigor/hvigor-ohos-plugin/src/plugin/strategy/stage-init-strategy.js
- /Users/guoyutong/command-line-tools/hvigor/hvigor-ohos-plugin/src/plugin/builder/abstract-plugin-builder.js
- /Users/guoyutong/command-line-tools/hvigor/hvigor-ohos-plugin/src/plugin/builder/app-plugin-builder.js
- /Users/guoyutong/command-line-tools/hvigor/hvigor-ohos-plugin/src/plugin/factory/plugin-factory.js
- /Users/guoyutong/command-line-tools/hvigor/hvigor-ohos-plugin/index.js
- /Users/guoyutong/MyWorkSpace/TestThirdParty/cases/tinyxml2/harmony-demo/hvigorfile.ts
- /Users/guoyutong/command-line-tools/hvigor/hvigor/src/base/internal/lifecycle/configuration.js
- /Users/guoyutong/command-line-tools/hvigor/hvigor/src/base/boot/index.js
- /Users/guoyutong/command-line-tools/hvigor/hvigor/src/cli/main/cli.js
- /Users/guoyutong/command-line-tools/hvigor/hvigor/bin/hvigor.js
[2026-07-23T17:18:26.990] [DEBUG] debug-file - Start initialize module-target build option map, moduleName=entry, buildMode=debug
[2026-07-23T17:18:26.993] [DEBUG] debug-file - project has submodules:entry
[2026-07-23T17:18:26.994] [DEBUG] debug-file - start to load updatedOhPackageInfo to the disk
[2026-07-23T17:18:26.999] [DEBUG] debug-file - Start to initialize dependency information.
[2026-07-23T17:18:27.004] [DEBUG] debug-file - Executing task :entry:default@PreBuild
[2026-07-23T17:18:27.009] [DEBUG] debug-file - Executing task :entry:default@GenerateMetadata
[2026-07-23T17:18:26.899] [DEBUG] debug-file - hvigorfile, binding system plugins [Function: appTasks]
[2026-07-23T17:18:26.899] [DEBUG] debug-file - App plugin prepare start...
[2026-07-23T17:18:26.963] [DEBUG] debug-file - App plugin register hook end...
[2026-07-23T17:18:26.964] [DEBUG] debug-file - Picking option from product 'default' with build mode 'debug'.
[2026-07-23T17:18:26.966] [DEBUG] debug-file - No signingConfig found, initRemoteHspCache failed.
[2026-07-23T17:18:26.982] [DEBUG] debug-file - Sdk init in 16 ms 
[2026-07-23T17:18:26.219] [DEBUG] debug-file - env: hvigor-config.json5 content = {
  modelVersion: '6.1.0',
  dependencies: {},
  execution: {},
  logging: {},
  debugging: {},
  nodeOptions: {}
}
[2026-07-23T17:18:26.985] [DEBUG] debug-file - hvigorfile, begin to bind custom plugins...
[2026-07-23T17:18:26.990] [DEBUG] debug-file - Target 'default' config initialized
[2026-07-23T17:18:26.995] [DEBUG] debug-file - load to the disk finished
[2026-07-23T17:18:27.000] [DEBUG] debug-file - Module entry Collected Dependency: /Users/guoyutong/MyWorkSpace/TestThirdParty/cases/tinyxml2/harmony-demo/entry/src/main/cpp/types/libentry
[2026-07-23T17:18:27.005] [DEBUG] debug-file - Task 'entry:default@PreBuild' cost while wrapping incremental declarations: 1 ms 
[2026-07-23T17:18:27.009] [DEBUG] debug-file - Task 'entry:default@GenerateMetadata' cost while wrapping incremental declarations: 1 ms 
[2026-07-23T17:18:26.339] [DEBUG] debug-file - Cache service initialization finished in 4 ms 
[2026-07-23T17:18:26.899] [DEBUG] debug-file - App plugin prepare end...
[2026-07-23T17:18:26.963] [DEBUG] debug-file - Plugin build process completed
[2026-07-23T17:18:26.964] [DEBUG] debug-file - Product 'default' build option initialized
[2026-07-23T17:18:26.967] [DEBUG] debug-file - Local scan or download HarmonyOS sdk components toolchains,ets,js,native,previewer
[2026-07-23T17:18:26.220] [DEBUG] debug-file - env: daemon=false
[2026-07-23T17:18:26.985] [DEBUG] debug-file - hvigorfile, no custom plugins were found in /Users/guoyutong/MyWorkSpace/TestThirdParty/cases/tinyxml2/harmony-demo/hvigorfile.ts
[2026-07-23T17:18:26.990] [DEBUG] debug-file - Target 'ohosTest' config initialized
[2026-07-23T17:18:26.995] [DEBUG] debug-file - Start to initialize dependency information.
[2026-07-23T17:18:27.000] [DEBUG] debug-file - Module entry's total dependency: 1
[2026-07-23T17:18:27.007] [DEBUG] debug-file - Incremental task entry:default@PreBuild pre-execution cost: 1 ms .
[2026-07-23T17:18:27.009] [DEBUG] debug-file - Incremental task entry:default@GenerateMetadata pre-execution cost: 1 ms .
[2026-07-23T17:18:26.339] [DEBUG] debug-file - hvigorfile, resolving /Users/guoyutong/MyWorkSpace/TestThirdParty/cases/tinyxml2/harmony-demo/hvigorfile.ts
[2026-07-23T17:18:26.899] [DEBUG] debug-file - App plugin creating...
[2026-07-23T17:18:26.964] [DEBUG] debug-file - End initialize project's product build option map with build mode 'debug'.
[2026-07-23T17:18:26.968] [DEBUG] debug-file - Local scan or download hmscore sdk components toolchains,ets,native
[2026-07-23T17:18:26.220] [DEBUG] debug-file - no-daemon, use the parent process.execArgv --max-old-space-size=8192,--max-semi-space-size=16,--expose-gc
[2026-07-23T17:18:26.985] [DEBUG] debug-file - hvigorfile, resolve finished /Users/guoyutong/MyWorkSpace/TestThirdParty/cases/tinyxml2/harmony-demo/hvigorfile.ts
[2026-07-23T17:18:26.990] [DEBUG] debug-file - Module 'entry' target 'default' build option initialized
[2026-07-23T17:18:26.998] [DEBUG] debug-file - Module harmony-demo Collected Dependency: 
[2026-07-23T17:18:27.001] [DEBUG] debug-file - Configuration phase cost:663 ms 
[2026-07-23T17:18:27.007] [DEBUG] debug-file - entry : default@PreBuild cost memory 0.8072662353515625
[2026-07-23T17:18:27.009] [DEBUG] debug-file - entry : default@GenerateMetadata cost memory 0.39361572265625
[2026-07-23T17:18:27.017] [DEBUG] debug-file - Executing task :entry:default@CreateBuildProfile
[2026-07-23T17:18:27.018] [DEBUG] debug-file - Executing task :entry:default@PreCheckSyscap
[2026-07-23T17:18:27.019] [DEBUG] debug-file - Executing task :entry:default@GeneratePkgContextInfo
[2026-07-23T17:18:27.025] [DEBUG] debug-file - Executing task :entry:default@ProcessIntegratedHsp
[2026-07-23T17:18:27.025] [DEBUG] debug-file - Executing task :entry:default@BuildNativeWithCmake
[2026-07-23T17:18:27.026] [DEBUG] debug-file - Use tool [Cmake]
 [
  '/Users/guoyutong/command-line-tools/sdk/default/openharmony/native/build-tools/cmake/bin/cmake',
  '-H/Users/guoyutong/MyWorkSpace/TestThirdParty/cases/tinyxml2/harmony-demo/entry/src/main/cpp',
  '-B/Users/guoyutong/MyWorkSpace/TestThirdParty/cases/tinyxml2/harmony-demo/entry/.cxx/default/default/debug/arm64-v8a',
  '-DOHOS_ARCH=arm64-v8a',
  '-DCMAKE_LIBRARY_OUTPUT_DIRECTORY=/Users/guoyutong/MyWorkSpace/TestThirdParty/cases/tinyxml2/harmony-demo/entry/build/default/intermediates/cmake/default/obj/arm64-v8a',
  '-DCMAKE_BUILD_TYPE=Debug',
  '-DOHOS_SDK_NATIVE=/Users/guoyutong/command-line-tools/sdk/default/openharmony/native',
  '-DCMAKE_SYSTEM_NAME=OHOS',
  '-DCMAKE_OHOS_ARCH_ABI=arm64-v8a',
  '-DCMAKE_EXPORT_COMPILE_COMMANDS=ON',
  '-DCMAKE_TOOLCHAIN_FILE=/Users/guoyutong/command-line-tools/sdk/default/hms/native/build/cmake/hmos.toolchain.cmake',
  '-GNinja',
  '-DCMAKE_MAKE_PROGRAM=/Users/guoyutong/command-line-tools/sdk/default/openharmony/native/build-tools/cmake/bin/ninja',
  '-DCMAKE_FIND_ROOT_PATH=/Users/guoyutong/MyWorkSpace/TestThirdParty/cases/tinyxml2/harmony-demo/entry/.cxx/default/default/debug/hvigor/arm64-v8a',
  '-DPACKAGE_FIND_FILE=/Users/guoyutong/MyWorkSpace/TestThirdParty/cases/tinyxml2/harmony-demo/entry/.cxx/default/default/debug/hvigor/arm64-v8a/summary.cmake',
  '--no-warn-unused-cli',
  '-DCMAKE_CXX_FLAGS=-std=c++17',
  '-DHMOS_SDK_NATIVE=/Users/guoyutong/command-line-tools/sdk/default/hms/native'
]
[2026-07-23T17:18:26.985] [DEBUG] debug-file - hvigorfile, resolving /Users/guoyutong/MyWorkSpace/TestThirdParty/cases/tinyxml2/harmony-demo/entry/hvigorfile.ts
[2026-07-23T17:18:26.990] [DEBUG] debug-file - Module 'entry' target 'ohosTest' build option initialized
[2026-07-23T17:18:26.998] [DEBUG] debug-file - Module harmony-demo's total dependency: 0
[2026-07-23T17:18:27.002] [DEBUG] debug-file - Configuration task cost before running: 670 ms 
[2026-07-23T17:18:27.007] [INFO] debug-file - UP-TO-DATE :entry:default@PreBuild...  
[2026-07-23T17:18:27.009] [INFO] debug-file - UP-TO-DATE :entry:default@GenerateMetadata...  
[2026-07-23T17:18:27.017] [DEBUG] debug-file - Task 'entry:default@CreateBuildProfile' cost while wrapping incremental declarations: 1 ms 
[2026-07-23T17:18:27.018] [DEBUG] debug-file - entry : default@PreCheckSyscap cost memory 0.019927978515625
[2026-07-23T17:18:27.022] [DEBUG] debug-file - Task 'entry:default@GeneratePkgContextInfo' cost while wrapping incremental declarations: 1 ms 
[2026-07-23T17:18:27.025] [DEBUG] debug-file - entry:default@ProcessIntegratedHsp is not up-to-date, since the output file '/Users/guoyutong/MyWorkSpace/TestThirdParty/cases/tinyxml2/harmony-demo/build/cache/default/integrated_hsp/integratedHspCache.json' does not exist.
[2026-07-23T17:18:26.987] [DEBUG] debug-file - hvigorfile, require result:  { default: { system: [Function: hapTasks], plugins: [] } }
[2026-07-23T17:18:26.990] [DEBUG] debug-file - End initialize module-target build option map, moduleName=entry
[2026-07-23T17:18:27.008] [DEBUG] debug-file - Executing task :entry:default@CreateModuleInfo
[2026-07-23T17:18:27.010] [DEBUG] debug-file - Executing task :entry:default@ConfigureCmake
[2026-07-23T17:18:27.018] [DEBUG] debug-file - Incremental task entry:default@CreateBuildProfile pre-execution cost: 1 ms .
[2026-07-23T17:18:27.018] [DEBUG] debug-file - runTaskFromQueue task cost before running: 686 ms 
[2026-07-23T17:18:27.022] [DEBUG] debug-file - entry : default@GeneratePkgContextInfo cost memory 0.5184783935546875
[2026-07-23T17:18:27.025] [DEBUG] debug-file - Incremental task entry:default@ProcessIntegratedHsp pre-execution cost: 1 ms .
[2026-07-23T17:18:26.987] [DEBUG] debug-file - hvigorfile, binding system plugins [Function: hapTasks]
[2026-07-23T17:18:26.991] [DEBUG] debug-file - Start initialize module-target build option map, moduleName=entry, buildMode=release
[2026-07-23T17:18:27.008] [DEBUG] debug-file - Task 'entry:default@CreateModuleInfo' cost while wrapping incremental declarations: 1 ms 
[2026-07-23T17:18:27.015] [DEBUG] debug-file - entry : default@ConfigureCmake cost memory 1.5372161865234375
[2026-07-23T17:18:27.018] [INFO] debug-file - Finished :entry:default@PreCheckSyscap... after 1 ms 
[2026-07-23T17:18:27.022] [DEBUG] debug-file - runTaskFromQueue task cost before running: 690 ms 
[2026-07-23T17:18:27.018] [DEBUG] debug-file - entry : default@CreateBuildProfile cost memory 0.208221435546875
[2026-07-23T17:18:27.025] [DEBUG] debug-file - entry : default@ProcessIntegratedHsp cost memory 0.057708740234375
[2026-07-23T17:18:26.987] [DEBUG] debug-file - Starting plugin build process
[2026-07-23T17:18:26.991] [DEBUG] debug-file - Target 'default' config initialized
[2026-07-23T17:18:27.008] [DEBUG] debug-file - entry : default@CreateModuleInfo cost memory 0.0591888427734375
[2026-07-23T17:18:27.015] [DEBUG] debug-file - runTaskFromQueue task cost before running: 683 ms 
[2026-07-23T17:18:27.018] [INFO] debug-file - UP-TO-DATE :entry:default@CreateBuildProfile...  
[2026-07-23T17:18:27.022] [INFO] debug-file - Finished :entry:default@GeneratePkgContextInfo... after 4 ms 
[2026-07-23T17:18:27.025] [DEBUG] debug-file - runTaskFromQueue task cost before running: 693 ms 
[2026-07-23T17:18:26.987] [DEBUG] debug-file - Hap plugin creating...
[2026-07-23T17:18:26.991] [DEBUG] debug-file - Target 'ohosTest' config initialized
[2026-07-23T17:18:27.008] [DEBUG] debug-file - runTaskFromQueue task cost before running: 676 ms 
[2026-07-23T17:18:27.015] [INFO] debug-file - Finished :entry:default@ConfigureCmake... after 6 ms 
[2026-07-23T17:18:27.023] [DEBUG] debug-file - Executing task :entry:default@GeneratePkgSdkInfo
[2026-07-23T17:18:27.025] [INFO] debug-file - Finished :entry:default@ProcessIntegratedHsp... after 1 ms 
[2026-07-23T17:18:26.991] [DEBUG] debug-file - Module 'entry' target 'default' build option initialized
[2026-07-23T17:18:27.016] [DEBUG] debug-file - Executing task :entry:default@MergeProfile
[2026-07-23T17:18:27.008] [INFO] debug-file - Finished :entry:default@CreateModuleInfo... after 1 ms 
[2026-07-23T17:18:27.023] [DEBUG] debug-file - Task 'entry:default@GeneratePkgSdkInfo' cost while wrapping incremental declarations: 1 ms 
[2026-07-23T17:18:26.991] [DEBUG] debug-file - Module 'entry' target 'ohosTest' build option initialized
[2026-07-23T17:18:27.016] [DEBUG] debug-file - Task 'entry:default@MergeProfile' cost while wrapping incremental declarations: 1 ms 
[2026-07-23T17:18:27.023] [DEBUG] debug-file - Incremental task entry:default@GeneratePkgSdkInfo pre-execution cost: 1 ms .
[2026-07-23T17:18:26.991] [DEBUG] debug-file - End initialize module-target build option map, moduleName=entry
[2026-07-23T17:18:27.016] [DEBUG] debug-file - Incremental task entry:default@MergeProfile pre-execution cost: 1 ms .
[2026-07-23T17:18:27.023] [DEBUG] debug-file - entry : default@GeneratePkgSdkInfo cost memory 0.00272369384765625
[2026-07-23T17:18:26.991] [DEBUG] debug-file - Start initialize module-target build option map, moduleName=entry, buildMode=debug
[2026-07-23T17:18:27.016] [DEBUG] debug-file - entry : default@MergeProfile cost memory 0.139373779296875
[2026-07-23T17:18:27.023] [INFO] debug-file - UP-TO-DATE :entry:default@GeneratePkgSdkInfo...  
[2026-07-23T17:18:26.991] [DEBUG] debug-file - Target 'default' config initialized
[2026-07-23T17:18:27.017] [INFO] debug-file - UP-TO-DATE :entry:default@MergeProfile...  
[2026-07-23T17:18:26.991] [DEBUG] debug-file - Target 'ohosTest' config initialized
[2026-07-23T17:18:26.991] [DEBUG] debug-file - Module 'entry' target 'default' build option initialized
[2026-07-23T17:18:26.991] [DEBUG] debug-file - Module 'entry' target 'ohosTest' build option initialized
[2026-07-23T17:18:26.991] [DEBUG] debug-file - End initialize module-target build option map, moduleName=entry
[2026-07-23T17:18:26.991] [DEBUG] debug-file - Obtain build option for module 'entry' target 'default'in this build.
[2026-07-23T17:18:26.993] [DEBUG] debug-file - Module entry task initialization takes 2 ms 
[2026-07-23T17:18:26.993] [DEBUG] debug-file - Hap plugin register hook start...
[2026-07-23T17:18:26.993] [DEBUG] debug-file - Hap plugin register hook end...
[2026-07-23T17:18:26.993] [DEBUG] debug-file - Plugin build process completed
[2026-07-23T17:18:26.993] [DEBUG] debug-file - hvigorfile, begin to bind custom plugins...
[2026-07-23T17:18:26.993] [DEBUG] debug-file - hvigorfile, no custom plugins were found in /Users/guoyutong/MyWorkSpace/TestThirdParty/cases/tinyxml2/harmony-demo/entry/hvigorfile.ts
[2026-07-23T17:18:26.993] [DEBUG] debug-file - hvigorfile, resolve finished /Users/guoyutong/MyWorkSpace/TestThirdParty/cases/tinyxml2/harmony-demo/entry/hvigorfile.ts
[2026-07-23T17:18:27.031] [DEBUG] debug-file - CMake configuration was up-to-date
[2026-07-23T17:18:27.031] [DEBUG] debug-file - Use tool [Cmake]
 [
  '/Users/guoyutong/command-line-tools/sdk/default/openharmony/native/build-tools/cmake/bin/cmake',
  '-H/Users/guoyutong/MyWorkSpace/TestThirdParty/cases/tinyxml2/harmony-demo/entry/src/main/cpp',
  '-B/Users/guoyutong/MyWorkSpace/TestThirdParty/cases/tinyxml2/harmony-demo/entry/.cxx/default/default/debug/x86_64',
  '-DOHOS_ARCH=x86_64',
  '-DCMAKE_LIBRARY_OUTPUT_DIRECTORY=/Users/guoyutong/MyWorkSpace/TestThirdParty/cases/tinyxml2/harmony-demo/entry/build/default/intermediates/cmake/default/obj/x86_64',
  '-DCMAKE_BUILD_TYPE=Debug',
  '-DOHOS_SDK_NATIVE=/Users/guoyutong/command-line-tools/sdk/default/openharmony/native',
  '-DCMAKE_SYSTEM_NAME=OHOS',
  '-DCMAKE_OHOS_ARCH_ABI=x86_64',
  '-DCMAKE_EXPORT_COMPILE_COMMANDS=ON',
  '-DCMAKE_TOOLCHAIN_FILE=/Users/guoyutong/command-line-tools/sdk/default/hms/native/build/cmake/hmos.toolchain.cmake',
  '-GNinja',
  '-DCMAKE_MAKE_PROGRAM=/Users/guoyutong/command-line-tools/sdk/default/openharmony/native/build-tools/cmake/bin/ninja',
  '-DCMAKE_FIND_ROOT_PATH=/Users/guoyutong/MyWorkSpace/TestThirdParty/cases/tinyxml2/harmony-demo/entry/.cxx/default/default/debug/hvigor/x86_64',
  '-DPACKAGE_FIND_FILE=/Users/guoyutong/MyWorkSpace/TestThirdParty/cases/tinyxml2/harmony-demo/entry/.cxx/default/default/debug/hvigor/x86_64/summary.cmake',
  '--no-warn-unused-cli',
  '-DCMAKE_CXX_FLAGS=-std=c++17',
  '-DHMOS_SDK_NATIVE=/Users/guoyutong/command-line-tools/sdk/default/hms/native'
]
[2026-07-23T17:18:27.032] [DEBUG] debug-file - CMake configuration was up-to-date
[2026-07-23T17:18:27.032] [DEBUG] debug-file - entry : default@BuildNativeWithCmake cost memory -10.340263366699219
[2026-07-23T17:18:27.033] [DEBUG] debug-file - runTaskFromQueue task cost before running: 700 ms 
[2026-07-23T17:18:27.033] [DEBUG] debug-file - Executing task :entry:default@MakePackInfo
[2026-07-23T17:18:27.052] [DEBUG] debug-file - Executing task :entry:default@ProcessProfile
[2026-07-23T17:18:27.053] [DEBUG] debug-file - Executing task :entry:default@ProcessRouterMap
[2026-07-23T17:18:27.054] [DEBUG] debug-file - Executing task :entry:default@ProcessStartupConfig
[2026-07-23T17:18:27.054] [DEBUG] debug-file - Executing task :entry:default@ProcessShareConfig
[2026-07-23T17:18:27.033] [INFO] debug-file - Finished :entry:default@BuildNativeWithCmake... after 8 ms 
[2026-07-23T17:18:27.055] [DEBUG] debug-file - Executing task :entry:default@BuildNativeWithNinja
[2026-07-23T17:18:27.034] [DEBUG] debug-file - Incremental task entry:default@MakePackInfo pre-execution cost: 1 ms .
[2026-07-23T17:18:27.034] [DEBUG] debug-file - Executing task :entry:default@SyscapTransform
[2026-07-23T17:18:27.052] [DEBUG] debug-file - Task 'entry:default@ProcessProfile' cost while wrapping incremental declarations: 1 ms 
[2026-07-23T17:18:27.053] [DEBUG] debug-file - Incremental task entry:default@ProcessRouterMap pre-execution cost: 1 ms .
[2026-07-23T17:18:27.054] [DEBUG] debug-file - Incremental task entry:default@ProcessShareConfig pre-execution cost: 1 ms .
[2026-07-23T17:18:27.034] [DEBUG] debug-file - entry : default@MakePackInfo cost memory 0.1256103515625
[2026-07-23T17:18:27.034] [DEBUG] debug-file - File: '/Users/guoyutong/MyWorkSpace/TestThirdParty/cases/tinyxml2/harmony-demo/entry/src/main/syscap.json' from 'sysCapJsonPath' is not exists, just ignore.
[2026-07-23T17:18:27.054] [DEBUG] debug-file - Task 'entry:default@ProcessStartupConfig' cost while wrapping incremental declarations: 1 ms 
[2026-07-23T17:18:27.052] [DEBUG] debug-file - Incremental task entry:default@ProcessProfile pre-execution cost: 1 ms .
[2026-07-23T17:18:27.053] [DEBUG] debug-file - entry : default@ProcessRouterMap cost memory 0.12644195556640625
[2026-07-23T17:18:27.054] [DEBUG] debug-file - entry : default@ProcessShareConfig cost memory 0.40604400634765625
[2026-07-23T17:18:27.034] [INFO] debug-file - UP-TO-DATE :entry:default@MakePackInfo...  
[2026-07-23T17:18:27.035] [DEBUG] debug-file - Task 'entry:default@SyscapTransform' cost while wrapping incremental declarations: 1 ms 
[2026-07-23T17:18:27.055] [DEBUG] debug-file - entry:default@ProcessStartupConfig is not up-to-date, since the output file '/Users/guoyutong/MyWorkSpace/TestThirdParty/cases/tinyxml2/harmony-demo/entry/build/default/intermediates/startup/default/startup_config.json' does not exist.
[2026-07-23T17:18:27.053] [INFO] debug-file - UP-TO-DATE :entry:default@ProcessRouterMap...  
[2026-07-23T17:18:27.052] [DEBUG] debug-file - entry : default@ProcessProfile cost memory 0.15489959716796875
[2026-07-23T17:18:27.054] [INFO] debug-file - UP-TO-DATE :entry:default@ProcessShareConfig...  
[2026-07-23T17:18:27.050] [DEBUG] debug-file - entry:default@SyscapTransform is not up-to-date, since the output file '/Users/guoyutong/MyWorkSpace/TestThirdParty/cases/tinyxml2/harmony-demo/entry/build/default/intermediates/syscap/default/rpcid.sc' does not exist.
[2026-07-23T17:18:27.055] [DEBUG] debug-file - Incremental task entry:default@ProcessStartupConfig pre-execution cost: 1 ms .
[2026-07-23T17:18:27.052] [INFO] debug-file - UP-TO-DATE :entry:default@ProcessProfile...  
[2026-07-23T17:18:27.050] [DEBUG] debug-file - Incremental task entry:default@SyscapTransform pre-execution cost: 16 ms .
[2026-07-23T17:18:27.055] [DEBUG] debug-file - entry : default@ProcessStartupConfig cost memory 0.09058380126953125
[2026-07-23T17:18:27.057] [DEBUG] debug-file - Use tool [Ninja]
 [
  '/Users/guoyutong/command-line-tools/sdk/default/openharmony/native/build-tools/cmake/bin/ninja',
  '-C',
  '/Users/guoyutong/MyWorkSpace/TestThirdParty/cases/tinyxml2/harmony-demo/entry/.cxx/default/default/debug/arm64-v8a'
]
[2026-07-23T17:18:27.051] [DEBUG] debug-file - entry : default@SyscapTransform cost memory 0.12664031982421875
[2026-07-23T17:18:27.055] [DEBUG] debug-file - runTaskFromQueue task cost before running: 723 ms 
[2026-07-23T17:18:27.057] [DEBUG] debug-file - Since there is no instance or instance is terminated, create a new worker pool.
[2026-07-23T17:18:27.060] [DEBUG] debug-file - Create  resident worker with id: 0.
[2026-07-23T17:18:27.077] [DEBUG] debug-file - OHOS_STL is c++_shared
[2026-07-23T17:18:27.051] [DEBUG] debug-file - runTaskFromQueue task cost before running: 718 ms 
[2026-07-23T17:18:27.055] [INFO] debug-file - Finished :entry:default@ProcessStartupConfig... after 1 ms 
[2026-07-23T17:18:27.057] [DEBUG] debug-file - Worker pool is initialized with config:  {
  minPoolNum: 2,
  maxPoolNum: undefined,
  maxCoreSize: undefined,
  cacheCapacity: undefined,
  cacheTtl: undefined
}
[2026-07-23T17:18:27.063] [DEBUG] debug-file - Create  resident worker with id: 1.
[2026-07-23T17:18:27.077] [DEBUG] debug-file - Copy STL libc++_shared.so to /Users/guoyutong/MyWorkSpace/TestThirdParty/cases/tinyxml2/harmony-demo/entry/build/default/intermediates/cmake/default/obj/arm64-v8a due to OHOS_STL is 'c++_shared'
[2026-07-23T17:18:27.051] [INFO] debug-file - Finished :entry:default@SyscapTransform... after 17 ms 
[2026-07-23T17:18:27.066] [DEBUG] debug-file - default@BuildNativeWithNinja work[0] is submitted.
[2026-07-23T17:18:27.077] [DEBUG] debug-file - Use tool [Ninja]
 [
  '/Users/guoyutong/command-line-tools/sdk/default/openharmony/native/build-tools/cmake/bin/ninja',
  '-C',
  '/Users/guoyutong/MyWorkSpace/TestThirdParty/cases/tinyxml2/harmony-demo/entry/.cxx/default/default/debug/x86_64'
]
[2026-07-23T17:18:27.066] [DEBUG] debug-file - default@BuildNativeWithNinja work[0] is pushed to ready queue.
[2026-07-23T17:18:27.090] [DEBUG] debug-file - Executing task :entry:default@ProcessResource
[2026-07-23T17:18:27.092] [DEBUG] debug-file - Executing task :entry:default@GenerateLoaderJson
[2026-07-23T17:18:27.095] [DEBUG] debug-file - Executing task :entry:default@CompileResource
[2026-07-23T17:18:27.077] [DEBUG] debug-file - default@BuildNativeWithNinja work[1] is submitted.
[2026-07-23T17:18:27.066] [DEBUG] debug-file - A work dispatched to worker[9] failed because unable to get work from ready queue.
[2026-07-23T17:18:27.104] [DEBUG] debug-file - Executing task :entry:default@BuildJS
[2026-07-23T17:18:27.100] [DEBUG] debug-file - Executing task :entry:default@CompileArkTS
[2026-07-23T17:18:27.090] [DEBUG] debug-file - Task 'entry:default@ProcessResource' cost while wrapping incremental declarations: 1 ms 
[2026-07-23T17:18:27.092] [DEBUG] debug-file - Task 'entry:default@GenerateLoaderJson' cost while wrapping incremental declarations: 1 ms 
[2026-07-23T17:18:27.099] [DEBUG] debug-file - Incremental task entry:default@CompileResource pre-execution cost: 2 ms .
[2026-07-23T17:18:27.078] [DEBUG] debug-file - default@BuildNativeWithNinja work[1] is pushed to ready queue.
[2026-07-23T17:18:27.067] [DEBUG] debug-file - Create  resident worker with id: 8.
[2026-07-23T17:18:27.104] [DEBUG] debug-file - Task 'entry:default@BuildJS' cost while wrapping incremental declarations: 1 ms 
[2026-07-23T17:18:27.100] [DEBUG] debug-file - obfuscationOptions: undefined
[2026-07-23T17:18:27.090] [DEBUG] debug-file - Incremental task entry:default@ProcessResource pre-execution cost: 1 ms .
[2026-07-23T17:18:27.094] [DEBUG] debug-file - Incremental task entry:default@GenerateLoaderJson pre-execution cost: 1 ms .
[2026-07-23T17:18:27.099] [DEBUG] debug-file - entry : default@CompileResource cost memory 0.0202178955078125
[2026-07-23T17:18:27.078] [DEBUG] debug-file - A work dispatched to worker[9] failed because unable to get work from ready queue.
[2026-07-23T17:18:27.068] [DEBUG] debug-file - default@BuildNativeWithNinja work[0] has been dispatched to worker[8].
[2026-07-23T17:18:27.104] [DEBUG] debug-file - entry : default@BuildJS cost memory 0.1566314697265625
[2026-07-23T17:18:27.101] [DEBUG] debug-file - Task 'entry:default@CompileArkTS' cost while wrapping incremental declarations: 1 ms 
[2026-07-23T17:18:27.090] [DEBUG] debug-file - entry : default@ProcessResource cost memory 0.1336822509765625
[2026-07-23T17:18:27.094] [DEBUG] debug-file - entry : default@GenerateLoaderJson cost memory 0.35466766357421875
[2026-07-23T17:18:27.099] [INFO] debug-file - UP-TO-DATE :entry:default@CompileResource...  
[2026-07-23T17:18:27.078] [DEBUG] debug-file - A work dispatched to worker[8] failed because of worker busy.
[2026-07-23T17:18:27.068] [DEBUG] debug-file - default@BuildNativeWithNinja work[0] is dispatched.
[2026-07-23T17:18:27.104] [DEBUG] debug-file - runTaskFromQueue task cost before running: 772 ms 
[2026-07-23T17:18:27.103] [DEBUG] debug-file - Incremental task entry:default@CompileArkTS pre-execution cost: 1 ms .
[2026-07-23T17:18:27.090] [INFO] debug-file - UP-TO-DATE :entry:default@ProcessResource...  
[2026-07-23T17:18:27.094] [INFO] debug-file - UP-TO-DATE :entry:default@GenerateLoaderJson...  
[2026-07-23T17:18:27.078] [DEBUG] debug-file - Create  resident worker with id: 7.
[2026-07-23T17:18:27.104] [INFO] debug-file - Finished :entry:default@BuildJS... after 1 ms 
[2026-07-23T17:18:27.103] [DEBUG] debug-file - entry : default@CompileArkTS cost memory 0.664947509765625
[2026-07-23T17:18:27.095] [DEBUG] debug-file - restool module names: entry; moduleName=entry, taskName=default@CompileResource
[2026-07-23T17:18:27.078] [DEBUG] debug-file - default@BuildNativeWithNinja work[1] has been dispatched to worker[7].
[2026-07-23T17:18:27.103] [INFO] debug-file - UP-TO-DATE :entry:default@CompileArkTS...  
[2026-07-23T17:18:27.078] [DEBUG] debug-file - default@BuildNativeWithNinja work[1] is dispatched.
[2026-07-23T17:18:27.083] [DEBUG] debug-file - OHOS_STL is c++_shared
[2026-07-23T17:18:27.083] [DEBUG] debug-file - Copy STL libc++_shared.so to /Users/guoyutong/MyWorkSpace/TestThirdParty/cases/tinyxml2/harmony-demo/entry/build/default/intermediates/cmake/default/obj/x86_64 due to OHOS_STL is 'c++_shared'
[2026-07-23T17:18:27.087] [DEBUG] debug-file - entry : default@BuildNativeWithNinja cost memory 3.7890243530273438
[2026-07-23T17:18:27.088] [DEBUG] debug-file - restool module names: entry; moduleName=entry, taskName=default@ProcessResource
[2026-07-23T17:18:27.426] [DEBUG] debug-file - ninja: Entering directory `/Users/guoyutong/MyWorkSpace/TestThirdParty/cases/tinyxml2/harmony-demo/entry/.cxx/default/default/debug/arm64-v8a'

[2026-07-23T17:18:27.427] [DEBUG] debug-file - ninja: Entering directory `/Users/guoyutong/MyWorkSpace/TestThirdParty/cases/tinyxml2/harmony-demo/entry/.cxx/default/default/debug/x86_64'

[2026-07-23T17:18:27.964] [DEBUG] debug-file - [1/2] Building CXX object CMakeFiles/entry.dir/napi_init.cpp.o
clang++: warning: argument unused during compilation: '--gcc-toolchain=/Users/guoyutong/command-line-tools/sdk/default/openharmony/native/llvm' [-Wunused-command-line-argument]

[2026-07-23T17:18:27.967] [DEBUG] debug-file - [1/2] Building CXX object CMakeFiles/entry.dir/napi_init.cpp.o
clang++: warning: argument unused during compilation: '--gcc-toolchain=/Users/guoyutong/command-line-tools/sdk/default/openharmony/native/llvm' [-Wunused-command-line-argument]

[2026-07-23T17:18:28.107] [DEBUG] debug-file - [2/2] Linking CXX shared library /Users/guoyutong/MyWorkSpace/TestThirdParty/cases/tinyxml2/harmony-demo/entry/build/default/intermediates/cmake/default/obj/arm64-v8a/libentry.so

[2026-07-23T17:18:28.107] [DEBUG] debug-file - [2/2] Linking CXX shared library /Users/guoyutong/MyWorkSpace/TestThirdParty/cases/tinyxml2/harmony-demo/entry/build/default/intermediates/cmake/default/obj/x86_64/libentry.so

[2026-07-23T17:18:28.108] [DEBUG] debug-file - worker[8] has one work done.
[2026-07-23T17:18:28.113] [DEBUG] debug-file - default@BuildNativeWithNinja work[0] done.
[2026-07-23T17:18:28.118] [DEBUG] debug-file - Executing task :entry:default@ProcessLibs
[2026-07-23T17:18:28.113] [DEBUG] debug-file - A work dispatched to worker[8] failed because unable to get work from ready queue.
[2026-07-23T17:18:28.127] [DEBUG] debug-file - Check content hash for /Users/guoyutong/MyWorkSpace/TestThirdParty/cases/tinyxml2/harmony-demo/entry/build/default/intermediates/cmake/default/obj/x86_64/libtinyxml2.a
[2026-07-23T17:18:28.113] [DEBUG] debug-file - worker[7] has one work done.
[2026-07-23T17:18:28.116] [DEBUG] debug-file - default@BuildNativeWithNinja work[1] done.
[2026-07-23T17:18:28.116] [DEBUG] debug-file - A work dispatched to worker[7] failed because unable to get work from ready queue.
[2026-07-23T17:18:28.117] [INFO] debug-file - Finished :entry:default@BuildNativeWithNinja... after 720 ms 
[2026-07-23T17:18:28.133] [DEBUG] debug-file - Check content hash for /Users/guoyutong/MyWorkSpace/TestThirdParty/cases/tinyxml2/harmony-demo/entry/build/default/intermediates/cmake/default/obj/x86_64/libentry.so
[2026-07-23T17:18:28.138] [DEBUG] debug-file - Check content hash for /Users/guoyutong/MyWorkSpace/TestThirdParty/cases/tinyxml2/harmony-demo/entry/build/default/intermediates/cmake/default/obj/x86_64/libc++_shared.so
[2026-07-23T17:18:28.143] [DEBUG] debug-file - Check content hash for /Users/guoyutong/MyWorkSpace/TestThirdParty/cases/tinyxml2/harmony-demo/entry/build/default/intermediates/cmake/default/obj/arm64-v8a/libtinyxml2.a
[2026-07-23T17:18:28.147] [DEBUG] debug-file - Check content hash for /Users/guoyutong/MyWorkSpace/TestThirdParty/cases/tinyxml2/harmony-demo/entry/build/default/intermediates/cmake/default/obj/arm64-v8a/libentry.so
[2026-07-23T17:18:28.148] [DEBUG] debug-file - Check content hash for /Users/guoyutong/MyWorkSpace/TestThirdParty/cases/tinyxml2/harmony-demo/entry/build/default/intermediates/cmake/default/obj/arm64-v8a/libc++_shared.so
[2026-07-23T17:18:28.151] [DEBUG] debug-file - Task 'entry:default@ProcessLibs' cost while wrapping incremental declarations: 1 ms 
[2026-07-23T17:18:28.152] [DEBUG] debug-file - entry:default@ProcessLibs is not up-to-date, since the task snapshots are different.
[2026-07-23T17:18:28.152] [DEBUG] debug-file - Incremental task entry:default@ProcessLibs pre-execution cost: 1 ms .
[2026-07-23T17:18:28.153] [DEBUG] debug-file - Worker dispatch failed, running processLibs on main thread.
[2026-07-23T17:18:28.154] [DEBUG] debug-file - Link /Users/guoyutong/MyWorkSpace/TestThirdParty/cases/tinyxml2/harmony-demo/entry/build/default/intermediates/cmake/default/obj/x86_64/libentry.so to /Users/guoyutong/MyWorkSpace/TestThirdParty/cases/tinyxml2/harmony-demo/entry/build/default/intermediates/libs/default/x86_64/libentry.so successfully.
[2026-07-23T17:18:28.154] [DEBUG] debug-file - Link /Users/guoyutong/MyWorkSpace/TestThirdParty/cases/tinyxml2/harmony-demo/entry/build/default/intermediates/cmake/default/obj/x86_64/libc++_shared.so to /Users/guoyutong/MyWorkSpace/TestThirdParty/cases/tinyxml2/harmony-demo/entry/build/default/intermediates/libs/default/x86_64/libc++_shared.so successfully.
[2026-07-23T17:18:28.155] [DEBUG] debug-file - Link /Users/guoyutong/MyWorkSpace/TestThirdParty/cases/tinyxml2/harmony-demo/entry/build/default/intermediates/cmake/default/obj/arm64-v8a/libentry.so to /Users/guoyutong/MyWorkSpace/TestThirdParty/cases/tinyxml2/harmony-demo/entry/build/default/intermediates/libs/default/arm64-v8a/libentry.so successfully.
[2026-07-23T17:18:28.155] [DEBUG] debug-file - Link /Users/guoyutong/MyWorkSpace/TestThirdParty/cases/tinyxml2/harmony-demo/entry/build/default/intermediates/cmake/default/obj/arm64-v8a/libc++_shared.so to /Users/guoyutong/MyWorkSpace/TestThirdParty/cases/tinyxml2/harmony-demo/entry/build/default/intermediates/libs/default/arm64-v8a/libc++_shared.so successfully.
[2026-07-23T17:18:28.155] [DEBUG] debug-file - entry : default@ProcessLibs cost memory -25.685096740722656
[2026-07-23T17:18:28.156] [DEBUG] debug-file - Executing task :entry:default@DoNativeStrip
[2026-07-23T17:18:28.155] [DEBUG] debug-file - runTaskFromQueue task cost before running: 1 s 823 ms 
[2026-07-23T17:18:28.156] [DEBUG] debug-file - File: '/Users/guoyutong/MyWorkSpace/TestThirdParty/cases/tinyxml2/harmony-demo/entry/build/default/intermediates/binxo/default' from 'doBinxoNativeLibs' is not exists, just ignore.
[2026-07-23T17:18:28.155] [INFO] debug-file - Finished :entry:default@ProcessLibs... after 38 ms 
[2026-07-23T17:18:28.156] [DEBUG] debug-file - Task 'entry:default@DoNativeStrip' cost while wrapping incremental declarations: 1 ms 
[2026-07-23T17:18:28.156] [DEBUG] debug-file - entry:default@DoNativeStrip is not up-to-date, since the input file '/Users/guoyutong/MyWorkSpace/TestThirdParty/cases/tinyxml2/harmony-demo/entry/build/default/intermediates/libs/default' has been changed.
[2026-07-23T17:18:28.156] [DEBUG] debug-file - Incremental task entry:default@DoNativeStrip pre-execution cost: 1 ms .
[2026-07-23T17:18:28.157] [DEBUG] debug-file - default@DoNativeStrip work[2] is submitted.
[2026-07-23T17:18:28.157] [DEBUG] debug-file - default@DoNativeStrip work[2] is pushed to ready queue.
[2026-07-23T17:18:28.157] [DEBUG] debug-file - A work dispatched to worker[9] failed because unable to get work from ready queue.
[2026-07-23T17:18:28.157] [DEBUG] debug-file - default@DoNativeStrip work[2] has been dispatched to worker[8].
[2026-07-23T17:18:28.157] [DEBUG] debug-file - default@DoNativeStrip work[2] is dispatched.
[2026-07-23T17:18:28.157] [DEBUG] debug-file - entry : default@DoNativeStrip cost memory 0.251434326171875
[2026-07-23T17:18:28.165] [DEBUG] debug-file - current process  memoryUsage: {
  rss: 550830080,
  heapTotal: 90521600,
  heapUsed: 55171608,
  external: 5061605,
  arrayBuffers: 36807
} os memoryUsage :15.815841674804688
[2026-07-23T17:18:28.166] [DEBUG] debug-file - current process  memoryUsage: {
  rss: 550846464,
  heapTotal: 90521600,
  heapUsed: 55282144,
  external: 5061645,
  arrayBuffers: 36807
} os memoryUsage :15.81573486328125
[2026-07-23T17:18:28.181] [DEBUG] debug-file - worker[8] has one work done.
[2026-07-23T17:18:28.181] [DEBUG] debug-file - default@DoNativeStrip work[2] done.
[2026-07-23T17:18:28.183] [DEBUG] debug-file - Executing task :entry:default@CacheNativeLibs
[2026-07-23T17:18:28.182] [DEBUG] debug-file - A work dispatched to worker[8] failed because unable to get work from ready queue.
[2026-07-23T17:18:28.183] [DEBUG] debug-file - File: '/Users/guoyutong/MyWorkSpace/TestThirdParty/cases/tinyxml2/harmony-demo/entry/build/default/intermediates/binxo/default' from 'cacheBinxoNativeLibs' is not exists, just ignore.
[2026-07-23T17:18:28.182] [INFO] debug-file - Finished :entry:default@DoNativeStrip... after 24 ms 
[2026-07-23T17:18:28.183] [DEBUG] debug-file - Task 'entry:default@CacheNativeLibs' cost while wrapping incremental declarations: 1 ms 
[2026-07-23T17:18:28.183] [DEBUG] debug-file - entry:default@CacheNativeLibs is not up-to-date, since the input file '/Users/guoyutong/MyWorkSpace/TestThirdParty/cases/tinyxml2/harmony-demo/entry/build/default/intermediates/stripped_native_libs/default' has been changed.
[2026-07-23T17:18:28.183] [DEBUG] debug-file - Incremental task entry:default@CacheNativeLibs pre-execution cost: 1 ms .
[2026-07-23T17:18:28.183] [DEBUG] debug-file - default@CacheNativeLibs work[3] is submitted.
[2026-07-23T17:18:28.183] [DEBUG] debug-file - default@CacheNativeLibs work[3] is pushed to ready queue.
[2026-07-23T17:18:28.183] [DEBUG] debug-file - A work dispatched to worker[9] failed because unable to get work from ready queue.
[2026-07-23T17:18:28.183] [DEBUG] debug-file - default@CacheNativeLibs work[3] has been dispatched to worker[8].
[2026-07-23T17:18:28.183] [DEBUG] debug-file - default@CacheNativeLibs work[3] is dispatched.
[2026-07-23T17:18:28.183] [DEBUG] debug-file - entry : default@CacheNativeLibs cost memory 0.14301300048828125
[2026-07-23T17:18:28.184] [DEBUG] debug-file - worker[8] has one work done.
[2026-07-23T17:18:28.184] [DEBUG] debug-file - default@CacheNativeLibs work[3] done.
[2026-07-23T17:18:28.187] [DEBUG] debug-file - default@PackageHap work[4] is submitted.
[2026-07-23T17:18:28.184] [DEBUG] debug-file - A work dispatched to worker[8] failed because unable to get work from ready queue.
[2026-07-23T17:18:28.186] [DEBUG] debug-file - Executing task :entry:default@PackageHap
[2026-07-23T17:18:28.187] [DEBUG] debug-file - default@PackageHap work[4] is pushed to ready queue.
[2026-07-23T17:18:28.184] [INFO] debug-file - Finished :entry:default@CacheNativeLibs... after 2 ms 
[2026-07-23T17:18:28.187] [DEBUG] debug-file - entry:default@PackageHap is not up-to-date, since the input file '/Users/guoyutong/MyWorkSpace/TestThirdParty/cases/tinyxml2/harmony-demo/entry/build/default/intermediates/stripped_native_libs/default' has been changed.
[2026-07-23T17:18:28.187] [DEBUG] debug-file - A work dispatched to worker[9] failed because unable to get work from ready queue.
[2026-07-23T17:18:28.185] [DEBUG] debug-file - Executing task :entry:default@GeneratePkgModuleJson
[2026-07-23T17:18:28.187] [DEBUG] debug-file - Incremental task entry:default@PackageHap pre-execution cost: 1 ms .
[2026-07-23T17:18:28.187] [DEBUG] debug-file - default@PackageHap work[4] has been dispatched to worker[8].
[2026-07-23T17:18:28.185] [DEBUG] debug-file - File: '/Users/guoyutong/MyWorkSpace/TestThirdParty/cases/tinyxml2/harmony-demo/entry/build/default/intermediates/preload/default/preload.json' from 'preloadSoJsonPath' is not exists, just ignore.
[2026-07-23T17:18:28.187] [DEBUG] debug-file - Use tool [/Users/guoyutong/command-line-tools/sdk/default/openharmony/toolchains/lib/app_packing_tool.jar]
 [
  'java',
  '-Dfile.encoding=utf-8',
  '-jar',
  '/Users/guoyutong/command-line-tools/sdk/default/openharmony/toolchains/lib/app_packing_tool.jar',
  '--mode',
  'hap',
  '--force',
  'true',
  '--lib-path',
  '/Users/guoyutong/MyWorkSpace/TestThirdParty/cases/tinyxml2/harmony-demo/entry/build/default/intermediates/stripped_native_libs/default',
  '--json-path',
  '/Users/guoyutong/MyWorkSpace/TestThirdParty/cases/tinyxml2/harmony-demo/entry/build/default/intermediates/package/default/module.json',
  '--resources-path',
  '/Users/guoyutong/MyWorkSpace/TestThirdParty/cases/tinyxml2/harmony-demo/entry/build/default/intermediates/res/default/resources',
  '--index-path',
  '/Users/guoyutong/MyWorkSpace/TestThirdParty/cases/tinyxml2/harmony-demo/entry/build/default/intermediates/res/default/resources.index',
  '--pack-info-path',
  '/Users/guoyutong/MyWorkSpace/TestThirdParty/cases/tinyxml2/harmony-demo/entry/build/default/outputs/default/pack.info',
  '--out-path',
  '/Users/guoyutong/MyWorkSpace/TestThirdParty/cases/tinyxml2/harmony-demo/entry/build/default/outputs/default/entry-default-unsigned.hap',
  '--ets-path',
  '/Users/guoyutong/MyWorkSpace/TestThirdParty/cases/tinyxml2/harmony-demo/entry/build/default/intermediates/loader_out/default/ets',
  '--pkg-sdk-info-path',
  '/Users/guoyutong/MyWorkSpace/TestThirdParty/cases/tinyxml2/harmony-demo/entry/build/default/intermediates/loader/default/pkgSdkInfo.json'
]
[2026-07-23T17:18:28.187] [DEBUG] debug-file - default@PackageHap work[4] is dispatched.
[2026-07-23T17:18:28.185] [DEBUG] debug-file - Error occurs while handling @Input 'shouldDeduplicateHar': The "data" argument must be of type string or an instance of Buffer, TypedArray, or DataView. Received undefined
[2026-07-23T17:18:28.188] [DEBUG] debug-file - entry : default@PackageHap cost memory 0.40485382080078125
[2026-07-23T17:18:28.185] [DEBUG] debug-file - Task 'entry:default@GeneratePkgModuleJson' cost while wrapping incremental declarations: 1 ms 
[2026-07-23T17:18:28.185] [DEBUG] debug-file - Incremental task entry:default@GeneratePkgModuleJson pre-execution cost: 1 ms .
[2026-07-23T17:18:28.185] [DEBUG] debug-file - entry : default@GeneratePkgModuleJson cost memory 0.07752227783203125
[2026-07-23T17:18:28.185] [INFO] debug-file - UP-TO-DATE :entry:default@GeneratePkgModuleJson...  
[2026-07-23T17:18:28.185] [DEBUG] debug-file - Executing task :entry:default@ProcessCompiledResources
[2026-07-23T17:18:28.185] [DEBUG] debug-file - File: '/Users/guoyutong/MyWorkSpace/TestThirdParty/cases/tinyxml2/harmony-demo/entry/build/default/intermediates/preload/default/preload.json' from 'preloadSoJsonPath' is not exists, just ignore.
[2026-07-23T17:18:28.185] [DEBUG] debug-file - Task 'entry:default@ProcessCompiledResources' cost while wrapping incremental declarations: 1 ms 
[2026-07-23T17:18:28.185] [DEBUG] debug-file - entry : default@ProcessCompiledResources cost memory 0.04949951171875
[2026-07-23T17:18:28.185] [DEBUG] debug-file - runTaskFromQueue task cost before running: 1 s 853 ms 
[2026-07-23T17:18:28.185] [INFO] debug-file - Finished :entry:default@ProcessCompiledResources... after 1 ms 
[2026-07-23T17:18:28.188] [DEBUG] debug-file - current process  memoryUsage: {
  rss: 550928384,
  heapTotal: 90521600,
  heapUsed: 55719944,
  external: 5061645,
  arrayBuffers: 36807
} os memoryUsage :15.809646606445312
[2026-07-23T17:18:28.446] [DEBUG] debug-file - worker[8] has one work done.
[2026-07-23T17:18:28.446] [DEBUG] debug-file - default@PackageHap work[4] done.
[2026-07-23T17:18:28.447] [DEBUG] debug-file - Executing task :entry:default@PackingCheck
[2026-07-23T17:18:28.449] [DEBUG] debug-file - Executing task :entry:default@CollectDebugSymbol
[2026-07-23T17:18:28.448] [DEBUG] debug-file - Executing task :entry:default@SignHap
[2026-07-23T17:18:28.446] [DEBUG] debug-file - A work dispatched to worker[8] failed because unable to get work from ready queue.
[2026-07-23T17:18:28.448] [DEBUG] debug-file - entry : default@PackingCheck cost memory 0.2835235595703125
[2026-07-23T17:18:28.450] [DEBUG] debug-file - entry : default@CollectDebugSymbol cost memory 0.10872650146484375
[2026-07-23T17:18:28.448] [WARN] debug-file - No signingConfig found for product default
[2026-07-23T17:18:28.446] [INFO] debug-file - Finished :entry:default@PackageHap... after 260 ms 
[2026-07-23T17:18:28.448] [DEBUG] debug-file - runTaskFromQueue task cost before running: 2 s 116 ms 
[2026-07-23T17:18:28.450] [DEBUG] debug-file - runTaskFromQueue task cost before running: 2 s 117 ms 
[2026-07-23T17:18:28.449] [DEBUG] debug-file - entry:default@SignHap is not up-to-date, since the input file '/Users/guoyutong/MyWorkSpace/TestThirdParty/cases/tinyxml2/harmony-demo/entry/build/default/outputs/default/entry-default-unsigned.hap' has been changed.
[2026-07-23T17:18:28.448] [INFO] debug-file - Finished :entry:default@PackingCheck... after 1 ms 
[2026-07-23T17:18:28.450] [INFO] debug-file - Finished :entry:default@CollectDebugSymbol... after 1 ms 
[2026-07-23T17:18:28.449] [DEBUG] debug-file - Incremental task entry:default@SignHap pre-execution cost: 1 ms .
[2026-07-23T17:18:28.450] [DEBUG] debug-file - Executing task :entry:assembleHap
[2026-07-23T17:18:28.449] [DEBUG] debug-file - entry : default@SignHap cost memory 0.0731201171875
[2026-07-23T17:18:28.450] [DEBUG] debug-file - entry : assembleHap cost memory 0.0135955810546875
[2026-07-23T17:18:28.449] [DEBUG] debug-file - runTaskFromQueue task cost before running: 2 s 117 ms 
[2026-07-23T17:18:28.450] [DEBUG] debug-file - runTaskFromQueue task cost before running: 2 s 118 ms 
[2026-07-23T17:18:28.449] [INFO] debug-file - Finished :entry:default@SignHap... after 1 ms 
[2026-07-23T17:18:28.450] [INFO] debug-file - Finished :entry:assembleHap... after 1 ms 
[2026-07-23T17:18:28.450] [INFO] debug-file - BUILD SUCCESSFUL in 2 s 118 ms 
[2026-07-23T17:18:28.451] [DEBUG] debug-file - There is no need to refresh cache, since the incremental task entry:default@PreBuild is up-to-date.
[2026-07-23T17:18:28.451] [DEBUG] debug-file - Update task entry:default@CreateModuleInfo output file:/Users/guoyutong/MyWorkSpace/TestThirdParty/cases/tinyxml2/harmony-demo/entry/build/default/generated/profile/default/ModuleInfo.ts cache.
[2026-07-23T17:18:28.451] [DEBUG] debug-file - Incremental task entry:default@CreateModuleInfo post-execution cost:1 ms .
[2026-07-23T17:18:28.451] [DEBUG] debug-file - There is no need to refresh cache, since the incremental task entry:default@GenerateMetadata is up-to-date.
[2026-07-23T17:18:28.451] [DEBUG] debug-file - There is no need to refresh cache, since the incremental task entry:default@MergeProfile is up-to-date.
[2026-07-23T17:18:28.451] [DEBUG] debug-file - There is no need to refresh cache, since the incremental task entry:default@CreateBuildProfile is up-to-date.
[2026-07-23T17:18:28.451] [DEBUG] debug-file - Update task entry:default@GeneratePkgContextInfo output file:/Users/guoyutong/MyWorkSpace/TestThirdParty/cases/tinyxml2/harmony-demo/entry/build/default/intermediates/loader/default/pkgContextInfo.json cache.
[2026-07-23T17:18:28.451] [DEBUG] debug-file - Incremental task entry:default@GeneratePkgContextInfo post-execution cost:1 ms .
[2026-07-23T17:18:28.451] [DEBUG] debug-file - There is no need to refresh cache, since the incremental task entry:default@GeneratePkgSdkInfo is up-to-date.
[2026-07-23T17:18:28.451] [DEBUG] debug-file - Update task entry:default@ProcessIntegratedHsp output file:/Users/guoyutong/MyWorkSpace/TestThirdParty/cases/tinyxml2/harmony-demo/build/cache/default/integrated_hsp/integratedHspCache.json cache.
[2026-07-23T17:18:28.451] [DEBUG] debug-file - Incremental task entry:default@ProcessIntegratedHsp post-execution cost:1 ms .
[2026-07-23T17:18:28.451] [DEBUG] debug-file - There is no need to refresh cache, since the incremental task entry:default@MakePackInfo is up-to-date.
[2026-07-23T17:18:28.451] [DEBUG] debug-file - Update task entry:default@SyscapTransform input file:/Users/guoyutong/command-line-tools/sdk/default/openharmony/toolchains/syscap_tool cache by regenerate.
[2026-07-23T17:18:28.451] [DEBUG] debug-file - Update task entry:default@SyscapTransform input file:/Users/guoyutong/command-line-tools/sdk/default/openharmony/ets/api/device-define cache by regenerate.
[2026-07-23T17:18:28.451] [DEBUG] debug-file - Update task entry:default@SyscapTransform output file:/Users/guoyutong/MyWorkSpace/TestThirdParty/cases/tinyxml2/harmony-demo/entry/build/default/intermediates/syscap/default/rpcid.sc cache.
[2026-07-23T17:18:28.451] [DEBUG] debug-file - Incremental task entry:default@SyscapTransform post-execution cost:1 ms .
[2026-07-23T17:18:28.451] [DEBUG] debug-file - There is no need to refresh cache, since the incremental task entry:default@ProcessProfile is up-to-date.
[2026-07-23T17:18:28.451] [DEBUG] debug-file - There is no need to refresh cache, since the incremental task entry:default@ProcessRouterMap is up-to-date.
[2026-07-23T17:18:28.451] [DEBUG] debug-file - There is no need to refresh cache, since the incremental task entry:default@ProcessShareConfig is up-to-date.
[2026-07-23T17:18:28.451] [DEBUG] debug-file - Update task entry:default@ProcessStartupConfig output file:/Users/guoyutong/MyWorkSpace/TestThirdParty/cases/tinyxml2/harmony-demo/entry/build/default/intermediates/startup/default/startup_config.json cache.
[2026-07-23T17:18:28.451] [DEBUG] debug-file - Incremental task entry:default@ProcessStartupConfig post-execution cost:1 ms .
[2026-07-23T17:18:28.451] [DEBUG] debug-file - There is no need to refresh cache, since the incremental task entry:default@ProcessResource is up-to-date.
[2026-07-23T17:18:28.451] [DEBUG] debug-file - There is no need to refresh cache, since the incremental task entry:default@GenerateLoaderJson is up-to-date.
[2026-07-23T17:18:28.451] [DEBUG] debug-file - There is no need to refresh cache, since the incremental task entry:default@CompileResource is up-to-date.
[2026-07-23T17:18:28.451] [DEBUG] debug-file - There is no need to refresh cache, since the incremental task entry:default@CompileArkTS is up-to-date.
[2026-07-23T17:18:28.451] [DEBUG] debug-file - Update task entry:default@BuildJS input file:/Users/guoyutong/MyWorkSpace/TestThirdParty/cases/tinyxml2/harmony-demo/entry/build/default/intermediates/loader/default cache by regenerate.
[2026-07-23T17:18:28.451] [DEBUG] debug-file - Update task entry:default@BuildJS input file:/Users/guoyutong/MyWorkSpace/TestThirdParty/cases/tinyxml2/harmony-demo/entry/build/default/intermediates/res/default/ResourceTable.txt cache by regenerate.
[2026-07-23T17:18:28.451] [DEBUG] debug-file - Update task entry:default@BuildJS input file:/Users/guoyutong/MyWorkSpace/TestThirdParty/cases/tinyxml2/harmony-demo/entry/build/default/intermediates/res/default/ark_module.json cache by regenerate.
[2026-07-23T17:18:28.451] [DEBUG] debug-file - Update task entry:default@BuildJS input file:/Users/guoyutong/MyWorkSpace/TestThirdParty/cases/tinyxml2/harmony-demo/entry/build/default/intermediates/res/default/resources/base/profile cache by regenerate.
[2026-07-23T17:18:28.451] [DEBUG] debug-file - Update task entry:default@BuildJS output file:/Users/guoyutong/MyWorkSpace/TestThirdParty/cases/tinyxml2/harmony-demo/entry/build/default/intermediates/loader_out/default/js cache.
[2026-07-23T17:18:28.451] [DEBUG] debug-file - Incremental task entry:default@BuildJS post-execution cost:1 ms .
[2026-07-23T17:18:28.451] [DEBUG] debug-file - Update task entry:default@ProcessLibs input file:/Users/guoyutong/MyWorkSpace/TestThirdParty/cases/tinyxml2/harmony-demo/build-profile.json5 cache by regenerate.
[2026-07-23T17:18:28.451] [DEBUG] debug-file - Update task entry:default@ProcessLibs input file:/Users/guoyutong/MyWorkSpace/TestThirdParty/cases/tinyxml2/harmony-demo/entry/build-profile.json5 cache by regenerate.
[2026-07-23T17:18:28.451] [DEBUG] debug-file - Update task entry:default@ProcessLibs output file:/Users/guoyutong/MyWorkSpace/TestThirdParty/cases/tinyxml2/harmony-demo/entry/build/default/intermediates/libs/default cache.
[2026-07-23T17:18:28.452] [DEBUG] debug-file - Incremental task entry:default@ProcessLibs post-execution cost:1 ms .
[2026-07-23T17:18:28.452] [DEBUG] debug-file - Update task entry:default@DoNativeStrip input file:/Users/guoyutong/MyWorkSpace/TestThirdParty/cases/tinyxml2/harmony-demo/entry/build/default/intermediates/libs/default cache from map.
[2026-07-23T17:18:28.452] [DEBUG] debug-file - Update task entry:default@DoNativeStrip output file:/Users/guoyutong/MyWorkSpace/TestThirdParty/cases/tinyxml2/harmony-demo/entry/build/default/intermediates/stripped_native_libs/default cache.
[2026-07-23T17:18:28.452] [DEBUG] debug-file - Incremental task entry:default@DoNativeStrip post-execution cost:1 ms .
[2026-07-23T17:18:28.452] [DEBUG] debug-file - Update task entry:default@CacheNativeLibs input file:/Users/guoyutong/MyWorkSpace/TestThirdParty/cases/tinyxml2/harmony-demo/entry/build/default/intermediates/stripped_native_libs/default cache from map.
[2026-07-23T17:18:28.452] [DEBUG] debug-file - Update task entry:default@CacheNativeLibs input file:/Users/guoyutong/MyWorkSpace/TestThirdParty/cases/tinyxml2/harmony-demo/entry/build/default/intermediates/libs/default cache by regenerate.
[2026-07-23T17:18:28.452] [DEBUG] debug-file - Update task entry:default@CacheNativeLibs output file:/Users/guoyutong/MyWorkSpace/TestThirdParty/cases/tinyxml2/harmony-demo/entry/build/default/intermediates/patch/default/base_native_libs.json cache.
[2026-07-23T17:18:28.452] [DEBUG] debug-file - Update task entry:default@CacheNativeLibs output file:/Users/guoyutong/MyWorkSpace/TestThirdParty/cases/tinyxml2/harmony-demo/entry/build/default/intermediates/patch/default/binxo_native_libs.json cache.
[2026-07-23T17:18:28.452] [DEBUG] debug-file - Incremental task entry:default@CacheNativeLibs post-execution cost:1 ms .
[2026-07-23T17:18:28.452] [DEBUG] debug-file - There is no need to refresh cache, since the incremental task entry:default@GeneratePkgModuleJson is up-to-date.
[2026-07-23T17:18:28.452] [DEBUG] debug-file - Incremental task entry:default@ProcessCompiledResources post-execution cost:1 ms .
[2026-07-23T17:18:28.452] [DEBUG] debug-file - Update task entry:default@PackageHap input file:/Users/guoyutong/MyWorkSpace/TestThirdParty/cases/tinyxml2/harmony-demo/entry/build/default/outputs/default/pack.info cache by regenerate.
[2026-07-23T17:18:28.452] [DEBUG] debug-file - Update task entry:default@PackageHap input file:/Users/guoyutong/MyWorkSpace/TestThirdParty/cases/tinyxml2/harmony-demo/entry/build/default/intermediates/stripped_native_libs/default cache from map.
[2026-07-23T17:18:28.452] [DEBUG] debug-file - Update task entry:default@PackageHap input file:/Users/guoyutong/MyWorkSpace/TestThirdParty/cases/tinyxml2/harmony-demo/entry/build/default/intermediates/res/default/module.json cache by regenerate.
[2026-07-23T17:18:28.452] [DEBUG] debug-file - Update task entry:default@PackageHap input file:/Users/guoyutong/MyWorkSpace/TestThirdParty/cases/tinyxml2/harmony-demo/entry/build/default/intermediates/res/default/resources cache by regenerate.
[2026-07-23T17:18:28.452] [DEBUG] debug-file - Update task entry:default@PackageHap input file:/Users/guoyutong/MyWorkSpace/TestThirdParty/cases/tinyxml2/harmony-demo/entry/build/default/intermediates/res/default/resources.index cache by regenerate.
[2026-07-23T17:18:28.452] [DEBUG] debug-file - Update task entry:default@PackageHap input file:/Users/guoyutong/MyWorkSpace/TestThirdParty/cases/tinyxml2/harmony-demo/entry/build/default/intermediates/loader_out/default/ets cache by regenerate.
[2026-07-23T17:18:28.452] [DEBUG] debug-file - Update task entry:default@PackageHap input file:/Users/guoyutong/MyWorkSpace/TestThirdParty/cases/tinyxml2/harmony-demo/entry/build/default/intermediates/loader/default/pkgSdkInfo.json cache by regenerate.
[2026-07-23T17:18:28.452] [DEBUG] debug-file - Update task entry:default@PackageHap input file:/Users/guoyutong/MyWorkSpace/TestThirdParty/cases/tinyxml2/harmony-demo/entry/build/default/intermediates/package/default/module.json cache by regenerate.
[2026-07-23T17:18:28.452] [DEBUG] debug-file - Update task entry:default@PackageHap input file:/Users/guoyutong/MyWorkSpace/TestThirdParty/cases/tinyxml2/harmony-demo/entry/build/default/intermediates/loader_out/default/ets/sourceMaps.map cache by regenerate.
[2026-07-23T17:18:28.452] [DEBUG] debug-file - Update task entry:default@PackageHap input file:/Users/guoyutong/MyWorkSpace/TestThirdParty/cases/tinyxml2/harmony-demo/entry/build/default/generated/profile/default/BuildProfile.ets cache by regenerate.
[2026-07-23T17:18:28.452] [DEBUG] debug-file - Update task entry:default@PackageHap output file:/Users/guoyutong/MyWorkSpace/TestThirdParty/cases/tinyxml2/harmony-demo/entry/build/default/outputs/default/entry-default-unsigned.hap cache.
[2026-07-23T17:18:28.452] [DEBUG] debug-file - Update task entry:default@PackageHap output file:/Users/guoyutong/MyWorkSpace/TestThirdParty/cases/tinyxml2/harmony-demo/entry/build/default/intermediates/source_map/default/sourceMaps.map cache.
[2026-07-23T17:18:28.452] [DEBUG] debug-file - Update task entry:default@PackageHap output file:/Users/guoyutong/MyWorkSpace/TestThirdParty/cases/tinyxml2/harmony-demo/entry/build/default/outputs/default/mapping/sourceMaps.map cache.
[2026-07-23T17:18:28.452] [DEBUG] debug-file - Incremental task entry:default@PackageHap post-execution cost:1 ms .
[2026-07-23T17:18:28.452] [DEBUG] debug-file - Update task entry:default@SignHap input file:/Users/guoyutong/MyWorkSpace/TestThirdParty/cases/tinyxml2/harmony-demo/entry/build/default/outputs/default/entry-default-unsigned.hap cache from map.
[2026-07-23T17:18:28.452] [DEBUG] debug-file - Update task entry:default@SignHap output file:/Users/guoyutong/MyWorkSpace/TestThirdParty/cases/tinyxml2/harmony-demo/entry/build/default/outputs/default/entry-default-signed.hap cache.
[2026-07-23T17:18:28.452] [DEBUG] debug-file - Incremental task entry:default@SignHap post-execution cost:1 ms .
[2026-07-23T17:18:28.452] [DEBUG] debug-file - Update task entry:default@CollectDebugSymbol input file:/Users/guoyutong/MyWorkSpace/TestThirdParty/cases/tinyxml2/harmony-demo/entry/build/default/intermediates/loader_out/default/ets/sourceMaps.map cache by regenerate.
[2026-07-23T17:18:28.452] [DEBUG] debug-file - Update task entry:default@CollectDebugSymbol input file:/Users/guoyutong/MyWorkSpace/TestThirdParty/cases/tinyxml2/harmony-demo/entry/build/default/intermediates/libs/default cache by regenerate.
[2026-07-23T17:18:28.452] [DEBUG] debug-file - Update task entry:default@CollectDebugSymbol output file:/Users/guoyutong/MyWorkSpace/TestThirdParty/cases/tinyxml2/harmony-demo/entry/build/default/outputs/default/symbol cache.
[2026-07-23T17:18:28.452] [DEBUG] debug-file - Incremental task entry:default@CollectDebugSymbol post-execution cost:1 ms .
[2026-07-23T17:18:28.456] [DEBUG] debug-file - Current worker pool is stopped or closed.
[2026-07-23T17:18:28.456] [DEBUG] debug-file - Clear worker 0.
[2026-07-23T17:18:28.456] [DEBUG] debug-file - Worker 0 has been cleared.
[2026-07-23T17:18:28.456] [DEBUG] debug-file - Current idle worker size: 3.
[2026-07-23T17:18:28.456] [DEBUG] debug-file - Current busy worker size: 0.
[2026-07-23T17:18:28.456] [DEBUG] debug-file - Clear worker 1.
[2026-07-23T17:18:28.456] [DEBUG] debug-file - Worker 1 has been cleared.
[2026-07-23T17:18:28.456] [DEBUG] debug-file - Current idle worker size: 2.
[2026-07-23T17:18:28.456] [DEBUG] debug-file - Current busy worker size: 0.
[2026-07-23T17:18:28.456] [DEBUG] debug-file - Clear worker 7.
[2026-07-23T17:18:28.456] [DEBUG] debug-file - Worker 7 has been cleared.
[2026-07-23T17:18:28.456] [DEBUG] debug-file - Current idle worker size: 1.
[2026-07-23T17:18:28.456] [DEBUG] debug-file - Current busy worker size: 0.
[2026-07-23T17:18:28.456] [DEBUG] debug-file - Clear worker 8.
[2026-07-23T17:18:28.456] [DEBUG] debug-file - Worker 8 has been cleared.
[2026-07-23T17:18:28.456] [DEBUG] debug-file - Current idle worker size: 0.
[2026-07-23T17:18:28.456] [DEBUG] debug-file - Current busy worker size: 0.
[2026-07-23T17:18:28.456] [DEBUG] debug-file - hvigor build process will be closed.
[2026-07-23T17:18:28.457] [DEBUG] debug-file - Current worker pool is terminated.
[2026-07-23T17:18:28.457] [DEBUG] debug-file - worker[1] exits with exit code 1.
[2026-07-23T17:18:28.457] [DEBUG] debug-file - worker[0] exits with exit code 1.
[2026-07-23T17:18:28.458] [DEBUG] debug-file - worker[8] exits with exit code 1.
[2026-07-23T17:18:28.458] [DEBUG] debug-file - worker[7] exits with exit code 1.
[2026-07-23T17:18:32.074] [DEBUG] debug-file - env: nodejsVersion=v24.14.1
[2026-07-23T17:18:32.179] [DEBUG] debug-file - Hvigor init with startParameters:{
  hvigorfileTypeCheck: false,
  parallelExecution: true,
  incrementalExecution: true,
  printStackTrace: false,
  daemon: false,
  analyze: 0,
  logLevel: Level { level: 20000, levelStr: 'INFO', colour: 'green' },
  optimizationStrategy: 'memory',
  hotCompile: undefined,
  hotReloadBuild: undefined,
  customizedParam: undefined
}
[2026-07-23T17:18:32.544] [DEBUG] debug-file - hvigorfile, require result:  { default: { system: [Function: appTasks], plugins: [] } }
[2026-07-23T17:18:32.545] [DEBUG] debug-file - Starting plugin build process
[2026-07-23T17:18:32.608] [DEBUG] debug-file - App plugin register hook start...
[2026-07-23T17:18:32.609] [DEBUG] debug-file - Start initialize project's product build option map with build mode debug.
[2026-07-23T17:18:32.609] [DEBUG] debug-file - Obtain build option for product 'default'in this build.
[2026-07-23T17:18:32.612] [DEBUG] debug-file - Start recording SDK configuration permission data.
[2026-07-23T17:18:32.628] [DEBUG] debug-file - Project task initialization takes 2 ms 
[2026-07-23T17:18:32.631] [DEBUG] debug-file - failed to load cangjie to dynamically generate schemas: Error: Cannot find module '@ohos/cangjie-build-support/index'
Require stack:
- /Users/guoyutong/command-line-tools/hvigor/hvigor-ohos-plugin/src/plugin/hooks/cangjie-register.js
- /Users/guoyutong/command-line-tools/hvigor/hvigor-ohos-plugin/src/plugin/strategy/stage-init-strategy.js
- /Users/guoyutong/command-line-tools/hvigor/hvigor-ohos-plugin/src/plugin/builder/abstract-plugin-builder.js
- /Users/guoyutong/command-line-tools/hvigor/hvigor-ohos-plugin/src/plugin/builder/app-plugin-builder.js
- /Users/guoyutong/command-line-tools/hvigor/hvigor-ohos-plugin/src/plugin/factory/plugin-factory.js
- /Users/guoyutong/command-line-tools/hvigor/hvigor-ohos-plugin/index.js
- /Users/guoyutong/MyWorkSpace/TestThirdParty/cases/tinyxml2/harmony-demo/hvigorfile.ts
- /Users/guoyutong/command-line-tools/hvigor/hvigor/src/base/internal/lifecycle/configuration.js
- /Users/guoyutong/command-line-tools/hvigor/hvigor/src/base/boot/index.js
- /Users/guoyutong/command-line-tools/hvigor/hvigor/src/cli/main/cli.js
- /Users/guoyutong/command-line-tools/hvigor/hvigor/bin/hvigor.js
[2026-07-23T17:18:32.633] [DEBUG] debug-file - Start initialize module-target build option map, moduleName=entry, buildMode=debug
[2026-07-23T17:18:32.636] [DEBUG] debug-file - project has submodules:entry
[2026-07-23T17:18:32.637] [DEBUG] debug-file - start to load updatedOhPackageInfo to the disk
[2026-07-23T17:18:32.640] [DEBUG] debug-file - Start to initialize dependency information.
[2026-07-23T17:18:32.644] [DEBUG] debug-file - Executing task :entry:ohosTest@PreBuild
[2026-07-23T17:18:32.650] [DEBUG] debug-file - Executing task :entry:ohosTest@GenerateMetadata
[2026-07-23T17:18:32.074] [DEBUG] debug-file - env: hvigor-config.json5 content = {
  modelVersion: '6.1.0',
  dependencies: {},
  execution: {},
  logging: {},
  debugging: {},
  nodeOptions: {}
}
[2026-07-23T17:18:32.182] [DEBUG] debug-file - Cache service initialization finished in 3 ms 
[2026-07-23T17:18:32.544] [DEBUG] debug-file - hvigorfile, binding system plugins [Function: appTasks]
[2026-07-23T17:18:32.545] [DEBUG] debug-file - App plugin prepare start...
[2026-07-23T17:18:32.608] [DEBUG] debug-file - App plugin register hook end...
[2026-07-23T17:18:32.609] [DEBUG] debug-file - Picking option from product 'default' with build mode 'debug'.
[2026-07-23T17:18:32.610] [DEBUG] debug-file - No signingConfig found, initRemoteHspCache failed.
[2026-07-23T17:18:32.626] [DEBUG] debug-file - Sdk init in 16 ms 
[2026-07-23T17:18:32.628] [DEBUG] debug-file - hvigorfile, begin to bind custom plugins...
[2026-07-23T17:18:32.634] [DEBUG] debug-file - Target 'default' config initialized
[2026-07-23T17:18:32.637] [DEBUG] debug-file - load to the disk finished
[2026-07-23T17:18:32.641] [DEBUG] debug-file - Module entry Collected Dependency: /Users/guoyutong/MyWorkSpace/TestThirdParty/cases/tinyxml2/harmony-demo/entry/src/main/cpp/types/libentry
[2026-07-23T17:18:32.646] [DEBUG] debug-file - Task 'entry:ohosTest@PreBuild' cost while wrapping incremental declarations: 1 ms 
[2026-07-23T17:18:32.650] [DEBUG] debug-file - Task 'entry:ohosTest@GenerateMetadata' cost while wrapping incremental declarations: 1 ms 
[2026-07-23T17:18:32.075] [DEBUG] debug-file - env: daemon=false
[2026-07-23T17:18:32.182] [DEBUG] debug-file - hvigorfile, resolving /Users/guoyutong/MyWorkSpace/TestThirdParty/cases/tinyxml2/harmony-demo/hvigorfile.ts
[2026-07-23T17:18:32.545] [DEBUG] debug-file - App plugin prepare end...
[2026-07-23T17:18:32.608] [DEBUG] debug-file - Plugin build process completed
[2026-07-23T17:18:32.609] [DEBUG] debug-file - Product 'default' build option initialized
[2026-07-23T17:18:32.611] [DEBUG] debug-file - Local scan or download HarmonyOS sdk components toolchains,ets,js,native,previewer
[2026-07-23T17:18:32.628] [DEBUG] debug-file - hvigorfile, no custom plugins were found in /Users/guoyutong/MyWorkSpace/TestThirdParty/cases/tinyxml2/harmony-demo/hvigorfile.ts
[2026-07-23T17:18:32.634] [DEBUG] debug-file - Target 'ohosTest' config initialized
[2026-07-23T17:18:32.637] [DEBUG] debug-file - Start to initialize dependency information.
[2026-07-23T17:18:32.641] [DEBUG] debug-file - Module entry's total dependency: 1
[2026-07-23T17:18:32.647] [DEBUG] debug-file - Incremental task entry:ohosTest@PreBuild pre-execution cost: 2 ms .
[2026-07-23T17:18:32.650] [DEBUG] debug-file - Incremental task entry:ohosTest@GenerateMetadata pre-execution cost: 1 ms .
[2026-07-23T17:18:32.075] [DEBUG] debug-file - no-daemon, use the parent process.execArgv --max-old-space-size=8192,--max-semi-space-size=16,--expose-gc
[2026-07-23T17:18:32.545] [DEBUG] debug-file - App plugin creating...
[2026-07-23T17:18:32.609] [DEBUG] debug-file - End initialize project's product build option map with build mode 'debug'.
[2026-07-23T17:18:32.611] [DEBUG] debug-file - Local scan or download hmscore sdk components toolchains,ets,native
[2026-07-23T17:18:32.628] [DEBUG] debug-file - hvigorfile, resolve finished /Users/guoyutong/MyWorkSpace/TestThirdParty/cases/tinyxml2/harmony-demo/hvigorfile.ts
[2026-07-23T17:18:32.634] [DEBUG] debug-file - Module 'entry' target 'default' build option initialized
[2026-07-23T17:18:32.639] [DEBUG] debug-file - Module harmony-demo Collected Dependency: 
[2026-07-23T17:18:32.642] [DEBUG] debug-file - Configuration phase cost:461 ms 
[2026-07-23T17:18:32.648] [DEBUG] debug-file - entry : ohosTest@PreBuild cost memory 0.7917404174804688
[2026-07-23T17:18:32.650] [DEBUG] debug-file - entry : ohosTest@GenerateMetadata cost memory 0.50543212890625
[2026-07-23T17:18:32.656] [DEBUG] debug-file - Executing task :entry:ohosTest@CreateBuildProfile
[2026-07-23T17:18:32.658] [DEBUG] debug-file - Executing task :entry:ohosTest@GeneratePkgContextInfo
[2026-07-23T17:18:32.657] [DEBUG] debug-file - Executing task :entry:ohosTest@PreCheckSyscap
[2026-07-23T17:18:32.664] [DEBUG] debug-file - Executing task :entry:ohosTest@ProcessIntegratedHsp
[2026-07-23T17:18:32.664] [DEBUG] debug-file - Executing task :entry:ohosTest@BuildNativeWithCmake
[2026-07-23T17:18:32.665] [DEBUG] debug-file - Use tool [Cmake]
 [
  '/Users/guoyutong/command-line-tools/sdk/default/openharmony/native/build-tools/cmake/bin/cmake',
  '-H/Users/guoyutong/MyWorkSpace/TestThirdParty/cases/tinyxml2/harmony-demo/entry/src/ohosTest/cpp',
  '-B/Users/guoyutong/MyWorkSpace/TestThirdParty/cases/tinyxml2/harmony-demo/entry/.cxx/default/ohosTest/debug/arm64-v8a',
  '-DOHOS_ARCH=arm64-v8a',
  '-DCMAKE_LIBRARY_OUTPUT_DIRECTORY=/Users/guoyutong/MyWorkSpace/TestThirdParty/cases/tinyxml2/harmony-demo/entry/build/default/intermediates/cmake/ohosTest/obj/arm64-v8a',
  '-DCMAKE_BUILD_TYPE=Debug',
  '-DOHOS_SDK_NATIVE=/Users/guoyutong/command-line-tools/sdk/default/openharmony/native',
  '-DCMAKE_SYSTEM_NAME=OHOS',
  '-DCMAKE_OHOS_ARCH_ABI=arm64-v8a',
  '-DCMAKE_EXPORT_COMPILE_COMMANDS=ON',
  '-DCMAKE_TOOLCHAIN_FILE=/Users/guoyutong/command-line-tools/sdk/default/hms/native/build/cmake/hmos.toolchain.cmake',
  '-GNinja',
  '-DCMAKE_MAKE_PROGRAM=/Users/guoyutong/command-line-tools/sdk/default/openharmony/native/build-tools/cmake/bin/ninja',
  '-DCMAKE_FIND_ROOT_PATH=/Users/guoyutong/MyWorkSpace/TestThirdParty/cases/tinyxml2/harmony-demo/entry/.cxx/default/ohosTest/debug/hvigor/arm64-v8a',
  '-DPACKAGE_FIND_FILE=/Users/guoyutong/MyWorkSpace/TestThirdParty/cases/tinyxml2/harmony-demo/entry/.cxx/default/ohosTest/debug/hvigor/arm64-v8a/summary.cmake',
  '--no-warn-unused-cli',
  '-DCMAKE_CXX_FLAGS=-std=c++17',
  '-DHMOS_SDK_NATIVE=/Users/guoyutong/command-line-tools/sdk/default/hms/native'
]
[2026-07-23T17:18:32.628] [DEBUG] debug-file - hvigorfile, resolving /Users/guoyutong/MyWorkSpace/TestThirdParty/cases/tinyxml2/harmony-demo/entry/hvigorfile.ts
[2026-07-23T17:18:32.634] [DEBUG] debug-file - Module 'entry' target 'ohosTest' build option initialized
[2026-07-23T17:18:32.639] [DEBUG] debug-file - Module harmony-demo's total dependency: 0
[2026-07-23T17:18:32.643] [DEBUG] debug-file - Configuration task cost before running: 466 ms 
[2026-07-23T17:18:32.648] [INFO] debug-file - UP-TO-DATE :entry:ohosTest@PreBuild...  
[2026-07-23T17:18:32.650] [INFO] debug-file - UP-TO-DATE :entry:ohosTest@GenerateMetadata...  
[2026-07-23T17:18:32.656] [DEBUG] debug-file - Task 'entry:ohosTest@CreateBuildProfile' cost while wrapping incremental declarations: 1 ms 
[2026-07-23T17:18:32.661] [DEBUG] debug-file - Task 'entry:ohosTest@GeneratePkgContextInfo' cost while wrapping incremental declarations: 1 ms 
[2026-07-23T17:18:32.658] [DEBUG] debug-file - entry : ohosTest@PreCheckSyscap cost memory 0.01990509033203125
[2026-07-23T17:18:32.664] [DEBUG] debug-file - entry:ohosTest@ProcessIntegratedHsp is not up-to-date, since the output file '/Users/guoyutong/MyWorkSpace/TestThirdParty/cases/tinyxml2/harmony-demo/build/cache/default/integrated_hsp/integratedHspCache.json' does not exist.
[2026-07-23T17:18:32.631] [DEBUG] debug-file - hvigorfile, require result:  { default: { system: [Function: hapTasks], plugins: [] } }
[2026-07-23T17:18:32.634] [DEBUG] debug-file - End initialize module-target build option map, moduleName=entry
[2026-07-23T17:18:32.649] [DEBUG] debug-file - Executing task :entry:ohosTest@CreateModuleInfo
[2026-07-23T17:18:32.651] [DEBUG] debug-file - Executing task :entry:ohosTest@ConfigureCmake
[2026-07-23T17:18:32.657] [DEBUG] debug-file - Incremental task entry:ohosTest@CreateBuildProfile pre-execution cost: 1 ms .
[2026-07-23T17:18:32.661] [DEBUG] debug-file - entry : ohosTest@GeneratePkgContextInfo cost memory 0.5205917358398438
[2026-07-23T17:18:32.658] [DEBUG] debug-file - runTaskFromQueue task cost before running: 481 ms 
[2026-07-23T17:18:32.664] [DEBUG] debug-file - Incremental task entry:ohosTest@ProcessIntegratedHsp pre-execution cost: 1 ms .
[2026-07-23T17:18:32.631] [DEBUG] debug-file - hvigorfile, binding system plugins [Function: hapTasks]
[2026-07-23T17:18:32.634] [DEBUG] debug-file - Start initialize module-target build option map, moduleName=entry, buildMode=release
[2026-07-23T17:18:32.649] [DEBUG] debug-file - Task 'entry:ohosTest@CreateModuleInfo' cost while wrapping incremental declarations: 1 ms 
[2026-07-23T17:18:32.654] [DEBUG] debug-file - entry : ohosTest@ConfigureCmake cost memory 1.506622314453125
[2026-07-23T17:18:32.657] [DEBUG] debug-file - entry : ohosTest@CreateBuildProfile cost memory 0.1195068359375
[2026-07-23T17:18:32.661] [DEBUG] debug-file - runTaskFromQueue task cost before running: 485 ms 
[2026-07-23T17:18:32.658] [INFO] debug-file - Finished :entry:ohosTest@PreCheckSyscap... after 1 ms 
[2026-07-23T17:18:32.664] [DEBUG] debug-file - entry : ohosTest@ProcessIntegratedHsp cost memory 0.05792999267578125
[2026-07-23T17:18:32.631] [DEBUG] debug-file - Starting plugin build process
[2026-07-23T17:18:32.634] [DEBUG] debug-file - Target 'default' config initialized
[2026-07-23T17:18:32.649] [DEBUG] debug-file - entry : ohosTest@CreateModuleInfo cost memory 0.05921173095703125
[2026-07-23T17:18:32.654] [DEBUG] debug-file - runTaskFromQueue task cost before running: 478 ms 
[2026-07-23T17:18:32.657] [INFO] debug-file - UP-TO-DATE :entry:ohosTest@CreateBuildProfile...  
[2026-07-23T17:18:32.661] [INFO] debug-file - Finished :entry:ohosTest@GeneratePkgContextInfo... after 4 ms 
[2026-07-23T17:18:32.664] [DEBUG] debug-file - runTaskFromQueue task cost before running: 487 ms 
[2026-07-23T17:18:32.631] [DEBUG] debug-file - Hap plugin creating...
[2026-07-23T17:18:32.634] [DEBUG] debug-file - Target 'ohosTest' config initialized
[2026-07-23T17:18:32.649] [DEBUG] debug-file - runTaskFromQueue task cost before running: 473 ms 
[2026-07-23T17:18:32.654] [INFO] debug-file - Finished :entry:ohosTest@ConfigureCmake... after 4 ms 
[2026-07-23T17:18:32.661] [DEBUG] debug-file - Executing task :entry:ohosTest@GeneratePkgSdkInfo
[2026-07-23T17:18:32.664] [INFO] debug-file - Finished :entry:ohosTest@ProcessIntegratedHsp... after 1 ms 
[2026-07-23T17:18:32.634] [DEBUG] debug-file - Module 'entry' target 'default' build option initialized
[2026-07-23T17:18:32.649] [INFO] debug-file - Finished :entry:ohosTest@CreateModuleInfo... after 1 ms 
[2026-07-23T17:18:32.655] [DEBUG] debug-file - Executing task :entry:ohosTest@MergeProfile
[2026-07-23T17:18:32.662] [DEBUG] debug-file - Task 'entry:ohosTest@GeneratePkgSdkInfo' cost while wrapping incremental declarations: 1 ms 
[2026-07-23T17:18:32.634] [DEBUG] debug-file - Module 'entry' target 'ohosTest' build option initialized
[2026-07-23T17:18:32.655] [DEBUG] debug-file - Task 'entry:ohosTest@MergeProfile' cost while wrapping incremental declarations: 1 ms 
[2026-07-23T17:18:32.662] [DEBUG] debug-file - Incremental task entry:ohosTest@GeneratePkgSdkInfo pre-execution cost: 1 ms .
[2026-07-23T17:18:32.634] [DEBUG] debug-file - End initialize module-target build option map, moduleName=entry
[2026-07-23T17:18:32.662] [DEBUG] debug-file - entry : ohosTest@GeneratePkgSdkInfo cost memory 0.07852935791015625
[2026-07-23T17:18:32.655] [DEBUG] debug-file - Incremental task entry:ohosTest@MergeProfile pre-execution cost: 1 ms .
[2026-07-23T17:18:32.634] [DEBUG] debug-file - Start initialize module-target build option map, moduleName=entry, buildMode=debug
[2026-07-23T17:18:32.662] [INFO] debug-file - UP-TO-DATE :entry:ohosTest@GeneratePkgSdkInfo...  
[2026-07-23T17:18:32.634] [DEBUG] debug-file - Target 'default' config initialized
[2026-07-23T17:18:32.656] [DEBUG] debug-file - entry : ohosTest@MergeProfile cost memory 0.1490631103515625
[2026-07-23T17:18:32.634] [DEBUG] debug-file - Target 'ohosTest' config initialized
[2026-07-23T17:18:32.656] [INFO] debug-file - UP-TO-DATE :entry:ohosTest@MergeProfile...  
[2026-07-23T17:18:32.634] [DEBUG] debug-file - Module 'entry' target 'default' build option initialized
[2026-07-23T17:18:32.634] [DEBUG] debug-file - Module 'entry' target 'ohosTest' build option initialized
[2026-07-23T17:18:32.634] [DEBUG] debug-file - End initialize module-target build option map, moduleName=entry
[2026-07-23T17:18:32.634] [DEBUG] debug-file - Obtain build option for module 'entry' target 'ohosTest'in this build.
[2026-07-23T17:18:32.636] [DEBUG] debug-file - Module entry task initialization takes 2 ms 
[2026-07-23T17:18:32.636] [DEBUG] debug-file - Hap plugin register hook start...
[2026-07-23T17:18:32.636] [DEBUG] debug-file - Hap plugin register hook end...
[2026-07-23T17:18:32.636] [DEBUG] debug-file - Plugin build process completed
[2026-07-23T17:18:32.636] [DEBUG] debug-file - hvigorfile, begin to bind custom plugins...
[2026-07-23T17:18:32.636] [DEBUG] debug-file - hvigorfile, no custom plugins were found in /Users/guoyutong/MyWorkSpace/TestThirdParty/cases/tinyxml2/harmony-demo/entry/hvigorfile.ts
[2026-07-23T17:18:32.636] [DEBUG] debug-file - hvigorfile, resolve finished /Users/guoyutong/MyWorkSpace/TestThirdParty/cases/tinyxml2/harmony-demo/entry/hvigorfile.ts
[2026-07-23T17:18:32.669] [DEBUG] debug-file - CMake configuration was up-to-date
[2026-07-23T17:18:32.670] [DEBUG] debug-file - Use tool [Cmake]
 [
  '/Users/guoyutong/command-line-tools/sdk/default/openharmony/native/build-tools/cmake/bin/cmake',
  '-H/Users/guoyutong/MyWorkSpace/TestThirdParty/cases/tinyxml2/harmony-demo/entry/src/ohosTest/cpp',
  '-B/Users/guoyutong/MyWorkSpace/TestThirdParty/cases/tinyxml2/harmony-demo/entry/.cxx/default/ohosTest/debug/x86_64',
  '-DOHOS_ARCH=x86_64',
  '-DCMAKE_LIBRARY_OUTPUT_DIRECTORY=/Users/guoyutong/MyWorkSpace/TestThirdParty/cases/tinyxml2/harmony-demo/entry/build/default/intermediates/cmake/ohosTest/obj/x86_64',
  '-DCMAKE_BUILD_TYPE=Debug',
  '-DOHOS_SDK_NATIVE=/Users/guoyutong/command-line-tools/sdk/default/openharmony/native',
  '-DCMAKE_SYSTEM_NAME=OHOS',
  '-DCMAKE_OHOS_ARCH_ABI=x86_64',
  '-DCMAKE_EXPORT_COMPILE_COMMANDS=ON',
  '-DCMAKE_TOOLCHAIN_FILE=/Users/guoyutong/command-line-tools/sdk/default/hms/native/build/cmake/hmos.toolchain.cmake',
  '-GNinja',
  '-DCMAKE_MAKE_PROGRAM=/Users/guoyutong/command-line-tools/sdk/default/openharmony/native/build-tools/cmake/bin/ninja',
  '-DCMAKE_FIND_ROOT_PATH=/Users/guoyutong/MyWorkSpace/TestThirdParty/cases/tinyxml2/harmony-demo/entry/.cxx/default/ohosTest/debug/hvigor/x86_64',
  '-DPACKAGE_FIND_FILE=/Users/guoyutong/MyWorkSpace/TestThirdParty/cases/tinyxml2/harmony-demo/entry/.cxx/default/ohosTest/debug/hvigor/x86_64/summary.cmake',
  '--no-warn-unused-cli',
  '-DCMAKE_CXX_FLAGS=-std=c++17',
  '-DHMOS_SDK_NATIVE=/Users/guoyutong/command-line-tools/sdk/default/hms/native'
]
[2026-07-23T17:18:32.671] [DEBUG] debug-file - CMake configuration was up-to-date
[2026-07-23T17:18:32.672] [DEBUG] debug-file - entry : ohosTest@BuildNativeWithCmake cost memory -9.618263244628906
[2026-07-23T17:18:32.672] [DEBUG] debug-file - runTaskFromQueue task cost before running: 495 ms 
[2026-07-23T17:18:32.673] [DEBUG] debug-file - Executing task :entry:ohosTest@SyscapTransform
[2026-07-23T17:18:32.681] [DEBUG] debug-file - Executing task :entry:ohosTest@ProcessProfile
[2026-07-23T17:18:32.672] [DEBUG] debug-file - Executing task :entry:ohosTest@MakePackInfo
[2026-07-23T17:18:32.682] [DEBUG] debug-file - Executing task :entry:ohosTest@ProcessRouterMap
[2026-07-23T17:18:32.684] [DEBUG] debug-file - Executing task :entry:ohosTest@ProcessStartupConfig
[2026-07-23T17:18:32.672] [INFO] debug-file - Finished :entry:ohosTest@BuildNativeWithCmake... after 8 ms 
[2026-07-23T17:18:32.683] [DEBUG] debug-file - Executing task :entry:ohosTest@ProcessShareConfig
[2026-07-23T17:18:32.685] [DEBUG] debug-file - Executing task :entry:ohosTest@BuildNativeWithNinja
[2026-07-23T17:18:32.681] [DEBUG] debug-file - Task 'entry:ohosTest@ProcessProfile' cost while wrapping incremental declarations: 1 ms 
[2026-07-23T17:18:32.673] [DEBUG] debug-file - Incremental task entry:ohosTest@MakePackInfo pre-execution cost: 1 ms .
[2026-07-23T17:18:32.673] [DEBUG] debug-file - File: '/Users/guoyutong/MyWorkSpace/TestThirdParty/cases/tinyxml2/harmony-demo/entry/src/ohosTest/syscap.json' from 'sysCapJsonPath' is not exists, just ignore.
[2026-07-23T17:18:32.683] [DEBUG] debug-file - Incremental task entry:ohosTest@ProcessRouterMap pre-execution cost: 1 ms .
[2026-07-23T17:18:32.684] [DEBUG] debug-file - Task 'entry:ohosTest@ProcessStartupConfig' cost while wrapping incremental declarations: 1 ms 
[2026-07-23T17:18:32.683] [DEBUG] debug-file - Incremental task entry:ohosTest@ProcessShareConfig pre-execution cost: 1 ms .
[2026-07-23T17:18:32.682] [DEBUG] debug-file - Incremental task entry:ohosTest@ProcessProfile pre-execution cost: 1 ms .
[2026-07-23T17:18:32.673] [DEBUG] debug-file - entry : ohosTest@MakePackInfo cost memory 0.130584716796875
[2026-07-23T17:18:32.674] [DEBUG] debug-file - Task 'entry:ohosTest@SyscapTransform' cost while wrapping incremental declarations: 1 ms 
[2026-07-23T17:18:32.683] [DEBUG] debug-file - entry : ohosTest@ProcessRouterMap cost memory 0.13179779052734375
[2026-07-23T17:18:32.684] [DEBUG] debug-file - entry:ohosTest@ProcessStartupConfig is not up-to-date, since the output file '/Users/guoyutong/MyWorkSpace/TestThirdParty/cases/tinyxml2/harmony-demo/entry/build/default/intermediates/startup/ohosTest/startup_config.json' does not exist.
[2026-07-23T17:18:32.683] [DEBUG] debug-file - entry : ohosTest@ProcessShareConfig cost memory 0.7024307250976562
[2026-07-23T17:18:32.682] [DEBUG] debug-file - entry : ohosTest@ProcessProfile cost memory 0.15533447265625
[2026-07-23T17:18:32.673] [INFO] debug-file - UP-TO-DATE :entry:ohosTest@MakePackInfo...  
[2026-07-23T17:18:32.679] [DEBUG] debug-file - entry:ohosTest@SyscapTransform is not up-to-date, since the output file '/Users/guoyutong/MyWorkSpace/TestThirdParty/cases/tinyxml2/harmony-demo/entry/build/default/intermediates/syscap/ohosTest/rpcid.sc' does not exist.
[2026-07-23T17:18:32.683] [INFO] debug-file - UP-TO-DATE :entry:ohosTest@ProcessRouterMap...  
[2026-07-23T17:18:32.683] [INFO] debug-file - UP-TO-DATE :entry:ohosTest@ProcessShareConfig...  
[2026-07-23T17:18:32.682] [INFO] debug-file - UP-TO-DATE :entry:ohosTest@ProcessProfile...  
[2026-07-23T17:18:32.684] [DEBUG] debug-file - Incremental task entry:ohosTest@ProcessStartupConfig pre-execution cost: 1 ms .
[2026-07-23T17:18:32.679] [DEBUG] debug-file - Incremental task entry:ohosTest@SyscapTransform pre-execution cost: 6 ms .
[2026-07-23T17:18:32.684] [DEBUG] debug-file - entry : ohosTest@ProcessStartupConfig cost memory 0.09061431884765625
[2026-07-23T17:18:32.679] [DEBUG] debug-file - entry : ohosTest@SyscapTransform cost memory 0.128173828125
[2026-07-23T17:18:32.684] [DEBUG] debug-file - runTaskFromQueue task cost before running: 508 ms 
[2026-07-23T17:18:32.685] [DEBUG] debug-file - Use tool [Ninja]
 [
  '/Users/guoyutong/command-line-tools/sdk/default/openharmony/native/build-tools/cmake/bin/ninja',
  '-C',
  '/Users/guoyutong/MyWorkSpace/TestThirdParty/cases/tinyxml2/harmony-demo/entry/.cxx/default/ohosTest/debug/arm64-v8a'
]
[2026-07-23T17:18:32.679] [DEBUG] debug-file - runTaskFromQueue task cost before running: 503 ms 
[2026-07-23T17:18:32.684] [INFO] debug-file - Finished :entry:ohosTest@ProcessStartupConfig... after 1 ms 
[2026-07-23T17:18:32.685] [DEBUG] debug-file - Since there is no instance or instance is terminated, create a new worker pool.
[2026-07-23T17:18:32.686] [DEBUG] debug-file - Create  resident worker with id: 0.
[2026-07-23T17:18:32.692] [DEBUG] debug-file - OHOS_STL is c++_shared
[2026-07-23T17:18:32.680] [INFO] debug-file - Finished :entry:ohosTest@SyscapTransform... after 7 ms 
[2026-07-23T17:18:32.685] [DEBUG] debug-file - Worker pool is initialized with config:  {
  minPoolNum: 2,
  maxPoolNum: undefined,
  maxCoreSize: undefined,
  cacheCapacity: undefined,
  cacheTtl: undefined
}
[2026-07-23T17:18:32.686] [DEBUG] debug-file - Create  resident worker with id: 1.
[2026-07-23T17:18:32.692] [DEBUG] debug-file - Copy STL libc++_shared.so to /Users/guoyutong/MyWorkSpace/TestThirdParty/cases/tinyxml2/harmony-demo/entry/build/default/intermediates/cmake/ohosTest/obj/arm64-v8a due to OHOS_STL is 'c++_shared'
[2026-07-23T17:18:32.687] [DEBUG] debug-file - ohosTest@BuildNativeWithNinja work[0] is submitted.
[2026-07-23T17:18:32.693] [DEBUG] debug-file - Use tool [Ninja]
 [
  '/Users/guoyutong/command-line-tools/sdk/default/openharmony/native/build-tools/cmake/bin/ninja',
  '-C',
  '/Users/guoyutong/MyWorkSpace/TestThirdParty/cases/tinyxml2/harmony-demo/entry/.cxx/default/ohosTest/debug/x86_64'
]
[2026-07-23T17:18:32.687] [DEBUG] debug-file - ohosTest@BuildNativeWithNinja work[0] is pushed to ready queue.
[2026-07-23T17:18:32.693] [DEBUG] debug-file - ohosTest@BuildNativeWithNinja work[1] is submitted.
[2026-07-23T17:18:32.687] [DEBUG] debug-file - A work dispatched to worker[9] failed because unable to get work from ready queue.
[2026-07-23T17:18:32.693] [DEBUG] debug-file - ohosTest@BuildNativeWithNinja work[1] is pushed to ready queue.
[2026-07-23T17:18:32.701] [DEBUG] debug-file - Executing task :entry:ohosTest@ProcessResource
[2026-07-23T17:18:32.704] [DEBUG] debug-file - Executing task :entry:ohosTest@GenerateLoaderJson
[2026-07-23T17:18:32.708] [DEBUG] debug-file - Executing task :entry:ohosTest@CompileResource
[2026-07-23T17:18:32.727] [DEBUG] debug-file - Executing task :entry:ohosTest@OhosTestCopyMockConfigJson
[2026-07-23T17:18:32.725] [DEBUG] debug-file - Executing task :entry:ohosTest@OhosTestBuildJS
[2026-07-23T17:18:32.715] [DEBUG] debug-file - Executing task :entry:ohosTest@OhosTestCompileArkTS
[2026-07-23T17:18:32.687] [DEBUG] debug-file - Create  resident worker with id: 8.
[2026-07-23T17:18:32.693] [DEBUG] debug-file - A work dispatched to worker[9] failed because unable to get work from ready queue.
[2026-07-23T17:18:32.701] [DEBUG] debug-file - Task 'entry:ohosTest@ProcessResource' cost while wrapping incremental declarations: 1 ms 
[2026-07-23T17:18:32.704] [DEBUG] debug-file - Task 'entry:ohosTest@GenerateLoaderJson' cost while wrapping incremental declarations: 1 ms 
[2026-07-23T17:18:32.712] [DEBUG] debug-file - Incremental task entry:ohosTest@CompileResource pre-execution cost: 3 ms .
[2026-07-23T17:18:32.727] [DEBUG] debug-file - File: '/Users/guoyutong/MyWorkSpace/TestThirdParty/cases/tinyxml2/harmony-demo/entry/build/default/intermediates/res/ohosTest/mock-config.json' from 'mockConfigJsonFile' is not exists, just ignore.
[2026-07-23T17:18:32.725] [DEBUG] debug-file - Task 'entry:ohosTest@OhosTestBuildJS' cost while wrapping incremental declarations: 1 ms 
[2026-07-23T17:18:32.716] [DEBUG] debug-file - obfuscationOptions: undefined
[2026-07-23T17:18:32.687] [DEBUG] debug-file - ohosTest@BuildNativeWithNinja work[0] has been dispatched to worker[8].
[2026-07-23T17:18:32.693] [DEBUG] debug-file - A work dispatched to worker[8] failed because of worker busy.
[2026-07-23T17:18:32.702] [DEBUG] debug-file - Incremental task entry:ohosTest@ProcessResource pre-execution cost: 1 ms .
[2026-07-23T17:18:32.707] [DEBUG] debug-file - Incremental task entry:ohosTest@GenerateLoaderJson pre-execution cost: 1 ms .
[2026-07-23T17:18:32.712] [DEBUG] debug-file - entry : ohosTest@CompileResource cost memory 0.43012237548828125
[2026-07-23T17:18:32.727] [DEBUG] debug-file - Task 'entry:ohosTest@OhosTestCopyMockConfigJson' cost while wrapping incremental declarations: 1 ms 
[2026-07-23T17:18:32.726] [DEBUG] debug-file - entry : ohosTest@OhosTestBuildJS cost memory 0.15578460693359375
[2026-07-23T17:18:32.718] [DEBUG] debug-file - Task 'entry:ohosTest@OhosTestCompileArkTS' cost while wrapping incremental declarations: 1 ms 
[2026-07-23T17:18:32.687] [DEBUG] debug-file - ohosTest@BuildNativeWithNinja work[0] is dispatched.
[2026-07-23T17:18:32.693] [DEBUG] debug-file - Create  resident worker with id: 7.
[2026-07-23T17:18:32.702] [DEBUG] debug-file - entry : ohosTest@ProcessResource cost memory 0.1420440673828125
[2026-07-23T17:18:32.707] [DEBUG] debug-file - entry : ohosTest@GenerateLoaderJson cost memory 0.36675262451171875
[2026-07-23T17:18:32.712] [INFO] debug-file - UP-TO-DATE :entry:ohosTest@CompileResource...  
[2026-07-23T17:18:32.728] [DEBUG] debug-file - entry:ohosTest@OhosTestCopyMockConfigJson is not up-to-date, since the output file '/Users/guoyutong/MyWorkSpace/TestThirdParty/cases/tinyxml2/harmony-demo/entry/build/default/intermediates/res/ohosTest/resources/rawfile/mock/mock-config.json' does not exist.
[2026-07-23T17:18:32.726] [DEBUG] debug-file - runTaskFromQueue task cost before running: 549 ms 
[2026-07-23T17:18:32.723] [DEBUG] debug-file - Incremental task entry:ohosTest@OhosTestCompileArkTS pre-execution cost: 4 ms .
[2026-07-23T17:18:32.693] [DEBUG] debug-file - ohosTest@BuildNativeWithNinja work[1] has been dispatched to worker[7].
[2026-07-23T17:18:32.702] [INFO] debug-file - UP-TO-DATE :entry:ohosTest@ProcessResource...  
[2026-07-23T17:18:32.707] [INFO] debug-file - UP-TO-DATE :entry:ohosTest@GenerateLoaderJson...  
[2026-07-23T17:18:32.726] [INFO] debug-file - Finished :entry:ohosTest@OhosTestBuildJS... after 2 ms 
[2026-07-23T17:18:32.728] [DEBUG] debug-file - Incremental task entry:ohosTest@OhosTestCopyMockConfigJson pre-execution cost: 1 ms .
[2026-07-23T17:18:32.723] [DEBUG] debug-file - entry : ohosTest@OhosTestCompileArkTS cost memory 0.9097747802734375
[2026-07-23T17:18:32.693] [DEBUG] debug-file - ohosTest@BuildNativeWithNinja work[1] is dispatched.
[2026-07-23T17:18:32.708] [DEBUG] debug-file - restool module names: entry,entry_test; moduleName=entry, taskName=ohosTest@CompileResource
[2026-07-23T17:18:32.728] [DEBUG] debug-file - Failed to generate mock-config.json during compilation.
[2026-07-23T17:18:32.724] [INFO] debug-file - UP-TO-DATE :entry:ohosTest@OhosTestCompileArkTS...  
[2026-07-23T17:18:32.697] [DEBUG] debug-file - OHOS_STL is c++_shared
[2026-07-23T17:18:32.728] [DEBUG] debug-file - entry : ohosTest@OhosTestCopyMockConfigJson cost memory 0.09021759033203125
[2026-07-23T17:18:32.697] [DEBUG] debug-file - Copy STL libc++_shared.so to /Users/guoyutong/MyWorkSpace/TestThirdParty/cases/tinyxml2/harmony-demo/entry/build/default/intermediates/cmake/ohosTest/obj/x86_64 due to OHOS_STL is 'c++_shared'
[2026-07-23T17:18:32.728] [DEBUG] debug-file - runTaskFromQueue task cost before running: 551 ms 
[2026-07-23T17:18:32.698] [DEBUG] debug-file - entry : ohosTest@BuildNativeWithNinja cost memory 4.472373962402344
[2026-07-23T17:18:32.728] [INFO] debug-file - Finished :entry:ohosTest@OhosTestCopyMockConfigJson... after 1 ms 
[2026-07-23T17:18:32.699] [DEBUG] debug-file - restool module names: entry,entry_test; moduleName=entry, taskName=ohosTest@ProcessResource
[2026-07-23T17:18:32.994] [DEBUG] debug-file - ninja: Entering directory `/Users/guoyutong/MyWorkSpace/TestThirdParty/cases/tinyxml2/harmony-demo/entry/.cxx/default/ohosTest/debug/arm64-v8a'

[2026-07-23T17:18:32.994] [DEBUG] debug-file - ninja: Entering directory `/Users/guoyutong/MyWorkSpace/TestThirdParty/cases/tinyxml2/harmony-demo/entry/.cxx/default/ohosTest/debug/x86_64'

[2026-07-23T17:18:32.999] [DEBUG] debug-file - ninja: no work to do.

[2026-07-23T17:18:32.999] [DEBUG] debug-file - ninja: no work to do.

[2026-07-23T17:18:32.999] [DEBUG] debug-file - worker[7] has one work done.
[2026-07-23T17:18:33.003] [DEBUG] debug-file - ohosTest@BuildNativeWithNinja work[1] done.
[2026-07-23T17:18:33.003] [DEBUG] debug-file - A work dispatched to worker[7] failed because unable to get work from ready queue.
[2026-07-23T17:18:33.006] [DEBUG] debug-file - Executing task :entry:ohosTest@ProcessLibs
[2026-07-23T17:18:33.003] [DEBUG] debug-file - worker[8] has one work done.
[2026-07-23T17:18:33.013] [DEBUG] debug-file - Check content hash for /Users/guoyutong/MyWorkSpace/TestThirdParty/cases/tinyxml2/harmony-demo/entry/build/default/intermediates/cmake/ohosTest/obj/x86_64/libtinyxml2.a
[2026-07-23T17:18:33.005] [DEBUG] debug-file - ohosTest@BuildNativeWithNinja work[0] done.
[2026-07-23T17:18:33.005] [DEBUG] debug-file - A work dispatched to worker[8] failed because unable to get work from ready queue.
[2026-07-23T17:18:33.005] [INFO] debug-file - Finished :entry:ohosTest@BuildNativeWithNinja... after 26 ms 
[2026-07-23T17:18:33.015] [DEBUG] debug-file - Check content hash for /Users/guoyutong/MyWorkSpace/TestThirdParty/cases/tinyxml2/harmony-demo/entry/build/default/intermediates/cmake/ohosTest/obj/x86_64/libentry_test.so
[2026-07-23T17:18:33.017] [DEBUG] debug-file - Check content hash for /Users/guoyutong/MyWorkSpace/TestThirdParty/cases/tinyxml2/harmony-demo/entry/build/default/intermediates/cmake/ohosTest/obj/x86_64/libc++_shared.so
[2026-07-23T17:18:33.019] [DEBUG] debug-file - Check content hash for /Users/guoyutong/MyWorkSpace/TestThirdParty/cases/tinyxml2/harmony-demo/entry/build/default/intermediates/cmake/ohosTest/obj/arm64-v8a/libtinyxml2.a
[2026-07-23T17:18:33.020] [DEBUG] debug-file - Check content hash for /Users/guoyutong/MyWorkSpace/TestThirdParty/cases/tinyxml2/harmony-demo/entry/build/default/intermediates/cmake/ohosTest/obj/arm64-v8a/libentry_test.so
[2026-07-23T17:18:33.022] [DEBUG] debug-file - Check content hash for /Users/guoyutong/MyWorkSpace/TestThirdParty/cases/tinyxml2/harmony-demo/entry/build/default/intermediates/cmake/ohosTest/obj/arm64-v8a/libc++_shared.so
[2026-07-23T17:18:33.024] [DEBUG] debug-file - Task 'entry:ohosTest@ProcessLibs' cost while wrapping incremental declarations: 1 ms 
[2026-07-23T17:18:33.024] [DEBUG] debug-file - Incremental task entry:ohosTest@ProcessLibs pre-execution cost: 1 ms .
[2026-07-23T17:18:33.026] [DEBUG] debug-file - Executing task :entry:ohosTest@CacheNativeLibs
[2026-07-23T17:18:33.030] [DEBUG] debug-file - Executing task :entry:ohosTest@PackingCheck
[2026-07-23T17:18:33.032] [DEBUG] debug-file - Executing task :entry:ohosTest@SignHap
[2026-07-23T17:18:33.025] [DEBUG] debug-file - Executing task :entry:ohosTest@DoNativeStrip
[2026-07-23T17:18:33.025] [DEBUG] debug-file - entry : ohosTest@ProcessLibs cost memory -8.881446838378906
[2026-07-23T17:18:33.028] [DEBUG] debug-file - Executing task :entry:ohosTest@PackageHap
[2026-07-23T17:18:33.033] [DEBUG] debug-file - Executing task :entry:ohosTest@CollectDebugSymbol
[2026-07-23T17:18:33.026] [DEBUG] debug-file - File: '/Users/guoyutong/MyWorkSpace/TestThirdParty/cases/tinyxml2/harmony-demo/entry/build/default/intermediates/binxo/ohosTest' from 'cacheBinxoNativeLibs' is not exists, just ignore.
[2026-07-23T17:18:33.031] [DEBUG] debug-file - entry : ohosTest@PackingCheck cost memory 0.38702392578125
[2026-07-23T17:18:33.032] [WARN] debug-file - No signingConfig found for product default
[2026-07-23T17:18:33.025] [DEBUG] debug-file - File: '/Users/guoyutong/MyWorkSpace/TestThirdParty/cases/tinyxml2/harmony-demo/entry/build/default/intermediates/binxo/ohosTest' from 'doBinxoNativeLibs' is not exists, just ignore.
[2026-07-23T17:18:33.025] [INFO] debug-file - UP-TO-DATE :entry:ohosTest@ProcessLibs...  
[2026-07-23T17:18:33.029] [DEBUG] debug-file - Incremental task entry:ohosTest@PackageHap pre-execution cost: 1 ms .
[2026-07-23T17:18:33.033] [DEBUG] debug-file - entry : ohosTest@CollectDebugSymbol cost memory 0.103790283203125
[2026-07-23T17:18:33.026] [DEBUG] debug-file - Task 'entry:ohosTest@CacheNativeLibs' cost while wrapping incremental declarations: 1 ms 
[2026-07-23T17:18:33.031] [DEBUG] debug-file - runTaskFromQueue task cost before running: 855 ms 
[2026-07-23T17:18:33.032] [DEBUG] debug-file - entry:ohosTest@SignHap is not up-to-date, since the output file '/Users/guoyutong/MyWorkSpace/TestThirdParty/cases/tinyxml2/harmony-demo/entry/build/default/outputs/ohosTest/entry-ohosTest-signed.hap' does not exist.
[2026-07-23T17:18:33.025] [DEBUG] debug-file - Task 'entry:ohosTest@DoNativeStrip' cost while wrapping incremental declarations: 1 ms 
[2026-07-23T17:18:33.029] [DEBUG] debug-file - entry : ohosTest@PackageHap cost memory 0.308837890625
[2026-07-23T17:18:33.033] [DEBUG] debug-file - runTaskFromQueue task cost before running: 857 ms 
[2026-07-23T17:18:33.027] [DEBUG] debug-file - Incremental task entry:ohosTest@CacheNativeLibs pre-execution cost: 1 ms .
[2026-07-23T17:18:33.032] [INFO] debug-file - Finished :entry:ohosTest@PackingCheck... after 2 ms 
[2026-07-23T17:18:33.032] [DEBUG] debug-file - Incremental task entry:ohosTest@SignHap pre-execution cost: 1 ms .
[2026-07-23T17:18:33.026] [DEBUG] debug-file - Incremental task entry:ohosTest@DoNativeStrip pre-execution cost: 1 ms .
[2026-07-23T17:18:33.030] [INFO] debug-file - UP-TO-DATE :entry:ohosTest@PackageHap...  
[2026-07-23T17:18:33.033] [INFO] debug-file - Finished :entry:ohosTest@CollectDebugSymbol... after 1 ms 
[2026-07-23T17:18:33.027] [DEBUG] debug-file - entry : ohosTest@CacheNativeLibs cost memory 0.7070388793945312
[2026-07-23T17:18:33.032] [DEBUG] debug-file - entry : ohosTest@SignHap cost memory 0.0891265869140625
[2026-07-23T17:18:33.026] [DEBUG] debug-file - entry : ohosTest@DoNativeStrip cost memory 0.152252197265625
[2026-07-23T17:18:33.033] [DEBUG] debug-file - Executing task :entry:assembleHap
[2026-07-23T17:18:33.027] [INFO] debug-file - UP-TO-DATE :entry:ohosTest@CacheNativeLibs...  
[2026-07-23T17:18:33.033] [DEBUG] debug-file - runTaskFromQueue task cost before running: 856 ms 
[2026-07-23T17:18:33.026] [INFO] debug-file - UP-TO-DATE :entry:ohosTest@DoNativeStrip...  
[2026-07-23T17:18:33.033] [DEBUG] debug-file - entry : assembleHap cost memory 0.0140838623046875
[2026-07-23T17:18:33.033] [INFO] debug-file - Finished :entry:ohosTest@SignHap... after 1 ms 
[2026-07-23T17:18:33.027] [DEBUG] debug-file - Executing task :entry:ohosTest@GeneratePkgModuleJson
[2026-07-23T17:18:33.033] [DEBUG] debug-file - runTaskFromQueue task cost before running: 857 ms 
[2026-07-23T17:18:33.027] [DEBUG] debug-file - File: '/Users/guoyutong/MyWorkSpace/TestThirdParty/cases/tinyxml2/harmony-demo/entry/build/default/intermediates/preload/ohosTest/preload.json' from 'preloadSoJsonPath' is not exists, just ignore.
[2026-07-23T17:18:33.033] [INFO] debug-file - Finished :entry:assembleHap... after 1 ms 
[2026-07-23T17:18:33.027] [DEBUG] debug-file - Error occurs while handling @Input 'shouldDeduplicateHar': The "data" argument must be of type string or an instance of Buffer, TypedArray, or DataView. Received undefined
[2026-07-23T17:18:33.034] [INFO] debug-file - BUILD SUCCESSFUL in 857 ms 
[2026-07-23T17:18:33.027] [DEBUG] debug-file - Task 'entry:ohosTest@GeneratePkgModuleJson' cost while wrapping incremental declarations: 1 ms 
[2026-07-23T17:18:33.034] [DEBUG] debug-file - There is no need to refresh cache, since the incremental task entry:ohosTest@PreBuild is up-to-date.
[2026-07-23T17:18:33.027] [DEBUG] debug-file - Incremental task entry:ohosTest@GeneratePkgModuleJson pre-execution cost: 1 ms .
[2026-07-23T17:18:33.034] [DEBUG] debug-file - Update task entry:ohosTest@CreateModuleInfo output file:/Users/guoyutong/MyWorkSpace/TestThirdParty/cases/tinyxml2/harmony-demo/entry/build/default/generated/profile/ohosTest/ModuleInfo.ts cache.
[2026-07-23T17:18:33.027] [DEBUG] debug-file - entry : ohosTest@GeneratePkgModuleJson cost memory 0.09371185302734375
[2026-07-23T17:18:33.034] [DEBUG] debug-file - Incremental task entry:ohosTest@CreateModuleInfo post-execution cost:1 ms .
[2026-07-23T17:18:33.027] [INFO] debug-file - UP-TO-DATE :entry:ohosTest@GeneratePkgModuleJson...  
[2026-07-23T17:18:33.034] [DEBUG] debug-file - There is no need to refresh cache, since the incremental task entry:ohosTest@GenerateMetadata is up-to-date.
[2026-07-23T17:18:33.027] [DEBUG] debug-file - Executing task :entry:ohosTest@ProcessCompiledResources
[2026-07-23T17:18:33.034] [DEBUG] debug-file - There is no need to refresh cache, since the incremental task entry:ohosTest@MergeProfile is up-to-date.
[2026-07-23T17:18:33.027] [DEBUG] debug-file - File: '/Users/guoyutong/MyWorkSpace/TestThirdParty/cases/tinyxml2/harmony-demo/entry/build/default/intermediates/preload/ohosTest/preload.json' from 'preloadSoJsonPath' is not exists, just ignore.
[2026-07-23T17:18:33.034] [DEBUG] debug-file - There is no need to refresh cache, since the incremental task entry:ohosTest@CreateBuildProfile is up-to-date.
[2026-07-23T17:18:33.027] [DEBUG] debug-file - Task 'entry:ohosTest@ProcessCompiledResources' cost while wrapping incremental declarations: 1 ms 
[2026-07-23T17:18:33.034] [DEBUG] debug-file - Update task entry:ohosTest@GeneratePkgContextInfo output file:/Users/guoyutong/MyWorkSpace/TestThirdParty/cases/tinyxml2/harmony-demo/entry/build/default/intermediates/loader/ohosTest/pkgContextInfo.json cache.
[2026-07-23T17:18:33.028] [DEBUG] debug-file - entry : ohosTest@ProcessCompiledResources cost memory 0.06485748291015625
[2026-07-23T17:18:33.034] [DEBUG] debug-file - Incremental task entry:ohosTest@GeneratePkgContextInfo post-execution cost:1 ms .
[2026-07-23T17:18:33.028] [DEBUG] debug-file - runTaskFromQueue task cost before running: 851 ms 
[2026-07-23T17:18:33.034] [DEBUG] debug-file - There is no need to refresh cache, since the incremental task entry:ohosTest@GeneratePkgSdkInfo is up-to-date.
[2026-07-23T17:18:33.028] [INFO] debug-file - Finished :entry:ohosTest@ProcessCompiledResources... after 1 ms 
[2026-07-23T17:18:33.034] [DEBUG] debug-file - Update task entry:ohosTest@ProcessIntegratedHsp output file:/Users/guoyutong/MyWorkSpace/TestThirdParty/cases/tinyxml2/harmony-demo/build/cache/default/integrated_hsp/integratedHspCache.json cache.
[2026-07-23T17:18:33.034] [DEBUG] debug-file - Incremental task entry:ohosTest@ProcessIntegratedHsp post-execution cost:1 ms .
[2026-07-23T17:18:33.034] [DEBUG] debug-file - There is no need to refresh cache, since the incremental task entry:ohosTest@MakePackInfo is up-to-date.
[2026-07-23T17:18:33.034] [DEBUG] debug-file - Update task entry:ohosTest@SyscapTransform input file:/Users/guoyutong/command-line-tools/sdk/default/openharmony/toolchains/syscap_tool cache by regenerate.
[2026-07-23T17:18:33.034] [DEBUG] debug-file - Update task entry:ohosTest@SyscapTransform input file:/Users/guoyutong/command-line-tools/sdk/default/openharmony/ets/api/device-define cache by regenerate.
[2026-07-23T17:18:33.035] [DEBUG] debug-file - Update task entry:ohosTest@SyscapTransform output file:/Users/guoyutong/MyWorkSpace/TestThirdParty/cases/tinyxml2/harmony-demo/entry/build/default/intermediates/syscap/ohosTest/rpcid.sc cache.
[2026-07-23T17:18:33.035] [DEBUG] debug-file - Incremental task entry:ohosTest@SyscapTransform post-execution cost:1 ms .
[2026-07-23T17:18:33.035] [DEBUG] debug-file - There is no need to refresh cache, since the incremental task entry:ohosTest@ProcessProfile is up-to-date.
[2026-07-23T17:18:33.035] [DEBUG] debug-file - There is no need to refresh cache, since the incremental task entry:ohosTest@ProcessRouterMap is up-to-date.
[2026-07-23T17:18:33.035] [DEBUG] debug-file - There is no need to refresh cache, since the incremental task entry:ohosTest@ProcessShareConfig is up-to-date.
[2026-07-23T17:18:33.035] [DEBUG] debug-file - Update task entry:ohosTest@ProcessStartupConfig output file:/Users/guoyutong/MyWorkSpace/TestThirdParty/cases/tinyxml2/harmony-demo/entry/build/default/intermediates/startup/ohosTest/startup_config.json cache.
[2026-07-23T17:18:33.035] [DEBUG] debug-file - Incremental task entry:ohosTest@ProcessStartupConfig post-execution cost:1 ms .
[2026-07-23T17:18:33.035] [DEBUG] debug-file - There is no need to refresh cache, since the incremental task entry:ohosTest@ProcessResource is up-to-date.
[2026-07-23T17:18:33.035] [DEBUG] debug-file - There is no need to refresh cache, since the incremental task entry:ohosTest@GenerateLoaderJson is up-to-date.
[2026-07-23T17:18:33.035] [DEBUG] debug-file - There is no need to refresh cache, since the incremental task entry:ohosTest@CompileResource is up-to-date.
[2026-07-23T17:18:33.035] [DEBUG] debug-file - There is no need to refresh cache, since the incremental task entry:ohosTest@OhosTestCompileArkTS is up-to-date.
[2026-07-23T17:18:33.035] [DEBUG] debug-file - Update task entry:ohosTest@OhosTestBuildJS input file:/Users/guoyutong/MyWorkSpace/TestThirdParty/cases/tinyxml2/harmony-demo/entry/build/default/intermediates/loader/ohosTest cache by regenerate.
[2026-07-23T17:18:33.035] [DEBUG] debug-file - Update task entry:ohosTest@OhosTestBuildJS input file:/Users/guoyutong/MyWorkSpace/TestThirdParty/cases/tinyxml2/harmony-demo/entry/build/default/intermediates/res/ohosTest/ResourceTable.txt cache by regenerate.
[2026-07-23T17:18:33.035] [DEBUG] debug-file - Update task entry:ohosTest@OhosTestBuildJS input file:/Users/guoyutong/MyWorkSpace/TestThirdParty/cases/tinyxml2/harmony-demo/entry/build/default/intermediates/res/ohosTest/ark_module.json cache by regenerate.
[2026-07-23T17:18:33.035] [DEBUG] debug-file - Update task entry:ohosTest@OhosTestBuildJS input file:/Users/guoyutong/MyWorkSpace/TestThirdParty/cases/tinyxml2/harmony-demo/entry/build/default/intermediates/res/ohosTest/resources/base/profile cache by regenerate.
[2026-07-23T17:18:33.035] [DEBUG] debug-file - Update task entry:ohosTest@OhosTestBuildJS input file:/Users/guoyutong/MyWorkSpace/TestThirdParty/cases/tinyxml2/harmony-demo/entry/src/ohosTest cache by regenerate.
[2026-07-23T17:18:33.035] [DEBUG] debug-file - Update task entry:ohosTest@OhosTestBuildJS output file:/Users/guoyutong/MyWorkSpace/TestThirdParty/cases/tinyxml2/harmony-demo/entry/build/default/intermediates/loader_out/ohosTest/js cache.
[2026-07-23T17:18:33.035] [DEBUG] debug-file - Incremental task entry:ohosTest@OhosTestBuildJS post-execution cost:1 ms .
[2026-07-23T17:18:33.036] [DEBUG] debug-file - Update task entry:ohosTest@OhosTestCopyMockConfigJson output file:/Users/guoyutong/MyWorkSpace/TestThirdParty/cases/tinyxml2/harmony-demo/entry/build/default/intermediates/res/ohosTest/resources/rawfile/mock/mock-config.json cache.
[2026-07-23T17:18:33.036] [DEBUG] debug-file - Incremental task entry:ohosTest@OhosTestCopyMockConfigJson post-execution cost:1 ms .
[2026-07-23T17:18:33.036] [DEBUG] debug-file - There is no need to refresh cache, since the incremental task entry:ohosTest@ProcessLibs is up-to-date.
[2026-07-23T17:18:33.036] [DEBUG] debug-file - There is no need to refresh cache, since the incremental task entry:ohosTest@DoNativeStrip is up-to-date.
[2026-07-23T17:18:33.036] [DEBUG] debug-file - There is no need to refresh cache, since the incremental task entry:ohosTest@CacheNativeLibs is up-to-date.
[2026-07-23T17:18:33.036] [DEBUG] debug-file - There is no need to refresh cache, since the incremental task entry:ohosTest@GeneratePkgModuleJson is up-to-date.
[2026-07-23T17:18:33.036] [DEBUG] debug-file - Incremental task entry:ohosTest@ProcessCompiledResources post-execution cost:1 ms .
[2026-07-23T17:18:33.036] [DEBUG] debug-file - There is no need to refresh cache, since the incremental task entry:ohosTest@PackageHap is up-to-date.
[2026-07-23T17:18:33.036] [DEBUG] debug-file - Update task entry:ohosTest@SignHap input file:/Users/guoyutong/MyWorkSpace/TestThirdParty/cases/tinyxml2/harmony-demo/entry/build/default/outputs/ohosTest/entry-ohosTest-unsigned.hap cache by regenerate.
[2026-07-23T17:18:33.036] [DEBUG] debug-file - Update task entry:ohosTest@SignHap output file:/Users/guoyutong/MyWorkSpace/TestThirdParty/cases/tinyxml2/harmony-demo/entry/build/default/outputs/ohosTest/entry-ohosTest-signed.hap cache.
[2026-07-23T17:18:33.036] [DEBUG] debug-file - Incremental task entry:ohosTest@SignHap post-execution cost:1 ms .
[2026-07-23T17:18:33.036] [DEBUG] debug-file - Update task entry:ohosTest@CollectDebugSymbol input file:/Users/guoyutong/MyWorkSpace/TestThirdParty/cases/tinyxml2/harmony-demo/entry/build/default/intermediates/loader_out/ohosTest/ets/sourceMaps.map cache by regenerate.
[2026-07-23T17:18:33.036] [DEBUG] debug-file - Update task entry:ohosTest@CollectDebugSymbol input file:/Users/guoyutong/MyWorkSpace/TestThirdParty/cases/tinyxml2/harmony-demo/entry/build/default/intermediates/libs/ohosTest cache by regenerate.
[2026-07-23T17:18:33.036] [DEBUG] debug-file - Update task entry:ohosTest@CollectDebugSymbol output file:/Users/guoyutong/MyWorkSpace/TestThirdParty/cases/tinyxml2/harmony-demo/entry/build/default/outputs/ohosTest/symbol cache.
[2026-07-23T17:18:33.036] [DEBUG] debug-file - Incremental task entry:ohosTest@CollectDebugSymbol post-execution cost:1 ms .
[2026-07-23T17:18:33.039] [DEBUG] debug-file - Current worker pool is stopped or closed.
[2026-07-23T17:18:33.039] [DEBUG] debug-file - Clear worker 0.
[2026-07-23T17:18:33.039] [DEBUG] debug-file - Worker 0 has been cleared.
[2026-07-23T17:18:33.039] [DEBUG] debug-file - Current idle worker size: 3.
[2026-07-23T17:18:33.039] [DEBUG] debug-file - Current busy worker size: 0.
[2026-07-23T17:18:33.039] [DEBUG] debug-file - Clear worker 1.
[2026-07-23T17:18:33.039] [DEBUG] debug-file - Worker 1 has been cleared.
[2026-07-23T17:18:33.039] [DEBUG] debug-file - Current idle worker size: 2.
[2026-07-23T17:18:33.039] [DEBUG] debug-file - Current busy worker size: 0.
[2026-07-23T17:18:33.039] [DEBUG] debug-file - Clear worker 7.
[2026-07-23T17:18:33.039] [DEBUG] debug-file - Worker 7 has been cleared.
[2026-07-23T17:18:33.039] [DEBUG] debug-file - Current idle worker size: 1.
[2026-07-23T17:18:33.039] [DEBUG] debug-file - Current busy worker size: 0.
[2026-07-23T17:18:33.039] [DEBUG] debug-file - Clear worker 8.
[2026-07-23T17:18:33.039] [DEBUG] debug-file - Worker 8 has been cleared.
[2026-07-23T17:18:33.039] [DEBUG] debug-file - Current idle worker size: 0.
[2026-07-23T17:18:33.039] [DEBUG] debug-file - Current busy worker size: 0.
[2026-07-23T17:18:33.040] [DEBUG] debug-file - hvigor build process will be closed.
[2026-07-23T17:18:33.040] [DEBUG] debug-file - worker[0] exits with exit code 1.
[2026-07-23T17:18:33.040] [DEBUG] debug-file - worker[1] exits with exit code 1.
[2026-07-23T17:18:33.040] [DEBUG] debug-file - Current worker pool is terminated.
[2026-07-23T17:18:33.040] [DEBUG] debug-file - worker[7] exits with exit code 1.
[2026-07-23T17:18:33.041] [DEBUG] debug-file - worker[8] exits with exit code 1.
