[2026-07-28T09:46:55.248] [DEBUG] debug-file - env: nodejsVersion=v18.20.1
[2026-07-28T09:46:55.991] [DEBUG] debug-file - Hvigor init with startParameters:{
  hvigorfileTypeCheck: false,
  parallelExecution: true,
  incrementalExecution: true,
  printStackTrace: false,
  daemon: false,
  analyze: 0,
  logLevel: Level { level: 20000, levelStr: 'INFO', colour: 'green' },
  optimizationStrategy: 'memory',
  hotCompile: undefined,
  hotReloadBuild: undefined,
  customizedParam: undefined
}
[2026-07-28T09:46:59.020] [DEBUG] debug-file - hvigorfile, require result:  { default: { system: [Function: appTasks], plugins: [] } }
[2026-07-28T09:46:59.023] [DEBUG] debug-file - Starting plugin build process
[2026-07-28T09:46:59.313] [DEBUG] debug-file - App plugin register hook start...
[2026-07-28T09:46:59.317] [DEBUG] debug-file - Start initialize project's product build option map with build mode debug.
[2026-07-28T09:46:59.322] [DEBUG] debug-file - Obtain build option for product 'default'in this build.
[2026-07-28T09:46:59.336] [DEBUG] debug-file - Start recording SDK configuration permission data.
[2026-07-28T09:46:59.393] [DEBUG] debug-file - Project task initialization takes 9 ms 
[2026-07-28T09:46:59.405] [DEBUG] debug-file - failed to load cangjie to dynamically generate schemas: Error: Cannot find module '@ohos/cangjie-build-support/index'
Require stack:
- E:\DevEco Studio\tools\hvigor\hvigor-ohos-plugin\src\plugin\hooks\cangjie-register.js
- E:\DevEco Studio\tools\hvigor\hvigor-ohos-plugin\src\plugin\strategy\stage-init-strategy.js
- E:\DevEco Studio\tools\hvigor\hvigor-ohos-plugin\src\plugin\builder\abstract-plugin-builder.js
- E:\DevEco Studio\tools\hvigor\hvigor-ohos-plugin\src\plugin\builder\app-plugin-builder.js
- E:\DevEco Studio\tools\hvigor\hvigor-ohos-plugin\src\plugin\factory\plugin-factory.js
- E:\DevEco Studio\tools\hvigor\hvigor-ohos-plugin\index.js
- D:\HW\UTDesign\cases\libuv\libuv-base-demo\hvigorfile.ts
- E:\DevEco Studio\tools\hvigor\hvigor\src\base\internal\lifecycle\configuration.js
- E:\DevEco Studio\tools\hvigor\hvigor\src\base\boot\index.js
- E:\DevEco Studio\tools\hvigor\hvigor\src\cli\main\cli.js
- E:\DevEco Studio\tools\hvigor\hvigor\bin\hvigor.js
[2026-07-28T09:46:59.422] [DEBUG] debug-file - Start initialize module-target build option map, moduleName=entry, buildMode=debug
[2026-07-28T09:46:59.434] [DEBUG] debug-file - project has submodules:entry
[2026-07-28T09:46:59.443] [DEBUG] debug-file - Start to initialize dependency information.
[2026-07-28T09:46:55.250] [DEBUG] debug-file - env: hvigor-config.json5 content = {
  modelVersion: '6.1.0',
  dependencies: {},
  execution: {},
  logging: {},
  debugging: {},
  nodeOptions: {}
}
[2026-07-28T09:46:59.458] [DEBUG] debug-file - entry : clean cost memory 0.1121826171875
[2026-07-28T09:46:59.436] [DEBUG] debug-file - Start to initialize dependency information.
[2026-07-28T09:46:55.992] [DEBUG] debug-file - Since current hvigor version 6.23.5 differs from last hvigor version 
      undefined, delete file-cache.json and task-cache.json.
[2026-07-28T09:46:59.538] [DEBUG] debug-file - Create  resident worker with id: 0.
[2026-07-28T09:46:59.020] [DEBUG] debug-file - hvigorfile, binding system plugins [Function: appTasks]
[2026-07-28T09:46:59.023] [DEBUG] debug-file - App plugin prepare start...
[2026-07-28T09:46:59.317] [DEBUG] debug-file - Picking option from product 'default' with build mode 'debug'.
[2026-07-28T09:46:59.314] [DEBUG] debug-file - App plugin register hook end...
[2026-07-28T09:46:59.324] [DEBUG] debug-file - No signingConfig found, initRemoteHspCache failed.
[2026-07-28T09:46:59.382] [DEBUG] debug-file - Sdk init in 57 ms 
[2026-07-28T09:46:59.393] [DEBUG] debug-file - hvigorfile, begin to bind custom plugins...
[2026-07-28T09:46:59.422] [DEBUG] debug-file - Target 'default' config initialized
[2026-07-28T09:46:59.449] [DEBUG] debug-file - Module entry Collected Dependency: 
[2026-07-28T09:46:55.255] [DEBUG] debug-file - env: daemon=false
[2026-07-28T09:46:59.458] [DEBUG] debug-file - runTaskFromQueue task cost before running: 3 s 490 ms 
[2026-07-28T09:46:59.440] [DEBUG] debug-file - Module libuv-base-demo Collected Dependency: 
[2026-07-28T09:46:55.993] [DEBUG] debug-file - Cache service initialization finished in 2 ms 
[2026-07-28T09:46:59.543] [DEBUG] debug-file - Create  resident worker with id: 1.
[2026-07-28T09:46:59.023] [DEBUG] debug-file - App plugin prepare end...
[2026-07-28T09:46:59.317] [DEBUG] debug-file - Product 'default' build option initialized
[2026-07-28T09:46:59.314] [DEBUG] debug-file - Plugin build process completed
[2026-07-28T09:46:59.393] [DEBUG] debug-file - hvigorfile, no custom plugins were found in D:\HW\UTDesign\cases\libuv\libuv-base-demo\hvigorfile.ts
[2026-07-28T09:46:59.329] [DEBUG] debug-file - Local scan or download HarmonyOS sdk components toolchains,ets,js,native,previewer
[2026-07-28T09:46:59.423] [DEBUG] debug-file - Target 'ohosTest' config initialized
[2026-07-28T09:46:59.449] [DEBUG] debug-file - Module entry's total dependency: 0
[2026-07-28T09:46:59.460] [INFO] debug-file - Finished :entry:clean... after 3 ms 
[2026-07-28T09:46:59.440] [DEBUG] debug-file - Module libuv-base-demo's total dependency: 0
[2026-07-28T09:46:55.255] [DEBUG] debug-file - no-daemon, use the parent process.execArgv --max-old-space-size=8192,--max-semi-space-size=16,--expose-gc
[2026-07-28T09:46:59.549] [DEBUG] debug-file - Current worker pool is stopped or closed.
[2026-07-28T09:46:55.996] [DEBUG] debug-file - hvigorfile, resolving D:\HW\UTDesign\cases\libuv\libuv-base-demo\hvigorfile.ts
[2026-07-28T09:46:59.023] [DEBUG] debug-file - App plugin creating...
[2026-07-28T09:46:59.317] [DEBUG] debug-file - End initialize project's product build option map with build mode 'debug'.
[2026-07-28T09:46:59.393] [DEBUG] debug-file - hvigorfile, resolve finished D:\HW\UTDesign\cases\libuv\libuv-base-demo\hvigorfile.ts
[2026-07-28T09:46:59.332] [DEBUG] debug-file - Local scan or download hmscore sdk components toolchains,ets,native
[2026-07-28T09:46:59.424] [DEBUG] debug-file - Module 'entry' target 'default' build option initialized
[2026-07-28T09:46:59.452] [DEBUG] debug-file - Configuration phase cost:3 s 459 ms 
[2026-07-28T09:46:59.460] [DEBUG] debug-file - Executing task ::clean
[2026-07-28T09:46:59.549] [DEBUG] debug-file - Clear worker 0.
[2026-07-28T09:46:59.394] [DEBUG] debug-file - hvigorfile, resolving D:\HW\UTDesign\cases\libuv\libuv-base-demo\entry\hvigorfile.ts
[2026-07-28T09:46:59.424] [DEBUG] debug-file - Module 'entry' target 'ohosTest' build option initialized
[2026-07-28T09:46:59.455] [DEBUG] debug-file - Configuration task cost before running: 3 s 487 ms 
[2026-07-28T09:46:59.460] [DEBUG] debug-file - clean: Worker pool is inactive.
[2026-07-28T09:46:59.550] [DEBUG] debug-file - Worker 0 has been cleared.
[2026-07-28T09:46:59.403] [DEBUG] debug-file - hvigorfile, require result:  { default: { system: [Function: hapTasks], plugins: [] } }
[2026-07-28T09:46:59.424] [DEBUG] debug-file - End initialize module-target build option map, moduleName=entry
[2026-07-28T09:46:59.456] [DEBUG] debug-file - Executing task :entry:clean
[2026-07-28T09:46:59.461] [DEBUG] debug-file - libuv-base-demo : clean cost memory 0.02062225341796875
[2026-07-28T09:46:59.550] [DEBUG] debug-file - Current idle worker size: 1.
[2026-07-28T09:46:59.424] [DEBUG] debug-file - Start initialize module-target build option map, moduleName=entry, buildMode=release
[2026-07-28T09:46:59.403] [DEBUG] debug-file - hvigorfile, binding system plugins [Function: hapTasks]
[2026-07-28T09:46:59.461] [DEBUG] debug-file - runTaskFromQueue task cost before running: 3 s 493 ms 
[2026-07-28T09:46:59.550] [DEBUG] debug-file - Current busy worker size: 0.
[2026-07-28T09:46:59.456] [DEBUG] debug-file - clean: Worker pool is inactive.
[2026-07-28T09:46:59.424] [DEBUG] debug-file - Target 'default' config initialized
[2026-07-28T09:46:59.404] [DEBUG] debug-file - Starting plugin build process
[2026-07-28T09:46:59.462] [INFO] debug-file - Finished ::clean... after 1 ms 
[2026-07-28T09:46:59.424] [DEBUG] debug-file - Target 'ohosTest' config initialized
[2026-07-28T09:46:59.550] [DEBUG] debug-file - Clear worker 1.
[2026-07-28T09:46:59.476] [INFO] debug-file - BUILD SUCCESSFUL in 3 s 508 ms 
[2026-07-28T09:46:59.404] [DEBUG] debug-file - Hap plugin creating...
[2026-07-28T09:46:59.424] [DEBUG] debug-file - Module 'entry' target 'default' build option initialized
[2026-07-28T09:46:59.550] [DEBUG] debug-file - Worker 1 has been cleared.
[2026-07-28T09:46:59.532] [DEBUG] debug-file - Since there is no instance or instance is terminated, create a new worker pool.
[2026-07-28T09:46:59.424] [DEBUG] debug-file - Module 'entry' target 'ohosTest' build option initialized
[2026-07-28T09:46:59.550] [DEBUG] debug-file - Current idle worker size: 0.
[2026-07-28T09:46:59.424] [DEBUG] debug-file - End initialize module-target build option map, moduleName=entry
[2026-07-28T09:46:59.533] [DEBUG] debug-file - Worker pool is initialized with config:  {
  minPoolNum: 2,
  maxPoolNum: undefined,
  maxCoreSize: undefined,
  cacheCapacity: undefined,
  cacheTtl: undefined
}
[2026-07-28T09:46:59.550] [DEBUG] debug-file - Current busy worker size: 0.
[2026-07-28T09:46:59.424] [DEBUG] debug-file - Start initialize module-target build option map, moduleName=entry, buildMode=debug
[2026-07-28T09:46:59.551] [DEBUG] debug-file - hvigor build process will be closed.
[2026-07-28T09:46:59.560] [DEBUG] debug-file - worker[0] exits with exit code 0.
[2026-07-28T09:46:59.425] [DEBUG] debug-file - Target 'default' config initialized
[2026-07-28T09:46:59.565] [DEBUG] debug-file - worker[1] exits with exit code 0.
[2026-07-28T09:46:59.425] [DEBUG] debug-file - Target 'ohosTest' config initialized
[2026-07-28T09:46:59.567] [DEBUG] debug-file - Current worker pool is terminated.
[2026-07-28T09:46:59.425] [DEBUG] debug-file - Module 'entry' target 'default' build option initialized
[2026-07-28T09:46:59.425] [DEBUG] debug-file - Module 'entry' target 'ohosTest' build option initialized
[2026-07-28T09:46:59.425] [DEBUG] debug-file - End initialize module-target build option map, moduleName=entry
[2026-07-28T09:46:59.426] [DEBUG] debug-file - Obtain build option for module 'entry' target 'default'in this build.
[2026-07-28T09:46:59.432] [DEBUG] debug-file - Module entry task initialization takes 5 ms 
[2026-07-28T09:46:59.432] [DEBUG] debug-file - Hap plugin register hook start...
[2026-07-28T09:46:59.432] [DEBUG] debug-file - Hap plugin register hook end...
[2026-07-28T09:46:59.432] [DEBUG] debug-file - Plugin build process completed
[2026-07-28T09:46:59.432] [DEBUG] debug-file - hvigorfile, begin to bind custom plugins...
[2026-07-28T09:46:59.432] [DEBUG] debug-file - hvigorfile, no custom plugins were found in D:\HW\UTDesign\cases\libuv\libuv-base-demo\entry\hvigorfile.ts
[2026-07-28T09:46:59.432] [DEBUG] debug-file - hvigorfile, resolve finished D:\HW\UTDesign\cases\libuv\libuv-base-demo\entry\hvigorfile.ts
[2026-07-28T09:47:00.990] [DEBUG] debug-file - env: nodejsVersion=v18.20.1
[2026-07-28T09:47:01.645] [DEBUG] debug-file - Hvigor init with startParameters:{
  hvigorfileTypeCheck: false,
  parallelExecution: true,
  incrementalExecution: true,
  printStackTrace: false,
  daemon: false,
  analyze: 0,
  logLevel: Level { level: 20000, levelStr: 'INFO', colour: 'green' },
  optimizationStrategy: 'memory',
  hotCompile: undefined,
  hotReloadBuild: undefined,
  customizedParam: undefined
}
[2026-07-28T09:47:04.304] [DEBUG] debug-file - hvigorfile, require result:  { default: { system: [Function: appTasks], plugins: [] } }
[2026-07-28T09:47:04.562] [DEBUG] debug-file - App plugin register hook start...
[2026-07-28T09:47:04.308] [DEBUG] debug-file - Starting plugin build process
[2026-07-28T09:47:04.565] [DEBUG] debug-file - Start initialize project's product build option map with build mode debug.
[2026-07-28T09:47:04.569] [DEBUG] debug-file - Obtain build option for product 'default'in this build.
[2026-07-28T09:47:04.582] [DEBUG] debug-file - Start recording SDK configuration permission data.
[2026-07-28T09:47:04.660] [DEBUG] debug-file - failed to load cangjie to dynamically generate schemas: Error: Cannot find module '@ohos/cangjie-build-support/index'
Require stack:
- E:\DevEco Studio\tools\hvigor\hvigor-ohos-plugin\src\plugin\hooks\cangjie-register.js
- E:\DevEco Studio\tools\hvigor\hvigor-ohos-plugin\src\plugin\strategy\stage-init-strategy.js
- E:\DevEco Studio\tools\hvigor\hvigor-ohos-plugin\src\plugin\builder\abstract-plugin-builder.js
- E:\DevEco Studio\tools\hvigor\hvigor-ohos-plugin\src\plugin\builder\app-plugin-builder.js
- E:\DevEco Studio\tools\hvigor\hvigor-ohos-plugin\src\plugin\factory\plugin-factory.js
- E:\DevEco Studio\tools\hvigor\hvigor-ohos-plugin\index.js
- D:\HW\UTDesign\cases\libuv\libuv-base-demo\hvigorfile.ts
- E:\DevEco Studio\tools\hvigor\hvigor\src\base\internal\lifecycle\configuration.js
- E:\DevEco Studio\tools\hvigor\hvigor\src\base\boot\index.js
- E:\DevEco Studio\tools\hvigor\hvigor\src\cli\main\cli.js
- E:\DevEco Studio\tools\hvigor\hvigor\bin\hvigor.js
[2026-07-28T09:47:04.650] [DEBUG] debug-file - Project task initialization takes 12 ms 
[2026-07-28T09:47:04.675] [DEBUG] debug-file - Start initialize module-target build option map, moduleName=entry, buildMode=debug
[2026-07-28T09:47:04.689] [DEBUG] debug-file - start to load updatedOhPackageInfo to the disk
[2026-07-28T09:47:04.686] [DEBUG] debug-file - project has submodules:entry
[2026-07-28T09:47:04.711] [DEBUG] debug-file - Start to initialize dependency information.
[2026-07-28T09:47:04.748] [DEBUG] debug-file - Executing task :entry:default@PreBuild
[2026-07-28T09:47:00.992] [DEBUG] debug-file - env: hvigor-config.json5 content = {
  modelVersion: '6.1.0',
  dependencies: {},
  execution: {},
  logging: {},
  debugging: {},
  nodeOptions: {}
}
[2026-07-28T09:47:04.935] [DEBUG] debug-file - Executing task :entry:default@GenerateMetadata
[2026-07-28T09:47:01.647] [DEBUG] debug-file - Cache service initialization finished in 2 ms 
[2026-07-28T09:47:04.305] [DEBUG] debug-file - hvigorfile, binding system plugins [Function: appTasks]
[2026-07-28T09:47:04.562] [DEBUG] debug-file - App plugin register hook end...
[2026-07-28T09:47:04.308] [DEBUG] debug-file - App plugin prepare start...
[2026-07-28T09:47:04.565] [DEBUG] debug-file - Picking option from product 'default' with build mode 'debug'.
[2026-07-28T09:47:04.572] [DEBUG] debug-file - No signingConfig found, initRemoteHspCache failed.
[2026-07-28T09:47:04.636] [DEBUG] debug-file - Sdk init in 63 ms 
[2026-07-28T09:47:04.650] [DEBUG] debug-file - hvigorfile, begin to bind custom plugins...
[2026-07-28T09:47:04.675] [DEBUG] debug-file - Target 'default' config initialized
[2026-07-28T09:47:04.697] [DEBUG] debug-file - load to the disk finished
[2026-07-28T09:47:04.718] [DEBUG] debug-file - Module entry Collected Dependency: 
[2026-07-28T09:47:04.752] [DEBUG] debug-file - Task 'entry:default@PreBuild' cost while wrapping incremental declarations: 1 ms 
[2026-07-28T09:47:00.995] [DEBUG] debug-file - env: daemon=false
[2026-07-28T09:47:04.936] [DEBUG] debug-file - Task 'entry:default@GenerateMetadata' cost while wrapping incremental declarations: 1 ms 
[2026-07-28T09:47:01.648] [DEBUG] debug-file - hvigorfile, resolving D:\HW\UTDesign\cases\libuv\libuv-base-demo\hvigorfile.ts
[2026-07-28T09:47:04.563] [DEBUG] debug-file - Plugin build process completed
[2026-07-28T09:47:04.308] [DEBUG] debug-file - App plugin prepare end...
[2026-07-28T09:47:04.565] [DEBUG] debug-file - Product 'default' build option initialized
[2026-07-28T09:47:04.574] [DEBUG] debug-file - Local scan or download HarmonyOS sdk components toolchains,ets,js,native,previewer
[2026-07-28T09:47:04.650] [DEBUG] debug-file - hvigorfile, no custom plugins were found in D:\HW\UTDesign\cases\libuv\libuv-base-demo\hvigorfile.ts
[2026-07-28T09:47:04.676] [DEBUG] debug-file - Target 'ohosTest' config initialized
[2026-07-28T09:47:04.699] [DEBUG] debug-file - Start to initialize dependency information.
[2026-07-28T09:47:04.718] [DEBUG] debug-file - Module entry's total dependency: 0
[2026-07-28T09:47:04.921] [DEBUG] debug-file - current product is not Atomic service.
[2026-07-28T09:47:00.995] [DEBUG] debug-file - no-daemon, use the parent process.execArgv --max-old-space-size=8192,--max-semi-space-size=16,--expose-gc
[2026-07-28T09:47:04.941] [DEBUG] debug-file - entry : default@GenerateMetadata cost memory 0.0623931884765625
[2026-07-28T09:47:04.309] [DEBUG] debug-file - App plugin creating...
[2026-07-28T09:47:04.565] [DEBUG] debug-file - End initialize project's product build option map with build mode 'debug'.
[2026-07-28T09:47:04.577] [DEBUG] debug-file - Local scan or download hmscore sdk components toolchains,ets,native
[2026-07-28T09:47:04.650] [DEBUG] debug-file - hvigorfile, resolve finished D:\HW\UTDesign\cases\libuv\libuv-base-demo\hvigorfile.ts
[2026-07-28T09:47:04.707] [DEBUG] debug-file - Module libuv-base-demo Collected Dependency: 
[2026-07-28T09:47:04.725] [DEBUG] debug-file - Configuration phase cost:3 s 78 ms 
[2026-07-28T09:47:04.676] [DEBUG] debug-file - Module 'entry' target 'default' build option initialized
[2026-07-28T09:47:04.921] [DEBUG] debug-file - Use tool [win32: JAVA_HOME, CLASSPATH]
 [ { JAVA_HOME: 'E:\\Java\\jdk-21.0.11' }, { CLASSPATH: undefined } ]
[2026-07-28T09:47:04.941] [DEBUG] debug-file - runTaskFromQueue task cost before running: 3 s 307 ms 
[2026-07-28T09:47:04.651] [DEBUG] debug-file - hvigorfile, resolving D:\HW\UTDesign\cases\libuv\libuv-base-demo\entry\hvigorfile.ts
[2026-07-28T09:47:04.707] [DEBUG] debug-file - Module libuv-base-demo's total dependency: 0
[2026-07-28T09:47:04.729] [DEBUG] debug-file - Configuration task cost before running: 3 s 95 ms 
[2026-07-28T09:47:04.676] [DEBUG] debug-file - Module 'entry' target 'ohosTest' build option initialized
[2026-07-28T09:47:04.921] [DEBUG] debug-file - Use tool [win32: NODE_HOME]
 [ { NODE_HOME: undefined } ]
[2026-07-28T09:47:04.942] [INFO] debug-file - Finished :entry:default@GenerateMetadata... after 7 ms 
[2026-07-28T09:47:04.659] [DEBUG] debug-file - hvigorfile, require result:  { default: { system: [Function: hapTasks], plugins: [] } }
[2026-07-28T09:47:04.676] [DEBUG] debug-file - End initialize module-target build option map, moduleName=entry
[2026-07-28T09:47:04.923] [DEBUG] debug-file - entry : default@PreBuild cost memory 8.990509033203125
[2026-07-28T09:47:04.944] [DEBUG] debug-file - Executing task :entry:default@ConfigureCmake
[2026-07-28T09:47:04.659] [DEBUG] debug-file - hvigorfile, binding system plugins [Function: hapTasks]
[2026-07-28T09:47:04.676] [DEBUG] debug-file - Start initialize module-target build option map, moduleName=entry, buildMode=release
[2026-07-28T09:47:04.923] [DEBUG] debug-file - runTaskFromQueue task cost before running: 3 s 289 ms 
[2026-07-28T09:47:04.659] [DEBUG] debug-file - Starting plugin build process
[2026-07-28T09:47:04.676] [DEBUG] debug-file - Target 'default' config initialized
[2026-07-28T09:47:04.927] [INFO] debug-file - Finished :entry:default@PreBuild... after 176 ms 
[2026-07-28T09:47:04.659] [DEBUG] debug-file - Hap plugin creating...
[2026-07-28T09:47:04.677] [DEBUG] debug-file - Target 'ohosTest' config initialized
[2026-07-28T09:47:04.928] [DEBUG] debug-file - Executing task :entry:default@CreateModuleInfo
[2026-07-28T09:47:04.677] [DEBUG] debug-file - Module 'entry' target 'default' build option initialized
[2026-07-28T09:47:04.929] [DEBUG] debug-file - Task 'entry:default@CreateModuleInfo' cost while wrapping incremental declarations: 1 ms 
[2026-07-28T09:47:04.677] [DEBUG] debug-file - Module 'entry' target 'ohosTest' build option initialized
[2026-07-28T09:47:04.929] [DEBUG] debug-file - entry : default@CreateModuleInfo cost memory 0.00373077392578125
[2026-07-28T09:47:04.677] [DEBUG] debug-file - End initialize module-target build option map, moduleName=entry
[2026-07-28T09:47:04.929] [DEBUG] debug-file - runTaskFromQueue task cost before running: 3 s 295 ms 
[2026-07-28T09:47:04.677] [DEBUG] debug-file - Start initialize module-target build option map, moduleName=entry, buildMode=debug
[2026-07-28T09:47:04.930] [INFO] debug-file - Finished :entry:default@CreateModuleInfo... after 1 ms 
[2026-07-28T09:47:04.677] [DEBUG] debug-file - Target 'default' config initialized
[2026-07-28T09:47:04.677] [DEBUG] debug-file - Target 'ohosTest' config initialized
[2026-07-28T09:47:04.678] [DEBUG] debug-file - Module 'entry' target 'default' build option initialized
[2026-07-28T09:47:04.678] [DEBUG] debug-file - Module 'entry' target 'ohosTest' build option initialized
[2026-07-28T09:47:04.678] [DEBUG] debug-file - End initialize module-target build option map, moduleName=entry
[2026-07-28T09:47:04.678] [DEBUG] debug-file - Obtain build option for module 'entry' target 'default'in this build.
[2026-07-28T09:47:04.684] [DEBUG] debug-file - Module entry task initialization takes 5 ms 
[2026-07-28T09:47:04.684] [DEBUG] debug-file - Hap plugin register hook start...
[2026-07-28T09:47:04.684] [DEBUG] debug-file - Hap plugin register hook end...
[2026-07-28T09:47:04.684] [DEBUG] debug-file - Plugin build process completed
[2026-07-28T09:47:04.684] [DEBUG] debug-file - hvigorfile, begin to bind custom plugins...
[2026-07-28T09:47:04.684] [DEBUG] debug-file - hvigorfile, no custom plugins were found in D:\HW\UTDesign\cases\libuv\libuv-base-demo\entry\hvigorfile.ts
[2026-07-28T09:47:04.684] [DEBUG] debug-file - hvigorfile, resolve finished D:\HW\UTDesign\cases\libuv\libuv-base-demo\entry\hvigorfile.ts
[2026-07-28T09:47:04.982] [DEBUG] debug-file - entry : default@ConfigureCmake cost memory 1.4243927001953125
[2026-07-28T09:47:04.982] [DEBUG] debug-file - runTaskFromQueue task cost before running: 3 s 348 ms 
[2026-07-28T09:47:04.994] [DEBUG] debug-file - Executing task :entry:default@CreateBuildProfile
[2026-07-28T09:47:05.014] [DEBUG] debug-file - Executing task :entry:default@GeneratePkgContextInfo
[2026-07-28T09:47:05.006] [DEBUG] debug-file - Executing task :entry:default@PreCheckSyscap
[2026-07-28T09:47:04.983] [INFO] debug-file - Finished :entry:default@ConfigureCmake... after 39 ms 
[2026-07-28T09:47:04.996] [DEBUG] debug-file - Task 'entry:default@CreateBuildProfile' cost while wrapping incremental declarations: 2 ms 
[2026-07-28T09:47:05.025] [DEBUG] debug-file - Task 'entry:default@GeneratePkgContextInfo' cost while wrapping incremental declarations: 1 ms 
[2026-07-28T09:47:05.042] [DEBUG] debug-file - Executing task :entry:default@ProcessIntegratedHsp
[2026-07-28T09:47:05.006] [DEBUG] debug-file - entry : default@PreCheckSyscap cost memory 0.01363372802734375
[2026-07-28T09:47:04.984] [DEBUG] debug-file - Executing task :entry:default@MergeProfile
[2026-07-28T09:47:05.001] [DEBUG] debug-file - entry : default@CreateBuildProfile cost memory 0.07099151611328125
[2026-07-28T09:47:05.026] [DEBUG] debug-file - entry : default@GeneratePkgContextInfo cost memory 0.6632919311523438
[2026-07-28T09:47:05.044] [DEBUG] debug-file - entry : default@ProcessIntegratedHsp cost memory 0.02895355224609375
[2026-07-28T09:47:05.006] [DEBUG] debug-file - runTaskFromQueue task cost before running: 3 s 372 ms 
[2026-07-28T09:47:04.985] [DEBUG] debug-file - Task 'entry:default@MergeProfile' cost while wrapping incremental declarations: 1 ms 
[2026-07-28T09:47:05.054] [DEBUG] debug-file - Use tool [Cmake]
 [
  'E:\\DevEco Studio\\sdk\\default\\openharmony\\native\\build-tools\\cmake\\bin\\cmake.exe',
  '-HD:\\HW\\UTDesign\\cases\\libuv\\libuv-base-demo\\entry\\src\\main\\cpp',
  '-BD:\\HW\\UTDesign\\cases\\libuv\\libuv-base-demo\\entry\\.cxx\\default\\default\\debug\\x86_64',
  '-DOHOS_ARCH=x86_64',
  '-DCMAKE_LIBRARY_OUTPUT_DIRECTORY=D:\\HW\\UTDesign\\cases\\libuv\\libuv-base-demo\\entry\\build\\default\\intermediates\\cmake\\default\\obj\\x86_64',
  '-DCMAKE_BUILD_TYPE=Debug',
  '-DOHOS_SDK_NATIVE=E:\\DevEco Studio\\sdk\\default\\openharmony\\native',
  '-DCMAKE_SYSTEM_NAME=OHOS',
  '-DCMAKE_OHOS_ARCH_ABI=x86_64',
  '-DCMAKE_EXPORT_COMPILE_COMMANDS=ON',
  '-DCMAKE_TOOLCHAIN_FILE=E:\\DevEco Studio\\sdk\\default\\hms\\native\\build\\cmake\\hmos.toolchain.cmake',
  '-GNinja',
  '-DCMAKE_MAKE_PROGRAM=E:\\DevEco Studio\\sdk\\default\\openharmony\\native\\build-tools\\cmake\\bin\\ninja.exe',
  '-DCMAKE_FIND_ROOT_PATH=D:\\HW\\UTDesign\\cases\\libuv\\libuv-base-demo\\entry\\.cxx\\default\\default\\debug\\hvigor\\x86_64',
  '-DPACKAGE_FIND_FILE=D:\\HW\\UTDesign\\cases\\libuv\\libuv-base-demo\\entry\\.cxx\\default\\default\\debug\\hvigor\\x86_64\\summary.cmake',
  '--no-warn-unused-cli',
  '-DCMAKE_CXX_FLAGS=-std=c++17',
  '-DHMOS_SDK_NATIVE=E:\\DevEco Studio\\sdk\\default\\hms\\native',
  '-DOHOS_COMPATIBLE_SDK_VERSION=6.1.0(23)'
]
[2026-07-28T09:47:05.026] [DEBUG] debug-file - runTaskFromQueue task cost before running: 3 s 392 ms 
[2026-07-28T09:47:05.001] [DEBUG] debug-file - runTaskFromQueue task cost before running: 3 s 367 ms 
[2026-07-28T09:47:05.044] [DEBUG] debug-file - runTaskFromQueue task cost before running: 3 s 409 ms 
[2026-07-28T09:47:05.048] [DEBUG] debug-file - Executing task :entry:default@BuildNativeWithCmake
[2026-07-28T09:47:05.007] [INFO] debug-file - Finished :entry:default@PreCheckSyscap... after 1 ms 
[2026-07-28T09:47:04.986] [DEBUG] debug-file - Change app api release type with 'Release'
[2026-07-28T09:47:05.026] [INFO] debug-file - Finished :entry:default@GeneratePkgContextInfo... after 12 ms 
[2026-07-28T09:47:05.045] [INFO] debug-file - Finished :entry:default@ProcessIntegratedHsp... after 3 ms 
[2026-07-28T09:47:05.002] [INFO] debug-file - Finished :entry:default@CreateBuildProfile... after 8 ms 
[2026-07-28T09:47:04.986] [DEBUG] debug-file - Change app compile API version with '6.1.0.105'
[2026-07-28T09:47:05.029] [DEBUG] debug-file - Executing task :entry:default@GeneratePkgSdkInfo
[2026-07-28T09:47:04.986] [DEBUG] debug-file - Change app target API version with '60100023'
[2026-07-28T09:47:05.033] [DEBUG] debug-file - Task 'entry:default@GeneratePkgSdkInfo' cost while wrapping incremental declarations: 1 ms 
[2026-07-28T09:47:05.034] [DEBUG] debug-file - entry : default@GeneratePkgSdkInfo cost memory 0.27191162109375
[2026-07-28T09:47:04.986] [DEBUG] debug-file - Change app minimum API version with '60100023'
[2026-07-28T09:47:05.034] [DEBUG] debug-file - runTaskFromQueue task cost before running: 3 s 400 ms 
[2026-07-28T09:47:04.986] [DEBUG] debug-file - Use cli appEnvironment
[2026-07-28T09:47:05.035] [INFO] debug-file - Finished :entry:default@GeneratePkgSdkInfo... after 6 ms 
[2026-07-28T09:47:04.990] [DEBUG] debug-file - entry : default@MergeProfile cost memory 0.128662109375
[2026-07-28T09:47:04.990] [DEBUG] debug-file - runTaskFromQueue task cost before running: 3 s 355 ms 
[2026-07-28T09:47:05.059] [DEBUG] debug-file - Clean CMakeCache.txt due to outdated CMake configuration.
[2026-07-28T09:47:04.990] [INFO] debug-file - Finished :entry:default@MergeProfile... after 6 ms 
[2026-07-28T09:47:05.061] [DEBUG] debug-file - - no fingerprint file, will remove stale cache CMakeCache.txt
[2026-07-28T09:47:05.065] [DEBUG] debug-file - Since there is no instance or instance is terminated, create a new worker pool.
[2026-07-28T09:47:05.068] [DEBUG] debug-file - Create  resident worker with id: 0.
[2026-07-28T09:47:05.079] [DEBUG] debug-file - Executing task :entry:default@MakePackInfo
[2026-07-28T09:47:05.088] [DEBUG] debug-file - Executing task :entry:default@SyscapTransform
[2026-07-28T09:47:05.353] [DEBUG] debug-file - 13.0.1.0
[2026-07-28T09:47:05.096] [DEBUG] debug-file - Executing task :entry:default@ProcessProfile
[2026-07-28T09:47:05.362] [DEBUG] debug-file - Executing task :entry:default@ProcessRouterMap
[2026-07-28T09:47:05.066] [DEBUG] debug-file - Worker pool is initialized with config:  {
  minPoolNum: 2,
  maxPoolNum: undefined,
  maxCoreSize: undefined,
  cacheCapacity: undefined,
  cacheTtl: undefined
}
[2026-07-28T09:47:05.378] [DEBUG] debug-file - Executing task :entry:default@ProcessStartupConfig
[2026-07-28T09:47:05.370] [DEBUG] debug-file - Executing task :entry:default@ProcessShareConfig
[2026-07-28T09:47:05.416] [DEBUG] debug-file - Executing task :entry:default@CompileResource
[2026-07-28T09:47:05.396] [DEBUG] debug-file - Executing task :entry:default@GenerateLoaderJson
[2026-07-28T09:47:05.070] [DEBUG] debug-file - Create  resident worker with id: 1.
[2026-07-28T09:47:05.387] [DEBUG] debug-file - Executing task :entry:default@ProcessResource
[2026-07-28T09:47:05.081] [DEBUG] debug-file - Module Pack Info:  {
  summary: {
    app: { bundleName: 'c***e', bundleType: 'app', version: [Object] },
    modules: [ [Object] ]
  },
  packages: [
    {
      deviceType: [Array],
      moduleType: 'entry',
      deliveryWithInstall: true,
      name: 'entry-default'
    }
  ]
}
[2026-07-28T09:47:05.088] [DEBUG] debug-file - File: 'D:\HW\UTDesign\cases\libuv\libuv-base-demo\entry\src\main\syscap.json' from 'sysCapJsonPath' is not exists, just ignore.
[2026-07-28T09:47:05.356] [DEBUG] debug-file - No need to add fake ui ability because of not in preview process.
[2026-07-28T09:47:05.430] [DEBUG] debug-file - current process  memoryUsage: {
  rss: 283992064,
  heapTotal: 166834176,
  heapUsed: 143381104,
  external: 3260348,
  arrayBuffers: 224948
} os memoryUsage :12.505302429199219
[2026-07-28T09:47:05.099] [DEBUG] debug-file - Task 'entry:default@ProcessProfile' cost while wrapping incremental declarations: 1 ms 
[2026-07-28T09:47:05.367] [DEBUG] debug-file - entry : default@ProcessRouterMap cost memory 0.09521484375
[2026-07-28T09:47:05.378] [DEBUG] debug-file - Task 'entry:default@ProcessStartupConfig' cost while wrapping incremental declarations: 1 ms 
[2026-07-28T09:47:05.426] [DEBUG] debug-file - Use tool [E:\DevEco Studio\sdk\default\openharmony\toolchains\restool.exe]
 [
  'E:\\DevEco Studio\\sdk\\default\\openharmony\\toolchains\\restool.exe',
  '-l',
  'D:\\HW\\UTDesign\\cases\\libuv\\libuv-base-demo\\entry\\build\\default\\intermediates\\res\\default\\resConfig.json'
]
[2026-07-28T09:47:05.374] [DEBUG] debug-file - entry : default@ProcessShareConfig cost memory 0.07442474365234375
[2026-07-28T09:47:05.396] [DEBUG] debug-file - Task 'entry:default@GenerateLoaderJson' cost while wrapping incremental declarations: 1 ms 
[2026-07-28T09:47:05.073] [DEBUG] debug-file - default@BuildNativeWithCmake work[0] is submitted.
[2026-07-28T09:47:05.387] [DEBUG] debug-file - Task 'entry:default@ProcessResource' cost while wrapping incremental declarations: 1 ms 
[2026-07-28T09:47:05.083] [DEBUG] debug-file - entry : default@MakePackInfo cost memory 0.094268798828125
[2026-07-28T09:47:05.089] [DEBUG] debug-file - Task 'entry:default@SyscapTransform' cost while wrapping incremental declarations: 2 ms 
[2026-07-28T09:47:05.358] [DEBUG] debug-file - entry : default@ProcessProfile cost memory 2.0986709594726562
[2026-07-28T09:47:05.101] [DEBUG] debug-file - [
  'E:\\DevEco Studio\\tools\\node\\node.exe',
  'E:\\DevEco Studio\\sdk\\default\\openharmony\\ets\\build-tools\\ets-loader\\bin\\ark\\ts2abc.js',
  '--target-api-version',
  '23'
]
[2026-07-28T09:47:05.368] [DEBUG] debug-file - runTaskFromQueue task cost before running: 3 s 733 ms 
[2026-07-28T09:47:05.380] [DEBUG] debug-file - entry : default@ProcessStartupConfig cost memory 0.06378936767578125
[2026-07-28T09:47:05.374] [DEBUG] debug-file - runTaskFromQueue task cost before running: 3 s 740 ms 
[2026-07-28T09:47:05.406] [DEBUG] debug-file - entry : default@GenerateLoaderJson cost memory 0.609344482421875
[2026-07-28T09:47:05.073] [DEBUG] debug-file - default@BuildNativeWithCmake work[0] is pushed to ready queue.
[2026-07-28T09:47:05.083] [DEBUG] debug-file - runTaskFromQueue task cost before running: 3 s 449 ms 
[2026-07-28T09:47:05.090] [DEBUG] debug-file - entry : default@SyscapTransform cost memory 0.04807281494140625
[2026-07-28T09:47:05.390] [DEBUG] debug-file - entry : default@ProcessResource cost memory 0.137542724609375
[2026-07-28T09:47:05.358] [DEBUG] debug-file - runTaskFromQueue task cost before running: 3 s 724 ms 
[2026-07-28T09:47:05.368] [INFO] debug-file - Finished :entry:default@ProcessRouterMap... after 7 ms 
[2026-07-28T09:47:05.380] [DEBUG] debug-file - runTaskFromQueue task cost before running: 3 s 746 ms 
[2026-07-28T09:47:05.375] [INFO] debug-file - Finished :entry:default@ProcessShareConfig... after 4 ms 
[2026-07-28T09:47:05.407] [DEBUG] debug-file - runTaskFromQueue task cost before running: 3 s 772 ms 
[2026-07-28T09:47:05.074] [DEBUG] debug-file - A work dispatched to worker[15] failed because unable to get work from ready queue.
[2026-07-28T09:47:05.084] [INFO] debug-file - Finished :entry:default@MakePackInfo... after 5 ms 
[2026-07-28T09:47:05.090] [DEBUG] debug-file - runTaskFromQueue task cost before running: 3 s 456 ms 
[2026-07-28T09:47:05.391] [DEBUG] debug-file - runTaskFromQueue task cost before running: 3 s 756 ms 
[2026-07-28T09:47:05.358] [INFO] debug-file - Finished :entry:default@ProcessProfile... after 262 ms 
[2026-07-28T09:47:05.381] [INFO] debug-file - Finished :entry:default@ProcessStartupConfig... after 3 ms 
[2026-07-28T09:47:05.412] [INFO] debug-file - Finished :entry:default@GenerateLoaderJson... after 11 ms 
[2026-07-28T09:47:05.074] [DEBUG] debug-file - Create  resident worker with id: 14.
[2026-07-28T09:47:05.090] [INFO] debug-file - Finished :entry:default@SyscapTransform... after 3 ms 
[2026-07-28T09:47:05.392] [INFO] debug-file - Finished :entry:default@ProcessResource... after 5 ms 
[2026-07-28T09:47:05.383] [DEBUG] debug-file - restool module names: entry; moduleName=entry, taskName=default@ProcessResource
[2026-07-28T09:47:05.414] [DEBUG] debug-file - restool module names: entry; moduleName=entry, taskName=default@CompileResource
[2026-07-28T09:47:05.075] [DEBUG] debug-file - default@BuildNativeWithCmake work[0] has been dispatched to worker[14].
[2026-07-28T09:47:05.076] [DEBUG] debug-file - default@BuildNativeWithCmake work[0] is dispatched.
[2026-07-28T09:47:05.076] [DEBUG] debug-file - entry : default@BuildNativeWithCmake cost memory 1.2117156982421875
[2026-07-28T09:47:05.666] [DEBUG] debug-file - Info: Pack: normal pack mode

[2026-07-28T09:47:05.740] [DEBUG] debug-file - Info: hardware concurrency count is : 16
Info: thread count is : 16

[2026-07-28T09:47:05.740] [DEBUG] debug-file - Info: thread pool is started

[2026-07-28T09:47:05.742] [DEBUG] debug-file - Info: GenericCompiler::CompileFiles

[2026-07-28T09:47:05.748] [DEBUG] debug-file - Info: GenericCompiler::CompileFiles

[2026-07-28T09:47:05.758] [DEBUG] debug-file - 07-28 09:47:05.758 17612 45644 E C01400/ImageTranscoderUtils: DecodeToRGBA IN
07-28 09:47:05.758 17612 45644 E C01400/ImageTranscoderUtils: ImageFilter IN D:\HW\UTDesign\cases\libuv\libuv-base-demo\AppScope\resources\base\media\app_icon.png

[2026-07-28T09:47:05.816] [DEBUG] debug-file - Info: restool resources compile success.

[2026-07-28T09:47:05.817] [DEBUG] debug-file - Info: thread pool is stopped

[2026-07-28T09:47:05.895] [DEBUG] debug-file - entry : default@CompileResource cost memory 0.7425689697265625
[2026-07-28T09:47:05.895] [DEBUG] debug-file - runTaskFromQueue task cost before running: 4 s 260 ms 
[2026-07-28T09:47:05.901] [DEBUG] debug-file - Executing task :entry:default@CompileArkTS
[2026-07-28T09:47:05.977] [DEBUG] debug-file - Executing task :entry:default@BuildJS
[2026-07-28T09:47:05.897] [INFO] debug-file - Finished :entry:default@CompileResource... after 480 ms 
[2026-07-28T09:47:05.903] [DEBUG] debug-file - obfuscationOptions: undefined
[2026-07-28T09:47:05.977] [DEBUG] debug-file - Task 'entry:default@BuildJS' cost while wrapping incremental declarations: 1 ms 
[2026-07-28T09:47:05.912] [DEBUG] debug-file - Task 'entry:default@CompileArkTS' cost while wrapping incremental declarations: 1 ms 
[2026-07-28T09:47:05.981] [DEBUG] debug-file - entry : default@BuildJS cost memory 0.1597747802734375
[2026-07-28T09:47:05.958] [DEBUG] debug-file - build config:
[2026-07-28T09:47:05.982] [DEBUG] debug-file - runTaskFromQueue task cost before running: 4 s 347 ms 
[2026-07-28T09:47:05.958] [DEBUG] debug-file - {
  moduleType: 'entry',
  perf: 0,
  targetName: '.default',
  packageManagerType: 'ohpm',
  localPropertiesPath: 'D:\\HW\\UTDesign\\cases\\libuv\\libuv-base-demo\\local.properties',
  isPreview: false,
  isOhosTest: false,
  isLocalTest: false,
  buildMode: 'Debug',
  hotReloadBuild: undefined,
  watchMode: 'false',
  aceProfilePath: 'D:\\HW\\UTDesign\\cases\\libuv\\libuv-base-demo\\entry\\build\\default\\intermediates\\res\\default\\resources\\base\\profile',
  etsLoaderPath: 'E:\\DevEco Studio\\sdk\\default\\openharmony\\ets\\build-tools\\ets-loader',
  modulePath: 'D:\\HW\\UTDesign\\cases\\libuv\\libuv-base-demo\\entry',
  testFrameworkPar: {
    testMode: undefined,
    coveragePathFilter: undefined,
    coverageMode: undefined
  },
  needCoverageInsert: false,
  debugLine: false,
  projectTopDir: 'D:\\HW\\UTDesign\\cases\\libuv\\libuv-base-demo',
  compileSdkVersion: 23,
  compatibleSdkVersion: 23,
  originCompatibleSdkVersion: '6.1.0(23)',
  compatibleSdkVersionStage: undefined,
  bundleName: 'c***e',
  etsLoaderVersion: '6.1.0.105',
  etsLoaderReleaseType: 'Release',
  aotCompileMode: 'type',
  apPath: 'D:\\HW\\UTDesign\\cases\\libuv\\libuv-base-demo\\entry\\modules.ap',
  entryModuleName: 'entry',
  entryModuleVersion: '1.0.0',
  entryPackageName: 'entry',
  allModuleNameHash: '56a60ced3eb5febee28b0668b86800fff83aa1d20ad32046a897319da6218f60',
  externalApiPaths: [ 'E:\\DevEco Studio\\sdk\\default\\hms\\ets' ],
  compilerTypes: [],
  isCrossplatform: false,
  hvigorPluginFile: undefined,
  compilePluginPath: undefined,
  buildGeneratedProfilePath: 'D:\\HW\\UTDesign\\cases\\libuv\\libuv-base-demo\\entry\\build\\default\\generated\\profile\\default',
  bundleType: 'app',
  arkTSVersion: undefined,
  apiVersion: 23,
  needCompleteSourcesMap: false,
  isFaMode: false,
  buildDir: 'D:\\HW\\UTDesign\\cases\\libuv\\libuv-base-demo\\entry\\build',
  deviceTypes: [ '2in1' ],
  pkgContextInfo: undefined,
  ohPackagePathMap: {},
  dependencyAliasMap: {},
  permission: { requestPermissions: undefined, definePermissions: undefined },
  useGetCurrentBundleName: false,
  projectArkOption: undefined,
  sourceMapDir: undefined,
  branchElimination: false,
  transformLib: undefined,
  tsImportSendable: false,
  resolveConflictMode: true,
  depName2RootPath: {},
  depName2DepInfo: {},
  depName2OhExports: {},
  rootPathSet: [ 'D:\\HW\\UTDesign\\cases\\libuv\\libuv-base-demo' ],
  useNativeResolver: true,
  shouldEmitJs: true,
  useTscResolve: false,
  singleFileEmit: false,
  userProjectConfig: {
    autoLazyImport: false,
    allowEmptyBundleName: false,
    reExportCheckMode: 'noCheck',
    executionMode: 'memory',
    usePathPlaceholder: false,
    writeRollupCache: true,
    isExpandImportEnabled: false,
    expandImportExclude: '',
    lazyImportExclude: '',
    lazyImportInclude: '',
    ignoreCrossplatformCheck: false,
    isHarDeduplicateEnabled: false,
    skipOhModulesLint: false,
    enableStrictCheckOHModule: false,
    disableSendableCheckRules: [],
    useDeclarationFileSignature: false,
    customizedOptions: undefined,
    integratedHsp: false,
    isPreloadSoEnabled: false
  },
  executionMode: 'memory',
  arkCompileCachePath: 'D:\\HW\\UTDesign\\cases\\libuv\\libuv-base-demo\\entry\\build\\default\\cache\\default\\default@CompileArkTS\\esmodule',
  autoLazyFilter: undefined,
  isHarDeduplicateEnabled: false,
  intermediateHarDuplicateDirPath: 'D:\\HW\\UTDesign\\cases\\libuv\\libuv-base-demo\\entry\\build\\default\\intermediates\\har_duplicate\\default',
  autoLazyImport: false,
  allowEmptyBundleName: false,
  reExportCheckMode: 'noCheck',
  usePathPlaceholder: false,
  writeRollupCache: true,
  isExpandImportEnabled: false,
  expandImportExclude: '',
  lazyImportExclude: '',
  lazyImportInclude: '',
  ignoreCrossplatformCheck: false,
  skipOhModulesLint: false,
  enableStrictCheckOHModule: false,
  disableSendableCheckRules: [],
  useDeclarationFileSignature: false,
  customizedOptions: undefined,
  integratedHsp: false,
  isPreloadSoEnabled: false,
  strictMode: undefined,
  useNormalizedOHMUrl: false,
  caseSensitiveCheck: false,
  aceModuleJsonPath: 'D:\\HW\\UTDesign\\cases\\libuv\\libuv-base-demo\\entry\\build\\default\\intermediates\\res\\default\\ark_module.json',
  appResource: 'D:\\HW\\UTDesign\\cases\\libuv\\libuv-base-demo\\entry\\build\\default\\intermediates\\res\\default\\ResourceTable.txt',
  rawFileResource: 'D:\\HW\\UTDesign\\cases\\libuv\\libuv-base-demo\\entry\\build\\default\\intermediates\\res\\default\\resources\\rawfile',
  resourceTableHash: '0f09b429b371a6f162359917e8bf68f1d1a81abfb007e38c000dadae708d7c6a',
  runtimeOS: 'HarmonyOS',
  sdkInfo: 'false:23:6.1.0.105:Release',
  aceModuleRoot: 'D:\\HW\\UTDesign\\cases\\libuv\\libuv-base-demo\\entry\\src\\main\\ets',
  compileMode: 'esmodule',
  aceSuperVisualPath: 'D:\\HW\\UTDesign\\cases\\libuv\\libuv-base-demo\\entry\\src\\main\\supervisual',
  aceBuildJson: 'D:\\HW\\UTDesign\\cases\\libuv\\libuv-base-demo\\entry\\build\\default\\intermediates\\loader\\default\\loader.json',
  cachePath: 'D:\\HW\\UTDesign\\cases\\libuv\\libuv-base-demo\\entry\\build\\default\\cache\\default\\default@CompileArkTS\\esmodule\\debug',
  aceModuleBuild: 'D:\\HW\\UTDesign\\cases\\libuv\\libuv-base-demo\\entry\\build\\default\\intermediates\\loader_out\\default\\ets',
  supportChunks: true,
  declaredFilesPath: undefined,
  shouldCollectDirectImportees: false,
  isByteCodeHarOptimize: false,
  expandImportPath: undefined,
  resourceTableTs: 'D:\\HW\\UTDesign\\cases\\libuv\\libuv-base-demo\\entry\\build\\default\\generated\\r\\default\\ResourceTable.ts',
  moduleMetaInfoFiles: [
    {
      filePath: 'D:\\HW\\UTDesign\\cases\\libuv\\libuv-base-demo\\entry\\build\\default\\generated\\r\\default\\ResourceTable.ts',
      ohmurl: 'com.thirdparty.validation.libuv.base/entry/build/generated/r/ResourceTable'
    }
  ],
  pkgNameToPkgBriefInfo: {
    entry: {
      pkgRoot: 'D:\\HW\\UTDesign\\cases\\libuv\\libuv-base-demo\\entry',
      originalSourceRoots: undefined,
      sourceRoots: [Array],
      pkgName: 'entry'
    }
  },
  projectModel: {
    'D:\\HW\\UTDesign\\cases\\libuv\\libuv-base-demo\\entry\\src\\main': {
      moduleName: 'entry',
      modulePkgPath: 'D:\\HW\\UTDesign\\cases\\libuv\\libuv-base-demo\\entry',
      belongProjectPath: 'D:\\HW\\UTDesign\\cases\\libuv\\libuv-base-demo'
    },
    'D:\\HW\\UTDesign\\cases\\libuv\\libuv-base-demo\\entry\\src\\ohosTest': {
      moduleName: 'entry_test',
      modulePkgPath: 'D:\\HW\\UTDesign\\cases\\libuv\\libuv-base-demo\\entry',
      belongProjectPath: 'D:\\HW\\UTDesign\\cases\\libuv\\libuv-base-demo'
    },
    'D:\\HW\\UTDesign\\cases\\libuv\\libuv-base-demo\\entry': {
      moduleName: 'entry',
      modulePkgPath: 'D:\\HW\\UTDesign\\cases\\libuv\\libuv-base-demo\\entry',
      belongProjectPath: 'D:\\HW\\UTDesign\\cases\\libuv\\libuv-base-demo'
    },
    'D:\\HW\\UTDesign\\cases\\libuv\\libuv-base-demo': {
      moduleName: 'libuv-base-demo',
      modulePkgPath: 'D:\\HW\\UTDesign\\cases\\libuv\\libuv-base-demo',
      belongProjectPath: 'D:\\HW\\UTDesign\\cases\\libuv\\libuv-base-demo'
    }
  },
  pkgJsonFileHash: '7aabc327577e46bc2476e6c9b5ee535819949f611e0e857f6888f8d0c042151b',
  allModulePaths: [ 'D:\\HW\\UTDesign\\cases\\libuv\\libuv-base-demo\\entry' ],
  routerMap: {},
  obfuscationOptions: undefined,
  byteCodeHarToDependencyKeys: undefined,
  compileBlockPkg: [],
  mockParams: {
    decorator: '@MockSetup',
    packageName: '@ohos/hamock',
    etsSourceRootPath: 'src/main/ets',
    mockConfigPath: undefined,
    mockConfigKey2ModuleInfo: {},
    source2ModuleIdMap: {}
  },
  copyCodeResourceEnable: true,
  copyCodeResourceExcludes: [],
  copyCodeResourceIncludes: undefined,
  uiTransformOptimization: false,
  sdkPath: 'E:/DevEco Studio/sdk',
  needPreloadSoFileSet: {},
  preloadSoFilePath: 'D:\\HW\\UTDesign\\cases\\libuv\\libuv-base-demo\\entry\\build\\default\\intermediates\\preload\\default\\preload.json',
  useSourceHash: false,
  localModuleParamMap: {},
  otherPaths: {
    'entry/*': [
      '..\\*',
      '..\\..\\..\\build\\default\\generated\\profile\\default\\*'
    ]
  },
  collectImportersConfig: undefined
}
[2026-07-28T09:47:05.982] [INFO] debug-file - Finished :entry:default@BuildJS... after 5 ms 
[2026-07-28T09:47:05.960] [DEBUG] debug-file - Compile arkts with external api path: E:\DevEco Studio\sdk\default\hms\ets
[2026-07-28T09:47:05.965] [DEBUG] debug-file - default@CompileArkTS work[1] is submitted.
[2026-07-28T09:47:05.965] [DEBUG] debug-file - default@CompileArkTS work[1] is pushed to ready queue.
[2026-07-28T09:47:05.965] [DEBUG] debug-file - A work dispatched to worker[15] failed because unable to get work from ready queue.
[2026-07-28T09:47:05.965] [DEBUG] debug-file - A work dispatched to worker[14] failed because of worker busy.
[2026-07-28T09:47:05.965] [DEBUG] debug-file - A work dispatched to worker[13] failed because unable to get work from ready queue.
[2026-07-28T09:47:05.965] [DEBUG] debug-file - A work dispatched to worker[12] failed because unable to get work from ready queue.
[2026-07-28T09:47:05.965] [DEBUG] debug-file - A work dispatched to worker[11] failed because unable to get work from ready queue.
[2026-07-28T09:47:05.965] [DEBUG] debug-file - A work dispatched to worker[10] failed because unable to get work from ready queue.
[2026-07-28T09:47:05.965] [DEBUG] debug-file - A work dispatched to worker[9] failed because unable to get work from ready queue.
[2026-07-28T09:47:05.966] [DEBUG] debug-file - A work dispatched to worker[8] failed because unable to get work from ready queue.
[2026-07-28T09:47:05.966] [DEBUG] debug-file - A work dispatched to worker[7] failed because unable to get work from ready queue.
[2026-07-28T09:47:05.966] [DEBUG] debug-file - A work dispatched to worker[6] failed because unable to get work from ready queue.
[2026-07-28T09:47:05.966] [DEBUG] debug-file - A work dispatched to worker[5] failed because unable to get work from ready queue.
[2026-07-28T09:47:05.966] [DEBUG] debug-file - Create  resident worker with id: 4.
[2026-07-28T09:47:05.968] [DEBUG] debug-file - default@CompileArkTS work[1] has been dispatched to worker[4].
[2026-07-28T09:47:05.968] [DEBUG] debug-file - default@CompileArkTS work[1] is dispatched.
[2026-07-28T09:47:05.968] [DEBUG] debug-file - CopyResources startTime: 970440859747100
[2026-07-28T09:47:05.969] [DEBUG] debug-file - default@CompileArkTS work[2] is submitted.
[2026-07-28T09:47:05.969] [DEBUG] debug-file - default@CompileArkTS work[2] is pushed to ready queue.
[2026-07-28T09:47:05.969] [DEBUG] debug-file - A work dispatched to worker[15] failed because unable to get work from ready queue.
[2026-07-28T09:47:05.969] [DEBUG] debug-file - A work dispatched to worker[14] failed because of worker busy.
[2026-07-28T09:47:05.969] [DEBUG] debug-file - Create  resident worker with id: 13.
[2026-07-28T09:47:05.971] [DEBUG] debug-file - default@CompileArkTS work[2] has been dispatched to worker[13].
[2026-07-28T09:47:05.971] [DEBUG] debug-file - default@CompileArkTS work[2] is dispatched.
[2026-07-28T09:47:05.971] [DEBUG] debug-file - entry : default@CompileArkTS cost memory 3.0461654663085938
[2026-07-28T09:47:07.096] [DEBUG] debug-file - Not searching for unused variables given on the command line.

[2026-07-28T09:47:07.168] [DEBUG] debug-file - worker[13] has one work done.
[2026-07-28T09:47:07.168] [DEBUG] debug-file - CopyResources is end, endTime: 970442059344000
[2026-07-28T09:47:07.169] [DEBUG] debug-file - default@CompileArkTS work[2] done.
[2026-07-28T09:47:07.169] [DEBUG] debug-file - A work dispatched to worker[13] failed because unable to get work from ready queue.
[2026-07-28T09:47:07.277] [DEBUG] debug-file - -- The C compiler identification is Clang 15.0.4

[2026-07-28T09:47:07.561] [DEBUG] debug-file - -- The CXX compiler identification is Clang 15.0.4

[2026-07-28T09:47:07.825] [DEBUG] debug-file - -- Detecting C compiler ABI info

[2026-07-28T09:47:08.501] [DEBUG] debug-file - -- Detecting C compiler ABI info - done

[2026-07-28T09:47:08.515] [DEBUG] debug-file - -- Check for working C compiler: E:/DevEco Studio/sdk/default/openharmony/native/llvm/bin/clang.exe - skipped

[2026-07-28T09:47:08.516] [DEBUG] debug-file - -- Detecting C compile features

[2026-07-28T09:47:08.517] [DEBUG] debug-file - -- Detecting C compile features - done

[2026-07-28T09:47:08.628] [DEBUG] debug-file - -- Detecting CXX compiler ABI info

[2026-07-28T09:47:09.462] [DEBUG] debug-file - -- Detecting CXX compiler ABI info - done

[2026-07-28T09:47:09.473] [DEBUG] debug-file - -- Check for working CXX compiler: E:/DevEco Studio/sdk/default/openharmony/native/llvm/bin/clang++.exe - skipped

[2026-07-28T09:47:09.473] [DEBUG] debug-file - -- Detecting CXX compile features

[2026-07-28T09:47:09.474] [DEBUG] debug-file - -- Detecting CXX compile features - done

[2026-07-28T09:47:09.491] [DEBUG] debug-file - -- Performing Test UV_LINT_W4

[2026-07-28T09:47:09.802] [DEBUG] debug-file - -- Performing Test UV_LINT_W4 - Failed

[2026-07-28T09:47:09.804] [DEBUG] debug-file - -- Performing Test UV_LINT_NO_UNUSED_PARAMETER_MSVC

[2026-07-28T09:47:10.074] [DEBUG] debug-file - -- Performing Test UV_LINT_NO_UNUSED_PARAMETER_MSVC - Failed

[2026-07-28T09:47:10.075] [DEBUG] debug-file - -- Performing Test UV_LINT_NO_CONDITIONAL_CONSTANT_MSVC

[2026-07-28T09:47:10.341] [DEBUG] debug-file - -- Performing Test UV_LINT_NO_CONDITIONAL_CONSTANT_MSVC - Failed

[2026-07-28T09:47:10.343] [DEBUG] debug-file - -- Performing Test UV_LINT_NO_NONSTANDARD_MSVC

[2026-07-28T09:47:10.652] [DEBUG] debug-file - -- Performing Test UV_LINT_NO_NONSTANDARD_MSVC - Failed

[2026-07-28T09:47:10.653] [DEBUG] debug-file - -- Performing Test UV_LINT_NO_NONSTANDARD_EMPTY_TU_MSVC

[2026-07-28T09:47:10.951] [DEBUG] debug-file - -- Performing Test UV_LINT_NO_NONSTANDARD_EMPTY_TU_MSVC - Failed

[2026-07-28T09:47:10.952] [DEBUG] debug-file - -- Performing Test UV_LINT_NO_NONSTANDARD_FILE_SCOPE_MSVC

[2026-07-28T09:47:11.231] [DEBUG] debug-file - -- Performing Test UV_LINT_NO_NONSTANDARD_FILE_SCOPE_MSVC - Failed

[2026-07-28T09:47:11.232] [DEBUG] debug-file - -- Performing Test UV_LINT_NO_NONSTANDARD_NONSTATIC_DLIMPORT_MSVC

[2026-07-28T09:47:11.499] [DEBUG] debug-file - -- Performing Test UV_LINT_NO_NONSTANDARD_NONSTATIC_DLIMPORT_MSVC - Failed

[2026-07-28T09:47:11.502] [DEBUG] debug-file - -- Performing Test UV_LINT_NO_HIDES_LOCAL

[2026-07-28T09:47:11.835] [DEBUG] debug-file - -- Performing Test UV_LINT_NO_HIDES_LOCAL - Failed

[2026-07-28T09:47:11.836] [DEBUG] debug-file - -- Performing Test UV_LINT_NO_HIDES_PARAM

[2026-07-28T09:47:12.149] [DEBUG] debug-file - -- Performing Test UV_LINT_NO_HIDES_PARAM - Failed

[2026-07-28T09:47:12.151] [DEBUG] debug-file - -- Performing Test UV_LINT_NO_HIDES_GLOBAL

[2026-07-28T09:47:12.506] [DEBUG] debug-file - -- Performing Test UV_LINT_NO_HIDES_GLOBAL - Failed

[2026-07-28T09:47:12.508] [DEBUG] debug-file - -- Performing Test UV_LINT_NO_CONDITIONAL_ASSIGNMENT_MSVC

[2026-07-28T09:47:12.807] [DEBUG] debug-file - -- Performing Test UV_LINT_NO_CONDITIONAL_ASSIGNMENT_MSVC - Failed

[2026-07-28T09:47:12.808] [DEBUG] debug-file - -- Performing Test UV_LINT_NO_UNSAFE_MSVC

[2026-07-28T09:47:13.104] [DEBUG] debug-file - -- Performing Test UV_LINT_NO_UNSAFE_MSVC - Failed

[2026-07-28T09:47:13.105] [DEBUG] debug-file - -- Performing Test UV_LINT_WALL

[2026-07-28T09:47:13.725] [DEBUG] debug-file - -- Performing Test UV_LINT_WALL - Success

[2026-07-28T09:47:13.727] [DEBUG] debug-file - -- Performing Test UV_LINT_NO_UNUSED_PARAMETER

[2026-07-28T09:47:14.309] [DEBUG] debug-file - -- Performing Test UV_LINT_NO_UNUSED_PARAMETER - Success

[2026-07-28T09:47:14.310] [DEBUG] debug-file - -- Performing Test UV_LINT_STRICT_PROTOTYPES

[2026-07-28T09:47:14.653] [WARN] debug-file - [33mWARN: [33m[33mArkTS:WARN File: D:/HW/UTDesign/cases/libuv/libuv-base-demo/entry/src/main/ets/pages/Index.ets:1:40
 Currently module for 'libentry.so' is not verified. If you're importing napi, its verification will be enabled in later SDK version. Please make sure the corresponding .d.ts file is provided and the napis are correctly declared.
[39m[39m

[2026-07-28T09:47:14.655] [DEBUG] debug-file - Ark compile task finished.finished time is 970449546363800
[2026-07-28T09:47:14.655] [DEBUG] debug-file - worker[4] has one work done.
[2026-07-28T09:47:14.661] [DEBUG] debug-file - default@CompileArkTS work[1] done.
[2026-07-28T09:47:14.662] [DEBUG] debug-file - A work dispatched to worker[4] failed because unable to get work from ready queue.
[2026-07-28T09:47:14.664] [INFO] debug-file - Finished :entry:default@CompileArkTS... after 5 s 526 ms 
[2026-07-28T09:47:14.985] [DEBUG] debug-file - -- Performing Test UV_LINT_STRICT_PROTOTYPES - Success

[2026-07-28T09:47:14.988] [DEBUG] debug-file - -- Performing Test UV_LINT_EXTRA

[2026-07-28T09:47:15.654] [DEBUG] debug-file - -- Performing Test UV_LINT_EXTRA - Success

[2026-07-28T09:47:15.655] [DEBUG] debug-file - -- Performing Test UV_LINT_UTF8_MSVC

[2026-07-28T09:47:15.983] [DEBUG] debug-file - -- Performing Test UV_LINT_UTF8_MSVC - Failed

[2026-07-28T09:47:15.984] [DEBUG] debug-file - -- Performing Test UV_F_STRICT_ALIASING

[2026-07-28T09:47:16.537] [DEBUG] debug-file - -- Performing Test UV_F_STRICT_ALIASING - Success

[2026-07-28T09:47:16.546] [DEBUG] debug-file - -- summary of build options:
    Install prefix:  C:/Program Files (x86)/libuv_harmony_demo
    Target system:   OHOS
    Compiler:
      C compiler:    E:/DevEco Studio/sdk/default/openharmony/native/llvm/bin/clang.exe (Clang)
      CFLAGS:         -fdata-sections -ffunction-sections -funwind-tables -fstack-protector-strong -no-canonical-prefixes -fno-addrsig -Wa,--noexecstack -Wformat -Werror=format-security -Wunguarded-availability  -D__MUSL__


[2026-07-28T09:47:16.546] [DEBUG] debug-file - -- Configuring done (9.5s)

[2026-07-28T09:47:16.600] [DEBUG] debug-file - -- Generating done (0.0s)

[2026-07-28T09:47:16.664] [DEBUG] debug-file - -- Build files have been written to: D:/HW/UTDesign/cases/libuv/libuv-base-demo/entry/.cxx/default/default/debug/x86_64

[2026-07-28T09:47:16.681] [DEBUG] debug-file - worker[14] has one work done.
[2026-07-28T09:47:16.739] [DEBUG] debug-file - default@BuildNativeWithCmake work[0] done.
[2026-07-28T09:47:16.739] [DEBUG] debug-file - A work dispatched to worker[14] failed because unable to get work from ready queue.
[2026-07-28T09:47:16.740] [INFO] debug-file - Finished :entry:default@BuildNativeWithCmake... after 9 s 743 ms 
[2026-07-28T09:47:16.743] [DEBUG] debug-file - Executing task :entry:default@BuildNativeWithNinja
[2026-07-28T09:47:16.747] [DEBUG] debug-file - Use tool [Ninja]
 [
  'E:\\DevEco Studio\\sdk\\default\\openharmony\\native\\build-tools\\cmake\\bin\\ninja.exe',
  '-C',
  'D:\\HW\\UTDesign\\cases\\libuv\\libuv-base-demo\\entry\\.cxx\\default\\default\\debug\\x86_64'
]
[2026-07-28T09:47:16.747] [DEBUG] debug-file - default@BuildNativeWithNinja work[3] is submitted.
[2026-07-28T09:47:16.747] [DEBUG] debug-file - default@BuildNativeWithNinja work[3] is pushed to ready queue.
[2026-07-28T09:47:16.747] [DEBUG] debug-file - A work dispatched to worker[15] failed because unable to get work from ready queue.
[2026-07-28T09:47:16.748] [DEBUG] debug-file - default@BuildNativeWithNinja work[3] has been dispatched to worker[14].
[2026-07-28T09:47:16.748] [DEBUG] debug-file - default@BuildNativeWithNinja work[3] is dispatched.
[2026-07-28T09:47:16.766] [DEBUG] debug-file - OHOS_STL is c++_shared
[2026-07-28T09:47:16.766] [DEBUG] debug-file - Copy STL libc++_shared.so to D:\HW\UTDesign\cases\libuv\libuv-base-demo\entry\build\default\intermediates\cmake\default\obj\x86_64 due to OHOS_STL is 'c++_shared'
[2026-07-28T09:47:16.776] [DEBUG] debug-file - entry : default@BuildNativeWithNinja cost memory 1.7250747680664062
[2026-07-28T09:47:17.818] [DEBUG] debug-file - ninja: Entering directory `D:\HW\UTDesign\cases\libuv\libuv-base-demo\entry\.cxx\default\default\debug\x86_64'
[1/39] Building C object libuv-build/CMakeFiles/uv_a.dir/src/strtok.c.o

[2026-07-28T09:47:17.905] [DEBUG] debug-file - clang: warning: argument unused during compilation: '--gcc-toolchain=E:/DevEco Studio/sdk/default/openharmony/native/llvm' [-Wunused-command-line-argument]
[2/39] Building C object libuv-build/CMakeFiles/uv_a.dir/src/strscpy.c.o

[2026-07-28T09:47:17.957] [DEBUG] debug-file - clang: warning: argument unused during compilation: '--gcc-toolchain=E:/DevEco Studio/sdk/default/openharmony/native/llvm' [-Wunused-command-line-argument]
[3/39] Building C object libuv-build/CMakeFiles/uv_a.dir/src/thread-common.c.o

[2026-07-28T09:47:18.003] [DEBUG] debug-file - clang: warning: argument unused during compilation: '--gcc-toolchain=E:/DevEco Studio/sdk/default/openharmony/native/llvm' [-Wunused-command-line-argument]
[4/39] Building C object libuv-build/CMakeFiles/uv_a.dir/src/version.c.o

[2026-07-28T09:47:18.045] [DEBUG] debug-file - clang: warning: argument unused during compilation: '--gcc-toolchain=E:/DevEco Studio/sdk/default/openharmony/native/llvm' [-Wunused-command-line-argument]
[5/39] Building C object libuv-build/CMakeFiles/uv_a.dir/src/unix/dl.c.o

[2026-07-28T09:47:18.103] [DEBUG] debug-file - clang: warning: argument unused during compilation: '--gcc-toolchain=E:/DevEco Studio/sdk/default/openharmony/native/llvm' [-Wunused-command-line-argument]
[6/39] Building C object libuv-build/CMakeFiles/uv_a.dir/src/uv-data-getter-setters.c.o

[2026-07-28T09:47:18.180] [DEBUG] debug-file - clang: warning: argument unused during compilation: '--gcc-toolchain=E:/DevEco Studio/sdk/default/openharmony/native/llvm' [-Wunused-command-line-argument]
[7/39] Building C object libuv-build/CMakeFiles/uv_a.dir/src/idna.c.o

[2026-07-28T09:47:18.237] [DEBUG] debug-file - clang: warning: argument unused during compilation: '--gcc-toolchain=E:/DevEco Studio/sdk/default/openharmony/native/llvm' [-Wunused-command-line-argument]
[8/39] Building C object libuv-build/CMakeFiles/uv_a.dir/src/random.c.o

[2026-07-28T09:47:18.311] [DEBUG] debug-file - clang: warning: argument unused during compilation: '--gcc-toolchain=E:/DevEco Studio/sdk/default/openharmony/native/llvm' [-Wunused-command-line-argument]
[9/39] Building C object libuv-build/CMakeFiles/uv_a.dir/src/fs-poll.c.o

[2026-07-28T09:47:18.400] [DEBUG] debug-file - clang: warning: argument unused during compilation: '--gcc-toolchain=E:/DevEco Studio/sdk/default/openharmony/native/llvm' [-Wunused-command-line-argument]
[10/39] Building C object libuv-build/CMakeFiles/uv_a.dir/src/unix/async.c.o

[2026-07-28T09:47:18.509] [DEBUG] debug-file - clang: warning: argument unused during compilation: '--gcc-toolchain=E:/DevEco Studio/sdk/default/openharmony/native/llvm' [-Wunused-command-line-argument]
[11/39] Building C object libuv-build/CMakeFiles/uv_a.dir/src/unix/getaddrinfo.c.o

[2026-07-28T09:47:18.579] [DEBUG] debug-file - clang: warning: argument unused during compilation: '--gcc-toolchain=E:/DevEco Studio/sdk/default/openharmony/native/llvm' [-Wunused-command-line-argument]
[12/39] Building C object libuv-build/CMakeFiles/uv_a.dir/src/timer.c.o

[2026-07-28T09:47:18.649] [DEBUG] debug-file - clang: warning: argument unused during compilation: '--gcc-toolchain=E:/DevEco Studio/sdk/default/openharmony/native/llvm' [-Wunused-command-line-argument]
[13/39] Building C object libuv-build/CMakeFiles/uv_a.dir/src/inet.c.o

[2026-07-28T09:47:18.701] [DEBUG] debug-file - clang: warning: argument unused during compilation: '--gcc-toolchain=E:/DevEco Studio/sdk/default/openharmony/native/llvm' [-Wunused-command-line-argument]
[14/39] Building C object libuv-build/CMakeFiles/uv_a.dir/src/unix/getnameinfo.c.o

[2026-07-28T09:47:18.749] [DEBUG] debug-file - clang: warning: argument unused during compilation: '--gcc-toolchain=E:/DevEco Studio/sdk/default/openharmony/native/llvm' [-Wunused-command-line-argument]
[15/39] Building C object libuv-build/CMakeFiles/uv_a.dir/src/threadpool.c.o

[2026-07-28T09:47:18.806] [DEBUG] debug-file - clang: warning: argument unused during compilation: '--gcc-toolchain=E:/DevEco Studio/sdk/default/openharmony/native/llvm' [-Wunused-command-line-argument]
[16/39] Building C object libuv-build/CMakeFiles/uv_a.dir/src/uv-common.c.o

[2026-07-28T09:47:18.858] [DEBUG] debug-file - clang: warning: argument unused during compilation: '--gcc-toolchain=E:/DevEco Studio/sdk/default/openharmony/native/llvm' [-Wunused-command-line-argument]
[17/39] Building C object libuv-build/CMakeFiles/uv_a.dir/src/unix/core.c.o

[2026-07-28T09:47:18.906] [DEBUG] debug-file - clang: warning: argument unused during compilation: '--gcc-toolchain=E:/DevEco Studio/sdk/default/openharmony/native/llvm' [-Wunused-command-line-argument]
[18/39] Building C object libuv-build/CMakeFiles/uv_a.dir/src/unix/fs.c.o

[2026-07-28T09:47:19.119] [DEBUG] debug-file - clang: warning: argument unused during compilation: '--gcc-toolchain=E:/DevEco Studio/sdk/default/openharmony/native/llvm' [-Wunused-command-line-argument]
[19/39] Building C object libuv-build/CMakeFiles/uv_a.dir/src/unix/random-sysctl-linux.c.o

[2026-07-28T09:47:19.169] [DEBUG] debug-file - clang: warning: argument unused during compilation: '--gcc-toolchain=E:/DevEco Studio/sdk/default/openharmony/native/llvm' [-Wunused-command-line-argument]
[20/39] Building C object libuv-build/CMakeFiles/uv_a.dir/src/unix/random-getrandom.c.o

[2026-07-28T09:47:19.170] [DEBUG] debug-file - clang: warning: argument unused during compilation: '--gcc-toolchain=E:/DevEco Studio/sdk/default/openharmony/native/llvm' [-Wunused-command-line-argument]
[21/39] Building C object libuv-build/CMakeFiles/uv_a.dir/src/unix/pipe.c.o

[2026-07-28T09:47:19.171] [DEBUG] debug-file - clang: warning: argument unused during compilation: '--gcc-toolchain=E:/DevEco Studio/sdk/default/openharmony/native/llvm' [-Wunused-command-line-argument]
[22/39] Building C object libuv-build/CMakeFiles/uv_a.dir/src/unix/loop-watcher.c.o

[2026-07-28T09:47:19.172] [DEBUG] debug-file - clang: warning: argument unused during compilation: '--gcc-toolchain=E:/DevEco Studio/sdk/default/openharmony/native/llvm' [-Wunused-command-line-argument]
[23/39] Building C object libuv-build/CMakeFiles/uv_a.dir/src/unix/procfs-exepath.c.o

[2026-07-28T09:47:19.173] [DEBUG] debug-file - clang: warning: argument unused during compilation: '--gcc-toolchain=E:/DevEco Studio/sdk/default/openharmony/native/llvm' [-Wunused-command-line-argument]
[24/39] Building C object libuv-build/CMakeFiles/uv_a.dir/src/unix/proctitle.c.o

[2026-07-28T09:47:19.174] [DEBUG] debug-file - clang: warning: argument unused during compilation: '--gcc-toolchain=E:/DevEco Studio/sdk/default/openharmony/native/llvm' [-Wunused-command-line-argument]
[25/39] Building C object libuv-build/CMakeFiles/uv_a.dir/src/unix/process.c.o

[2026-07-28T09:47:19.175] [DEBUG] debug-file - clang: warning: argument unused during compilation: '--gcc-toolchain=E:/DevEco Studio/sdk/default/openharmony/native/llvm' [-Wunused-command-line-argument]
[26/39] Building C object libuv-build/CMakeFiles/uv_a.dir/src/unix/random-devurandom.c.o

[2026-07-28T09:47:19.176] [DEBUG] debug-file - clang: warning: argument unused during compilation: '--gcc-toolchain=E:/DevEco Studio/sdk/default/openharmony/native/llvm' [-Wunused-command-line-argument]
[27/39] Building C object libuv-build/CMakeFiles/uv_a.dir/src/unix/tty.c.o

[2026-07-28T09:47:19.177] [DEBUG] debug-file - clang: warning: argument unused during compilation: '--gcc-toolchain=E:/DevEco Studio/sdk/default/openharmony/native/llvm' [-Wunused-command-line-argument]
[28/39] Building C object libuv-build/CMakeFiles/uv_a.dir/src/unix/loop.c.o

[2026-07-28T09:47:19.178] [DEBUG] debug-file - clang: warning: argument unused during compilation: '--gcc-toolchain=E:/DevEco Studio/sdk/default/openharmony/native/llvm' [-Wunused-command-line-argument]
[29/39] Building C object libuv-build/CMakeFiles/uv_a.dir/src/unix/poll.c.o

[2026-07-28T09:47:19.180] [DEBUG] debug-file - clang: warning: argument unused during compilation: '--gcc-toolchain=E:/DevEco Studio/sdk/default/openharmony/native/llvm' [-Wunused-command-line-argument]
[30/39] Building C object libuv-build/CMakeFiles/uv_a.dir/src/unix/tcp.c.o

[2026-07-28T09:47:19.181] [DEBUG] debug-file - clang: warning: argument unused during compilation: '--gcc-toolchain=E:/DevEco Studio/sdk/default/openharmony/native/llvm' [-Wunused-command-line-argument]
[31/39] Building C object libuv-build/CMakeFiles/uv_a.dir/src/unix/signal.c.o

[2026-07-28T09:47:19.190] [DEBUG] debug-file - clang: warning: argument unused during compilation: '--gcc-toolchain=E:/DevEco Studio/sdk/default/openharmony/native/llvm' [-Wunused-command-line-argument]
[32/39] Building C object libuv-build/CMakeFiles/uv_a.dir/src/unix/udp.c.o

[2026-07-28T09:47:19.247] [DEBUG] debug-file - clang: warning: argument unused during compilation: '--gcc-toolchain=E:/DevEco Studio/sdk/default/openharmony/native/llvm' [-Wunused-command-line-argument]
[33/39] Building C object libuv-build/CMakeFiles/uv_a.dir/src/unix/thread.c.o
clang: warning: argument unused during compilation: '--gcc-toolchain=E:/DevEco Studio/sdk/default/openharmony/native/llvm' [-Wunused-command-line-argument]
D:/HW/UTDesign/cases/libuv/libuv-base-demo/library/src/unix/thread.c:223:7: warning: implicit declaration of function 'pthread_setaffinity_np' [-Wimplicit-function-declaration]
  r = pthread_setaffinity_np(*tid, sizeof(cpuset), &cpuset);
      ^
D:/HW/UTDesign/cases/libuv/libuv-base-demo/library/src/unix/thread.c:251:7: warning: implicit declaration of function 'pthread_getaffinity_np' [-Wimplicit-function-declaration]
  r = pthread_getaffinity_np(*tid, sizeof(cpuset), &cpuset);
      ^
2 warnings generated.
[34/39] Building C object libuv-build/CMakeFiles/uv_a.dir/src/unix/stream.c.o
clang: warning: argument unused during compilation: '--gcc-toolchain=E:/DevEco Studio/sdk/default/openharmony/native/llvm' [-Wunused-command-line-argument]
D:/HW/UTDesign/cases/libuv/libuv-base-demo/library/src/unix/stream.c:990:56: warning: comparison of integers of different signs: 'unsigned long' and 'long' [-Wsign-compare]
  for (cmsg = CMSG_FIRSTHDR(msg); cmsg != NULL; cmsg = CMSG_NXTHDR(msg, cmsg)) {
                                                       ^~~~~~~~~~~~~~~~~~~~~~
E:/DevEco Studio/sdk/default/openharmony/native/sysroot/usr/include/sys/socket.h:360:44: note: expanded from macro 'CMSG_NXTHDR'
        __CMSG_LEN(cmsg) + sizeof(struct cmsghdr) >= __MHDR_END(mhdr) - (unsigned char *)(cmsg) \
        ~~~~~~~~~~~~~~~~~~~~~~~~~~~~~~~~~~~~~~~~~ ^  ~~~~~~~~~~~~~~~~~~~~~~~~~~~~~~~~~~~~~~~~~~
1 warning generated.
[35/39] Building C object libuv-build/CMakeFiles/uv_a.dir/src/unix/linux.c.o

[2026-07-28T09:47:19.432] [DEBUG] debug-file - clang: warning: argument unused during compilation: '--gcc-toolchain=E:/DevEco Studio/sdk/default/openharmony/native/llvm' [-Wunused-command-line-argument]
[36/39] Linking C static library libuv-build\libuv.a

[2026-07-28T09:47:19.755] [DEBUG] debug-file - [37/39] Building CXX object CMakeFiles/entry.dir/napi_init.cpp.o

[2026-07-28T09:47:20.116] [DEBUG] debug-file - clang++: warning: argument unused during compilation: '--gcc-toolchain=E:/DevEco Studio/sdk/default/openharmony/native/llvm' [-Wunused-command-line-argument]
[38/39] Building CXX object CMakeFiles/entry.dir/libuv_checks.cpp.o

[2026-07-28T09:47:20.462] [DEBUG] debug-file - clang++: warning: argument unused during compilation: '--gcc-toolchain=E:/DevEco Studio/sdk/default/openharmony/native/llvm' [-Wunused-command-line-argument]
[39/39] Linking CXX shared library D:\HW\UTDesign\cases\libuv\libuv-base-demo\entry\build\default\intermediates\cmake\default\obj\x86_64\libentry.so
FAILED: D:/HW/UTDesign/cases/libuv/libuv-base-demo/entry/build/default/intermediates/cmake/default/obj/x86_64/libentry.so 
C:\WINDOWS\system32\cmd.exe /C "cd . && "E:\DevEco Studio\sdk\default\openharmony\native\llvm\bin\clang++.exe" --target=x86_64-linux-ohos23.0.0 --gcc-toolchain="E:/DevEco Studio/sdk/default/openharmony/native/llvm" --sysroot="E:/DevEco Studio/sdk/default/openharmony/native/sysroot" -fPIC -fdata-sections -ffunction-sections -funwind-tables -fstack-protector-strong -no-canonical-prefixes -fno-addrsig -Wa,--noexecstack -Wformat -Werror=format-security -Wunguarded-availability  -std=c++17 -D__MUSL__ -O0 -g -fno-limit-debug-info  --rtlib=compiler-rt -fuse-ld=lld -Wl,--build-id=sha1 -Wl,--warn-shared-textrel -Wl,--fatal-warnings -lunwind -Wl,--no-undefined -Qunused-arguments -Wl,-z,noexecstack  -ldeviceinfo_ndk.z -shared -Wl,-soname,libentry.so -o D:\HW\UTDesign\cases\libuv\libuv-base-demo\entry\build\default\intermediates\cmake\default\obj\x86_64\libentry.so CMakeFiles/entry.dir/napi_init.cpp.o CMakeFiles/entry.dir/libuv_checks.cpp.o  libuv-build/libuv.a  -lace_napi.z  -ldl  -lm && cd ."
ld.lld: error: undefined symbol: pthread_setaffinity_np
>>> referenced by thread.c:223 (D:/HW/UTDesign/cases/libuv/libuv-base-demo/library/src/unix/thread.c:223)
>>>               thread.c.o:(uv_thread_setaffinity) in archive libuv-build/libuv.a

ld.lld: error: undefined symbol: pthread_getaffinity_np
>>> referenced by thread.c:251 (D:/HW/UTDesign/cases/libuv/libuv-base-demo/library/src/unix/thread.c:251)

[2026-07-28T09:47:20.466] [WARN] debug-file - clang++: warning: argument unused during compilation: '--gcc-toolchain=E:/DevEco Studio/sdk/default/openharmony/native/llvm' [-Wunused-command-line-argument]
[39/39] Linking CXX shared library D:\HW\UTDesign\cases\libuv\libuv-base-demo\entry\build\default\intermediates\cmake\default\obj\x86_64\libentry.so
FAILED: D:/HW/UTDesign/cases/libuv/libuv-base-demo/entry/build/default/intermediates/cmake/default/obj/x86_64/libentry.so 
C:\WINDOWS\system32\cmd.exe /C "cd . && "E:\DevEco Studio\sdk\default\openharmony\native\llvm\bin\clang++.exe" --target=x86_64-linux-ohos23.0.0 --gcc-toolchain="E:/DevEco Studio/sdk/default/openharmony/native/llvm" --sysroot="E:/DevEco Studio/sdk/default/openharmony/native/sysroot" -fPIC -fdata-sections -ffunction-sections -funwind-tables -fstack-protector-strong -no-canonical-prefixes -fno-addrsig -Wa,--noexecstack -Wformat -Werror=format-security -Wunguarded-availability  -std=c++17 -D__MUSL__ -O0 -g -fno-limit-debug-info  --rtlib=compiler-rt -fuse-ld=lld -Wl,--build-id=sha1 -Wl,--warn-shared-textrel -Wl,--fatal-warnings -lunwind -Wl,--no-undefined -Qunused-arguments -Wl,-z,noexecstack  -ldeviceinfo_ndk.z -shared -Wl,-soname,libentry.so -o D:\HW\UTDesign\cases\libuv\libuv-base-demo\entry\build\default\intermediates\cmake\default\obj\x86_64\libentry.so CMakeFiles/entry.dir/napi_init.cpp.o CMakeFiles/entry.dir/libuv_checks.cpp.o  libuv-build/libuv.a  -lace_napi.z  -ldl  -lm && cd ."
ld.lld: error: undefined symbol: pthread_setaffinity_np
>>> referenced by thread.c:223 (D:/HW/UTDesign/cases/libuv/libuv-base-demo/library/src/unix/thread.c:223)
>>>               thread.c.o:(uv_thread_setaffinity) in archive libuv-build/libuv.a

ld.lld: error: undefined symbol: pthread_getaffinity_np
>>> referenced by thread.c:251 (D:/HW/UTDesign/cases/libuv/libuv-base-demo/library/src/unix/thread.c:251)

[2026-07-28T09:47:20.466] [DEBUG] debug-file - >>>               thread.c.o:(uv_thread_getaffinity) in archive libuv-build/libuv.a
clang++: error: linker command failed with exit code 1 (use -v to see invocation)
ninja: build stopped: subcommand failed.

[2026-07-28T09:47:20.646] [DEBUG] debug-file - worker[14] encounters error: Exceptions happened while executing E:\DevEco Studio\sdk\default\openharmony\native\build-tools\cmake\bin\ninja.exe -C D:\HW\UTDesign\cases\libuv\libuv-base-demo\entry\.cxx\default\default\debug\x86_64.
[32mninja: Entering directory `D:\HW\UTDesign\cases\libuv\libuv-base-demo\entry\.cxx\default\default\debug\x86_64'[32m[39m
[32m[1/39] Building C object libuv-build/CMakeFiles/uv_a.dir/src/strtok.c.o[32m[39m
[33mclang: warning: argument unused during compilation: '--gcc-toolchain=E:/DevEco Studio/sdk/default/openharmony/native/llvm' [-Wunused-command-line-argument][33m[39m
[32m[32m[39m
[32m[2/39] Building C object libuv-build/CMakeFiles/uv_a.dir/src/strscpy.c.o[32m[39m
[33mclang: warning: argument unused during compilation: '--gcc-toolchain=E:/DevEco Studio/sdk/default/openharmony/native/llvm' [-Wunused-command-line-argument][33m[39m
[32m[32m[39m
[32m[3/39] Building C object libuv-build/CMakeFiles/uv_a.dir/src/thread-common.c.o[32m[39m
[33mclang: warning: argument unused during compilation: '--gcc-toolchain=E:/DevEco Studio/sdk/default/openharmony/native/llvm' [-Wunused-command-line-argument][33m[39m
[32m[32m[39m
[32m[4/39] Building C object libuv-build/CMakeFiles/uv_a.dir/src/version.c.o[32m[39m
[33mclang: warning: argument unused during compilation: '--gcc-toolchain=E:/DevEco Studio/sdk/default/openharmony/native/llvm' [-Wunused-command-line-argument][33m[39m
[32m[32m[39m
[32m[5/39] Building C object libuv-build/CMakeFiles/uv_a.dir/src/unix/dl.c.o[32m[39m
[33mclang: warning: argument unused during compilation: '--gcc-toolchain=E:/DevEco Studio/sdk/default/openharmony/native/llvm' [-Wunused-command-line-argument][33m[39m
[32m[32m[39m
[32m[6/39] Building C object libuv-build/CMakeFiles/uv_a.dir/src/uv-data-getter-setters.c.o[32m[39m
[33mclang: warning: argument unused during compilation: '--gcc-toolchain=E:/DevEco Studio/sdk/default/openharmony/native/llvm' [-Wunused-command-line-argument][33m[39m
[32m[32m[39m
[32m[7/39] Building C object libuv-build/CMakeFiles/uv_a.dir/src/idna.c.o[32m[39m
[33mclang: warning: argument unused during compilation: '--gcc-toolchain=E:/DevEco Studio/sdk/default/openharmony/native/llvm' [-Wunused-command-line-argument][33m[39m
[32m[32m[39m
[32m[8/39] Building C object libuv-build/CMakeFiles/uv_a.dir/src/random.c.o[32m[39m
[33mclang: warning: argument unused during compilation: '--gcc-toolchain=E:/DevEco Studio/sdk/default/openharmony/native/llvm' [-Wunused-command-line-argument][33m[39m
[32m[32m[39m
[32m[9/39] Building C object libuv-build/CMakeFiles/uv_a.dir/src/fs-poll.c.o[32m[39m
[33mclang: warning: argument unused during compilation: '--gcc-toolchain=E:/DevEco Studio/sdk/default/openharmony/native/llvm' [-Wunused-command-line-argument][33m[39m
[32m[32m[39m
[32m[10/39] Building C object libuv-build/CMakeFiles/uv_a.dir/src/unix/async.c.o[32m[39m
[33mclang: warning: argument unused during compilation: '--gcc-toolchain=E:/DevEco Studio/sdk/default/openharmony/native/llvm' [-Wunused-command-line-argument][33m[39m
[32m[32m[39m
[32m[11/39] Building C object libuv-build/CMakeFiles/uv_a.dir/src/unix/getaddrinfo.c.o[32m[39m
[33mclang: warning: argument unused during compilation: '--gcc-toolchain=E:/DevEco Studio/sdk/default/openharmony/native/llvm' [-Wunused-command-line-argument][33m[39m
[32m[32m[39m
[32m[12/39] Building C object libuv-build/CMakeFiles/uv_a.dir/src/timer.c.o[32m[39m
[33mclang: warning: argument unused during compilation: '--gcc-toolchain=E:/DevEco Studio/sdk/default/openharmony/native/llvm' [-Wunused-command-line-argument][33m[39m
[32m[32m[39m
[32m[13/39] Building C object libuv-build/CMakeFiles/uv_a.dir/src/inet.c.o[32m[39m
[33mclang: warning: argument unused during compilation: '--gcc-toolchain=E:/DevEco Studio/sdk/default/openharmony/native/llvm' [-Wunused-command-line-argument][33m[39m
[32m[32m[39m
[32m[14/39] Building C object libuv-build/CMakeFiles/uv_a.dir/src/unix/getnameinfo.c.o[32m[39m
[33mclang: warning: argument unused during compilation: '--gcc-toolchain=E:/DevEco Studio/sdk/default/openharmony/native/llvm' [-Wunused-command-line-argument][33m[39m
[32m[32m[39m
[32m[15/39] Building C object libuv-build/CMakeFiles/uv_a.dir/src/threadpool.c.o[32m[39m
[33mclang: warning: argument unused during compilation: '--gcc-toolchain=E:/DevEco Studio/sdk/default/openharmony/native/llvm' [-Wunused-command-line-argument][33m[39m
[32m[32m[39m
[32m[16/39] Building C object libuv-build/CMakeFiles/uv_a.dir/src/uv-common.c.o[32m[39m
[33mclang: warning: argument unused during compilation: '--gcc-toolchain=E:/DevEco Studio/sdk/default/openharmony/native/llvm' [-Wunused-command-line-argument][33m[39m
[32m[32m[39m
[32m[17/39] Building C object libuv-build/CMakeFiles/uv_a.dir/src/unix/core.c.o[32m[39m
[33mclang: warning: argument unused during compilation: '--gcc-toolchain=E:/DevEco Studio/sdk/default/openharmony/native/llvm' [-Wunused-command-line-argument][33m[39m
[32m[32m[39m
[32m[18/39] Building C object libuv-build/CMakeFiles/uv_a.dir/src/unix/fs.c.o[32m[39m
[33mclang: warning: argument unused during compilation: '--gcc-toolchain=E:/DevEco Studio/sdk/default/openharmony/native/llvm' [-Wunused-command-line-argument][33m[39m
[32m[32m[39m
[32m[19/39] Building C object libuv-build/CMakeFiles/uv_a.dir/src/unix/random-sysctl-linux.c.o[32m[39m
[33mclang: warning: argument unused during compilation: '--gcc-toolchain=E:/DevEco Studio/sdk/default/openharmony/native/llvm' [-Wunused-command-line-argument][33m[39m
[32m[32m[39m
[32m[20/39] Building C object libuv-build/CMakeFiles/uv_a.dir/src/unix/random-getrandom.c.o[32m[39m
[33mclang: warning: argument unused during compilation: '--gcc-toolchain=E:/DevEco Studio/sdk/default/openharmony/native/llvm' [-Wunused-command-line-argument][33m[39m
[32m[32m[39m
[32m[21/39] Building C object libuv-build/CMakeFiles/uv_a.dir/src/unix/pipe.c.o[32m[39m
[33mclang: warning: argument unused during compilation: '--gcc-toolchain=E:/DevEco Studio/sdk/default/openharmony/native/llvm' [-Wunused-command-line-argument][33m[39m
[32m[32m[39m
[32m[22/39] Building C object libuv-build/CMakeFiles/uv_a.dir/src/unix/loop-watcher.c.o[32m[39m
[33mclang: warning: argument unused during compilation: '--gcc-toolchain=E:/DevEco Studio/sdk/default/openharmony/native/llvm' [-Wunused-command-line-argument][33m[39m
[32m[32m[39m
[32m[23/39] Building C object libuv-build/CMakeFiles/uv_a.dir/src/unix/procfs-exepath.c.o[32m[39m
[33mclang: warning: argument unused during compilation: '--gcc-toolchain=E:/DevEco Studio/sdk/default/openharmony/native/llvm' [-Wunused-command-line-argument][33m[39m
[32m[32m[39m
[32m[24/39] Building C object libuv-build/CMakeFiles/uv_a.dir/src/unix/proctitle.c.o[32m[39m
[33mclang: warning: argument unused during compilation: '--gcc-toolchain=E:/DevEco Studio/sdk/default/openharmony/native/llvm' [-Wunused-command-line-argument][33m[39m
[32m[32m[39m
[32m[25/39] Building C object libuv-build/CMakeFiles/uv_a.dir/src/unix/process.c.o[32m[39m
[33mclang: warning: argument unused during compilation: '--gcc-toolchain=E:/DevEco Studio/sdk/default/openharmony/native/llvm' [-Wunused-command-line-argument][33m[39m
[32m[32m[39m
[32m[26/39] Building C object libuv-build/CMakeFiles/uv_a.dir/src/unix/random-devurandom.c.o[32m[39m
[33mclang: warning: argument unused during compilation: '--gcc-toolchain=E:/DevEco Studio/sdk/default/openharmony/native/llvm' [-Wunused-command-line-argument][33m[39m
[32m[32m[39m
[32m[27/39] Building C object libuv-build/CMakeFiles/uv_a.dir/src/unix/tty.c.o[32m[39m
[33mclang: warning: argument unused during compilation: '--gcc-toolchain=E:/DevEco Studio/sdk/default/openharmony/native/llvm' [-Wunused-command-line-argument][33m[39m
[32m[32m[39m
[32m[28/39] Building C object libuv-build/CMakeFiles/uv_a.dir/src/unix/loop.c.o[32m[39m
[33mclang: warning: argument unused during compilation: '--gcc-toolchain=E:/DevEco Studio/sdk/default/openharmony/native/llvm' [-Wunused-command-line-argument][33m[39m
[32m[32m[39m
[32m[29/39] Building C object libuv-build/CMakeFiles/uv_a.dir/src/unix/poll.c.o[32m[39m
[33mclang: warning: argument unused during compilation: '--gcc-toolchain=E:/DevEco Studio/sdk/default/openharmony/native/llvm' [-Wunused-command-line-argument][33m[39m
[32m[32m[39m
[32m[30/39] Building C object libuv-build/CMakeFiles/uv_a.dir/src/unix/tcp.c.o[32m[39m
[33mclang: warning: argument unused during compilation: '--gcc-toolchain=E:/DevEco Studio/sdk/default/openharmony/native/llvm' [-Wunused-command-line-argument][33m[39m
[32m[32m[39m
[32m[31/39] Building C object libuv-build/CMakeFiles/uv_a.dir/src/unix/signal.c.o[32m[39m
[33mclang: warning: argument unused during compilation: '--gcc-toolchain=E:/DevEco Studio/sdk/default/openharmony/native/llvm' [-Wunused-command-line-argument][33m[39m
[32m[32m[39m
[32m[32/39] Building C object libuv-build/CMakeFiles/uv_a.dir/src/unix/udp.c.o[32m[39m
[33mclang: warning: argument unused during compilation: '--gcc-toolchain=E:/DevEco Studio/sdk/default/openharmony/native/llvm' [-Wunused-command-line-argument][33m[39m
[32m[32m[39m
[32m[33/39] Building C object libuv-build/CMakeFiles/uv_a.dir/src/unix/thread.c.o[32m[39m
[33mclang: warning: argument unused during compilation: '--gcc-toolchain=E:/DevEco Studio/sdk/default/openharmony/native/llvm' [-Wunused-command-line-argument][33m[39m
[33mD:/HW/UTDesign/cases/libuv/libuv-base-demo/library/src/unix/thread.c:223:7: warning: implicit declaration of function 'pthread_setaffinity_np' [-Wimplicit-function-declaration][33m[39m
[33m  r = pthread_setaffinity_np(*tid, sizeof(cpuset), &cpuset);[33m[39m
[33m      ^[33m[39m
[33mD:/HW/UTDesign/cases/libuv/libuv-base-demo/library/src/unix/thread.c:251:7: warning: implicit declaration of function 'pthread_getaffinity_np' [-Wimplicit-function-declaration][33m[39m
[33m[33m[39m
[33m  r = pthread_getaffinity_np(*tid, sizeof(cpuset), &cpuset);[33m[39m
[33m[33m[39m
[33m      ^[33m[39m
[33m[33m[39m
[33m2 warnings generated.[33m[39m
[32m[32m[39m
[32m[34/39] Building C object libuv-build/CMakeFiles/uv_a.dir/src/unix/stream.c.o[32m[39m
[33mclang: warning: argument unused during compilation: '--gcc-toolchain=E:/DevEco Studio/sdk/default/openharmony/native/llvm' [-Wunused-command-line-argument][33m[39m
[33mD:/HW/UTDesign/cases/libuv/libuv-base-demo/library/src/unix/stream.c:990:56: warning: comparison of integers of different signs: 'unsigned long' and 'long' [-Wsign-compare][33m[39m
[33m  for (cmsg = CMSG_FIRSTHDR(msg); cmsg != NULL; cmsg = CMSG_NXTHDR(msg, cmsg)) {[33m[39m
[33m                                                       ^~~~~~~~~~~~~~~~~~~~~~[33m[39m
[33mE:/DevEco Studio/sdk/default/openharmony/native/sysroot/usr/include/sys/socket.h:360:44: note: expanded from macro 'CMSG_NXTHDR'[33m[39m
[33m[33m[39m
[33m        __CMSG_LEN(cmsg) + sizeof(struct cmsghdr) >= __MHDR_END(mhdr) - (unsigned char *)(cmsg) \[33m[39m
[33m[33m[39m
[33m        ~~~~~~~~~~~~~~~~~~~~~~~~~~~~~~~~~~~~~~~~~ ^  ~~~~~~~~~~~~~~~~~~~~~~~~~~~~~~~~~~~~~~~~~~[33m[39m
[33m[33m[39m
[33m1 warning generated.[33m[39m
[32m[32m[39m
[32m[35/39] Building C object libuv-build/CMakeFiles/uv_a.dir/src/unix/linux.c.o[32m[39m
[33mclang: warning: argument unused during compilation: '--gcc-toolchain=E:/DevEco Studio/sdk/default/openharmony/native/llvm' [-Wunused-command-line-argument][33m[39m
[32m[32m[39m
[32m[36/39] Linking C static library libuv-build\libuv.a[32m[39m
[32m[37/39] Building CXX object CMakeFiles/entry.dir/napi_init.cpp.o[32m[39m
[33mclang++: warning: argument unused during compilation: '--gcc-toolchain=E:/DevEco Studio/sdk/default/openharmony/native/llvm' [-Wunused-command-line-argument][33m[39m
[32m[32m[39m
[32m[38/39] Building CXX object CMakeFiles/entry.dir/libuv_checks.cpp.o[32m[39m
[33mclang++: warning: argument unused during compilation: '--gcc-toolchain=E:/DevEco Studio/sdk/default/openharmony/native/llvm' [-Wunused-command-line-argument][33m[39m
[32m[32m[39m
[32m[39/39] Linking CXX shared library D:\HW\UTDesign\cases\libuv\libuv-base-demo\entry\build\default\intermediates\cmake\default\obj\x86_64\libentry.so[32m[39m
[31mFAILED: D:/HW/UTDesign/cases/libuv/libuv-base-demo/entry/build/default/intermediates/cmake/default/obj/x86_64/libentry.so [31m[39m
[32mC:\WINDOWS\system32\cmd.exe /C "cd . && "E:\DevEco Studio\sdk\default\openharmony\native\llvm\bin\clang++.exe" --target=x86_64-linux-ohos23.0.0 --gcc-toolchain="E:/DevEco Studio/sdk/default/openharmony/native/llvm" --sysroot="E:/DevEco Studio/sdk/default/openharmony/native/sysroot" -fPIC -fdata-sections -ffunction-sections -funwind-tables -fstack-protector-strong -no-canonical-prefixes -fno-addrsig -Wa,--noexecstack -Wformat -Werror=format-security -Wunguarded-availability  -std=c++17 -D__MUSL__ -O0 -g -fno-limit-debug-info  --rtlib=compiler-rt -fuse-ld=lld -Wl,--build-id=sha1 -Wl,--warn-shared-textrel -Wl,--fatal-warnings -lunwind -Wl,--no-undefined -Qunused-arguments -Wl,-z,noexecstack  -ldeviceinfo_ndk.z -shared -Wl,-soname,libentry.so -o D:\HW\UTDesign\cases\libuv\libuv-base-demo\entry\build\default\intermediates\cmake\default\obj\x86_64\libentry.so CMakeFiles/entry.dir/napi_init.cpp.o CMakeFiles/entry.dir/libuv_checks.cpp.o  libuv-build/libuv.a  -lace_napi.z  -ldl  -lm && cd ."[32m[39m
[31mld.lld: error: undefined symbol: pthread_setaffinity_np[31m[39m
[31m>>> referenced by thread.c:223 (D:/HW/UTDesign/cases/libuv/libuv-base-demo/library/src/unix/thread.c:223)[31m[39m
[31m>>>               thread.c.o:(uv_thread_setaffinity) in archive libuv-build/libuv.a[31m[39m
[31m[31m[39m
[31mld.lld: error: undefined symbol: pthread_getaffinity_np[31m[39m
[31m>>> referenced by thread.c:251 (D:/HW/UTDesign/cases/libuv/libuv-base-demo/library/src/unix/thread.c:251)[31m[39m
[31m>>>               thread.c.o:(uv_thread_getaffinity) in archive libuv-build/libuv.a[31m[39m
[31m[31m[39m
[31mclang++: error: linker command failed with exit code 1 (use -v to see invocation)[31m[39m
[31m[31m[39m
[31mninja: build stopped: subcommand failed.[31m[39m
[31mA 'undefined symbol' error has occurred.
* Try the following:
  > Troubleshoot the errors according to the following guidelines.
  > More info: https://developer.huawei.com/consumer/cn/doc/harmonyos-faqs/faqs-compiling-and-building-116[31m[39m.
[2026-07-28T09:47:20.646] [DEBUG] debug-file - default@BuildNativeWithNinja work[3] failed.
[2026-07-28T09:47:20.647] [ERROR] debug-file - Failed :entry:default@BuildNativeWithNinja... 
[2026-07-28T09:47:20.647] [DEBUG] debug-file - hvigor build process will be closed with an error.
[2026-07-28T09:47:20.842] [DEBUG] debug-file - ERROR: stacktrace = Error: Exceptions happened while executing E:\DevEco Studio\sdk\default\openharmony\native\build-tools\cmake\bin\ninja.exe -C D:\HW\UTDesign\cases\libuv\libuv-base-demo\entry\.cxx\default\default\debug\x86_64.
[32mninja: Entering directory `D:\HW\UTDesign\cases\libuv\libuv-base-demo\entry\.cxx\default\default\debug\x86_64'[32m[39m
[32m[1/39] Building C object libuv-build/CMakeFiles/uv_a.dir/src/strtok.c.o[32m[39m
[33mclang: warning: argument unused during compilation: '--gcc-toolchain=E:/DevEco Studio/sdk/default/openharmony/native/llvm' [-Wunused-command-line-argument][33m[39m
[32m[32m[39m
[32m[2/39] Building C object libuv-build/CMakeFiles/uv_a.dir/src/strscpy.c.o[32m[39m
[33mclang: warning: argument unused during compilation: '--gcc-toolchain=E:/DevEco Studio/sdk/default/openharmony/native/llvm' [-Wunused-command-line-argument][33m[39m
[32m[32m[39m
[32m[3/39] Building C object libuv-build/CMakeFiles/uv_a.dir/src/thread-common.c.o[32m[39m
[33mclang: warning: argument unused during compilation: '--gcc-toolchain=E:/DevEco Studio/sdk/default/openharmony/native/llvm' [-Wunused-command-line-argument][33m[39m
[32m[32m[39m
[32m[4/39] Building C object libuv-build/CMakeFiles/uv_a.dir/src/version.c.o[32m[39m
[33mclang: warning: argument unused during compilation: '--gcc-toolchain=E:/DevEco Studio/sdk/default/openharmony/native/llvm' [-Wunused-command-line-argument][33m[39m
[32m[32m[39m
[32m[5/39] Building C object libuv-build/CMakeFiles/uv_a.dir/src/unix/dl.c.o[32m[39m
[33mclang: warning: argument unused during compilation: '--gcc-toolchain=E:/DevEco Studio/sdk/default/openharmony/native/llvm' [-Wunused-command-line-argument][33m[39m
[32m[32m[39m
[32m[6/39] Building C object libuv-build/CMakeFiles/uv_a.dir/src/uv-data-getter-setters.c.o[32m[39m
[33mclang: warning: argument unused during compilation: '--gcc-toolchain=E:/DevEco Studio/sdk/default/openharmony/native/llvm' [-Wunused-command-line-argument][33m[39m
[32m[32m[39m
[32m[7/39] Building C object libuv-build/CMakeFiles/uv_a.dir/src/idna.c.o[32m[39m
[33mclang: warning: argument unused during compilation: '--gcc-toolchain=E:/DevEco Studio/sdk/default/openharmony/native/llvm' [-Wunused-command-line-argument][33m[39m
[32m[32m[39m
[32m[8/39] Building C object libuv-build/CMakeFiles/uv_a.dir/src/random.c.o[32m[39m
[33mclang: warning: argument unused during compilation: '--gcc-toolchain=E:/DevEco Studio/sdk/default/openharmony/native/llvm' [-Wunused-command-line-argument][33m[39m
[32m[32m[39m
[32m[9/39] Building C object libuv-build/CMakeFiles/uv_a.dir/src/fs-poll.c.o[32m[39m
[33mclang: warning: argument unused during compilation: '--gcc-toolchain=E:/DevEco Studio/sdk/default/openharmony/native/llvm' [-Wunused-command-line-argument][33m[39m
[32m[32m[39m
[32m[10/39] Building C object libuv-build/CMakeFiles/uv_a.dir/src/unix/async.c.o[32m[39m
[33mclang: warning: argument unused during compilation: '--gcc-toolchain=E:/DevEco Studio/sdk/default/openharmony/native/llvm' [-Wunused-command-line-argument][33m[39m
[32m[32m[39m
[32m[11/39] Building C object libuv-build/CMakeFiles/uv_a.dir/src/unix/getaddrinfo.c.o[32m[39m
[33mclang: warning: argument unused during compilation: '--gcc-toolchain=E:/DevEco Studio/sdk/default/openharmony/native/llvm' [-Wunused-command-line-argument][33m[39m
[32m[32m[39m
[32m[12/39] Building C object libuv-build/CMakeFiles/uv_a.dir/src/timer.c.o[32m[39m
[33mclang: warning: argument unused during compilation: '--gcc-toolchain=E:/DevEco Studio/sdk/default/openharmony/native/llvm' [-Wunused-command-line-argument][33m[39m
[32m[32m[39m
[32m[13/39] Building C object libuv-build/CMakeFiles/uv_a.dir/src/inet.c.o[32m[39m
[33mclang: warning: argument unused during compilation: '--gcc-toolchain=E:/DevEco Studio/sdk/default/openharmony/native/llvm' [-Wunused-command-line-argument][33m[39m
[32m[32m[39m
[32m[14/39] Building C object libuv-build/CMakeFiles/uv_a.dir/src/unix/getnameinfo.c.o[32m[39m
[33mclang: warning: argument unused during compilation: '--gcc-toolchain=E:/DevEco Studio/sdk/default/openharmony/native/llvm' [-Wunused-command-line-argument][33m[39m
[32m[32m[39m
[32m[15/39] Building C object libuv-build/CMakeFiles/uv_a.dir/src/threadpool.c.o[32m[39m
[33mclang: warning: argument unused during compilation: '--gcc-toolchain=E:/DevEco Studio/sdk/default/openharmony/native/llvm' [-Wunused-command-line-argument][33m[39m
[32m[32m[39m
[32m[16/39] Building C object libuv-build/CMakeFiles/uv_a.dir/src/uv-common.c.o[32m[39m
[33mclang: warning: argument unused during compilation: '--gcc-toolchain=E:/DevEco Studio/sdk/default/openharmony/native/llvm' [-Wunused-command-line-argument][33m[39m
[32m[32m[39m
[32m[17/39] Building C object libuv-build/CMakeFiles/uv_a.dir/src/unix/core.c.o[32m[39m
[33mclang: warning: argument unused during compilation: '--gcc-toolchain=E:/DevEco Studio/sdk/default/openharmony/native/llvm' [-Wunused-command-line-argument][33m[39m
[32m[32m[39m
[32m[18/39] Building C object libuv-build/CMakeFiles/uv_a.dir/src/unix/fs.c.o[32m[39m
[33mclang: warning: argument unused during compilation: '--gcc-toolchain=E:/DevEco Studio/sdk/default/openharmony/native/llvm' [-Wunused-command-line-argument][33m[39m
[32m[32m[39m
[32m[19/39] Building C object libuv-build/CMakeFiles/uv_a.dir/src/unix/random-sysctl-linux.c.o[32m[39m
[33mclang: warning: argument unused during compilation: '--gcc-toolchain=E:/DevEco Studio/sdk/default/openharmony/native/llvm' [-Wunused-command-line-argument][33m[39m
[32m[32m[39m
[32m[20/39] Building C object libuv-build/CMakeFiles/uv_a.dir/src/unix/random-getrandom.c.o[32m[39m
[33mclang: warning: argument unused during compilation: '--gcc-toolchain=E:/DevEco Studio/sdk/default/openharmony/native/llvm' [-Wunused-command-line-argument][33m[39m
[32m[32m[39m
[32m[21/39] Building C object libuv-build/CMakeFiles/uv_a.dir/src/unix/pipe.c.o[32m[39m
[33mclang: warning: argument unused during compilation: '--gcc-toolchain=E:/DevEco Studio/sdk/default/openharmony/native/llvm' [-Wunused-command-line-argument][33m[39m
[32m[32m[39m
[32m[22/39] Building C object libuv-build/CMakeFiles/uv_a.dir/src/unix/loop-watcher.c.o[32m[39m
[33mclang: warning: argument unused during compilation: '--gcc-toolchain=E:/DevEco Studio/sdk/default/openharmony/native/llvm' [-Wunused-command-line-argument][33m[39m
[32m[32m[39m
[32m[23/39] Building C object libuv-build/CMakeFiles/uv_a.dir/src/unix/procfs-exepath.c.o[32m[39m
[33mclang: warning: argument unused during compilation: '--gcc-toolchain=E:/DevEco Studio/sdk/default/openharmony/native/llvm' [-Wunused-command-line-argument][33m[39m
[32m[32m[39m
[32m[24/39] Building C object libuv-build/CMakeFiles/uv_a.dir/src/unix/proctitle.c.o[32m[39m
[33mclang: warning: argument unused during compilation: '--gcc-toolchain=E:/DevEco Studio/sdk/default/openharmony/native/llvm' [-Wunused-command-line-argument][33m[39m
[32m[32m[39m
[32m[25/39] Building C object libuv-build/CMakeFiles/uv_a.dir/src/unix/process.c.o[32m[39m
[33mclang: warning: argument unused during compilation: '--gcc-toolchain=E:/DevEco Studio/sdk/default/openharmony/native/llvm' [-Wunused-command-line-argument][33m[39m
[32m[32m[39m
[32m[26/39] Building C object libuv-build/CMakeFiles/uv_a.dir/src/unix/random-devurandom.c.o[32m[39m
[33mclang: warning: argument unused during compilation: '--gcc-toolchain=E:/DevEco Studio/sdk/default/openharmony/native/llvm' [-Wunused-command-line-argument][33m[39m
[32m[32m[39m
[32m[27/39] Building C object libuv-build/CMakeFiles/uv_a.dir/src/unix/tty.c.o[32m[39m
[33mclang: warning: argument unused during compilation: '--gcc-toolchain=E:/DevEco Studio/sdk/default/openharmony/native/llvm' [-Wunused-command-line-argument][33m[39m
[32m[32m[39m
[32m[28/39] Building C object libuv-build/CMakeFiles/uv_a.dir/src/unix/loop.c.o[32m[39m
[33mclang: warning: argument unused during compilation: '--gcc-toolchain=E:/DevEco Studio/sdk/default/openharmony/native/llvm' [-Wunused-command-line-argument][33m[39m
[32m[32m[39m
[32m[29/39] Building C object libuv-build/CMakeFiles/uv_a.dir/src/unix/poll.c.o[32m[39m
[33mclang: warning: argument unused during compilation: '--gcc-toolchain=E:/DevEco Studio/sdk/default/openharmony/native/llvm' [-Wunused-command-line-argument][33m[39m
[32m[32m[39m
[32m[30/39] Building C object libuv-build/CMakeFiles/uv_a.dir/src/unix/tcp.c.o[32m[39m
[33mclang: warning: argument unused during compilation: '--gcc-toolchain=E:/DevEco Studio/sdk/default/openharmony/native/llvm' [-Wunused-command-line-argument][33m[39m
[32m[32m[39m
[32m[31/39] Building C object libuv-build/CMakeFiles/uv_a.dir/src/unix/signal.c.o[32m[39m
[33mclang: warning: argument unused during compilation: '--gcc-toolchain=E:/DevEco Studio/sdk/default/openharmony/native/llvm' [-Wunused-command-line-argument][33m[39m
[32m[32m[39m
[32m[32/39] Building C object libuv-build/CMakeFiles/uv_a.dir/src/unix/udp.c.o[32m[39m
[33mclang: warning: argument unused during compilation: '--gcc-toolchain=E:/DevEco Studio/sdk/default/openharmony/native/llvm' [-Wunused-command-line-argument][33m[39m
[32m[32m[39m
[32m[33/39] Building C object libuv-build/CMakeFiles/uv_a.dir/src/unix/thread.c.o[32m[39m
[33mclang: warning: argument unused during compilation: '--gcc-toolchain=E:/DevEco Studio/sdk/default/openharmony/native/llvm' [-Wunused-command-line-argument][33m[39m
[33mD:/HW/UTDesign/cases/libuv/libuv-base-demo/library/src/unix/thread.c:223:7: warning: implicit declaration of function 'pthread_setaffinity_np' [-Wimplicit-function-declaration][33m[39m
[33m  r = pthread_setaffinity_np(*tid, sizeof(cpuset), &cpuset);[33m[39m
[33m      ^[33m[39m
[33mD:/HW/UTDesign/cases/libuv/libuv-base-demo/library/src/unix/thread.c:251:7: warning: implicit declaration of function 'pthread_getaffinity_np' [-Wimplicit-function-declaration][33m[39m
[33m[33m[39m
[33m  r = pthread_getaffinity_np(*tid, sizeof(cpuset), &cpuset);[33m[39m
[33m[33m[39m
[33m      ^[33m[39m
[33m[33m[39m
[33m2 warnings generated.[33m[39m
[32m[32m[39m
[32m[34/39] Building C object libuv-build/CMakeFiles/uv_a.dir/src/unix/stream.c.o[32m[39m
[33mclang: warning: argument unused during compilation: '--gcc-toolchain=E:/DevEco Studio/sdk/default/openharmony/native/llvm' [-Wunused-command-line-argument][33m[39m
[33mD:/HW/UTDesign/cases/libuv/libuv-base-demo/library/src/unix/stream.c:990:56: warning: comparison of integers of different signs: 'unsigned long' and 'long' [-Wsign-compare][33m[39m
[33m  for (cmsg = CMSG_FIRSTHDR(msg); cmsg != NULL; cmsg = CMSG_NXTHDR(msg, cmsg)) {[33m[39m
[33m                                                       ^~~~~~~~~~~~~~~~~~~~~~[33m[39m
[33mE:/DevEco Studio/sdk/default/openharmony/native/sysroot/usr/include/sys/socket.h:360:44: note: expanded from macro 'CMSG_NXTHDR'[33m[39m
[33m[33m[39m
[33m        __CMSG_LEN(cmsg) + sizeof(struct cmsghdr) >= __MHDR_END(mhdr) - (unsigned char *)(cmsg) \[33m[39m
[33m[33m[39m
[33m        ~~~~~~~~~~~~~~~~~~~~~~~~~~~~~~~~~~~~~~~~~ ^  ~~~~~~~~~~~~~~~~~~~~~~~~~~~~~~~~~~~~~~~~~~[33m[39m
[33m[33m[39m
[33m1 warning generated.[33m[39m
[32m[32m[39m
[32m[35/39] Building C object libuv-build/CMakeFiles/uv_a.dir/src/unix/linux.c.o[32m[39m
[33mclang: warning: argument unused during compilation: '--gcc-toolchain=E:/DevEco Studio/sdk/default/openharmony/native/llvm' [-Wunused-command-line-argument][33m[39m
[32m[32m[39m
[32m[36/39] Linking C static library libuv-build\libuv.a[32m[39m
[32m[37/39] Building CXX object CMakeFiles/entry.dir/napi_init.cpp.o[32m[39m
[33mclang++: warning: argument unused during compilation: '--gcc-toolchain=E:/DevEco Studio/sdk/default/openharmony/native/llvm' [-Wunused-command-line-argument][33m[39m
[32m[32m[39m
[32m[38/39] Building CXX object CMakeFiles/entry.dir/libuv_checks.cpp.o[32m[39m
[33mclang++: warning: argument unused during compilation: '--gcc-toolchain=E:/DevEco Studio/sdk/default/openharmony/native/llvm' [-Wunused-command-line-argument][33m[39m
[32m[32m[39m
[32m[39/39] Linking CXX shared library D:\HW\UTDesign\cases\libuv\libuv-base-demo\entry\build\default\intermediates\cmake\default\obj\x86_64\libentry.so[32m[39m
[31mFAILED: D:/HW/UTDesign/cases/libuv/libuv-base-demo/entry/build/default/intermediates/cmake/default/obj/x86_64/libentry.so [31m[39m
[32mC:\WINDOWS\system32\cmd.exe /C "cd . && "E:\DevEco Studio\sdk\default\openharmony\native\llvm\bin\clang++.exe" --target=x86_64-linux-ohos23.0.0 --gcc-toolchain="E:/DevEco Studio/sdk/default/openharmony/native/llvm" --sysroot="E:/DevEco Studio/sdk/default/openharmony/native/sysroot" -fPIC -fdata-sections -ffunction-sections -funwind-tables -fstack-protector-strong -no-canonical-prefixes -fno-addrsig -Wa,--noexecstack -Wformat -Werror=format-security -Wunguarded-availability  -std=c++17 -D__MUSL__ -O0 -g -fno-limit-debug-info  --rtlib=compiler-rt -fuse-ld=lld -Wl,--build-id=sha1 -Wl,--warn-shared-textrel -Wl,--fatal-warnings -lunwind -Wl,--no-undefined -Qunused-arguments -Wl,-z,noexecstack  -ldeviceinfo_ndk.z -shared -Wl,-soname,libentry.so -o D:\HW\UTDesign\cases\libuv\libuv-base-demo\entry\build\default\intermediates\cmake\default\obj\x86_64\libentry.so CMakeFiles/entry.dir/napi_init.cpp.o CMakeFiles/entry.dir/libuv_checks.cpp.o  libuv-build/libuv.a  -lace_napi.z  -ldl  -lm && cd ."[32m[39m
[31mld.lld: error: undefined symbol: pthread_setaffinity_np[31m[39m
[31m>>> referenced by thread.c:223 (D:/HW/UTDesign/cases/libuv/libuv-base-demo/library/src/unix/thread.c:223)[31m[39m
[31m>>>               thread.c.o:(uv_thread_setaffinity) in archive libuv-build/libuv.a[31m[39m
[31m[31m[39m
[31mld.lld: error: undefined symbol: pthread_getaffinity_np[31m[39m
[31m>>> referenced by thread.c:251 (D:/HW/UTDesign/cases/libuv/libuv-base-demo/library/src/unix/thread.c:251)[31m[39m
[31m>>>               thread.c.o:(uv_thread_getaffinity) in archive libuv-build/libuv.a[31m[39m
[31m[31m[39m
[31mclang++: error: linker command failed with exit code 1 (use -v to see invocation)[31m[39m
[31m[31m[39m
[31mninja: build stopped: subcommand failed.[31m[39m
[31mA 'undefined symbol' error has occurred.
* Try the following:
  > Troubleshoot the errors according to the following guidelines.
  > More info: https://developer.huawei.com/consumer/cn/doc/harmonyos-faqs/faqs-compiling-and-building-116[31m[39m
    at ChildProcess.<anonymous> (E:\DevEco Studio\tools\hvigor\hvigor-ohos-plugin\src\tasks\abstract-build-native.js:1:2767)
    at process.processTicksAndRejections (node:internal/process/task_queues:95:5)
[2026-07-28T09:47:20.843] [ERROR] debug-file - Error: Exceptions happened while executing E:\DevEco Studio\sdk\default\openharmony\native\build-tools\cmake\bin\ninja.exe -C D:\HW\UTDesign\cases\libuv\libuv-base-demo\entry\.cxx\default\default\debug\x86_64.
[32mninja: Entering directory `D:\HW\UTDesign\cases\libuv\libuv-base-demo\entry\.cxx\default\default\debug\x86_64'[32m[39m
[32m[1/39] Building C object libuv-build/CMakeFiles/uv_a.dir/src/strtok.c.o[32m[39m
[33mclang: warning: argument unused during compilation: '--gcc-toolchain=E:/DevEco Studio/sdk/default/openharmony/native/llvm' [-Wunused-command-line-argument][33m[39m
[32m[32m[39m
[32m[2/39] Building C object libuv-build/CMakeFiles/uv_a.dir/src/strscpy.c.o[32m[39m
[33mclang: warning: argument unused during compilation: '--gcc-toolchain=E:/DevEco Studio/sdk/default/openharmony/native/llvm' [-Wunused-command-line-argument][33m[39m
[32m[32m[39m
[32m[3/39] Building C object libuv-build/CMakeFiles/uv_a.dir/src/thread-common.c.o[32m[39m
[33mclang: warning: argument unused during compilation: '--gcc-toolchain=E:/DevEco Studio/sdk/default/openharmony/native/llvm' [-Wunused-command-line-argument][33m[39m
[32m[32m[39m
[32m[4/39] Building C object libuv-build/CMakeFiles/uv_a.dir/src/version.c.o[32m[39m
[33mclang: warning: argument unused during compilation: '--gcc-toolchain=E:/DevEco Studio/sdk/default/openharmony/native/llvm' [-Wunused-command-line-argument][33m[39m
[32m[32m[39m
[32m[5/39] Building C object libuv-build/CMakeFiles/uv_a.dir/src/unix/dl.c.o[32m[39m
[33mclang: warning: argument unused during compilation: '--gcc-toolchain=E:/DevEco Studio/sdk/default/openharmony/native/llvm' [-Wunused-command-line-argument][33m[39m
[32m[32m[39m
[32m[6/39] Building C object libuv-build/CMakeFiles/uv_a.dir/src/uv-data-getter-setters.c.o[32m[39m
[33mclang: warning: argument unused during compilation: '--gcc-toolchain=E:/DevEco Studio/sdk/default/openharmony/native/llvm' [-Wunused-command-line-argument][33m[39m
[32m[32m[39m
[32m[7/39] Building C object libuv-build/CMakeFiles/uv_a.dir/src/idna.c.o[32m[39m
[33mclang: warning: argument unused during compilation: '--gcc-toolchain=E:/DevEco Studio/sdk/default/openharmony/native/llvm' [-Wunused-command-line-argument][33m[39m
[32m[32m[39m
[32m[8/39] Building C object libuv-build/CMakeFiles/uv_a.dir/src/random.c.o[32m[39m
[33mclang: warning: argument unused during compilation: '--gcc-toolchain=E:/DevEco Studio/sdk/default/openharmony/native/llvm' [-Wunused-command-line-argument][33m[39m
[32m[32m[39m
[32m[9/39] Building C object libuv-build/CMakeFiles/uv_a.dir/src/fs-poll.c.o[32m[39m
[33mclang: warning: argument unused during compilation: '--gcc-toolchain=E:/DevEco Studio/sdk/default/openharmony/native/llvm' [-Wunused-command-line-argument][33m[39m
[32m[32m[39m
[32m[10/39] Building C object libuv-build/CMakeFiles/uv_a.dir/src/unix/async.c.o[32m[39m
[33mclang: warning: argument unused during compilation: '--gcc-toolchain=E:/DevEco Studio/sdk/default/openharmony/native/llvm' [-Wunused-command-line-argument][33m[39m
[32m[32m[39m
[32m[11/39] Building C object libuv-build/CMakeFiles/uv_a.dir/src/unix/getaddrinfo.c.o[32m[39m
[33mclang: warning: argument unused during compilation: '--gcc-toolchain=E:/DevEco Studio/sdk/default/openharmony/native/llvm' [-Wunused-command-line-argument][33m[39m
[32m[32m[39m
[32m[12/39] Building C object libuv-build/CMakeFiles/uv_a.dir/src/timer.c.o[32m[39m
[33mclang: warning: argument unused during compilation: '--gcc-toolchain=E:/DevEco Studio/sdk/default/openharmony/native/llvm' [-Wunused-command-line-argument][33m[39m
[32m[32m[39m
[32m[13/39] Building C object libuv-build/CMakeFiles/uv_a.dir/src/inet.c.o[32m[39m
[33mclang: warning: argument unused during compilation: '--gcc-toolchain=E:/DevEco Studio/sdk/default/openharmony/native/llvm' [-Wunused-command-line-argument][33m[39m
[32m[32m[39m
[32m[14/39] Building C object libuv-build/CMakeFiles/uv_a.dir/src/unix/getnameinfo.c.o[32m[39m
[33mclang: warning: argument unused during compilation: '--gcc-toolchain=E:/DevEco Studio/sdk/default/openharmony/native/llvm' [-Wunused-command-line-argument][33m[39m
[32m[32m[39m
[32m[15/39] Building C object libuv-build/CMakeFiles/uv_a.dir/src/threadpool.c.o[32m[39m
[33mclang: warning: argument unused during compilation: '--gcc-toolchain=E:/DevEco Studio/sdk/default/openharmony/native/llvm' [-Wunused-command-line-argument][33m[39m
[32m[32m[39m
[32m[16/39] Building C object libuv-build/CMakeFiles/uv_a.dir/src/uv-common.c.o[32m[39m
[33mclang: warning: argument unused during compilation: '--gcc-toolchain=E:/DevEco Studio/sdk/default/openharmony/native/llvm' [-Wunused-command-line-argument][33m[39m
[32m[32m[39m
[32m[17/39] Building C object libuv-build/CMakeFiles/uv_a.dir/src/unix/core.c.o[32m[39m
[33mclang: warning: argument unused during compilation: '--gcc-toolchain=E:/DevEco Studio/sdk/default/openharmony/native/llvm' [-Wunused-command-line-argument][33m[39m
[32m[32m[39m
[32m[18/39] Building C object libuv-build/CMakeFiles/uv_a.dir/src/unix/fs.c.o[32m[39m
[33mclang: warning: argument unused during compilation: '--gcc-toolchain=E:/DevEco Studio/sdk/default/openharmony/native/llvm' [-Wunused-command-line-argument][33m[39m
[32m[32m[39m
[32m[19/39] Building C object libuv-build/CMakeFiles/uv_a.dir/src/unix/random-sysctl-linux.c.o[32m[39m
[33mclang: warning: argument unused during compilation: '--gcc-toolchain=E:/DevEco Studio/sdk/default/openharmony/native/llvm' [-Wunused-command-line-argument][33m[39m
[32m[32m[39m
[32m[20/39] Building C object libuv-build/CMakeFiles/uv_a.dir/src/unix/random-getrandom.c.o[32m[39m
[33mclang: warning: argument unused during compilation: '--gcc-toolchain=E:/DevEco Studio/sdk/default/openharmony/native/llvm' [-Wunused-command-line-argument][33m[39m
[32m[32m[39m
[32m[21/39] Building C object libuv-build/CMakeFiles/uv_a.dir/src/unix/pipe.c.o[32m[39m
[33mclang: warning: argument unused during compilation: '--gcc-toolchain=E:/DevEco Studio/sdk/default/openharmony/native/llvm' [-Wunused-command-line-argument][33m[39m
[32m[32m[39m
[32m[22/39] Building C object libuv-build/CMakeFiles/uv_a.dir/src/unix/loop-watcher.c.o[32m[39m
[33mclang: warning: argument unused during compilation: '--gcc-toolchain=E:/DevEco Studio/sdk/default/openharmony/native/llvm' [-Wunused-command-line-argument][33m[39m
[32m[32m[39m
[32m[23/39] Building C object libuv-build/CMakeFiles/uv_a.dir/src/unix/procfs-exepath.c.o[32m[39m
[33mclang: warning: argument unused during compilation: '--gcc-toolchain=E:/DevEco Studio/sdk/default/openharmony/native/llvm' [-Wunused-command-line-argument][33m[39m
[32m[32m[39m
[32m[24/39] Building C object libuv-build/CMakeFiles/uv_a.dir/src/unix/proctitle.c.o[32m[39m
[33mclang: warning: argument unused during compilation: '--gcc-toolchain=E:/DevEco Studio/sdk/default/openharmony/native/llvm' [-Wunused-command-line-argument][33m[39m
[32m[32m[39m
[32m[25/39] Building C object libuv-build/CMakeFiles/uv_a.dir/src/unix/process.c.o[32m[39m
[33mclang: warning: argument unused during compilation: '--gcc-toolchain=E:/DevEco Studio/sdk/default/openharmony/native/llvm' [-Wunused-command-line-argument][33m[39m
[32m[32m[39m
[32m[26/39] Building C object libuv-build/CMakeFiles/uv_a.dir/src/unix/random-devurandom.c.o[32m[39m
[33mclang: warning: argument unused during compilation: '--gcc-toolchain=E:/DevEco Studio/sdk/default/openharmony/native/llvm' [-Wunused-command-line-argument][33m[39m
[32m[32m[39m
[32m[27/39] Building C object libuv-build/CMakeFiles/uv_a.dir/src/unix/tty.c.o[32m[39m
[33mclang: warning: argument unused during compilation: '--gcc-toolchain=E:/DevEco Studio/sdk/default/openharmony/native/llvm' [-Wunused-command-line-argument][33m[39m
[32m[32m[39m
[32m[28/39] Building C object libuv-build/CMakeFiles/uv_a.dir/src/unix/loop.c.o[32m[39m
[33mclang: warning: argument unused during compilation: '--gcc-toolchain=E:/DevEco Studio/sdk/default/openharmony/native/llvm' [-Wunused-command-line-argument][33m[39m
[32m[32m[39m
[32m[29/39] Building C object libuv-build/CMakeFiles/uv_a.dir/src/unix/poll.c.o[32m[39m
[33mclang: warning: argument unused during compilation: '--gcc-toolchain=E:/DevEco Studio/sdk/default/openharmony/native/llvm' [-Wunused-command-line-argument][33m[39m
[32m[32m[39m
[32m[30/39] Building C object libuv-build/CMakeFiles/uv_a.dir/src/unix/tcp.c.o[32m[39m
[33mclang: warning: argument unused during compilation: '--gcc-toolchain=E:/DevEco Studio/sdk/default/openharmony/native/llvm' [-Wunused-command-line-argument][33m[39m
[32m[32m[39m
[32m[31/39] Building C object libuv-build/CMakeFiles/uv_a.dir/src/unix/signal.c.o[32m[39m
[33mclang: warning: argument unused during compilation: '--gcc-toolchain=E:/DevEco Studio/sdk/default/openharmony/native/llvm' [-Wunused-command-line-argument][33m[39m
[32m[32m[39m
[32m[32/39] Building C object libuv-build/CMakeFiles/uv_a.dir/src/unix/udp.c.o[32m[39m
[33mclang: warning: argument unused during compilation: '--gcc-toolchain=E:/DevEco Studio/sdk/default/openharmony/native/llvm' [-Wunused-command-line-argument][33m[39m
[32m[32m[39m
[32m[33/39] Building C object libuv-build/CMakeFiles/uv_a.dir/src/unix/thread.c.o[32m[39m
[33mclang: warning: argument unused during compilation: '--gcc-toolchain=E:/DevEco Studio/sdk/default/openharmony/native/llvm' [-Wunused-command-line-argument][33m[39m
[33mD:/HW/UTDesign/cases/libuv/libuv-base-demo/library/src/unix/thread.c:223:7: warning: implicit declaration of function 'pthread_setaffinity_np' [-Wimplicit-function-declaration][33m[39m
[33m  r = pthread_setaffinity_np(*tid, sizeof(cpuset), &cpuset);[33m[39m
[33m      ^[33m[39m
[33mD:/HW/UTDesign/cases/libuv/libuv-base-demo/library/src/unix/thread.c:251:7: warning: implicit declaration of function 'pthread_getaffinity_np' [-Wimplicit-function-declaration][33m[39m
[33m[33m[39m
[33m  r = pthread_getaffinity_np(*tid, sizeof(cpuset), &cpuset);[33m[39m
[33m[33m[39m
[33m      ^[33m[39m
[33m[33m[39m
[33m2 warnings generated.[33m[39m
[32m[32m[39m
[32m[34/39] Building C object libuv-build/CMakeFiles/uv_a.dir/src/unix/stream.c.o[32m[39m
[33mclang: warning: argument unused during compilation: '--gcc-toolchain=E:/DevEco Studio/sdk/default/openharmony/native/llvm' [-Wunused-command-line-argument][33m[39m
[33mD:/HW/UTDesign/cases/libuv/libuv-base-demo/library/src/unix/stream.c:990:56: warning: comparison of integers of different signs: 'unsigned long' and 'long' [-Wsign-compare][33m[39m
[33m  for (cmsg = CMSG_FIRSTHDR(msg); cmsg != NULL; cmsg = CMSG_NXTHDR(msg, cmsg)) {[33m[39m
[33m                                                       ^~~~~~~~~~~~~~~~~~~~~~[33m[39m
[33mE:/DevEco Studio/sdk/default/openharmony/native/sysroot/usr/include/sys/socket.h:360:44: note: expanded from macro 'CMSG_NXTHDR'[33m[39m
[33m[33m[39m
[33m        __CMSG_LEN(cmsg) + sizeof(struct cmsghdr) >= __MHDR_END(mhdr) - (unsigned char *)(cmsg) \[33m[39m
[33m[33m[39m
[33m        ~~~~~~~~~~~~~~~~~~~~~~~~~~~~~~~~~~~~~~~~~ ^  ~~~~~~~~~~~~~~~~~~~~~~~~~~~~~~~~~~~~~~~~~~[33m[39m
[33m[33m[39m
[33m1 warning generated.[33m[39m
[32m[32m[39m
[32m[35/39] Building C object libuv-build/CMakeFiles/uv_a.dir/src/unix/linux.c.o[32m[39m
[33mclang: warning: argument unused during compilation: '--gcc-toolchain=E:/DevEco Studio/sdk/default/openharmony/native/llvm' [-Wunused-command-line-argument][33m[39m
[32m[32m[39m
[32m[36/39] Linking C static library libuv-build\libuv.a[32m[39m
[32m[37/39] Building CXX object CMakeFiles/entry.dir/napi_init.cpp.o[32m[39m
[33mclang++: warning: argument unused during compilation: '--gcc-toolchain=E:/DevEco Studio/sdk/default/openharmony/native/llvm' [-Wunused-command-line-argument][33m[39m
[32m[32m[39m
[32m[38/39] Building CXX object CMakeFiles/entry.dir/libuv_checks.cpp.o[32m[39m
[33mclang++: warning: argument unused during compilation: '--gcc-toolchain=E:/DevEco Studio/sdk/default/openharmony/native/llvm' [-Wunused-command-line-argument][33m[39m
[32m[32m[39m
[32m[39/39] Linking CXX shared library D:\HW\UTDesign\cases\libuv\libuv-base-demo\entry\build\default\intermediates\cmake\default\obj\x86_64\libentry.so[32m[39m
[31mFAILED: D:/HW/UTDesign/cases/libuv/libuv-base-demo/entry/build/default/intermediates/cmake/default/obj/x86_64/libentry.so [31m[39m
[32mC:\WINDOWS\system32\cmd.exe /C "cd . && "E:\DevEco Studio\sdk\default\openharmony\native\llvm\bin\clang++.exe" --target=x86_64-linux-ohos23.0.0 --gcc-toolchain="E:/DevEco Studio/sdk/default/openharmony/native/llvm" --sysroot="E:/DevEco Studio/sdk/default/openharmony/native/sysroot" -fPIC -fdata-sections -ffunction-sections -funwind-tables -fstack-protector-strong -no-canonical-prefixes -fno-addrsig -Wa,--noexecstack -Wformat -Werror=format-security -Wunguarded-availability  -std=c++17 -D__MUSL__ -O0 -g -fno-limit-debug-info  --rtlib=compiler-rt -fuse-ld=lld -Wl,--build-id=sha1 -Wl,--warn-shared-textrel -Wl,--fatal-warnings -lunwind -Wl,--no-undefined -Qunused-arguments -Wl,-z,noexecstack  -ldeviceinfo_ndk.z -shared -Wl,-soname,libentry.so -o D:\HW\UTDesign\cases\libuv\libuv-base-demo\entry\build\default\intermediates\cmake\default\obj\x86_64\libentry.so CMakeFiles/entry.dir/napi_init.cpp.o CMakeFiles/entry.dir/libuv_checks.cpp.o  libuv-build/libuv.a  -lace_napi.z  -ldl  -lm && cd ."[32m[39m
[31mld.lld: error: undefined symbol: pthread_setaffinity_np[31m[39m
[31m>>> referenced by thread.c:223 (D:/HW/UTDesign/cases/libuv/libuv-base-demo/library/src/unix/thread.c:223)[31m[39m
[31m>>>               thread.c.o:(uv_thread_setaffinity) in archive libuv-build/libuv.a[31m[39m
[31m[31m[39m
[31mld.lld: error: undefined symbol: pthread_getaffinity_np[31m[39m
[31m>>> referenced by thread.c:251 (D:/HW/UTDesign/cases/libuv/libuv-base-demo/library/src/unix/thread.c:251)[31m[39m
[31m>>>               thread.c.o:(uv_thread_getaffinity) in archive libuv-build/libuv.a[31m[39m
[31m[31m[39m
[31mclang++: error: linker command failed with exit code 1 (use -v to see invocation)[31m[39m
[31m[31m[39m
[31mninja: build stopped: subcommand failed.[31m[39m
[31mA 'undefined symbol' error has occurred.
* Try the following:
  > Troubleshoot the errors according to the following guidelines.
  > More info: https://developer.huawei.com/consumer/cn/doc/harmonyos-faqs/faqs-compiling-and-building-116[31m[39m
    at ChildProcess.<anonymous> (E:\DevEco Studio\tools\hvigor\hvigor-ohos-plugin\src\tasks\abstract-build-native.js:1:2767)
    at process.processTicksAndRejections (node:internal/process/task_queues:95:5)
[2026-07-28T09:47:20.860] [ERROR] debug-file - BUILD FAILED in 19 s 225 ms 
[2026-07-28T09:47:20.862] [DEBUG] debug-file - Update task entry:default@PreBuild input file:D:\HW\UTDesign\cases\libuv\libuv-base-demo\AppScope\app.json5 cache by regenerate.
[2026-07-28T09:47:20.863] [DEBUG] debug-file - Update task entry:default@PreBuild input file:D:\HW\UTDesign\cases\libuv\libuv-base-demo\entry\src\main\module.json5 cache by regenerate.
[2026-07-28T09:47:20.863] [DEBUG] debug-file - Update task entry:default@PreBuild input file:D:\HW\UTDesign\cases\libuv\libuv-base-demo\build-profile.json5 cache by regenerate.
[2026-07-28T09:47:20.863] [DEBUG] debug-file - Update task entry:default@PreBuild input file:D:\HW\UTDesign\cases\libuv\libuv-base-demo\entry\build-profile.json5 cache by regenerate.
[2026-07-28T09:47:20.863] [DEBUG] debug-file - Update task entry:default@PreBuild input file:D:\HW\UTDesign\cases\libuv\libuv-base-demo\entry\src\main\resources\base\profile\main_pages.json cache by regenerate.
[2026-07-28T09:47:20.863] [DEBUG] debug-file - Update task entry:default@PreBuild input file:D:\HW\UTDesign\cases\libuv\libuv-base-demo\hvigor\hvigor-config.json5 cache by regenerate.
[2026-07-28T09:47:20.863] [DEBUG] debug-file - Update task entry:default@PreBuild input file:D:\HW\UTDesign\cases\libuv\libuv-base-demo\entry\oh-package.json5 cache by regenerate.
[2026-07-28T09:47:20.864] [DEBUG] debug-file - Update task entry:default@PreBuild input file:D:\HW\UTDesign\cases\libuv\libuv-base-demo\oh-package.json5 cache by regenerate.
[2026-07-28T09:47:20.864] [DEBUG] debug-file - Incremental task entry:default@PreBuild post-execution cost:4 ms .
[2026-07-28T09:47:20.864] [DEBUG] debug-file - Update task entry:default@CreateModuleInfo output file:D:\HW\UTDesign\cases\libuv\libuv-base-demo\entry\build\default\generated\profile\default\ModuleInfo.ts cache.
[2026-07-28T09:47:20.864] [DEBUG] debug-file - Incremental task entry:default@CreateModuleInfo post-execution cost:1 ms .
[2026-07-28T09:47:20.865] [DEBUG] debug-file - Update task entry:default@GenerateMetadata input file:D:\HW\UTDesign\cases\libuv\libuv-base-demo\entry\src\main\module.json5 cache by regenerate.
[2026-07-28T09:47:20.865] [DEBUG] debug-file - Update task entry:default@GenerateMetadata output file:D:\HW\UTDesign\cases\libuv\libuv-base-demo\entry\build\default\intermediates\hap_metadata\default\output_metadata.json cache.
[2026-07-28T09:47:20.865] [DEBUG] debug-file - Incremental task entry:default@GenerateMetadata post-execution cost:1 ms .
[2026-07-28T09:47:20.865] [DEBUG] debug-file - Update task entry:default@MergeProfile input file:D:\HW\UTDesign\cases\libuv\libuv-base-demo\AppScope\app.json5 cache by regenerate.
[2026-07-28T09:47:20.865] [DEBUG] debug-file - Update task entry:default@MergeProfile input file:D:\HW\UTDesign\cases\libuv\libuv-base-demo\build-profile.json5 cache by regenerate.
[2026-07-28T09:47:20.866] [DEBUG] debug-file - Update task entry:default@MergeProfile input file:D:\HW\UTDesign\cases\libuv\libuv-base-demo\entry\src\main\module.json5 cache by regenerate.
[2026-07-28T09:47:20.866] [DEBUG] debug-file - Update task entry:default@MergeProfile output file:D:\HW\UTDesign\cases\libuv\libuv-base-demo\entry\build\default\intermediates\merge_profile\default\module.json cache.
[2026-07-28T09:47:20.866] [DEBUG] debug-file - Incremental task entry:default@MergeProfile post-execution cost:1 ms .
[2026-07-28T09:47:20.866] [DEBUG] debug-file - Update task entry:default@CreateBuildProfile input file:D:\HW\UTDesign\cases\libuv\libuv-base-demo\AppScope\app.json5 cache by regenerate.
[2026-07-28T09:47:20.866] [DEBUG] debug-file - Update task entry:default@CreateBuildProfile input file:D:\HW\UTDesign\cases\libuv\libuv-base-demo\build-profile.json5 cache by regenerate.
[2026-07-28T09:47:20.866] [DEBUG] debug-file - Update task entry:default@CreateBuildProfile output file:D:\HW\UTDesign\cases\libuv\libuv-base-demo\entry\build\default\generated\profile\default\BuildProfile.ets cache.
[2026-07-28T09:47:20.866] [DEBUG] debug-file - Incremental task entry:default@CreateBuildProfile post-execution cost:1 ms .
[2026-07-28T09:47:20.867] [DEBUG] debug-file - Update task entry:default@GeneratePkgContextInfo output file:D:\HW\UTDesign\cases\libuv\libuv-base-demo\entry\build\default\intermediates\loader\default\pkgContextInfo.json cache.
[2026-07-28T09:47:20.867] [DEBUG] debug-file - Incremental task entry:default@GeneratePkgContextInfo post-execution cost:1 ms .
[2026-07-28T09:47:20.867] [DEBUG] debug-file - Update task entry:default@GeneratePkgSdkInfo output file:D:\HW\UTDesign\cases\libuv\libuv-base-demo\entry\build\default\intermediates\loader\default\pkgSdkInfo.json cache.
[2026-07-28T09:47:20.867] [DEBUG] debug-file - Incremental task entry:default@GeneratePkgSdkInfo post-execution cost:1 ms .
[2026-07-28T09:47:20.867] [DEBUG] debug-file - Update task entry:default@ProcessIntegratedHsp output file:D:\HW\UTDesign\cases\libuv\libuv-base-demo\build\cache\default\integrated_hsp\integratedHspCache.json cache.
[2026-07-28T09:47:20.867] [DEBUG] debug-file - Incremental task entry:default@ProcessIntegratedHsp post-execution cost:1 ms .
[2026-07-28T09:47:20.867] [DEBUG] debug-file - Update task entry:default@MakePackInfo input file:D:\HW\UTDesign\cases\libuv\libuv-base-demo\AppScope\app.json5 cache by regenerate.
[2026-07-28T09:47:20.867] [DEBUG] debug-file - Update task entry:default@MakePackInfo input file:D:\HW\UTDesign\cases\libuv\libuv-base-demo\entry\src\main\module.json5 cache by regenerate.
[2026-07-28T09:47:20.867] [DEBUG] debug-file - Update task entry:default@MakePackInfo input file:D:\HW\UTDesign\cases\libuv\libuv-base-demo\build-profile.json5 cache by regenerate.
[2026-07-28T09:47:20.868] [DEBUG] debug-file - Update task entry:default@MakePackInfo output file:D:\HW\UTDesign\cases\libuv\libuv-base-demo\entry\build\default\outputs\default\pack.info cache.
[2026-07-28T09:47:20.868] [DEBUG] debug-file - Incremental task entry:default@MakePackInfo post-execution cost:1 ms .
[2026-07-28T09:47:20.868] [DEBUG] debug-file - Update task entry:default@SyscapTransform input file:E:\DevEco Studio\sdk\default\openharmony\toolchains\syscap_tool.exe cache by regenerate.
[2026-07-28T09:47:20.868] [DEBUG] debug-file - Update task entry:default@SyscapTransform input file:E:\DevEco Studio\sdk\default\openharmony\ets\api\device-define cache by regenerate.
[2026-07-28T09:47:20.869] [DEBUG] debug-file - Update task entry:default@SyscapTransform output file:D:\HW\UTDesign\cases\libuv\libuv-base-demo\entry\build\default\intermediates\syscap\default\rpcid.sc cache.
[2026-07-28T09:47:20.870] [DEBUG] debug-file - Incremental task entry:default@SyscapTransform post-execution cost:2 ms .
[2026-07-28T09:47:20.870] [DEBUG] debug-file - Update task entry:default@ProcessProfile input file:D:\HW\UTDesign\cases\libuv\libuv-base-demo\entry\build\default\intermediates\merge_profile\default\module.json cache by regenerate.
[2026-07-28T09:47:20.870] [DEBUG] debug-file - Update task entry:default@ProcessProfile output file:D:\HW\UTDesign\cases\libuv\libuv-base-demo\entry\build\default\intermediates\process_profile\default\module.json cache.
[2026-07-28T09:47:20.870] [DEBUG] debug-file - Incremental task entry:default@ProcessProfile post-execution cost:1 ms .
[2026-07-28T09:47:20.871] [DEBUG] debug-file - Update task entry:default@ProcessRouterMap input file:D:\HW\UTDesign\cases\libuv\libuv-base-demo\entry\oh-package.json5 cache by regenerate.
[2026-07-28T09:47:20.871] [DEBUG] debug-file - Update task entry:default@ProcessRouterMap input file:D:\HW\UTDesign\cases\libuv\libuv-base-demo\oh-package.json5 cache by regenerate.
[2026-07-28T09:47:20.871] [DEBUG] debug-file - Update task entry:default@ProcessRouterMap input file:D:\HW\UTDesign\cases\libuv\libuv-base-demo\entry\src\main\module.json5 cache by regenerate.
[2026-07-28T09:47:20.871] [DEBUG] debug-file - Update task entry:default@ProcessRouterMap output file:D:\HW\UTDesign\cases\libuv\libuv-base-demo\entry\build\default\intermediates\router_map\default\temp-router-map.json cache.
[2026-07-28T09:47:20.871] [DEBUG] debug-file - Update task entry:default@ProcessRouterMap output file:D:\HW\UTDesign\cases\libuv\libuv-base-demo\entry\build\default\intermediates\router_map\default\loader-router-map.json cache.
[2026-07-28T09:47:20.871] [DEBUG] debug-file - Incremental task entry:default@ProcessRouterMap post-execution cost:2 ms .
[2026-07-28T09:47:20.872] [DEBUG] debug-file - Update task entry:default@ProcessShareConfig input file:D:\HW\UTDesign\cases\libuv\libuv-base-demo\entry\oh-package.json5 cache by regenerate.
[2026-07-28T09:47:20.872] [DEBUG] debug-file - Update task entry:default@ProcessShareConfig input file:D:\HW\UTDesign\cases\libuv\libuv-base-demo\oh-package.json5 cache by regenerate.
[2026-07-28T09:47:20.872] [DEBUG] debug-file - Update task entry:default@ProcessShareConfig input file:D:\HW\UTDesign\cases\libuv\libuv-base-demo\entry\src\main\module.json5 cache by regenerate.
[2026-07-28T09:47:20.872] [DEBUG] debug-file - Update task entry:default@ProcessShareConfig output file:D:\HW\UTDesign\cases\libuv\libuv-base-demo\entry\build\default\intermediates\share_config\default\temp-share-config.json cache.
[2026-07-28T09:47:20.872] [DEBUG] debug-file - Incremental task entry:default@ProcessShareConfig post-execution cost:1 ms .
[2026-07-28T09:47:20.872] [DEBUG] debug-file - Update task entry:default@ProcessStartupConfig output file:D:\HW\UTDesign\cases\libuv\libuv-base-demo\entry\build\default\intermediates\startup\default\startup_config.json cache.
[2026-07-28T09:47:20.872] [DEBUG] debug-file - Incremental task entry:default@ProcessStartupConfig post-execution cost:1 ms .
[2026-07-28T09:47:20.873] [DEBUG] debug-file - Update task entry:default@ProcessResource output file:D:\HW\UTDesign\cases\libuv\libuv-base-demo\entry\build\default\intermediates\res\default\resConfig.json cache.
[2026-07-28T09:47:20.873] [DEBUG] debug-file - Update task entry:default@ProcessResource output file:D:\HW\UTDesign\cases\libuv\libuv-base-demo\entry\build\default\intermediates\res\default\opt-compression.json cache.
[2026-07-28T09:47:20.873] [DEBUG] debug-file - Incremental task entry:default@ProcessResource post-execution cost:1 ms .
[2026-07-28T09:47:20.873] [DEBUG] debug-file - Update task entry:default@GenerateLoaderJson input file:D:\HW\UTDesign\cases\libuv\libuv-base-demo\entry\build\default\intermediates\router_map\default\temp-router-map.json cache by regenerate.
[2026-07-28T09:47:20.874] [DEBUG] debug-file - Update task entry:default@GenerateLoaderJson output file:D:\HW\UTDesign\cases\libuv\libuv-base-demo\entry\build\default\intermediates\loader\default\loader.json cache.
[2026-07-28T09:47:20.874] [DEBUG] debug-file - Incremental task entry:default@GenerateLoaderJson post-execution cost:1 ms .
[2026-07-28T09:47:20.875] [DEBUG] debug-file - Update task entry:default@CompileResource input file:D:\HW\UTDesign\cases\libuv\libuv-base-demo\entry\src\main\resources cache by regenerate.
[2026-07-28T09:47:20.876] [DEBUG] debug-file - Update task entry:default@CompileResource input file:D:\HW\UTDesign\cases\libuv\libuv-base-demo\AppScope\resources cache by regenerate.
[2026-07-28T09:47:20.877] [DEBUG] debug-file - Update task entry:default@CompileResource input file:D:\HW\UTDesign\cases\libuv\libuv-base-demo\entry\build\default\intermediates\process_profile\default\module.json cache by regenerate.
[2026-07-28T09:47:20.877] [DEBUG] debug-file - Update task entry:default@CompileResource input file:D:\HW\UTDesign\cases\libuv\libuv-base-demo\entry\build\default\intermediates\res\default\resConfig.json cache by regenerate.
[2026-07-28T09:47:20.877] [DEBUG] debug-file - Update task entry:default@CompileResource output file:D:\HW\UTDesign\cases\libuv\libuv-base-demo\entry\build\default\intermediates\res\default cache.
[2026-07-28T09:47:20.880] [DEBUG] debug-file - Update task entry:default@CompileResource output file:D:\HW\UTDesign\cases\libuv\libuv-base-demo\entry\build\default\generated\r\default\ResourceTable.h cache.
[2026-07-28T09:47:20.880] [DEBUG] debug-file - Update task entry:default@CompileResource output file:D:\HW\UTDesign\cases\libuv\libuv-base-demo\entry\build\default\generated\r\default\ResourceTable.ts cache.
[2026-07-28T09:47:20.880] [DEBUG] debug-file - Update task entry:default@CompileResource output file:D:\HW\UTDesign\cases\libuv\libuv-base-demo\entry\build\default\generated\r\default cache.
[2026-07-28T09:47:20.880] [DEBUG] debug-file - Incremental task entry:default@CompileResource post-execution cost:7 ms .
[2026-07-28T09:47:20.881] [DEBUG] debug-file - Update task entry:default@CompileArkTS input file:D:\HW\UTDesign\cases\libuv\libuv-base-demo\entry\build\default\intermediates\loader\default cache by regenerate.
[2026-07-28T09:47:20.882] [DEBUG] debug-file - Update task entry:default@CompileArkTS input file:D:\HW\UTDesign\cases\libuv\libuv-base-demo\entry\build\default\intermediates\res\default\ResourceTable.txt cache by regenerate.
[2026-07-28T09:47:20.882] [DEBUG] debug-file - Update task entry:default@CompileArkTS input file:D:\HW\UTDesign\cases\libuv\libuv-base-demo\entry\build\default\intermediates\res\default\ark_module.json cache by regenerate.
[2026-07-28T09:47:20.882] [DEBUG] debug-file - Update task entry:default@CompileArkTS input file:D:\HW\UTDesign\cases\libuv\libuv-base-demo\entry\build\default\intermediates\res\default\resources\base\profile cache by regenerate.
[2026-07-28T09:47:20.882] [DEBUG] debug-file - Update task entry:default@CompileArkTS input file:D:\HW\UTDesign\cases\libuv\libuv-base-demo\entry\src\main\ets cache by regenerate.
[2026-07-28T09:47:20.883] [DEBUG] debug-file - Update task entry:default@CompileArkTS input file:D:\HW\UTDesign\cases\libuv\libuv-base-demo\entry\build\default\generated\profile\default\BuildProfile.ets cache by regenerate.
[2026-07-28T09:47:20.883] [DEBUG] debug-file - Update task entry:default@CompileArkTS input file:D:\HW\UTDesign\cases\libuv\libuv-base-demo\entry\src\main\cpp\types cache by regenerate.
[2026-07-28T09:47:20.884] [DEBUG] debug-file - Update task entry:default@CompileArkTS output file:D:\HW\UTDesign\cases\libuv\libuv-base-demo\entry\build\default\intermediates\loader_out\default\ets cache.
[2026-07-28T09:47:20.884] [DEBUG] debug-file - Incremental task entry:default@CompileArkTS post-execution cost:4 ms .
[2026-07-28T09:47:20.885] [DEBUG] debug-file - Update task entry:default@BuildJS input file:D:\HW\UTDesign\cases\libuv\libuv-base-demo\entry\build\default\intermediates\loader\default cache by regenerate.
[2026-07-28T09:47:20.885] [DEBUG] debug-file - Update task entry:default@BuildJS input file:D:\HW\UTDesign\cases\libuv\libuv-base-demo\entry\build\default\intermediates\res\default\ResourceTable.txt cache by regenerate.
[2026-07-28T09:47:20.886] [DEBUG] debug-file - Update task entry:default@BuildJS input file:D:\HW\UTDesign\cases\libuv\libuv-base-demo\entry\build\default\intermediates\res\default\ark_module.json cache by regenerate.
[2026-07-28T09:47:20.886] [DEBUG] debug-file - Update task entry:default@BuildJS input file:D:\HW\UTDesign\cases\libuv\libuv-base-demo\entry\build\default\intermediates\res\default\resources\base\profile cache by regenerate.
[2026-07-28T09:47:20.886] [DEBUG] debug-file - Update task entry:default@BuildJS output file:D:\HW\UTDesign\cases\libuv\libuv-base-demo\entry\build\default\intermediates\loader_out\default\js cache.
[2026-07-28T09:47:20.886] [DEBUG] debug-file - Incremental task entry:default@BuildJS post-execution cost:3 ms .
[2026-07-28T09:47:20.916] [DEBUG] debug-file - worker[14] exits with exit code 1.
[2026-07-28T09:47:20.916] [DEBUG] debug-file - A work dispatched to worker[14] failed because unable to get work from ready queue.
[2026-07-28T09:47:20.917] [DEBUG] debug-file - Current worker pool is stopped or closed.
[2026-07-28T09:47:20.917] [DEBUG] debug-file - Clear worker 0.
[2026-07-28T09:47:20.918] [DEBUG] debug-file - Worker 0 has been cleared.
[2026-07-28T09:47:20.918] [DEBUG] debug-file - Current idle worker size: 3.
[2026-07-28T09:47:20.918] [DEBUG] debug-file - Current busy worker size: 0.
[2026-07-28T09:47:20.918] [DEBUG] debug-file - Clear worker 1.
[2026-07-28T09:47:20.918] [DEBUG] debug-file - Worker 1 has been cleared.
[2026-07-28T09:47:20.918] [DEBUG] debug-file - Current idle worker size: 2.
[2026-07-28T09:47:20.918] [DEBUG] debug-file - Current busy worker size: 0.
[2026-07-28T09:47:20.918] [DEBUG] debug-file - Clear worker 13.
[2026-07-28T09:47:20.918] [DEBUG] debug-file - Worker 13 has been cleared.
[2026-07-28T09:47:20.918] [DEBUG] debug-file - Current idle worker size: 1.
[2026-07-28T09:47:20.918] [DEBUG] debug-file - Current busy worker size: 0.
[2026-07-28T09:47:20.918] [DEBUG] debug-file - Clear worker 4.
[2026-07-28T09:47:20.918] [DEBUG] debug-file - Worker 4 has been cleared.
[2026-07-28T09:47:20.918] [DEBUG] debug-file - Current idle worker size: 0.
[2026-07-28T09:47:20.918] [DEBUG] debug-file - Current busy worker size: 0.
[2026-07-28T09:47:20.920] [DEBUG] debug-file - hvigor build process will be closed.
[2026-07-28T09:47:20.931] [DEBUG] debug-file - Current worker pool is terminated.
[2026-07-28T09:47:20.933] [DEBUG] debug-file - worker[0] exits with exit code 1.
[2026-07-28T09:47:20.933] [DEBUG] debug-file - worker[1] exits with exit code 1.
[2026-07-28T09:47:20.938] [DEBUG] debug-file - worker[13] exits with exit code 1.
[2026-07-28T09:47:20.983] [DEBUG] debug-file - worker[4] exits with exit code 1.
[2026-07-28T09:53:36.604] [DEBUG] debug-file - env: nodejsVersion=v18.20.1
[2026-07-28T09:53:37.306] [DEBUG] debug-file - Hvigor init with startParameters:{
  hvigorfileTypeCheck: false,
  parallelExecution: true,
  incrementalExecution: true,
  printStackTrace: false,
  daemon: false,
  analyze: 0,
  logLevel: Level { level: 20000, levelStr: 'INFO', colour: 'green' },
  optimizationStrategy: 'memory',
  hotCompile: undefined,
  hotReloadBuild: undefined,
  customizedParam: undefined
}
[2026-07-28T09:53:39.811] [DEBUG] debug-file - hvigorfile, require result:  { default: { system: [Function: appTasks], plugins: [] } }
[2026-07-28T09:53:40.068] [DEBUG] debug-file - App plugin register hook start...
[2026-07-28T09:53:39.817] [DEBUG] debug-file - Starting plugin build process
[2026-07-28T09:53:40.070] [DEBUG] debug-file - Start initialize project's product build option map with build mode debug.
[2026-07-28T09:53:40.075] [DEBUG] debug-file - Obtain build option for product 'default'in this build.
[2026-07-28T09:53:40.090] [DEBUG] debug-file - Start recording SDK configuration permission data.
[2026-07-28T09:53:40.157] [DEBUG] debug-file - Project task initialization takes 9 ms 
[2026-07-28T09:53:40.169] [DEBUG] debug-file - failed to load cangjie to dynamically generate schemas: Error: Cannot find module '@ohos/cangjie-build-support/index'
Require stack:
- E:\DevEco Studio\tools\hvigor\hvigor-ohos-plugin\src\plugin\hooks\cangjie-register.js
- E:\DevEco Studio\tools\hvigor\hvigor-ohos-plugin\src\plugin\strategy\stage-init-strategy.js
- E:\DevEco Studio\tools\hvigor\hvigor-ohos-plugin\src\plugin\builder\abstract-plugin-builder.js
- E:\DevEco Studio\tools\hvigor\hvigor-ohos-plugin\src\plugin\builder\app-plugin-builder.js
- E:\DevEco Studio\tools\hvigor\hvigor-ohos-plugin\src\plugin\factory\plugin-factory.js
- E:\DevEco Studio\tools\hvigor\hvigor-ohos-plugin\index.js
- D:\HW\UTDesign\cases\libuv\libuv-base-demo\hvigorfile.ts
- E:\DevEco Studio\tools\hvigor\hvigor\src\base\internal\lifecycle\configuration.js
- E:\DevEco Studio\tools\hvigor\hvigor\src\base\boot\index.js
- E:\DevEco Studio\tools\hvigor\hvigor\src\cli\main\cli.js
- E:\DevEco Studio\tools\hvigor\hvigor\bin\hvigor.js
[2026-07-28T09:53:40.183] [DEBUG] debug-file - Start initialize module-target build option map, moduleName=entry, buildMode=debug
[2026-07-28T09:53:40.193] [DEBUG] debug-file - project has submodules:entry
[2026-07-28T09:53:40.201] [DEBUG] debug-file - Start to initialize dependency information.
[2026-07-28T09:53:36.607] [DEBUG] debug-file - env: hvigor-config.json5 content = {
  modelVersion: '6.1.0',
  dependencies: {},
  execution: {},
  logging: {},
  debugging: {},
  nodeOptions: {}
}
[2026-07-28T09:53:40.195] [DEBUG] debug-file - Start to initialize dependency information.
[2026-07-28T09:53:40.562] [DEBUG] debug-file - ninja: Entering directory `D:\HW\UTDesign\cases\libuv\libuv-base-demo\entry\.cxx\default\default\debug\x86_64'
[0/1] Re-running CMake...
-- summary of build options:
    Install prefix:  C:/Program Files (x86)/libuv_harmony_demo
    Target system:   OHOS
    Compiler:
      C compiler:    E:/DevEco Studio/sdk/default/openharmony/native/llvm/bin/clang.exe (Clang)
      CFLAGS:         -fdata-sections -ffunction-sections -funwind-tables -fstack-protector-strong -no-canonical-prefixes -fno-addrsig -Wa,--noexecstack -Wformat -Werror=format-security -Wunguarded-availability  -D__MUSL__

-- Configuring done (0.1s)
-- Generating done (0.0s)
-- Build files have been written to: D:/HW/UTDesign/cases/libuv/libuv-base-demo/entry/.cxx/default/default/debug/x86_64
[1/2] Cleaning all built files...
Cleaning... 38 files.

[2026-07-28T09:53:40.664] [DEBUG] debug-file - Create  resident worker with id: 0.
[2026-07-28T09:53:37.311] [DEBUG] debug-file - Cache service initialization finished in 5 ms 
[2026-07-28T09:53:39.812] [DEBUG] debug-file - hvigorfile, binding system plugins [Function: appTasks]
[2026-07-28T09:53:40.068] [DEBUG] debug-file - App plugin register hook end...
[2026-07-28T09:53:39.818] [DEBUG] debug-file - App plugin prepare start...
[2026-07-28T09:53:40.070] [DEBUG] debug-file - Picking option from product 'default' with build mode 'debug'.
[2026-07-28T09:53:40.078] [DEBUG] debug-file - No signingConfig found, initRemoteHspCache failed.
[2026-07-28T09:53:40.146] [DEBUG] debug-file - Sdk init in 67 ms 
[2026-07-28T09:53:40.158] [DEBUG] debug-file - hvigorfile, begin to bind custom plugins...
[2026-07-28T09:53:40.183] [DEBUG] debug-file - Target 'default' config initialized
[2026-07-28T09:53:40.205] [DEBUG] debug-file - Module entry Collected Dependency: 
[2026-07-28T09:53:36.615] [DEBUG] debug-file - env: daemon=false
[2026-07-28T09:53:40.200] [DEBUG] debug-file - Module libuv-base-demo Collected Dependency: 
[2026-07-28T09:53:40.600] [DEBUG] debug-file - entry : clean cost memory -8.459419250488281
[2026-07-28T09:53:40.666] [DEBUG] debug-file - Create  resident worker with id: 1.
[2026-07-28T09:53:37.312] [DEBUG] debug-file - hvigorfile, resolving D:\HW\UTDesign\cases\libuv\libuv-base-demo\hvigorfile.ts
[2026-07-28T09:53:40.068] [DEBUG] debug-file - Plugin build process completed
[2026-07-28T09:53:39.818] [DEBUG] debug-file - App plugin prepare end...
[2026-07-28T09:53:40.080] [DEBUG] debug-file - Local scan or download HarmonyOS sdk components toolchains,ets,js,native,previewer
[2026-07-28T09:53:40.071] [DEBUG] debug-file - Product 'default' build option initialized
[2026-07-28T09:53:40.158] [DEBUG] debug-file - hvigorfile, no custom plugins were found in D:\HW\UTDesign\cases\libuv\libuv-base-demo\hvigorfile.ts
[2026-07-28T09:53:40.184] [DEBUG] debug-file - Target 'ohosTest' config initialized
[2026-07-28T09:53:40.205] [DEBUG] debug-file - Module entry's total dependency: 0
[2026-07-28T09:53:36.615] [DEBUG] debug-file - no-daemon, use the parent process.execArgv --max-old-space-size=8192,--max-semi-space-size=16,--expose-gc
[2026-07-28T09:53:40.200] [DEBUG] debug-file - Module libuv-base-demo's total dependency: 0
[2026-07-28T09:53:40.600] [DEBUG] debug-file - runTaskFromQueue task cost before running: 3 s 305 ms 
[2026-07-28T09:53:40.670] [DEBUG] debug-file - Current worker pool is stopped or closed.
[2026-07-28T09:53:39.818] [DEBUG] debug-file - App plugin creating...
[2026-07-28T09:53:40.085] [DEBUG] debug-file - Local scan or download hmscore sdk components toolchains,ets,native
[2026-07-28T09:53:40.071] [DEBUG] debug-file - End initialize project's product build option map with build mode 'debug'.
[2026-07-28T09:53:40.158] [DEBUG] debug-file - hvigorfile, resolve finished D:\HW\UTDesign\cases\libuv\libuv-base-demo\hvigorfile.ts
[2026-07-28T09:53:40.184] [DEBUG] debug-file - Module 'entry' target 'default' build option initialized
[2026-07-28T09:53:40.211] [DEBUG] debug-file - Configuration phase cost:2 s 900 ms 
[2026-07-28T09:53:40.671] [DEBUG] debug-file - Clear worker 0.
[2026-07-28T09:53:40.602] [INFO] debug-file - Finished :entry:clean... after 387 ms 
[2026-07-28T09:53:40.159] [DEBUG] debug-file - hvigorfile, resolving D:\HW\UTDesign\cases\libuv\libuv-base-demo\entry\hvigorfile.ts
[2026-07-28T09:53:40.184] [DEBUG] debug-file - Module 'entry' target 'ohosTest' build option initialized
[2026-07-28T09:53:40.214] [DEBUG] debug-file - Configuration task cost before running: 2 s 918 ms 
[2026-07-28T09:53:40.671] [DEBUG] debug-file - Worker 0 has been cleared.
[2026-07-28T09:53:40.602] [DEBUG] debug-file - Executing task ::clean
[2026-07-28T09:53:40.167] [DEBUG] debug-file - hvigorfile, require result:  { default: { system: [Function: hapTasks], plugins: [] } }
[2026-07-28T09:53:40.184] [DEBUG] debug-file - End initialize module-target build option map, moduleName=entry
[2026-07-28T09:53:40.214] [DEBUG] debug-file - Executing task :entry:clean
[2026-07-28T09:53:40.671] [DEBUG] debug-file - Current idle worker size: 1.
[2026-07-28T09:53:40.167] [DEBUG] debug-file - hvigorfile, binding system plugins [Function: hapTasks]
[2026-07-28T09:53:40.184] [DEBUG] debug-file - Start initialize module-target build option map, moduleName=entry, buildMode=release
[2026-07-28T09:53:40.215] [DEBUG] debug-file - clean: Worker pool is inactive.
[2026-07-28T09:53:40.671] [DEBUG] debug-file - Current busy worker size: 0.
[2026-07-28T09:53:40.602] [DEBUG] debug-file - clean: Worker pool is inactive.
[2026-07-28T09:53:40.167] [DEBUG] debug-file - Starting plugin build process
[2026-07-28T09:53:40.184] [DEBUG] debug-file - Target 'default' config initialized
[2026-07-28T09:53:40.671] [DEBUG] debug-file - Clear worker 1.
[2026-07-28T09:53:40.602] [DEBUG] debug-file - libuv-base-demo : clean cost memory 0.0208740234375
[2026-07-28T09:53:40.167] [DEBUG] debug-file - Hap plugin creating...
[2026-07-28T09:53:40.184] [DEBUG] debug-file - Target 'ohosTest' config initialized
[2026-07-28T09:53:40.672] [DEBUG] debug-file - Worker 1 has been cleared.
[2026-07-28T09:53:40.602] [DEBUG] debug-file - runTaskFromQueue task cost before running: 3 s 307 ms 
[2026-07-28T09:53:40.185] [DEBUG] debug-file - Module 'entry' target 'default' build option initialized
[2026-07-28T09:53:40.672] [DEBUG] debug-file - Current idle worker size: 0.
[2026-07-28T09:53:40.603] [INFO] debug-file - Finished ::clean... after 1 ms 
[2026-07-28T09:53:40.185] [DEBUG] debug-file - Module 'entry' target 'ohosTest' build option initialized
[2026-07-28T09:53:40.672] [DEBUG] debug-file - Current busy worker size: 0.
[2026-07-28T09:53:40.621] [INFO] debug-file - BUILD SUCCESSFUL in 3 s 325 ms 
[2026-07-28T09:53:40.185] [DEBUG] debug-file - End initialize module-target build option map, moduleName=entry
[2026-07-28T09:53:40.673] [DEBUG] debug-file - hvigor build process will be closed.
[2026-07-28T09:53:40.659] [DEBUG] debug-file - Since there is no instance or instance is terminated, create a new worker pool.
[2026-07-28T09:53:40.185] [DEBUG] debug-file - Start initialize module-target build option map, moduleName=entry, buildMode=debug
[2026-07-28T09:53:40.680] [DEBUG] debug-file - worker[0] exits with exit code 0.
[2026-07-28T09:53:40.659] [DEBUG] debug-file - Worker pool is initialized with config:  {
  minPoolNum: 2,
  maxPoolNum: undefined,
  maxCoreSize: undefined,
  cacheCapacity: undefined,
  cacheTtl: undefined
}
[2026-07-28T09:53:40.185] [DEBUG] debug-file - Target 'default' config initialized
[2026-07-28T09:53:40.681] [DEBUG] debug-file - worker[1] exits with exit code 0.
[2026-07-28T09:53:40.185] [DEBUG] debug-file - Target 'ohosTest' config initialized
[2026-07-28T09:53:40.682] [DEBUG] debug-file - Current worker pool is terminated.
[2026-07-28T09:53:40.185] [DEBUG] debug-file - Module 'entry' target 'default' build option initialized
[2026-07-28T09:53:40.185] [DEBUG] debug-file - Module 'entry' target 'ohosTest' build option initialized
[2026-07-28T09:53:40.185] [DEBUG] debug-file - End initialize module-target build option map, moduleName=entry
[2026-07-28T09:53:40.185] [DEBUG] debug-file - Obtain build option for module 'entry' target 'default'in this build.
[2026-07-28T09:53:40.191] [DEBUG] debug-file - Module entry task initialization takes 5 ms 
[2026-07-28T09:53:40.191] [DEBUG] debug-file - Hap plugin register hook start...
[2026-07-28T09:53:40.191] [DEBUG] debug-file - Hap plugin register hook end...
[2026-07-28T09:53:40.191] [DEBUG] debug-file - Plugin build process completed
[2026-07-28T09:53:40.191] [DEBUG] debug-file - hvigorfile, begin to bind custom plugins...
[2026-07-28T09:53:40.191] [DEBUG] debug-file - hvigorfile, no custom plugins were found in D:\HW\UTDesign\cases\libuv\libuv-base-demo\entry\hvigorfile.ts
[2026-07-28T09:53:40.191] [DEBUG] debug-file - hvigorfile, resolve finished D:\HW\UTDesign\cases\libuv\libuv-base-demo\entry\hvigorfile.ts
[2026-07-28T09:53:42.121] [DEBUG] debug-file - env: nodejsVersion=v18.20.1
[2026-07-28T09:53:42.784] [DEBUG] debug-file - Hvigor init with startParameters:{
  hvigorfileTypeCheck: false,
  parallelExecution: true,
  incrementalExecution: true,
  printStackTrace: false,
  daemon: false,
  analyze: 0,
  logLevel: Level { level: 20000, levelStr: 'INFO', colour: 'green' },
  optimizationStrategy: 'memory',
  hotCompile: undefined,
  hotReloadBuild: undefined,
  customizedParam: undefined
}
[2026-07-28T09:53:45.379] [DEBUG] debug-file - hvigorfile, require result:  { default: { system: [Function: appTasks], plugins: [] } }
[2026-07-28T09:53:45.603] [DEBUG] debug-file - App plugin register hook start...
[2026-07-28T09:53:45.382] [DEBUG] debug-file - Starting plugin build process
[2026-07-28T09:53:45.605] [DEBUG] debug-file - Start initialize project's product build option map with build mode debug.
[2026-07-28T09:53:45.612] [DEBUG] debug-file - Obtain build option for product 'default'in this build.
[2026-07-28T09:53:45.626] [DEBUG] debug-file - Start recording SDK configuration permission data.
[2026-07-28T09:53:45.691] [DEBUG] debug-file - failed to load cangjie to dynamically generate schemas: Error: Cannot find module '@ohos/cangjie-build-support/index'
Require stack:
- E:\DevEco Studio\tools\hvigor\hvigor-ohos-plugin\src\plugin\hooks\cangjie-register.js
- E:\DevEco Studio\tools\hvigor\hvigor-ohos-plugin\src\plugin\strategy\stage-init-strategy.js
- E:\DevEco Studio\tools\hvigor\hvigor-ohos-plugin\src\plugin\builder\abstract-plugin-builder.js
- E:\DevEco Studio\tools\hvigor\hvigor-ohos-plugin\src\plugin\builder\app-plugin-builder.js
- E:\DevEco Studio\tools\hvigor\hvigor-ohos-plugin\src\plugin\factory\plugin-factory.js
- E:\DevEco Studio\tools\hvigor\hvigor-ohos-plugin\index.js
- D:\HW\UTDesign\cases\libuv\libuv-base-demo\hvigorfile.ts
- E:\DevEco Studio\tools\hvigor\hvigor\src\base\internal\lifecycle\configuration.js
- E:\DevEco Studio\tools\hvigor\hvigor\src\base\boot\index.js
- E:\DevEco Studio\tools\hvigor\hvigor\src\cli\main\cli.js
- E:\DevEco Studio\tools\hvigor\hvigor\bin\hvigor.js
[2026-07-28T09:53:45.705] [DEBUG] debug-file - Start initialize module-target build option map, moduleName=entry, buildMode=debug
[2026-07-28T09:53:45.681] [DEBUG] debug-file - Project task initialization takes 9 ms 
[2026-07-28T09:53:45.720] [DEBUG] debug-file - start to load updatedOhPackageInfo to the disk
[2026-07-28T09:53:42.125] [DEBUG] debug-file - env: hvigor-config.json5 content = {
  modelVersion: '6.1.0',
  dependencies: {},
  execution: {},
  logging: {},
  debugging: {},
  nodeOptions: {}
}
[2026-07-28T09:53:45.734] [DEBUG] debug-file - Start to initialize dependency information.
[2026-07-28T09:53:45.718] [DEBUG] debug-file - project has submodules:entry
[2026-07-28T09:53:45.757] [DEBUG] debug-file - Executing task :entry:default@PreBuild
[2026-07-28T09:53:45.780] [DEBUG] debug-file - Executing task :entry:default@GenerateMetadata
[2026-07-28T09:53:42.789] [DEBUG] debug-file - Cache service initialization finished in 5 ms 
[2026-07-28T09:53:45.380] [DEBUG] debug-file - hvigorfile, binding system plugins [Function: appTasks]
[2026-07-28T09:53:45.603] [DEBUG] debug-file - App plugin register hook end...
[2026-07-28T09:53:45.382] [DEBUG] debug-file - App plugin prepare start...
[2026-07-28T09:53:45.606] [DEBUG] debug-file - Picking option from product 'default' with build mode 'debug'.
[2026-07-28T09:53:45.614] [DEBUG] debug-file - No signingConfig found, initRemoteHspCache failed.
[2026-07-28T09:53:45.671] [DEBUG] debug-file - Sdk init in 56 ms 
[2026-07-28T09:53:45.706] [DEBUG] debug-file - Target 'default' config initialized
[2026-07-28T09:53:45.681] [DEBUG] debug-file - hvigorfile, begin to bind custom plugins...
[2026-07-28T09:53:45.723] [DEBUG] debug-file - load to the disk finished
[2026-07-28T09:53:42.127] [DEBUG] debug-file - env: daemon=false
[2026-07-28T09:53:45.739] [DEBUG] debug-file - Module entry Collected Dependency: 
[2026-07-28T09:53:45.759] [DEBUG] debug-file - Task 'entry:default@PreBuild' cost while wrapping incremental declarations: 1 ms 
[2026-07-28T09:53:45.780] [DEBUG] debug-file - Task 'entry:default@GenerateMetadata' cost while wrapping incremental declarations: 1 ms 
[2026-07-28T09:53:42.791] [DEBUG] debug-file - hvigorfile, resolving D:\HW\UTDesign\cases\libuv\libuv-base-demo\hvigorfile.ts
[2026-07-28T09:53:45.382] [DEBUG] debug-file - App plugin prepare end...
[2026-07-28T09:53:45.603] [DEBUG] debug-file - Plugin build process completed
[2026-07-28T09:53:45.606] [DEBUG] debug-file - Product 'default' build option initialized
[2026-07-28T09:53:45.616] [DEBUG] debug-file - Local scan or download HarmonyOS sdk components toolchains,ets,js,native,previewer
[2026-07-28T09:53:45.681] [DEBUG] debug-file - hvigorfile, no custom plugins were found in D:\HW\UTDesign\cases\libuv\libuv-base-demo\hvigorfile.ts
[2026-07-28T09:53:45.706] [DEBUG] debug-file - Target 'ohosTest' config initialized
[2026-07-28T09:53:45.725] [DEBUG] debug-file - Start to initialize dependency information.
[2026-07-28T09:53:42.127] [DEBUG] debug-file - no-daemon, use the parent process.execArgv --max-old-space-size=8192,--max-semi-space-size=16,--expose-gc
[2026-07-28T09:53:45.739] [DEBUG] debug-file - Module entry's total dependency: 0
[2026-07-28T09:53:45.769] [DEBUG] debug-file - Incremental task entry:default@PreBuild pre-execution cost: 8 ms .
[2026-07-28T09:53:45.781] [DEBUG] debug-file - entry:default@GenerateMetadata is not up-to-date, since the output file 'D:\HW\UTDesign\cases\libuv\libuv-base-demo\entry\build\default\intermediates\hap_metadata\default\output_metadata.json' does not exist.
[2026-07-28T09:53:45.382] [DEBUG] debug-file - App plugin creating...
[2026-07-28T09:53:45.620] [DEBUG] debug-file - Local scan or download hmscore sdk components toolchains,ets,native
[2026-07-28T09:53:45.606] [DEBUG] debug-file - End initialize project's product build option map with build mode 'debug'.
[2026-07-28T09:53:45.681] [DEBUG] debug-file - hvigorfile, resolve finished D:\HW\UTDesign\cases\libuv\libuv-base-demo\hvigorfile.ts
[2026-07-28T09:53:45.707] [DEBUG] debug-file - Module 'entry' target 'default' build option initialized
[2026-07-28T09:53:45.850] [DEBUG] debug-file - Executing task :entry:default@PreCheckSyscap
[2026-07-28T09:53:45.856] [DEBUG] debug-file - Executing task :entry:default@GeneratePkgContextInfo
[2026-07-28T09:53:45.731] [DEBUG] debug-file - Module libuv-base-demo Collected Dependency: 
[2026-07-28T09:53:45.838] [DEBUG] debug-file - Executing task :entry:default@CreateBuildProfile
[2026-07-28T09:53:45.744] [DEBUG] debug-file - Configuration phase cost:2 s 954 ms 
[2026-07-28T09:53:45.769] [DEBUG] debug-file - entry : default@PreBuild cost memory 0.33893585205078125
[2026-07-28T09:53:45.781] [DEBUG] debug-file - Incremental task entry:default@GenerateMetadata pre-execution cost: 1 ms .
[2026-07-28T09:53:45.889] [DEBUG] debug-file - Executing task :entry:default@ProcessIntegratedHsp
[2026-07-28T09:53:45.682] [DEBUG] debug-file - hvigorfile, resolving D:\HW\UTDesign\cases\libuv\libuv-base-demo\entry\hvigorfile.ts
[2026-07-28T09:53:45.707] [DEBUG] debug-file - Module 'entry' target 'ohosTest' build option initialized
[2026-07-28T09:53:45.892] [DEBUG] debug-file - Executing task :entry:default@BuildNativeWithCmake
[2026-07-28T09:53:45.851] [DEBUG] debug-file - entry : default@PreCheckSyscap cost memory 0.01358795166015625
[2026-07-28T09:53:45.874] [DEBUG] debug-file - Task 'entry:default@GeneratePkgContextInfo' cost while wrapping incremental declarations: 1 ms 
[2026-07-28T09:53:45.731] [DEBUG] debug-file - Module libuv-base-demo's total dependency: 0
[2026-07-28T09:53:45.839] [DEBUG] debug-file - Task 'entry:default@CreateBuildProfile' cost while wrapping incremental declarations: 1 ms 
[2026-07-28T09:53:45.748] [DEBUG] debug-file - Configuration task cost before running: 2 s 980 ms 
[2026-07-28T09:53:45.772] [INFO] debug-file - UP-TO-DATE :entry:default@PreBuild...  
[2026-07-28T09:53:45.785] [DEBUG] debug-file - entry : default@GenerateMetadata cost memory 0.334320068359375
[2026-07-28T09:53:45.897] [DEBUG] debug-file - Use tool [Cmake]
 [
  'E:\\DevEco Studio\\sdk\\default\\openharmony\\native\\build-tools\\cmake\\bin\\cmake.exe',
  '-HD:\\HW\\UTDesign\\cases\\libuv\\libuv-base-demo\\entry\\src\\main\\cpp',
  '-BD:\\HW\\UTDesign\\cases\\libuv\\libuv-base-demo\\entry\\.cxx\\default\\default\\debug\\x86_64',
  '-DOHOS_ARCH=x86_64',
  '-DCMAKE_LIBRARY_OUTPUT_DIRECTORY=D:\\HW\\UTDesign\\cases\\libuv\\libuv-base-demo\\entry\\build\\default\\intermediates\\cmake\\default\\obj\\x86_64',
  '-DCMAKE_BUILD_TYPE=Debug',
  '-DOHOS_SDK_NATIVE=E:\\DevEco Studio\\sdk\\default\\openharmony\\native',
  '-DCMAKE_SYSTEM_NAME=OHOS',
  '-DCMAKE_OHOS_ARCH_ABI=x86_64',
  '-DCMAKE_EXPORT_COMPILE_COMMANDS=ON',
  '-DCMAKE_TOOLCHAIN_FILE=E:\\DevEco Studio\\sdk\\default\\hms\\native\\build\\cmake\\hmos.toolchain.cmake',
  '-GNinja',
  '-DCMAKE_MAKE_PROGRAM=E:\\DevEco Studio\\sdk\\default\\openharmony\\native\\build-tools\\cmake\\bin\\ninja.exe',
  '-DCMAKE_FIND_ROOT_PATH=D:\\HW\\UTDesign\\cases\\libuv\\libuv-base-demo\\entry\\.cxx\\default\\default\\debug\\hvigor\\x86_64',
  '-DPACKAGE_FIND_FILE=D:\\HW\\UTDesign\\cases\\libuv\\libuv-base-demo\\entry\\.cxx\\default\\default\\debug\\hvigor\\x86_64\\summary.cmake',
  '--no-warn-unused-cli',
  '-DCMAKE_CXX_FLAGS=-std=c++17',
  '-DHMOS_SDK_NATIVE=E:\\DevEco Studio\\sdk\\default\\hms\\native',
  '-DOHOS_COMPATIBLE_SDK_VERSION=6.1.0(23)'
]
[2026-07-28T09:53:45.889] [DEBUG] debug-file - entry:default@ProcessIntegratedHsp is not up-to-date, since the output file 'D:\HW\UTDesign\cases\libuv\libuv-base-demo\build\cache\default\integrated_hsp\integratedHspCache.json' does not exist.
[2026-07-28T09:53:45.689] [DEBUG] debug-file - hvigorfile, require result:  { default: { system: [Function: hapTasks], plugins: [] } }
[2026-07-28T09:53:45.707] [DEBUG] debug-file - End initialize module-target build option map, moduleName=entry
[2026-07-28T09:53:45.851] [DEBUG] debug-file - runTaskFromQueue task cost before running: 3 s 83 ms 
[2026-07-28T09:53:45.874] [DEBUG] debug-file - entry : default@GeneratePkgContextInfo cost memory 0.6647796630859375
[2026-07-28T09:53:45.841] [DEBUG] debug-file - entry:default@CreateBuildProfile is not up-to-date, since the output file 'D:\HW\UTDesign\cases\libuv\libuv-base-demo\entry\build\default\generated\profile\default\BuildProfile.ets' does not exist.
[2026-07-28T09:53:45.773] [DEBUG] debug-file - Executing task :entry:default@CreateModuleInfo
[2026-07-28T09:53:45.785] [DEBUG] debug-file - runTaskFromQueue task cost before running: 3 s 17 ms 
[2026-07-28T09:53:45.889] [DEBUG] debug-file - Incremental task entry:default@ProcessIntegratedHsp pre-execution cost: 1 ms .
[2026-07-28T09:53:45.689] [DEBUG] debug-file - hvigorfile, binding system plugins [Function: hapTasks]
[2026-07-28T09:53:45.707] [DEBUG] debug-file - Start initialize module-target build option map, moduleName=entry, buildMode=release
[2026-07-28T09:53:45.851] [INFO] debug-file - Finished :entry:default@PreCheckSyscap... after 1 ms 
[2026-07-28T09:53:45.874] [DEBUG] debug-file - runTaskFromQueue task cost before running: 3 s 107 ms 
[2026-07-28T09:53:45.841] [DEBUG] debug-file - Incremental task entry:default@CreateBuildProfile pre-execution cost: 1 ms .
[2026-07-28T09:53:45.774] [DEBUG] debug-file - Task 'entry:default@CreateModuleInfo' cost while wrapping incremental declarations: 1 ms 
[2026-07-28T09:53:45.785] [INFO] debug-file - Finished :entry:default@GenerateMetadata... after 6 ms 
[2026-07-28T09:53:45.889] [DEBUG] debug-file - entry : default@ProcessIntegratedHsp cost memory 0.04947662353515625
[2026-07-28T09:53:45.689] [DEBUG] debug-file - Starting plugin build process
[2026-07-28T09:53:45.707] [DEBUG] debug-file - Target 'default' config initialized
[2026-07-28T09:53:45.874] [INFO] debug-file - Finished :entry:default@GeneratePkgContextInfo... after 19 ms 
[2026-07-28T09:53:45.845] [DEBUG] debug-file - entry : default@CreateBuildProfile cost memory 0.103118896484375
[2026-07-28T09:53:45.774] [DEBUG] debug-file - entry : default@CreateModuleInfo cost memory 0.0379791259765625
[2026-07-28T09:53:45.786] [DEBUG] debug-file - Executing task :entry:default@ConfigureCmake
[2026-07-28T09:53:45.889] [DEBUG] debug-file - runTaskFromQueue task cost before running: 3 s 122 ms 
[2026-07-28T09:53:45.689] [DEBUG] debug-file - Hap plugin creating...
[2026-07-28T09:53:45.707] [DEBUG] debug-file - Target 'ohosTest' config initialized
[2026-07-28T09:53:45.877] [DEBUG] debug-file - Executing task :entry:default@GeneratePkgSdkInfo
[2026-07-28T09:53:45.846] [DEBUG] debug-file - runTaskFromQueue task cost before running: 3 s 78 ms 
[2026-07-28T09:53:45.774] [DEBUG] debug-file - runTaskFromQueue task cost before running: 3 s 7 ms 
[2026-07-28T09:53:45.826] [DEBUG] debug-file - entry : default@ConfigureCmake cost memory -10.621772766113281
[2026-07-28T09:53:45.890] [INFO] debug-file - Finished :entry:default@ProcessIntegratedHsp... after 1 ms 
[2026-07-28T09:53:45.707] [DEBUG] debug-file - Module 'entry' target 'default' build option initialized
[2026-07-28T09:53:45.881] [DEBUG] debug-file - Task 'entry:default@GeneratePkgSdkInfo' cost while wrapping incremental declarations: 1 ms 
[2026-07-28T09:53:45.775] [INFO] debug-file - Finished :entry:default@CreateModuleInfo... after 2 ms 
[2026-07-28T09:53:45.846] [INFO] debug-file - Finished :entry:default@CreateBuildProfile... after 8 ms 
[2026-07-28T09:53:45.826] [DEBUG] debug-file - runTaskFromQueue task cost before running: 3 s 59 ms 
[2026-07-28T09:53:45.707] [DEBUG] debug-file - Module 'entry' target 'ohosTest' build option initialized
[2026-07-28T09:53:45.881] [DEBUG] debug-file - entry:default@GeneratePkgSdkInfo is not up-to-date, since the output file 'D:\HW\UTDesign\cases\libuv\libuv-base-demo\entry\build\default\intermediates\loader\default\pkgSdkInfo.json' does not exist.
[2026-07-28T09:53:45.827] [INFO] debug-file - Finished :entry:default@ConfigureCmake... after 41 ms 
[2026-07-28T09:53:45.707] [DEBUG] debug-file - End initialize module-target build option map, moduleName=entry
[2026-07-28T09:53:45.881] [DEBUG] debug-file - Incremental task entry:default@GeneratePkgSdkInfo pre-execution cost: 1 ms .
[2026-07-28T09:53:45.829] [DEBUG] debug-file - Executing task :entry:default@MergeProfile
[2026-07-28T09:53:45.708] [DEBUG] debug-file - Start initialize module-target build option map, moduleName=entry, buildMode=debug
[2026-07-28T09:53:45.882] [DEBUG] debug-file - entry : default@GeneratePkgSdkInfo cost memory 0.28902435302734375
[2026-07-28T09:53:45.830] [DEBUG] debug-file - Task 'entry:default@MergeProfile' cost while wrapping incremental declarations: 1 ms 
[2026-07-28T09:53:45.708] [DEBUG] debug-file - Target 'default' config initialized
[2026-07-28T09:53:45.883] [DEBUG] debug-file - runTaskFromQueue task cost before running: 3 s 115 ms 
[2026-07-28T09:53:45.831] [DEBUG] debug-file - entry:default@MergeProfile is not up-to-date, since the output file 'D:\HW\UTDesign\cases\libuv\libuv-base-demo\entry\build\default\intermediates\merge_profile\default\module.json' does not exist.
[2026-07-28T09:53:45.708] [DEBUG] debug-file - Target 'ohosTest' config initialized
[2026-07-28T09:53:45.883] [INFO] debug-file - Finished :entry:default@GeneratePkgSdkInfo... after 6 ms 
[2026-07-28T09:53:45.913] [DEBUG] debug-file - - a file changed
[2026-07-28T09:53:45.831] [DEBUG] debug-file - Incremental task entry:default@MergeProfile pre-execution cost: 2 ms .
[2026-07-28T09:53:45.708] [DEBUG] debug-file - Module 'entry' target 'default' build option initialized
[2026-07-28T09:53:45.913] [DEBUG] debug-file -   - D:\HW\UTDesign\cases\libuv\libuv-base-demo\library\CMakeLists.txt (LAST_MODIFIED_CHANGED)
[2026-07-28T09:53:45.916] [DEBUG] debug-file - Create  resident worker with id: 0.
[2026-07-28T09:53:45.926] [DEBUG] debug-file - Executing task :entry:default@MakePackInfo
[2026-07-28T09:53:46.228] [DEBUG] debug-file - 13.0.1.0
[2026-07-28T09:53:45.969] [DEBUG] debug-file - Executing task :entry:default@ProcessProfile
[2026-07-28T09:53:45.940] [DEBUG] debug-file - Executing task :entry:default@SyscapTransform
[2026-07-28T09:53:46.236] [DEBUG] debug-file - Executing task :entry:default@ProcessRouterMap
[2026-07-28T09:53:45.832] [DEBUG] debug-file - Change app api release type with 'Release'
[2026-07-28T09:53:45.708] [DEBUG] debug-file - Module 'entry' target 'ohosTest' build option initialized
[2026-07-28T09:53:45.913] [DEBUG] debug-file -   - D:\HW\UTDesign\cases\libuv\libuv-base-demo\entry\.cxx\default\default\debug\x86_64\CMakeCache.txt (DELETED)
[2026-07-28T09:53:45.918] [DEBUG] debug-file - Create  resident worker with id: 1.
[2026-07-28T09:53:46.245] [DEBUG] debug-file - Executing task :entry:default@ProcessShareConfig
[2026-07-28T09:53:46.252] [DEBUG] debug-file - Executing task :entry:default@ProcessStartupConfig
[2026-07-28T09:53:46.268] [DEBUG] debug-file - Executing task :entry:default@GenerateLoaderJson
[2026-07-28T09:53:46.285] [DEBUG] debug-file - Executing task :entry:default@CompileResource
[2026-07-28T09:53:45.930] [DEBUG] debug-file - entry:default@MakePackInfo is not up-to-date, since the output file 'D:\HW\UTDesign\cases\libuv\libuv-base-demo\entry\build\default\outputs\default\pack.info' does not exist.
[2026-07-28T09:53:46.231] [DEBUG] debug-file - No need to add fake ui ability because of not in preview process.
[2026-07-28T09:53:45.971] [DEBUG] debug-file - Task 'entry:default@ProcessProfile' cost while wrapping incremental declarations: 1 ms 
[2026-07-28T09:53:45.941] [DEBUG] debug-file - File: 'D:\HW\UTDesign\cases\libuv\libuv-base-demo\entry\src\main\syscap.json' from 'sysCapJsonPath' is not exists, just ignore.
[2026-07-28T09:53:46.299] [DEBUG] debug-file - current process  memoryUsage: {
  rss: 277893120,
  heapTotal: 156803072,
  heapUsed: 134477368,
  external: 3324720,
  arrayBuffers: 286289
} os memoryUsage :12.530784606933594
[2026-07-28T09:53:46.238] [DEBUG] debug-file - entry:default@ProcessRouterMap is not up-to-date, since the output file 'D:\HW\UTDesign\cases\libuv\libuv-base-demo\entry\build\default\intermediates\router_map\default\temp-router-map.json' does not exist.
[2026-07-28T09:53:45.832] [DEBUG] debug-file - Change app compile API version with '6.1.0.105'
[2026-07-28T09:53:46.259] [DEBUG] debug-file - Executing task :entry:default@ProcessResource
[2026-07-28T09:53:45.921] [DEBUG] debug-file - default@BuildNativeWithCmake work[0] is submitted.
[2026-07-28T09:53:45.913] [DEBUG] debug-file -   - D:\HW\UTDesign\cases\libuv\libuv-base-demo\entry\.cxx\default\default\debug\x86_64\build.ninja (LAST_MODIFIED_CHANGED)
[2026-07-28T09:53:46.246] [DEBUG] debug-file - entry:default@ProcessShareConfig is not up-to-date, since the output file 'D:\HW\UTDesign\cases\libuv\libuv-base-demo\entry\build\default\intermediates\share_config\default\temp-share-config.json' does not exist.
[2026-07-28T09:53:46.252] [DEBUG] debug-file - Task 'entry:default@ProcessStartupConfig' cost while wrapping incremental declarations: 1 ms 
[2026-07-28T09:53:46.291] [DEBUG] debug-file - entry:default@CompileResource is not up-to-date, since the input file 'D:\HW\UTDesign\cases\libuv\libuv-base-demo\entry\build\default\intermediates\process_profile\default\module.json' has been changed.
[2026-07-28T09:53:46.269] [DEBUG] debug-file - Task 'entry:default@GenerateLoaderJson' cost while wrapping incremental declarations: 1 ms 
[2026-07-28T09:53:45.708] [DEBUG] debug-file - End initialize module-target build option map, moduleName=entry
[2026-07-28T09:53:45.930] [DEBUG] debug-file - Incremental task entry:default@MakePackInfo pre-execution cost: 3 ms .
[2026-07-28T09:53:46.233] [DEBUG] debug-file - entry : default@ProcessProfile cost memory 2.202545166015625
[2026-07-28T09:53:45.942] [DEBUG] debug-file - Task 'entry:default@SyscapTransform' cost while wrapping incremental declarations: 2 ms 
[2026-07-28T09:53:45.972] [DEBUG] debug-file - entry:default@ProcessProfile is not up-to-date, since the input file 'D:\HW\UTDesign\cases\libuv\libuv-base-demo\entry\build\default\intermediates\merge_profile\default\module.json' has been changed.
[2026-07-28T09:53:46.238] [DEBUG] debug-file - Incremental task entry:default@ProcessRouterMap pre-execution cost: 1 ms .
[2026-07-28T09:53:45.832] [DEBUG] debug-file - Change app target API version with '60100023'
[2026-07-28T09:53:46.259] [DEBUG] debug-file - Task 'entry:default@ProcessResource' cost while wrapping incremental declarations: 1 ms 
[2026-07-28T09:53:45.921] [DEBUG] debug-file - default@BuildNativeWithCmake work[0] is pushed to ready queue.
[2026-07-28T09:53:46.246] [DEBUG] debug-file - Incremental task entry:default@ProcessShareConfig pre-execution cost: 1 ms .
[2026-07-28T09:53:45.913] [DEBUG] debug-file -   - D:\HW\UTDesign\cases\libuv\libuv-base-demo\entry\.cxx\default\default\debug\x86_64\compile_commands.json (LAST_MODIFIED_CHANGED)
[2026-07-28T09:53:46.276] [DEBUG] debug-file - entry:default@GenerateLoaderJson is not up-to-date, since the input file 'D:\HW\UTDesign\cases\libuv\libuv-base-demo\entry\build\default\intermediates\router_map\default\temp-router-map.json' has been changed.
[2026-07-28T09:53:45.708] [DEBUG] debug-file - Obtain build option for module 'entry' target 'default'in this build.
[2026-07-28T09:53:46.291] [DEBUG] debug-file - Incremental task entry:default@CompileResource pre-execution cost: 5 ms .
[2026-07-28T09:53:45.932] [DEBUG] debug-file - Module Pack Info:  {
  summary: {
    app: { bundleName: 'c***e', bundleType: 'app', version: [Object] },
    modules: [ [Object] ]
  },
  packages: [
    {
      deviceType: [Array],
      moduleType: 'entry',
      deliveryWithInstall: true,
      name: 'entry-default'
    }
  ]
}
[2026-07-28T09:53:45.962] [DEBUG] debug-file - entry:default@SyscapTransform is not up-to-date, since the output file 'D:\HW\UTDesign\cases\libuv\libuv-base-demo\entry\build\default\intermediates\syscap\default\rpcid.sc' does not exist.
[2026-07-28T09:53:46.233] [DEBUG] debug-file - runTaskFromQueue task cost before running: 3 s 465 ms 
[2026-07-28T09:53:45.972] [DEBUG] debug-file - Incremental task entry:default@ProcessProfile pre-execution cost: 1 ms .
[2026-07-28T09:53:46.241] [DEBUG] debug-file - entry : default@ProcessRouterMap cost memory 0.1426849365234375
[2026-07-28T09:53:46.253] [DEBUG] debug-file - entry:default@ProcessStartupConfig is not up-to-date, since the output file 'D:\HW\UTDesign\cases\libuv\libuv-base-demo\entry\build\default\intermediates\startup\default\startup_config.json' does not exist.
[2026-07-28T09:53:45.832] [DEBUG] debug-file - Change app minimum API version with '60100023'
[2026-07-28T09:53:46.260] [DEBUG] debug-file - entry:default@ProcessResource is not up-to-date, since the output file 'D:\HW\UTDesign\cases\libuv\libuv-base-demo\entry\build\default\intermediates\res\default\resConfig.json' does not exist.
[2026-07-28T09:53:45.922] [DEBUG] debug-file - A work dispatched to worker[15] failed because unable to get work from ready queue.
[2026-07-28T09:53:46.249] [DEBUG] debug-file - entry : default@ProcessShareConfig cost memory 0.12284088134765625
[2026-07-28T09:53:45.914] [DEBUG] debug-file - Since there is no instance or instance is terminated, create a new worker pool.
[2026-07-28T09:53:45.715] [DEBUG] debug-file - Module entry task initialization takes 5 ms 
[2026-07-28T09:53:46.276] [DEBUG] debug-file - Incremental task entry:default@GenerateLoaderJson pre-execution cost: 4 ms .
[2026-07-28T09:53:46.295] [DEBUG] debug-file - Use tool [E:\DevEco Studio\sdk\default\openharmony\toolchains\restool.exe]
 [
  'E:\\DevEco Studio\\sdk\\default\\openharmony\\toolchains\\restool.exe',
  '-l',
  'D:\\HW\\UTDesign\\cases\\libuv\\libuv-base-demo\\entry\\build\\default\\intermediates\\res\\default\\resConfig.json'
]
[2026-07-28T09:53:45.935] [DEBUG] debug-file - entry : default@MakePackInfo cost memory 0.28652191162109375
[2026-07-28T09:53:45.963] [DEBUG] debug-file - Incremental task entry:default@SyscapTransform pre-execution cost: 21 ms .
[2026-07-28T09:53:46.233] [INFO] debug-file - Finished :entry:default@ProcessProfile... after 264 ms 
[2026-07-28T09:53:45.974] [DEBUG] debug-file - [
  'E:\\DevEco Studio\\tools\\node\\node.exe',
  'E:\\DevEco Studio\\sdk\\default\\openharmony\\ets\\build-tools\\ets-loader\\bin\\ark\\ts2abc.js',
  '--target-api-version',
  '23'
]
[2026-07-28T09:53:46.241] [DEBUG] debug-file - runTaskFromQueue task cost before running: 3 s 474 ms 
[2026-07-28T09:53:46.253] [DEBUG] debug-file - Incremental task entry:default@ProcessStartupConfig pre-execution cost: 1 ms .
[2026-07-28T09:53:45.832] [DEBUG] debug-file - Use cli appEnvironment
[2026-07-28T09:53:46.260] [DEBUG] debug-file - Incremental task entry:default@ProcessResource pre-execution cost: 1 ms .
[2026-07-28T09:53:45.922] [DEBUG] debug-file - Create  resident worker with id: 14.
[2026-07-28T09:53:46.249] [DEBUG] debug-file - runTaskFromQueue task cost before running: 3 s 482 ms 
[2026-07-28T09:53:45.914] [DEBUG] debug-file - Worker pool is initialized with config:  {
  minPoolNum: 2,
  maxPoolNum: undefined,
  maxCoreSize: undefined,
  cacheCapacity: undefined,
  cacheTtl: undefined
}
[2026-07-28T09:53:45.715] [DEBUG] debug-file - Hap plugin register hook start...
[2026-07-28T09:53:46.279] [DEBUG] debug-file - entry : default@GenerateLoaderJson cost memory 0.41925811767578125
[2026-07-28T09:53:45.936] [DEBUG] debug-file - runTaskFromQueue task cost before running: 3 s 168 ms 
[2026-07-28T09:53:45.963] [DEBUG] debug-file - entry : default@SyscapTransform cost memory 0.13126373291015625
[2026-07-28T09:53:46.242] [INFO] debug-file - Finished :entry:default@ProcessRouterMap... after 6 ms 
[2026-07-28T09:53:46.253] [DEBUG] debug-file - entry : default@ProcessStartupConfig cost memory 0.09099578857421875
[2026-07-28T09:53:45.835] [DEBUG] debug-file - entry : default@MergeProfile cost memory 0.20102691650390625
[2026-07-28T09:53:46.263] [DEBUG] debug-file - entry : default@ProcessResource cost memory 0.1448211669921875
[2026-07-28T09:53:45.923] [DEBUG] debug-file - default@BuildNativeWithCmake work[0] has been dispatched to worker[14].
[2026-07-28T09:53:46.250] [INFO] debug-file - Finished :entry:default@ProcessShareConfig... after 5 ms 
[2026-07-28T09:53:45.715] [DEBUG] debug-file - Hap plugin register hook end...
[2026-07-28T09:53:46.280] [DEBUG] debug-file - runTaskFromQueue task cost before running: 3 s 512 ms 
[2026-07-28T09:53:45.936] [INFO] debug-file - Finished :entry:default@MakePackInfo... after 10 ms 
[2026-07-28T09:53:45.963] [DEBUG] debug-file - runTaskFromQueue task cost before running: 3 s 196 ms 
[2026-07-28T09:53:46.253] [DEBUG] debug-file - runTaskFromQueue task cost before running: 3 s 486 ms 
[2026-07-28T09:53:45.835] [DEBUG] debug-file - runTaskFromQueue task cost before running: 3 s 68 ms 
[2026-07-28T09:53:46.264] [DEBUG] debug-file - runTaskFromQueue task cost before running: 3 s 496 ms 
[2026-07-28T09:53:45.923] [DEBUG] debug-file - default@BuildNativeWithCmake work[0] is dispatched.
[2026-07-28T09:53:45.715] [DEBUG] debug-file - Plugin build process completed
[2026-07-28T09:53:46.282] [INFO] debug-file - Finished :entry:default@GenerateLoaderJson... after 12 ms 
[2026-07-28T09:53:45.964] [INFO] debug-file - Finished :entry:default@SyscapTransform... after 24 ms 
[2026-07-28T09:53:46.254] [INFO] debug-file - Finished :entry:default@ProcessStartupConfig... after 2 ms 
[2026-07-28T09:53:45.836] [INFO] debug-file - Finished :entry:default@MergeProfile... after 7 ms 
[2026-07-28T09:53:45.923] [DEBUG] debug-file - entry : default@BuildNativeWithCmake cost memory 1.2595748901367188
[2026-07-28T09:53:46.264] [INFO] debug-file - Finished :entry:default@ProcessResource... after 5 ms 
[2026-07-28T09:53:45.715] [DEBUG] debug-file - hvigorfile, begin to bind custom plugins...
[2026-07-28T09:53:46.283] [DEBUG] debug-file - restool module names: entry; moduleName=entry, taskName=default@CompileResource
[2026-07-28T09:53:46.256] [DEBUG] debug-file - restool module names: entry; moduleName=entry, taskName=default@ProcessResource
[2026-07-28T09:53:45.715] [DEBUG] debug-file - hvigorfile, no custom plugins were found in D:\HW\UTDesign\cases\libuv\libuv-base-demo\entry\hvigorfile.ts
[2026-07-28T09:53:45.715] [DEBUG] debug-file - hvigorfile, resolve finished D:\HW\UTDesign\cases\libuv\libuv-base-demo\entry\hvigorfile.ts
[2026-07-28T09:53:46.515] [DEBUG] debug-file - Info: Pack: normal pack mode

[2026-07-28T09:53:46.588] [DEBUG] debug-file - Info: hardware concurrency count is : 16
Info: thread count is : 16

[2026-07-28T09:53:46.588] [DEBUG] debug-file - Info: thread pool is started

[2026-07-28T09:53:46.589] [DEBUG] debug-file - Info: GenericCompiler::CompileFiles

[2026-07-28T09:53:46.595] [DEBUG] debug-file - Info: GenericCompiler::CompileFiles

[2026-07-28T09:53:46.603] [DEBUG] debug-file - 07-28 09:53:46.603 33080 17204 E C01400/ImageTranscoderUtils: DecodeToRGBA IN
07-28 09:53:46.603 33080 17204 E C01400/ImageTranscoderUtils: ImageFilter IN D:\HW\UTDesign\cases\libuv\libuv-base-demo\AppScope\resources\base\media\app_icon.png

[2026-07-28T09:53:46.656] [DEBUG] debug-file - Info: restool resources compile success.

[2026-07-28T09:53:46.657] [DEBUG] debug-file - Info: thread pool is stopped

[2026-07-28T09:53:46.737] [DEBUG] debug-file - entry : default@CompileResource cost memory -7.823127746582031
[2026-07-28T09:53:46.738] [DEBUG] debug-file - runTaskFromQueue task cost before running: 3 s 970 ms 
[2026-07-28T09:53:46.747] [DEBUG] debug-file - Executing task :entry:default@CompileArkTS
[2026-07-28T09:53:46.740] [INFO] debug-file - Finished :entry:default@CompileResource... after 454 ms 
[2026-07-28T09:53:46.749] [DEBUG] debug-file - obfuscationOptions: undefined
[2026-07-28T09:53:46.821] [DEBUG] debug-file - Executing task :entry:default@BuildJS
[2026-07-28T09:53:46.759] [DEBUG] debug-file - Task 'entry:default@CompileArkTS' cost while wrapping incremental declarations: 1 ms 
[2026-07-28T09:53:46.822] [DEBUG] debug-file - Task 'entry:default@BuildJS' cost while wrapping incremental declarations: 1 ms 
[2026-07-28T09:53:46.771] [DEBUG] debug-file - entry:default@CompileArkTS is not up-to-date, since the input file 'D:\HW\UTDesign\cases\libuv\libuv-base-demo\entry\build\default\intermediates\loader\default' has been changed.
[2026-07-28T09:53:46.826] [DEBUG] debug-file - entry : default@BuildJS cost memory 0.16428375244140625
[2026-07-28T09:53:46.772] [DEBUG] debug-file - Incremental task entry:default@CompileArkTS pre-execution cost: 6 ms .
[2026-07-28T09:53:46.826] [DEBUG] debug-file - runTaskFromQueue task cost before running: 4 s 58 ms 
[2026-07-28T09:53:46.809] [DEBUG] debug-file - build config:
[2026-07-28T09:53:46.826] [INFO] debug-file - Finished :entry:default@BuildJS... after 5 ms 
[2026-07-28T09:53:46.810] [DEBUG] debug-file - {
  moduleType: 'entry',
  perf: 0,
  targetName: '.default',
  packageManagerType: 'ohpm',
  localPropertiesPath: 'D:\\HW\\UTDesign\\cases\\libuv\\libuv-base-demo\\local.properties',
  isPreview: false,
  isOhosTest: false,
  isLocalTest: false,
  buildMode: 'Debug',
  hotReloadBuild: undefined,
  watchMode: 'false',
  aceProfilePath: 'D:\\HW\\UTDesign\\cases\\libuv\\libuv-base-demo\\entry\\build\\default\\intermediates\\res\\default\\resources\\base\\profile',
  etsLoaderPath: 'E:\\DevEco Studio\\sdk\\default\\openharmony\\ets\\build-tools\\ets-loader',
  modulePath: 'D:\\HW\\UTDesign\\cases\\libuv\\libuv-base-demo\\entry',
  testFrameworkPar: {
    testMode: undefined,
    coveragePathFilter: undefined,
    coverageMode: undefined
  },
  needCoverageInsert: false,
  debugLine: false,
  projectTopDir: 'D:\\HW\\UTDesign\\cases\\libuv\\libuv-base-demo',
  compileSdkVersion: 23,
  compatibleSdkVersion: 23,
  originCompatibleSdkVersion: '6.1.0(23)',
  compatibleSdkVersionStage: undefined,
  bundleName: 'c***e',
  etsLoaderVersion: '6.1.0.105',
  etsLoaderReleaseType: 'Release',
  aotCompileMode: 'type',
  apPath: 'D:\\HW\\UTDesign\\cases\\libuv\\libuv-base-demo\\entry\\modules.ap',
  entryModuleName: 'entry',
  entryModuleVersion: '1.0.0',
  entryPackageName: 'entry',
  allModuleNameHash: '56a60ced3eb5febee28b0668b86800fff83aa1d20ad32046a897319da6218f60',
  externalApiPaths: [ 'E:\\DevEco Studio\\sdk\\default\\hms\\ets' ],
  compilerTypes: [],
  isCrossplatform: false,
  hvigorPluginFile: undefined,
  compilePluginPath: undefined,
  buildGeneratedProfilePath: 'D:\\HW\\UTDesign\\cases\\libuv\\libuv-base-demo\\entry\\build\\default\\generated\\profile\\default',
  bundleType: 'app',
  arkTSVersion: undefined,
  apiVersion: 23,
  needCompleteSourcesMap: false,
  isFaMode: false,
  buildDir: 'D:\\HW\\UTDesign\\cases\\libuv\\libuv-base-demo\\entry\\build',
  deviceTypes: [ '2in1' ],
  pkgContextInfo: undefined,
  ohPackagePathMap: {},
  dependencyAliasMap: {},
  permission: { requestPermissions: undefined, definePermissions: undefined },
  useGetCurrentBundleName: false,
  projectArkOption: undefined,
  sourceMapDir: undefined,
  branchElimination: false,
  transformLib: undefined,
  tsImportSendable: false,
  resolveConflictMode: true,
  depName2RootPath: {},
  depName2DepInfo: {},
  depName2OhExports: {},
  rootPathSet: [ 'D:\\HW\\UTDesign\\cases\\libuv\\libuv-base-demo' ],
  useNativeResolver: true,
  shouldEmitJs: true,
  useTscResolve: false,
  singleFileEmit: false,
  userProjectConfig: {
    autoLazyImport: false,
    allowEmptyBundleName: false,
    reExportCheckMode: 'noCheck',
    executionMode: 'memory',
    usePathPlaceholder: false,
    writeRollupCache: true,
    isExpandImportEnabled: false,
    expandImportExclude: '',
    lazyImportExclude: '',
    lazyImportInclude: '',
    ignoreCrossplatformCheck: false,
    isHarDeduplicateEnabled: false,
    skipOhModulesLint: false,
    enableStrictCheckOHModule: false,
    disableSendableCheckRules: [],
    useDeclarationFileSignature: false,
    customizedOptions: undefined,
    integratedHsp: false,
    isPreloadSoEnabled: false
  },
  executionMode: 'memory',
  arkCompileCachePath: 'D:\\HW\\UTDesign\\cases\\libuv\\libuv-base-demo\\entry\\build\\default\\cache\\default\\default@CompileArkTS\\esmodule',
  autoLazyFilter: undefined,
  isHarDeduplicateEnabled: false,
  intermediateHarDuplicateDirPath: 'D:\\HW\\UTDesign\\cases\\libuv\\libuv-base-demo\\entry\\build\\default\\intermediates\\har_duplicate\\default',
  autoLazyImport: false,
  allowEmptyBundleName: false,
  reExportCheckMode: 'noCheck',
  usePathPlaceholder: false,
  writeRollupCache: true,
  isExpandImportEnabled: false,
  expandImportExclude: '',
  lazyImportExclude: '',
  lazyImportInclude: '',
  ignoreCrossplatformCheck: false,
  skipOhModulesLint: false,
  enableStrictCheckOHModule: false,
  disableSendableCheckRules: [],
  useDeclarationFileSignature: false,
  customizedOptions: undefined,
  integratedHsp: false,
  isPreloadSoEnabled: false,
  strictMode: undefined,
  useNormalizedOHMUrl: false,
  caseSensitiveCheck: false,
  aceModuleJsonPath: 'D:\\HW\\UTDesign\\cases\\libuv\\libuv-base-demo\\entry\\build\\default\\intermediates\\res\\default\\ark_module.json',
  appResource: 'D:\\HW\\UTDesign\\cases\\libuv\\libuv-base-demo\\entry\\build\\default\\intermediates\\res\\default\\ResourceTable.txt',
  rawFileResource: 'D:\\HW\\UTDesign\\cases\\libuv\\libuv-base-demo\\entry\\build\\default\\intermediates\\res\\default\\resources\\rawfile',
  resourceTableHash: '0f09b429b371a6f162359917e8bf68f1d1a81abfb007e38c000dadae708d7c6a',
  runtimeOS: 'HarmonyOS',
  sdkInfo: 'false:23:6.1.0.105:Release',
  aceModuleRoot: 'D:\\HW\\UTDesign\\cases\\libuv\\libuv-base-demo\\entry\\src\\main\\ets',
  compileMode: 'esmodule',
  aceSuperVisualPath: 'D:\\HW\\UTDesign\\cases\\libuv\\libuv-base-demo\\entry\\src\\main\\supervisual',
  aceBuildJson: 'D:\\HW\\UTDesign\\cases\\libuv\\libuv-base-demo\\entry\\build\\default\\intermediates\\loader\\default\\loader.json',
  cachePath: 'D:\\HW\\UTDesign\\cases\\libuv\\libuv-base-demo\\entry\\build\\default\\cache\\default\\default@CompileArkTS\\esmodule\\debug',
  aceModuleBuild: 'D:\\HW\\UTDesign\\cases\\libuv\\libuv-base-demo\\entry\\build\\default\\intermediates\\loader_out\\default\\ets',
  supportChunks: true,
  declaredFilesPath: undefined,
  shouldCollectDirectImportees: false,
  isByteCodeHarOptimize: false,
  expandImportPath: undefined,
  resourceTableTs: 'D:\\HW\\UTDesign\\cases\\libuv\\libuv-base-demo\\entry\\build\\default\\generated\\r\\default\\ResourceTable.ts',
  moduleMetaInfoFiles: [
    {
      filePath: 'D:\\HW\\UTDesign\\cases\\libuv\\libuv-base-demo\\entry\\build\\default\\generated\\r\\default\\ResourceTable.ts',
      ohmurl: 'com.thirdparty.validation.libuv.base/entry/build/generated/r/ResourceTable'
    }
  ],
  pkgNameToPkgBriefInfo: {
    entry: {
      pkgRoot: 'D:\\HW\\UTDesign\\cases\\libuv\\libuv-base-demo\\entry',
      originalSourceRoots: undefined,
      sourceRoots: [Array],
      pkgName: 'entry'
    }
  },
  projectModel: {
    'D:\\HW\\UTDesign\\cases\\libuv\\libuv-base-demo\\entry\\src\\main': {
      moduleName: 'entry',
      modulePkgPath: 'D:\\HW\\UTDesign\\cases\\libuv\\libuv-base-demo\\entry',
      belongProjectPath: 'D:\\HW\\UTDesign\\cases\\libuv\\libuv-base-demo'
    },
    'D:\\HW\\UTDesign\\cases\\libuv\\libuv-base-demo\\entry\\src\\ohosTest': {
      moduleName: 'entry_test',
      modulePkgPath: 'D:\\HW\\UTDesign\\cases\\libuv\\libuv-base-demo\\entry',
      belongProjectPath: 'D:\\HW\\UTDesign\\cases\\libuv\\libuv-base-demo'
    },
    'D:\\HW\\UTDesign\\cases\\libuv\\libuv-base-demo\\entry': {
      moduleName: 'entry',
      modulePkgPath: 'D:\\HW\\UTDesign\\cases\\libuv\\libuv-base-demo\\entry',
      belongProjectPath: 'D:\\HW\\UTDesign\\cases\\libuv\\libuv-base-demo'
    },
    'D:\\HW\\UTDesign\\cases\\libuv\\libuv-base-demo': {
      moduleName: 'libuv-base-demo',
      modulePkgPath: 'D:\\HW\\UTDesign\\cases\\libuv\\libuv-base-demo',
      belongProjectPath: 'D:\\HW\\UTDesign\\cases\\libuv\\libuv-base-demo'
    }
  },
  pkgJsonFileHash: '7aabc327577e46bc2476e6c9b5ee535819949f611e0e857f6888f8d0c042151b',
  allModulePaths: [ 'D:\\HW\\UTDesign\\cases\\libuv\\libuv-base-demo\\entry' ],
  routerMap: {},
  obfuscationOptions: undefined,
  byteCodeHarToDependencyKeys: undefined,
  compileBlockPkg: [],
  mockParams: {
    decorator: '@MockSetup',
    packageName: '@ohos/hamock',
    etsSourceRootPath: 'src/main/ets',
    mockConfigPath: undefined,
    mockConfigKey2ModuleInfo: {},
    source2ModuleIdMap: {}
  },
  copyCodeResourceEnable: true,
  copyCodeResourceExcludes: [],
  copyCodeResourceIncludes: undefined,
  uiTransformOptimization: false,
  sdkPath: 'E:/DevEco Studio/sdk',
  needPreloadSoFileSet: {},
  preloadSoFilePath: 'D:\\HW\\UTDesign\\cases\\libuv\\libuv-base-demo\\entry\\build\\default\\intermediates\\preload\\default\\preload.json',
  useSourceHash: false,
  localModuleParamMap: {},
  otherPaths: {
    'entry/*': [
      '..\\*',
      '..\\..\\..\\build\\default\\generated\\profile\\default\\*'
    ]
  },
  collectImportersConfig: undefined
}
[2026-07-28T09:53:46.811] [DEBUG] debug-file - Compile arkts with external api path: E:\DevEco Studio\sdk\default\hms\ets
[2026-07-28T09:53:46.814] [DEBUG] debug-file - default@CompileArkTS work[1] is submitted.
[2026-07-28T09:53:46.814] [DEBUG] debug-file - default@CompileArkTS work[1] is pushed to ready queue.
[2026-07-28T09:53:46.814] [DEBUG] debug-file - A work dispatched to worker[15] failed because unable to get work from ready queue.
[2026-07-28T09:53:46.814] [DEBUG] debug-file - A work dispatched to worker[14] failed because of worker busy.
[2026-07-28T09:53:46.814] [DEBUG] debug-file - A work dispatched to worker[13] failed because unable to get work from ready queue.
[2026-07-28T09:53:46.814] [DEBUG] debug-file - A work dispatched to worker[12] failed because unable to get work from ready queue.
[2026-07-28T09:53:46.815] [DEBUG] debug-file - A work dispatched to worker[11] failed because unable to get work from ready queue.
[2026-07-28T09:53:46.815] [DEBUG] debug-file - A work dispatched to worker[10] failed because unable to get work from ready queue.
[2026-07-28T09:53:46.815] [DEBUG] debug-file - A work dispatched to worker[9] failed because unable to get work from ready queue.
[2026-07-28T09:53:46.815] [DEBUG] debug-file - A work dispatched to worker[8] failed because unable to get work from ready queue.
[2026-07-28T09:53:46.815] [DEBUG] debug-file - A work dispatched to worker[7] failed because unable to get work from ready queue.
[2026-07-28T09:53:46.815] [DEBUG] debug-file - A work dispatched to worker[6] failed because unable to get work from ready queue.
[2026-07-28T09:53:46.815] [DEBUG] debug-file - A work dispatched to worker[5] failed because unable to get work from ready queue.
[2026-07-28T09:53:46.815] [DEBUG] debug-file - Create  resident worker with id: 4.
[2026-07-28T09:53:46.816] [DEBUG] debug-file - default@CompileArkTS work[1] has been dispatched to worker[4].
[2026-07-28T09:53:46.816] [DEBUG] debug-file - default@CompileArkTS work[1] is dispatched.
[2026-07-28T09:53:46.816] [DEBUG] debug-file - CopyResources startTime: 970841707654900
[2026-07-28T09:53:46.817] [DEBUG] debug-file - default@CompileArkTS work[2] is submitted.
[2026-07-28T09:53:46.817] [DEBUG] debug-file - default@CompileArkTS work[2] is pushed to ready queue.
[2026-07-28T09:53:46.817] [DEBUG] debug-file - A work dispatched to worker[15] failed because unable to get work from ready queue.
[2026-07-28T09:53:46.817] [DEBUG] debug-file - A work dispatched to worker[14] failed because of worker busy.
[2026-07-28T09:53:46.817] [DEBUG] debug-file - Create  resident worker with id: 13.
[2026-07-28T09:53:46.818] [DEBUG] debug-file - default@CompileArkTS work[2] has been dispatched to worker[13].
[2026-07-28T09:53:46.818] [DEBUG] debug-file - default@CompileArkTS work[2] is dispatched.
[2026-07-28T09:53:46.818] [DEBUG] debug-file - entry : default@CompileArkTS cost memory 2.7690963745117188
[2026-07-28T09:53:47.783] [DEBUG] debug-file - Not searching for unused variables given on the command line.

[2026-07-28T09:53:47.916] [DEBUG] debug-file - worker[13] has one work done.
[2026-07-28T09:53:47.916] [DEBUG] debug-file - CopyResources is end, endTime: 970842807625000
[2026-07-28T09:53:47.917] [DEBUG] debug-file - default@CompileArkTS work[2] done.
[2026-07-28T09:53:47.917] [DEBUG] debug-file - A work dispatched to worker[13] failed because unable to get work from ready queue.
[2026-07-28T09:53:47.969] [DEBUG] debug-file - -- The C compiler identification is Clang 15.0.4

[2026-07-28T09:53:48.249] [DEBUG] debug-file - -- The CXX compiler identification is Clang 15.0.4

[2026-07-28T09:53:48.482] [DEBUG] debug-file - -- Detecting C compiler ABI info

[2026-07-28T09:53:49.178] [DEBUG] debug-file - -- Detecting C compiler ABI info - done

[2026-07-28T09:53:49.190] [DEBUG] debug-file - -- Check for working C compiler: E:/DevEco Studio/sdk/default/openharmony/native/llvm/bin/clang.exe - skipped

[2026-07-28T09:53:49.190] [DEBUG] debug-file - -- Detecting C compile features

[2026-07-28T09:53:49.191] [DEBUG] debug-file - -- Detecting C compile features - done

[2026-07-28T09:53:49.327] [DEBUG] debug-file - -- Detecting CXX compiler ABI info

[2026-07-28T09:53:49.986] [DEBUG] debug-file - -- Detecting CXX compiler ABI info - done

[2026-07-28T09:53:49.999] [DEBUG] debug-file - -- Check for working CXX compiler: E:/DevEco Studio/sdk/default/openharmony/native/llvm/bin/clang++.exe - skipped

[2026-07-28T09:53:49.999] [DEBUG] debug-file - -- Detecting CXX compile features

[2026-07-28T09:53:50.000] [DEBUG] debug-file - -- Detecting CXX compile features - done

[2026-07-28T09:53:50.019] [DEBUG] debug-file - -- Performing Test UV_LINT_W4

[2026-07-28T09:53:50.283] [DEBUG] debug-file - -- Performing Test UV_LINT_W4 - Failed

[2026-07-28T09:53:50.284] [DEBUG] debug-file - -- Performing Test UV_LINT_NO_UNUSED_PARAMETER_MSVC

[2026-07-28T09:53:50.649] [DEBUG] debug-file - -- Performing Test UV_LINT_NO_UNUSED_PARAMETER_MSVC - Failed

[2026-07-28T09:53:50.651] [DEBUG] debug-file - -- Performing Test UV_LINT_NO_CONDITIONAL_CONSTANT_MSVC

[2026-07-28T09:53:50.921] [DEBUG] debug-file - -- Performing Test UV_LINT_NO_CONDITIONAL_CONSTANT_MSVC - Failed

[2026-07-28T09:53:50.922] [DEBUG] debug-file - -- Performing Test UV_LINT_NO_NONSTANDARD_MSVC

[2026-07-28T09:53:51.191] [DEBUG] debug-file - -- Performing Test UV_LINT_NO_NONSTANDARD_MSVC - Failed

[2026-07-28T09:53:51.194] [DEBUG] debug-file - -- Performing Test UV_LINT_NO_NONSTANDARD_EMPTY_TU_MSVC

[2026-07-28T09:53:51.456] [DEBUG] debug-file - -- Performing Test UV_LINT_NO_NONSTANDARD_EMPTY_TU_MSVC - Failed

[2026-07-28T09:53:51.457] [DEBUG] debug-file - -- Performing Test UV_LINT_NO_NONSTANDARD_FILE_SCOPE_MSVC

[2026-07-28T09:53:51.725] [DEBUG] debug-file - -- Performing Test UV_LINT_NO_NONSTANDARD_FILE_SCOPE_MSVC - Failed

[2026-07-28T09:53:51.726] [DEBUG] debug-file - -- Performing Test UV_LINT_NO_NONSTANDARD_NONSTATIC_DLIMPORT_MSVC

[2026-07-28T09:53:52.006] [DEBUG] debug-file - -- Performing Test UV_LINT_NO_NONSTANDARD_NONSTATIC_DLIMPORT_MSVC - Failed

[2026-07-28T09:53:52.007] [DEBUG] debug-file - -- Performing Test UV_LINT_NO_HIDES_LOCAL

[2026-07-28T09:53:52.306] [DEBUG] debug-file - -- Performing Test UV_LINT_NO_HIDES_LOCAL - Failed

[2026-07-28T09:53:52.307] [DEBUG] debug-file - -- Performing Test UV_LINT_NO_HIDES_PARAM

[2026-07-28T09:53:52.569] [DEBUG] debug-file - -- Performing Test UV_LINT_NO_HIDES_PARAM - Failed

[2026-07-28T09:53:52.570] [DEBUG] debug-file - -- Performing Test UV_LINT_NO_HIDES_GLOBAL

[2026-07-28T09:53:52.835] [DEBUG] debug-file - -- Performing Test UV_LINT_NO_HIDES_GLOBAL - Failed

[2026-07-28T09:53:52.836] [DEBUG] debug-file - -- Performing Test UV_LINT_NO_CONDITIONAL_ASSIGNMENT_MSVC

[2026-07-28T09:53:53.088] [DEBUG] debug-file - -- Performing Test UV_LINT_NO_CONDITIONAL_ASSIGNMENT_MSVC - Failed

[2026-07-28T09:53:53.089] [DEBUG] debug-file - -- Performing Test UV_LINT_NO_UNSAFE_MSVC

[2026-07-28T09:53:53.405] [DEBUG] debug-file - -- Performing Test UV_LINT_NO_UNSAFE_MSVC - Failed

[2026-07-28T09:53:53.406] [DEBUG] debug-file - -- Performing Test UV_LINT_WALL

[2026-07-28T09:53:53.896] [DEBUG] debug-file - -- Performing Test UV_LINT_WALL - Success

[2026-07-28T09:53:53.898] [DEBUG] debug-file - -- Performing Test UV_LINT_NO_UNUSED_PARAMETER

[2026-07-28T09:53:54.419] [DEBUG] debug-file - -- Performing Test UV_LINT_NO_UNUSED_PARAMETER - Success

[2026-07-28T09:53:54.420] [DEBUG] debug-file - -- Performing Test UV_LINT_STRICT_PROTOTYPES

[2026-07-28T09:53:54.439] [WARN] debug-file - [33mWARN: [33m[33mArkTS:WARN File: D:/HW/UTDesign/cases/libuv/libuv-base-demo/entry/src/main/ets/pages/Index.ets:1:40
 Currently module for 'libentry.so' is not verified. If you're importing napi, its verification will be enabled in later SDK version. Please make sure the corresponding .d.ts file is provided and the napis are correctly declared.
[39m[39m

[2026-07-28T09:53:54.440] [DEBUG] debug-file - Ark compile task finished.finished time is 970849331260300
[2026-07-28T09:53:54.440] [DEBUG] debug-file - worker[4] has one work done.
[2026-07-28T09:53:54.446] [DEBUG] debug-file - default@CompileArkTS work[1] done.
[2026-07-28T09:53:54.446] [DEBUG] debug-file - A work dispatched to worker[4] failed because unable to get work from ready queue.
[2026-07-28T09:53:54.448] [INFO] debug-file - Finished :entry:default@CompileArkTS... after 4 s 807 ms 
[2026-07-28T09:53:55.088] [DEBUG] debug-file - -- Performing Test UV_LINT_STRICT_PROTOTYPES - Success

[2026-07-28T09:53:55.089] [DEBUG] debug-file - -- Performing Test UV_LINT_EXTRA

[2026-07-28T09:53:55.850] [DEBUG] debug-file - -- Performing Test UV_LINT_EXTRA - Success

[2026-07-28T09:53:55.851] [DEBUG] debug-file - -- Performing Test UV_LINT_UTF8_MSVC

[2026-07-28T09:53:56.168] [DEBUG] debug-file - -- Performing Test UV_LINT_UTF8_MSVC - Failed

[2026-07-28T09:53:56.170] [DEBUG] debug-file - -- Performing Test UV_F_STRICT_ALIASING

[2026-07-28T09:53:56.867] [DEBUG] debug-file - -- Performing Test UV_F_STRICT_ALIASING - Success

[2026-07-28T09:53:56.874] [DEBUG] debug-file - -- summary of build options:
    Install prefix:  C:/Program Files (x86)/libuv_harmony_demo
    Target system:   OHOS
    Compiler:
      C compiler:    E:/DevEco Studio/sdk/default/openharmony/native/llvm/bin/clang.exe (Clang)
      CFLAGS:         -fdata-sections -ffunction-sections -funwind-tables -fstack-protector-strong -no-canonical-prefixes -fno-addrsig -Wa,--noexecstack -Wformat -Werror=format-security -Wunguarded-availability  -D__MUSL__


[2026-07-28T09:53:56.875] [DEBUG] debug-file - -- Configuring done (9.1s)

[2026-07-28T09:53:56.971] [DEBUG] debug-file - -- Generating done (0.1s)

[2026-07-28T09:53:57.051] [DEBUG] debug-file - -- Build files have been written to: D:/HW/UTDesign/cases/libuv/libuv-base-demo/entry/.cxx/default/default/debug/x86_64

[2026-07-28T09:53:57.066] [DEBUG] debug-file - worker[14] has one work done.
[2026-07-28T09:53:57.123] [DEBUG] debug-file - default@BuildNativeWithCmake work[0] done.
[2026-07-28T09:53:57.123] [DEBUG] debug-file - A work dispatched to worker[14] failed because unable to get work from ready queue.
[2026-07-28T09:53:57.124] [INFO] debug-file - Finished :entry:default@BuildNativeWithCmake... after 9 s 434 ms 
[2026-07-28T09:53:57.126] [DEBUG] debug-file - Executing task :entry:default@BuildNativeWithNinja
[2026-07-28T09:53:57.128] [DEBUG] debug-file - Use tool [Ninja]
 [
  'E:\\DevEco Studio\\sdk\\default\\openharmony\\native\\build-tools\\cmake\\bin\\ninja.exe',
  '-C',
  'D:\\HW\\UTDesign\\cases\\libuv\\libuv-base-demo\\entry\\.cxx\\default\\default\\debug\\x86_64'
]
[2026-07-28T09:53:57.128] [DEBUG] debug-file - default@BuildNativeWithNinja work[3] is submitted.
[2026-07-28T09:53:57.128] [DEBUG] debug-file - default@BuildNativeWithNinja work[3] is pushed to ready queue.
[2026-07-28T09:53:57.128] [DEBUG] debug-file - A work dispatched to worker[15] failed because unable to get work from ready queue.
[2026-07-28T09:53:57.128] [DEBUG] debug-file - default@BuildNativeWithNinja work[3] has been dispatched to worker[14].
[2026-07-28T09:53:57.128] [DEBUG] debug-file - default@BuildNativeWithNinja work[3] is dispatched.
[2026-07-28T09:53:57.140] [DEBUG] debug-file - OHOS_STL is c++_shared
[2026-07-28T09:53:57.140] [DEBUG] debug-file - Copy STL libc++_shared.so to D:\HW\UTDesign\cases\libuv\libuv-base-demo\entry\build\default\intermediates\cmake\default\obj\x86_64 due to OHOS_STL is 'c++_shared'
[2026-07-28T09:53:57.150] [DEBUG] debug-file - entry : default@BuildNativeWithNinja cost memory 0.16826629638671875
[2026-07-28T09:53:58.160] [DEBUG] debug-file - ninja: Entering directory `D:\HW\UTDesign\cases\libuv\libuv-base-demo\entry\.cxx\default\default\debug\x86_64'
[1/39] Building C object libuv-build/CMakeFiles/uv_a.dir/src/strtok.c.o

[2026-07-28T09:53:58.220] [DEBUG] debug-file - clang: warning: argument unused during compilation: '--gcc-toolchain=E:/DevEco Studio/sdk/default/openharmony/native/llvm' [-Wunused-command-line-argument]
[2/39] Building C object libuv-build/CMakeFiles/uv_a.dir/src/strscpy.c.o

[2026-07-28T09:53:58.267] [DEBUG] debug-file - clang: warning: argument unused during compilation: '--gcc-toolchain=E:/DevEco Studio/sdk/default/openharmony/native/llvm' [-Wunused-command-line-argument]
[3/39] Building C object libuv-build/CMakeFiles/uv_a.dir/src/version.c.o

[2026-07-28T09:53:58.305] [DEBUG] debug-file - clang: warning: argument unused during compilation: '--gcc-toolchain=E:/DevEco Studio/sdk/default/openharmony/native/llvm' [-Wunused-command-line-argument]
[4/39] Building C object libuv-build/CMakeFiles/uv_a.dir/src/thread-common.c.o

[2026-07-28T09:53:58.345] [DEBUG] debug-file - clang: warning: argument unused during compilation: '--gcc-toolchain=E:/DevEco Studio/sdk/default/openharmony/native/llvm' [-Wunused-command-line-argument]
[5/39] Building C object libuv-build/CMakeFiles/uv_a.dir/src/uv-data-getter-setters.c.o

[2026-07-28T09:53:58.380] [DEBUG] debug-file - clang: warning: argument unused during compilation: '--gcc-toolchain=E:/DevEco Studio/sdk/default/openharmony/native/llvm' [-Wunused-command-line-argument]
[6/39] Building C object libuv-build/CMakeFiles/uv_a.dir/src/timer.c.o

[2026-07-28T09:53:58.422] [DEBUG] debug-file - clang: warning: argument unused during compilation: '--gcc-toolchain=E:/DevEco Studio/sdk/default/openharmony/native/llvm' [-Wunused-command-line-argument]
[7/39] Building C object libuv-build/CMakeFiles/uv_a.dir/src/random.c.o

[2026-07-28T09:53:58.464] [DEBUG] debug-file - clang: warning: argument unused during compilation: '--gcc-toolchain=E:/DevEco Studio/sdk/default/openharmony/native/llvm' [-Wunused-command-line-argument]
[8/39] Building C object libuv-build/CMakeFiles/uv_a.dir/src/unix/dl.c.o

[2026-07-28T09:53:58.508] [DEBUG] debug-file - clang: warning: argument unused during compilation: '--gcc-toolchain=E:/DevEco Studio/sdk/default/openharmony/native/llvm' [-Wunused-command-line-argument]
[9/39] Building C object libuv-build/CMakeFiles/uv_a.dir/src/inet.c.o

[2026-07-28T09:53:58.557] [DEBUG] debug-file - clang: warning: argument unused during compilation: '--gcc-toolchain=E:/DevEco Studio/sdk/default/openharmony/native/llvm' [-Wunused-command-line-argument]
[10/39] Building C object libuv-build/CMakeFiles/uv_a.dir/src/fs-poll.c.o

[2026-07-28T09:53:58.601] [DEBUG] debug-file - clang: warning: argument unused during compilation: '--gcc-toolchain=E:/DevEco Studio/sdk/default/openharmony/native/llvm' [-Wunused-command-line-argument]
[11/39] Building C object libuv-build/CMakeFiles/uv_a.dir/src/idna.c.o

[2026-07-28T09:53:58.652] [DEBUG] debug-file - clang: warning: argument unused during compilation: '--gcc-toolchain=E:/DevEco Studio/sdk/default/openharmony/native/llvm' [-Wunused-command-line-argument]
[12/39] Building C object libuv-build/CMakeFiles/uv_a.dir/src/unix/async.c.o

[2026-07-28T09:53:58.698] [DEBUG] debug-file - clang: warning: argument unused during compilation: '--gcc-toolchain=E:/DevEco Studio/sdk/default/openharmony/native/llvm' [-Wunused-command-line-argument]
[13/39] Building C object libuv-build/CMakeFiles/uv_a.dir/src/unix/getaddrinfo.c.o

[2026-07-28T09:53:58.752] [DEBUG] debug-file - clang: warning: argument unused during compilation: '--gcc-toolchain=E:/DevEco Studio/sdk/default/openharmony/native/llvm' [-Wunused-command-line-argument]
[14/39] Building C object libuv-build/CMakeFiles/uv_a.dir/src/threadpool.c.o

[2026-07-28T09:53:58.811] [DEBUG] debug-file - clang: warning: argument unused during compilation: '--gcc-toolchain=E:/DevEco Studio/sdk/default/openharmony/native/llvm' [-Wunused-command-line-argument]
[15/39] Building C object libuv-build/CMakeFiles/uv_a.dir/src/unix/getnameinfo.c.o

[2026-07-28T09:53:58.858] [DEBUG] debug-file - clang: warning: argument unused during compilation: '--gcc-toolchain=E:/DevEco Studio/sdk/default/openharmony/native/llvm' [-Wunused-command-line-argument]
[16/39] Building C object libuv-build/CMakeFiles/uv_a.dir/src/unix/core.c.o

[2026-07-28T09:53:58.905] [DEBUG] debug-file - clang: warning: argument unused during compilation: '--gcc-toolchain=E:/DevEco Studio/sdk/default/openharmony/native/llvm' [-Wunused-command-line-argument]
[17/39] Building C object libuv-build/CMakeFiles/uv_a.dir/src/uv-common.c.o

[2026-07-28T09:53:58.967] [DEBUG] debug-file - clang: warning: argument unused during compilation: '--gcc-toolchain=E:/DevEco Studio/sdk/default/openharmony/native/llvm' [-Wunused-command-line-argument]
[18/39] Building C object libuv-build/CMakeFiles/uv_a.dir/src/unix/fs.c.o

[2026-07-28T09:53:59.231] [DEBUG] debug-file - clang: warning: argument unused during compilation: '--gcc-toolchain=E:/DevEco Studio/sdk/default/openharmony/native/llvm' [-Wunused-command-line-argument]
[19/39] Building C object libuv-build/CMakeFiles/uv_a.dir/src/unix/random-getrandom.c.o

[2026-07-28T09:53:59.276] [DEBUG] debug-file - clang: warning: argument unused during compilation: '--gcc-toolchain=E:/DevEco Studio/sdk/default/openharmony/native/llvm' [-Wunused-command-line-argument]
[20/39] Building C object libuv-build/CMakeFiles/uv_a.dir/src/unix/loop.c.o

[2026-07-28T09:53:59.278] [DEBUG] debug-file - clang: warning: argument unused during compilation: '--gcc-toolchain=E:/DevEco Studio/sdk/default/openharmony/native/llvm' [-Wunused-command-line-argument]
[21/39] Building C object libuv-build/CMakeFiles/uv_a.dir/src/unix/thread.c.o
FAILED: libuv-build/CMakeFiles/uv_a.dir/src/unix/thread.c.o 
"E:\DevEco Studio\sdk\default\openharmony\native\llvm\bin\clang.exe" --target=x86_64-linux-ohos23.0.0 --gcc-toolchain="E:/DevEco Studio/sdk/default/openharmony/native/llvm" --sysroot="E:/DevEco Studio/sdk/default/openharmony/native/sysroot" -D_FILE_OFFSET_BITS=64 -D_GNU_SOURCE -D_LARGEFILE_SOURCE -D_POSIX_C_SOURCE=200112 -I"E:/DevEco Studio/sdk/default/hms/native/sysroot/usr/include" -ID:/HW/UTDesign/cases/libuv/libuv-base-demo/library/include -ID:/HW/UTDesign/cases/libuv/libuv-base-demo/library/src -fdata-sections -ffunction-sections -funwind-tables -fstack-protector-strong -no-canonical-prefixes -fno-addrsig -Wa,--noexecstack -Wformat -Werror=format-security -Wunguarded-availability  -D__MUSL__ -O0 -g -fno-limit-debug-info  -std=gnu90 -fPIC -fvisibility=hidden -Wstrict-prototypes -Wextra -Wall -Wno-unused-parameter -fno-strict-aliasing -Werror=implicit-function-declaration -MD -MT libuv-build/CMakeFiles/uv_a.dir/src/unix/thread.c.o -MF libuv-build\CMakeFiles\uv_a.dir\src\unix\thread.c.o.d -o libuv-build/CMakeFiles/uv_a.dir/src/unix/thread.c.o -c D:/HW/UTDesign/cases/libuv/libuv-base-demo/library/src/unix/thread.c
clang: warning: argument unused during compilation: '--gcc-toolchain=E:/DevEco Studio/sdk/default/openharmony/native/llvm' [-Wunused-command-line-argument]
D:/HW/UTDesign/cases/libuv/libuv-base-demo/library/src/unix/thread.c:223:7: error: implicit declaration of function 'pthread_setaffinity_np' [-Werror,-Wimplicit-function-declaration]
  r = pthread_setaffinity_np(*tid, sizeof(cpuset), &cpuset);
      ^
D:/HW/UTDesign/cases/libuv/libuv-base-demo/library/src/unix/thread.c:223:7: note: did you mean 'uv_thread_setaffinity'?
D:/HW/UTDesign/cases/libuv/libuv-base-demo/library/src/unix/thread.c:191:5: note: 'uv_thread_setaffinity' declared here
int uv_thread_setaffinity(uv_thread_t* tid,
    ^
D:/HW/UTDesign/cases/libuv/libuv-base-demo/library/src/unix/thread.c:251:7: error: implicit declaration of function 'pthread_getaffinity_np' [-Werror,-Wimplicit-function-declaration]
  r = pthread_getaffinity_np(*tid, sizeof(cpuset), &cpuset);
      ^
2 errors generated.
[22/39] Building C object libuv-build/CMakeFiles/uv_a.dir/src/unix/procfs-exepath.c.o

[2026-07-28T09:53:59.279] [WARN] debug-file - clang: warning: argument unused during compilation: '--gcc-toolchain=E:/DevEco Studio/sdk/default/openharmony/native/llvm' [-Wunused-command-line-argument]
[21/39] Building C object libuv-build/CMakeFiles/uv_a.dir/src/unix/thread.c.o
FAILED: libuv-build/CMakeFiles/uv_a.dir/src/unix/thread.c.o 
"E:\DevEco Studio\sdk\default\openharmony\native\llvm\bin\clang.exe" --target=x86_64-linux-ohos23.0.0 --gcc-toolchain="E:/DevEco Studio/sdk/default/openharmony/native/llvm" --sysroot="E:/DevEco Studio/sdk/default/openharmony/native/sysroot" -D_FILE_OFFSET_BITS=64 -D_GNU_SOURCE -D_LARGEFILE_SOURCE -D_POSIX_C_SOURCE=200112 -I"E:/DevEco Studio/sdk/default/hms/native/sysroot/usr/include" -ID:/HW/UTDesign/cases/libuv/libuv-base-demo/library/include -ID:/HW/UTDesign/cases/libuv/libuv-base-demo/library/src -fdata-sections -ffunction-sections -funwind-tables -fstack-protector-strong -no-canonical-prefixes -fno-addrsig -Wa,--noexecstack -Wformat -Werror=format-security -Wunguarded-availability  -D__MUSL__ -O0 -g -fno-limit-debug-info  -std=gnu90 -fPIC -fvisibility=hidden -Wstrict-prototypes -Wextra -Wall -Wno-unused-parameter -fno-strict-aliasing -Werror=implicit-function-declaration -MD -MT libuv-build/CMakeFiles/uv_a.dir/src/unix/thread.c.o -MF libuv-build\CMakeFiles\uv_a.dir\src\unix\thread.c.o.d -o libuv-build/CMakeFiles/uv_a.dir/src/unix/thread.c.o -c D:/HW/UTDesign/cases/libuv/libuv-base-demo/library/src/unix/thread.c
clang: warning: argument unused during compilation: '--gcc-toolchain=E:/DevEco Studio/sdk/default/openharmony/native/llvm' [-Wunused-command-line-argument]
D:/HW/UTDesign/cases/libuv/libuv-base-demo/library/src/unix/thread.c:223:7: error: implicit declaration of function 'pthread_setaffinity_np' [-Werror,-Wimplicit-function-declaration]
  r = pthread_setaffinity_np(*tid, sizeof(cpuset), &cpuset);
      ^
D:/HW/UTDesign/cases/libuv/libuv-base-demo/library/src/unix/thread.c:223:7: note: did you mean 'uv_thread_setaffinity'?
D:/HW/UTDesign/cases/libuv/libuv-base-demo/library/src/unix/thread.c:191:5: note: 'uv_thread_setaffinity' declared here
int uv_thread_setaffinity(uv_thread_t* tid,
    ^
D:/HW/UTDesign/cases/libuv/libuv-base-demo/library/src/unix/thread.c:251:7: error: implicit declaration of function 'pthread_getaffinity_np' [-Werror,-Wimplicit-function-declaration]
  r = pthread_getaffinity_np(*tid, sizeof(cpuset), &cpuset);
      ^
2 errors generated.
[22/39] Building C object libuv-build/CMakeFiles/uv_a.dir/src/unix/procfs-exepath.c.o

[2026-07-28T09:53:59.280] [DEBUG] debug-file - clang: warning: argument unused during compilation: '--gcc-toolchain=E:/DevEco Studio/sdk/default/openharmony/native/llvm' [-Wunused-command-line-argument]
[23/39] Building C object libuv-build/CMakeFiles/uv_a.dir/src/unix/poll.c.o

[2026-07-28T09:53:59.280] [DEBUG] debug-file - clang: warning: argument unused during compilation: '--gcc-toolchain=E:/DevEco Studio/sdk/default/openharmony/native/llvm' [-Wunused-command-line-argument]
[24/39] Building C object libuv-build/CMakeFiles/uv_a.dir/src/unix/random-devurandom.c.o

[2026-07-28T09:53:59.281] [DEBUG] debug-file - clang: warning: argument unused during compilation: '--gcc-toolchain=E:/DevEco Studio/sdk/default/openharmony/native/llvm' [-Wunused-command-line-argument]
[25/39] Building C object libuv-build/CMakeFiles/uv_a.dir/src/unix/loop-watcher.c.o

[2026-07-28T09:53:59.281] [DEBUG] debug-file - clang: warning: argument unused during compilation: '--gcc-toolchain=E:/DevEco Studio/sdk/default/openharmony/native/llvm' [-Wunused-command-line-argument]
[26/39] Building C object libuv-build/CMakeFiles/uv_a.dir/src/unix/random-sysctl-linux.c.o

[2026-07-28T09:53:59.282] [DEBUG] debug-file - clang: warning: argument unused during compilation: '--gcc-toolchain=E:/DevEco Studio/sdk/default/openharmony/native/llvm' [-Wunused-command-line-argument]
[27/39] Building C object libuv-build/CMakeFiles/uv_a.dir/src/unix/tty.c.o

[2026-07-28T09:53:59.283] [DEBUG] debug-file - clang: warning: argument unused during compilation: '--gcc-toolchain=E:/DevEco Studio/sdk/default/openharmony/native/llvm' [-Wunused-command-line-argument]
[28/39] Building C object libuv-build/CMakeFiles/uv_a.dir/src/unix/proctitle.c.o

[2026-07-28T09:53:59.284] [DEBUG] debug-file - clang: warning: argument unused during compilation: '--gcc-toolchain=E:/DevEco Studio/sdk/default/openharmony/native/llvm' [-Wunused-command-line-argument]
[29/39] Building C object libuv-build/CMakeFiles/uv_a.dir/src/unix/pipe.c.o

[2026-07-28T09:53:59.284] [DEBUG] debug-file - clang: warning: argument unused during compilation: '--gcc-toolchain=E:/DevEco Studio/sdk/default/openharmony/native/llvm' [-Wunused-command-line-argument]
[30/39] Building C object libuv-build/CMakeFiles/uv_a.dir/src/unix/process.c.o

[2026-07-28T09:53:59.285] [DEBUG] debug-file - clang: warning: argument unused during compilation: '--gcc-toolchain=E:/DevEco Studio/sdk/default/openharmony/native/llvm' [-Wunused-command-line-argument]
[31/39] Building C object libuv-build/CMakeFiles/uv_a.dir/src/unix/tcp.c.o

[2026-07-28T09:53:59.285] [DEBUG] debug-file - clang: warning: argument unused during compilation: '--gcc-toolchain=E:/DevEco Studio/sdk/default/openharmony/native/llvm' [-Wunused-command-line-argument]
[32/39] Building C object libuv-build/CMakeFiles/uv_a.dir/src/unix/signal.c.o

[2026-07-28T09:53:59.289] [DEBUG] debug-file - clang: warning: argument unused during compilation: '--gcc-toolchain=E:/DevEco Studio/sdk/default/openharmony/native/llvm' [-Wunused-command-line-argument]
[33/39] Building C object libuv-build/CMakeFiles/uv_a.dir/src/unix/udp.c.o

[2026-07-28T09:53:59.331] [DEBUG] debug-file - clang: warning: argument unused during compilation: '--gcc-toolchain=E:/DevEco Studio/sdk/default/openharmony/native/llvm' [-Wunused-command-line-argument]
[34/39] Building C object libuv-build/CMakeFiles/uv_a.dir/src/unix/stream.c.o
clang: warning: argument unused during compilation: '--gcc-toolchain=E:/DevEco Studio/sdk/default/openharmony/native/llvm' [-Wunused-command-line-argument]
D:/HW/UTDesign/cases/libuv/libuv-base-demo/library/src/unix/stream.c:990:56: warning: comparison of integers of different signs: 'unsigned long' and 'long' [-Wsign-compare]
  for (cmsg = CMSG_FIRSTHDR(msg); cmsg != NULL; cmsg = CMSG_NXTHDR(msg, cmsg)) {
                                                       ^~~~~~~~~~~~~~~~~~~~~~
E:/DevEco Studio/sdk/default/openharmony/native/sysroot/usr/include/sys/socket.h:360:44: note: expanded from macro 'CMSG_NXTHDR'
        __CMSG_LEN(cmsg) + sizeof(struct cmsghdr) >= __MHDR_END(mhdr) - (unsigned char *)(cmsg) \
        ~~~~~~~~~~~~~~~~~~~~~~~~~~~~~~~~~~~~~~~~~ ^  ~~~~~~~~~~~~~~~~~~~~~~~~~~~~~~~~~~~~~~~~~~
1 warning generated.
[35/39] Building C object libuv-build/CMakeFiles/uv_a.dir/src/unix/linux.c.o

[2026-07-28T09:53:59.870] [DEBUG] debug-file - clang: warning: argument unused during compilation: '--gcc-toolchain=E:/DevEco Studio/sdk/default/openharmony/native/llvm' [-Wunused-command-line-argument]
[36/39] Building CXX object CMakeFiles/entry.dir/napi_init.cpp.o

[2026-07-28T09:54:00.135] [DEBUG] debug-file - clang++: warning: argument unused during compilation: '--gcc-toolchain=E:/DevEco Studio/sdk/default/openharmony/native/llvm' [-Wunused-command-line-argument]
[37/39] Building CXX object CMakeFiles/entry.dir/libuv_checks.cpp.o

[2026-07-28T09:54:00.135] [DEBUG] debug-file - clang++: warning: argument unused during compilation: '--gcc-toolchain=E:/DevEco Studio/sdk/default/openharmony/native/llvm' [-Wunused-command-line-argument]
ninja: build stopped: subcommand failed.

[2026-07-28T09:54:00.154] [DEBUG] debug-file - worker[14] encounters error: Exceptions happened while executing E:\DevEco Studio\sdk\default\openharmony\native\build-tools\cmake\bin\ninja.exe -C D:\HW\UTDesign\cases\libuv\libuv-base-demo\entry\.cxx\default\default\debug\x86_64.
[32mninja: Entering directory `D:\HW\UTDesign\cases\libuv\libuv-base-demo\entry\.cxx\default\default\debug\x86_64'[32m[39m
[32m[1/39] Building C object libuv-build/CMakeFiles/uv_a.dir/src/strtok.c.o[32m[39m
[33mclang: warning: argument unused during compilation: '--gcc-toolchain=E:/DevEco Studio/sdk/default/openharmony/native/llvm' [-Wunused-command-line-argument][33m[39m
[32m[32m[39m
[32m[2/39] Building C object libuv-build/CMakeFiles/uv_a.dir/src/strscpy.c.o[32m[39m
[33mclang: warning: argument unused during compilation: '--gcc-toolchain=E:/DevEco Studio/sdk/default/openharmony/native/llvm' [-Wunused-command-line-argument][33m[39m
[32m[32m[39m
[32m[3/39] Building C object libuv-build/CMakeFiles/uv_a.dir/src/version.c.o[32m[39m
[33mclang: warning: argument unused during compilation: '--gcc-toolchain=E:/DevEco Studio/sdk/default/openharmony/native/llvm' [-Wunused-command-line-argument][33m[39m
[32m[32m[39m
[32m[4/39] Building C object libuv-build/CMakeFiles/uv_a.dir/src/thread-common.c.o[32m[39m
[33mclang: warning: argument unused during compilation: '--gcc-toolchain=E:/DevEco Studio/sdk/default/openharmony/native/llvm' [-Wunused-command-line-argument][33m[39m
[32m[32m[39m
[32m[5/39] Building C object libuv-build/CMakeFiles/uv_a.dir/src/uv-data-getter-setters.c.o[32m[39m
[33mclang: warning: argument unused during compilation: '--gcc-toolchain=E:/DevEco Studio/sdk/default/openharmony/native/llvm' [-Wunused-command-line-argument][33m[39m
[32m[32m[39m
[32m[6/39] Building C object libuv-build/CMakeFiles/uv_a.dir/src/timer.c.o[32m[39m
[33mclang: warning: argument unused during compilation: '--gcc-toolchain=E:/DevEco Studio/sdk/default/openharmony/native/llvm' [-Wunused-command-line-argument][33m[39m
[32m[32m[39m
[32m[7/39] Building C object libuv-build/CMakeFiles/uv_a.dir/src/random.c.o[32m[39m
[33mclang: warning: argument unused during compilation: '--gcc-toolchain=E:/DevEco Studio/sdk/default/openharmony/native/llvm' [-Wunused-command-line-argument][33m[39m
[32m[32m[39m
[32m[8/39] Building C object libuv-build/CMakeFiles/uv_a.dir/src/unix/dl.c.o[32m[39m
[33mclang: warning: argument unused during compilation: '--gcc-toolchain=E:/DevEco Studio/sdk/default/openharmony/native/llvm' [-Wunused-command-line-argument][33m[39m
[32m[32m[39m
[32m[9/39] Building C object libuv-build/CMakeFiles/uv_a.dir/src/inet.c.o[32m[39m
[33mclang: warning: argument unused during compilation: '--gcc-toolchain=E:/DevEco Studio/sdk/default/openharmony/native/llvm' [-Wunused-command-line-argument][33m[39m
[32m[32m[39m
[32m[10/39] Building C object libuv-build/CMakeFiles/uv_a.dir/src/fs-poll.c.o[32m[39m
[33mclang: warning: argument unused during compilation: '--gcc-toolchain=E:/DevEco Studio/sdk/default/openharmony/native/llvm' [-Wunused-command-line-argument][33m[39m
[32m[32m[39m
[32m[11/39] Building C object libuv-build/CMakeFiles/uv_a.dir/src/idna.c.o[32m[39m
[33mclang: warning: argument unused during compilation: '--gcc-toolchain=E:/DevEco Studio/sdk/default/openharmony/native/llvm' [-Wunused-command-line-argument][33m[39m
[32m[32m[39m
[32m[12/39] Building C object libuv-build/CMakeFiles/uv_a.dir/src/unix/async.c.o[32m[39m
[33mclang: warning: argument unused during compilation: '--gcc-toolchain=E:/DevEco Studio/sdk/default/openharmony/native/llvm' [-Wunused-command-line-argument][33m[39m
[32m[32m[39m
[32m[13/39] Building C object libuv-build/CMakeFiles/uv_a.dir/src/unix/getaddrinfo.c.o[32m[39m
[33mclang: warning: argument unused during compilation: '--gcc-toolchain=E:/DevEco Studio/sdk/default/openharmony/native/llvm' [-Wunused-command-line-argument][33m[39m
[32m[32m[39m
[32m[14/39] Building C object libuv-build/CMakeFiles/uv_a.dir/src/threadpool.c.o[32m[39m
[33mclang: warning: argument unused during compilation: '--gcc-toolchain=E:/DevEco Studio/sdk/default/openharmony/native/llvm' [-Wunused-command-line-argument][33m[39m
[32m[32m[39m
[32m[15/39] Building C object libuv-build/CMakeFiles/uv_a.dir/src/unix/getnameinfo.c.o[32m[39m
[33mclang: warning: argument unused during compilation: '--gcc-toolchain=E:/DevEco Studio/sdk/default/openharmony/native/llvm' [-Wunused-command-line-argument][33m[39m
[32m[32m[39m
[32m[16/39] Building C object libuv-build/CMakeFiles/uv_a.dir/src/unix/core.c.o[32m[39m
[33mclang: warning: argument unused during compilation: '--gcc-toolchain=E:/DevEco Studio/sdk/default/openharmony/native/llvm' [-Wunused-command-line-argument][33m[39m
[32m[32m[39m
[32m[17/39] Building C object libuv-build/CMakeFiles/uv_a.dir/src/uv-common.c.o[32m[39m
[33mclang: warning: argument unused during compilation: '--gcc-toolchain=E:/DevEco Studio/sdk/default/openharmony/native/llvm' [-Wunused-command-line-argument][33m[39m
[32m[32m[39m
[32m[18/39] Building C object libuv-build/CMakeFiles/uv_a.dir/src/unix/fs.c.o[32m[39m
[33mclang: warning: argument unused during compilation: '--gcc-toolchain=E:/DevEco Studio/sdk/default/openharmony/native/llvm' [-Wunused-command-line-argument][33m[39m
[32m[32m[39m
[32m[19/39] Building C object libuv-build/CMakeFiles/uv_a.dir/src/unix/random-getrandom.c.o[32m[39m
[33mclang: warning: argument unused during compilation: '--gcc-toolchain=E:/DevEco Studio/sdk/default/openharmony/native/llvm' [-Wunused-command-line-argument][33m[39m
[32m[32m[39m
[32m[20/39] Building C object libuv-build/CMakeFiles/uv_a.dir/src/unix/loop.c.o[32m[39m
[33mclang: warning: argument unused during compilation: '--gcc-toolchain=E:/DevEco Studio/sdk/default/openharmony/native/llvm' [-Wunused-command-line-argument][33m[39m
[32m[32m[39m
[32m[21/39] Building C object libuv-build/CMakeFiles/uv_a.dir/src/unix/thread.c.o[32m[39m
[31mFAILED: libuv-build/CMakeFiles/uv_a.dir/src/unix/thread.c.o [31m[39m
[32m"E:\DevEco Studio\sdk\default\openharmony\native\llvm\bin\clang.exe" --target=x86_64-linux-ohos23.0.0 --gcc-toolchain="E:/DevEco Studio/sdk/default/openharmony/native/llvm" --sysroot="E:/DevEco Studio/sdk/default/openharmony/native/sysroot" -D_FILE_OFFSET_BITS=64 -D_GNU_SOURCE -D_LARGEFILE_SOURCE -D_POSIX_C_SOURCE=200112 -I"E:/DevEco Studio/sdk/default/hms/native/sysroot/usr/include" -ID:/HW/UTDesign/cases/libuv/libuv-base-demo/library/include -ID:/HW/UTDesign/cases/libuv/libuv-base-demo/library/src -fdata-sections -ffunction-sections -funwind-tables -fstack-protector-strong -no-canonical-prefixes -fno-addrsig -Wa,--noexecstack -Wformat -Werror=format-security -Wunguarded-availability  -D__MUSL__ -O0 -g -fno-limit-debug-info  -std=gnu90 -fPIC -fvisibility=hidden -Wstrict-prototypes -Wextra -Wall -Wno-unused-parameter -fno-strict-aliasing -Werror=implicit-function-declaration -MD -MT libuv-build/CMakeFiles/uv_a.dir/src/unix/thread.c.o -MF libuv-build\CMakeFiles\uv_a.dir\src\unix\thread.c.o.d -o libuv-build/CMakeFiles/uv_a.dir/src/unix/thread.c.o -c D:/HW/UTDesign/cases/libuv/libuv-base-demo/library/src/unix/thread.c[32m[39m
[33mclang: warning: argument unused during compilation: '--gcc-toolchain=E:/DevEco Studio/sdk/default/openharmony/native/llvm' [-Wunused-command-line-argument][33m[39m
[31mD:/HW/UTDesign/cases/libuv/libuv-base-demo/library/src/unix/thread.c:223:7: error: implicit declaration of function 'pthread_setaffinity_np' [-Werror,-Wimplicit-function-declaration][31m[39m
[31m  r = pthread_setaffinity_np(*tid, sizeof(cpuset), &cpuset);[31m[39m
[31m      ^[31m[39m
[31mD:/HW/UTDesign/cases/libuv/libuv-base-demo/library/src/unix/thread.c:223:7: note: did you mean 'uv_thread_setaffinity'?[31m[39m
[31mD:/HW/UTDesign/cases/libuv/libuv-base-demo/library/src/unix/thread.c:191:5: note: 'uv_thread_setaffinity' declared here[31m[39m
[31mint uv_thread_setaffinity(uv_thread_t* tid,[31m[39m
[31m    ^[31m[39m
[31mD:/HW/UTDesign/cases/libuv/libuv-base-demo/library/src/unix/thread.c:251:7: error: implicit declaration of function 'pthread_getaffinity_np' [-Werror,-Wimplicit-function-declaration][31m[39m
[31m[31m[39m
[31m  r = pthread_getaffinity_np(*tid, sizeof(cpuset), &cpuset);[31m[39m
[31m[31m[39m
[31m      ^[31m[39m
[31m[31m[39m
[33m2 errors generated.[33m[39m
[32m[32m[39m
[32m[22/39] Building C object libuv-build/CMakeFiles/uv_a.dir/src/unix/procfs-exepath.c.o[32m[39m
[33mclang: warning: argument unused during compilation: '--gcc-toolchain=E:/DevEco Studio/sdk/default/openharmony/native/llvm' [-Wunused-command-line-argument][33m[39m
[32m[32m[39m
[32m[23/39] Building C object libuv-build/CMakeFiles/uv_a.dir/src/unix/poll.c.o[32m[39m
[33mclang: warning: argument unused during compilation: '--gcc-toolchain=E:/DevEco Studio/sdk/default/openharmony/native/llvm' [-Wunused-command-line-argument][33m[39m
[32m[32m[39m
[32m[24/39] Building C object libuv-build/CMakeFiles/uv_a.dir/src/unix/random-devurandom.c.o[32m[39m
[33mclang: warning: argument unused during compilation: '--gcc-toolchain=E:/DevEco Studio/sdk/default/openharmony/native/llvm' [-Wunused-command-line-argument][33m[39m
[32m[32m[39m
[32m[25/39] Building C object libuv-build/CMakeFiles/uv_a.dir/src/unix/loop-watcher.c.o[32m[39m
[33mclang: warning: argument unused during compilation: '--gcc-toolchain=E:/DevEco Studio/sdk/default/openharmony/native/llvm' [-Wunused-command-line-argument][33m[39m
[32m[32m[39m
[32m[26/39] Building C object libuv-build/CMakeFiles/uv_a.dir/src/unix/random-sysctl-linux.c.o[32m[39m
[33mclang: warning: argument unused during compilation: '--gcc-toolchain=E:/DevEco Studio/sdk/default/openharmony/native/llvm' [-Wunused-command-line-argument][33m[39m
[32m[32m[39m
[32m[27/39] Building C object libuv-build/CMakeFiles/uv_a.dir/src/unix/tty.c.o[32m[39m
[33mclang: warning: argument unused during compilation: '--gcc-toolchain=E:/DevEco Studio/sdk/default/openharmony/native/llvm' [-Wunused-command-line-argument][33m[39m
[32m[32m[39m
[32m[28/39] Building C object libuv-build/CMakeFiles/uv_a.dir/src/unix/proctitle.c.o[32m[39m
[33mclang: warning: argument unused during compilation: '--gcc-toolchain=E:/DevEco Studio/sdk/default/openharmony/native/llvm' [-Wunused-command-line-argument][33m[39m
[32m[32m[39m
[32m[29/39] Building C object libuv-build/CMakeFiles/uv_a.dir/src/unix/pipe.c.o[32m[39m
[33mclang: warning: argument unused during compilation: '--gcc-toolchain=E:/DevEco Studio/sdk/default/openharmony/native/llvm' [-Wunused-command-line-argument][33m[39m
[32m[32m[39m
[32m[30/39] Building C object libuv-build/CMakeFiles/uv_a.dir/src/unix/process.c.o[32m[39m
[33mclang: warning: argument unused during compilation: '--gcc-toolchain=E:/DevEco Studio/sdk/default/openharmony/native/llvm' [-Wunused-command-line-argument][33m[39m
[32m[32m[39m
[32m[31/39] Building C object libuv-build/CMakeFiles/uv_a.dir/src/unix/tcp.c.o[32m[39m
[33mclang: warning: argument unused during compilation: '--gcc-toolchain=E:/DevEco Studio/sdk/default/openharmony/native/llvm' [-Wunused-command-line-argument][33m[39m
[32m[32m[39m
[32m[32/39] Building C object libuv-build/CMakeFiles/uv_a.dir/src/unix/signal.c.o[32m[39m
[33mclang: warning: argument unused during compilation: '--gcc-toolchain=E:/DevEco Studio/sdk/default/openharmony/native/llvm' [-Wunused-command-line-argument][33m[39m
[32m[32m[39m
[32m[33/39] Building C object libuv-build/CMakeFiles/uv_a.dir/src/unix/udp.c.o[32m[39m
[33mclang: warning: argument unused during compilation: '--gcc-toolchain=E:/DevEco Studio/sdk/default/openharmony/native/llvm' [-Wunused-command-line-argument][33m[39m
[32m[32m[39m
[32m[34/39] Building C object libuv-build/CMakeFiles/uv_a.dir/src/unix/stream.c.o[32m[39m
[33mclang: warning: argument unused during compilation: '--gcc-toolchain=E:/DevEco Studio/sdk/default/openharmony/native/llvm' [-Wunused-command-line-argument][33m[39m
[33mD:/HW/UTDesign/cases/libuv/libuv-base-demo/library/src/unix/stream.c:990:56: warning: comparison of integers of different signs: 'unsigned long' and 'long' [-Wsign-compare][33m[39m
[33m  for (cmsg = CMSG_FIRSTHDR(msg); cmsg != NULL; cmsg = CMSG_NXTHDR(msg, cmsg)) {[33m[39m
[33m                                                       ^~~~~~~~~~~~~~~~~~~~~~[33m[39m
[33mE:/DevEco Studio/sdk/default/openharmony/native/sysroot/usr/include/sys/socket.h:360:44: note: expanded from macro 'CMSG_NXTHDR'[33m[39m
[33m[33m[39m
[33m        __CMSG_LEN(cmsg) + sizeof(struct cmsghdr) >= __MHDR_END(mhdr) - (unsigned char *)(cmsg) \[33m[39m
[33m[33m[39m
[33m        ~~~~~~~~~~~~~~~~~~~~~~~~~~~~~~~~~~~~~~~~~ ^  ~~~~~~~~~~~~~~~~~~~~~~~~~~~~~~~~~~~~~~~~~~[33m[39m
[33m[33m[39m
[33m1 warning generated.[33m[39m
[32m[32m[39m
[32m[35/39] Building C object libuv-build/CMakeFiles/uv_a.dir/src/unix/linux.c.o[32m[39m
[33mclang: warning: argument unused during compilation: '--gcc-toolchain=E:/DevEco Studio/sdk/default/openharmony/native/llvm' [-Wunused-command-line-argument][33m[39m
[32m[32m[39m
[32m[36/39] Building CXX object CMakeFiles/entry.dir/napi_init.cpp.o[32m[39m
[33mclang++: warning: argument unused during compilation: '--gcc-toolchain=E:/DevEco Studio/sdk/default/openharmony/native/llvm' [-Wunused-command-line-argument][33m[39m
[32m[32m[39m
[32m[37/39] Building CXX object CMakeFiles/entry.dir/libuv_checks.cpp.o[32m[39m
[33mclang++: warning: argument unused during compilation: '--gcc-toolchain=E:/DevEco Studio/sdk/default/openharmony/native/llvm' [-Wunused-command-line-argument][33m[39m
[32m[32m[39m
[31mninja: build stopped: subcommand failed.[31m[39m
undefined.
[2026-07-28T09:54:00.154] [DEBUG] debug-file - default@BuildNativeWithNinja work[3] failed.
[2026-07-28T09:54:00.155] [ERROR] debug-file - Failed :entry:default@BuildNativeWithNinja... 
[2026-07-28T09:54:00.155] [DEBUG] debug-file - hvigor build process will be closed with an error.
[2026-07-28T09:54:00.350] [DEBUG] debug-file - ERROR: stacktrace = Error: Exceptions happened while executing E:\DevEco Studio\sdk\default\openharmony\native\build-tools\cmake\bin\ninja.exe -C D:\HW\UTDesign\cases\libuv\libuv-base-demo\entry\.cxx\default\default\debug\x86_64.
[32mninja: Entering directory `D:\HW\UTDesign\cases\libuv\libuv-base-demo\entry\.cxx\default\default\debug\x86_64'[32m[39m
[32m[1/39] Building C object libuv-build/CMakeFiles/uv_a.dir/src/strtok.c.o[32m[39m
[33mclang: warning: argument unused during compilation: '--gcc-toolchain=E:/DevEco Studio/sdk/default/openharmony/native/llvm' [-Wunused-command-line-argument][33m[39m
[32m[32m[39m
[32m[2/39] Building C object libuv-build/CMakeFiles/uv_a.dir/src/strscpy.c.o[32m[39m
[33mclang: warning: argument unused during compilation: '--gcc-toolchain=E:/DevEco Studio/sdk/default/openharmony/native/llvm' [-Wunused-command-line-argument][33m[39m
[32m[32m[39m
[32m[3/39] Building C object libuv-build/CMakeFiles/uv_a.dir/src/version.c.o[32m[39m
[33mclang: warning: argument unused during compilation: '--gcc-toolchain=E:/DevEco Studio/sdk/default/openharmony/native/llvm' [-Wunused-command-line-argument][33m[39m
[32m[32m[39m
[32m[4/39] Building C object libuv-build/CMakeFiles/uv_a.dir/src/thread-common.c.o[32m[39m
[33mclang: warning: argument unused during compilation: '--gcc-toolchain=E:/DevEco Studio/sdk/default/openharmony/native/llvm' [-Wunused-command-line-argument][33m[39m
[32m[32m[39m
[32m[5/39] Building C object libuv-build/CMakeFiles/uv_a.dir/src/uv-data-getter-setters.c.o[32m[39m
[33mclang: warning: argument unused during compilation: '--gcc-toolchain=E:/DevEco Studio/sdk/default/openharmony/native/llvm' [-Wunused-command-line-argument][33m[39m
[32m[32m[39m
[32m[6/39] Building C object libuv-build/CMakeFiles/uv_a.dir/src/timer.c.o[32m[39m
[33mclang: warning: argument unused during compilation: '--gcc-toolchain=E:/DevEco Studio/sdk/default/openharmony/native/llvm' [-Wunused-command-line-argument][33m[39m
[32m[32m[39m
[32m[7/39] Building C object libuv-build/CMakeFiles/uv_a.dir/src/random.c.o[32m[39m
[33mclang: warning: argument unused during compilation: '--gcc-toolchain=E:/DevEco Studio/sdk/default/openharmony/native/llvm' [-Wunused-command-line-argument][33m[39m
[32m[32m[39m
[32m[8/39] Building C object libuv-build/CMakeFiles/uv_a.dir/src/unix/dl.c.o[32m[39m
[33mclang: warning: argument unused during compilation: '--gcc-toolchain=E:/DevEco Studio/sdk/default/openharmony/native/llvm' [-Wunused-command-line-argument][33m[39m
[32m[32m[39m
[32m[9/39] Building C object libuv-build/CMakeFiles/uv_a.dir/src/inet.c.o[32m[39m
[33mclang: warning: argument unused during compilation: '--gcc-toolchain=E:/DevEco Studio/sdk/default/openharmony/native/llvm' [-Wunused-command-line-argument][33m[39m
[32m[32m[39m
[32m[10/39] Building C object libuv-build/CMakeFiles/uv_a.dir/src/fs-poll.c.o[32m[39m
[33mclang: warning: argument unused during compilation: '--gcc-toolchain=E:/DevEco Studio/sdk/default/openharmony/native/llvm' [-Wunused-command-line-argument][33m[39m
[32m[32m[39m
[32m[11/39] Building C object libuv-build/CMakeFiles/uv_a.dir/src/idna.c.o[32m[39m
[33mclang: warning: argument unused during compilation: '--gcc-toolchain=E:/DevEco Studio/sdk/default/openharmony/native/llvm' [-Wunused-command-line-argument][33m[39m
[32m[32m[39m
[32m[12/39] Building C object libuv-build/CMakeFiles/uv_a.dir/src/unix/async.c.o[32m[39m
[33mclang: warning: argument unused during compilation: '--gcc-toolchain=E:/DevEco Studio/sdk/default/openharmony/native/llvm' [-Wunused-command-line-argument][33m[39m
[32m[32m[39m
[32m[13/39] Building C object libuv-build/CMakeFiles/uv_a.dir/src/unix/getaddrinfo.c.o[32m[39m
[33mclang: warning: argument unused during compilation: '--gcc-toolchain=E:/DevEco Studio/sdk/default/openharmony/native/llvm' [-Wunused-command-line-argument][33m[39m
[32m[32m[39m
[32m[14/39] Building C object libuv-build/CMakeFiles/uv_a.dir/src/threadpool.c.o[32m[39m
[33mclang: warning: argument unused during compilation: '--gcc-toolchain=E:/DevEco Studio/sdk/default/openharmony/native/llvm' [-Wunused-command-line-argument][33m[39m
[32m[32m[39m
[32m[15/39] Building C object libuv-build/CMakeFiles/uv_a.dir/src/unix/getnameinfo.c.o[32m[39m
[33mclang: warning: argument unused during compilation: '--gcc-toolchain=E:/DevEco Studio/sdk/default/openharmony/native/llvm' [-Wunused-command-line-argument][33m[39m
[32m[32m[39m
[32m[16/39] Building C object libuv-build/CMakeFiles/uv_a.dir/src/unix/core.c.o[32m[39m
[33mclang: warning: argument unused during compilation: '--gcc-toolchain=E:/DevEco Studio/sdk/default/openharmony/native/llvm' [-Wunused-command-line-argument][33m[39m
[32m[32m[39m
[32m[17/39] Building C object libuv-build/CMakeFiles/uv_a.dir/src/uv-common.c.o[32m[39m
[33mclang: warning: argument unused during compilation: '--gcc-toolchain=E:/DevEco Studio/sdk/default/openharmony/native/llvm' [-Wunused-command-line-argument][33m[39m
[32m[32m[39m
[32m[18/39] Building C object libuv-build/CMakeFiles/uv_a.dir/src/unix/fs.c.o[32m[39m
[33mclang: warning: argument unused during compilation: '--gcc-toolchain=E:/DevEco Studio/sdk/default/openharmony/native/llvm' [-Wunused-command-line-argument][33m[39m
[32m[32m[39m
[32m[19/39] Building C object libuv-build/CMakeFiles/uv_a.dir/src/unix/random-getrandom.c.o[32m[39m
[33mclang: warning: argument unused during compilation: '--gcc-toolchain=E:/DevEco Studio/sdk/default/openharmony/native/llvm' [-Wunused-command-line-argument][33m[39m
[32m[32m[39m
[32m[20/39] Building C object libuv-build/CMakeFiles/uv_a.dir/src/unix/loop.c.o[32m[39m
[33mclang: warning: argument unused during compilation: '--gcc-toolchain=E:/DevEco Studio/sdk/default/openharmony/native/llvm' [-Wunused-command-line-argument][33m[39m
[32m[32m[39m
[32m[21/39] Building C object libuv-build/CMakeFiles/uv_a.dir/src/unix/thread.c.o[32m[39m
[31mFAILED: libuv-build/CMakeFiles/uv_a.dir/src/unix/thread.c.o [31m[39m
[32m"E:\DevEco Studio\sdk\default\openharmony\native\llvm\bin\clang.exe" --target=x86_64-linux-ohos23.0.0 --gcc-toolchain="E:/DevEco Studio/sdk/default/openharmony/native/llvm" --sysroot="E:/DevEco Studio/sdk/default/openharmony/native/sysroot" -D_FILE_OFFSET_BITS=64 -D_GNU_SOURCE -D_LARGEFILE_SOURCE -D_POSIX_C_SOURCE=200112 -I"E:/DevEco Studio/sdk/default/hms/native/sysroot/usr/include" -ID:/HW/UTDesign/cases/libuv/libuv-base-demo/library/include -ID:/HW/UTDesign/cases/libuv/libuv-base-demo/library/src -fdata-sections -ffunction-sections -funwind-tables -fstack-protector-strong -no-canonical-prefixes -fno-addrsig -Wa,--noexecstack -Wformat -Werror=format-security -Wunguarded-availability  -D__MUSL__ -O0 -g -fno-limit-debug-info  -std=gnu90 -fPIC -fvisibility=hidden -Wstrict-prototypes -Wextra -Wall -Wno-unused-parameter -fno-strict-aliasing -Werror=implicit-function-declaration -MD -MT libuv-build/CMakeFiles/uv_a.dir/src/unix/thread.c.o -MF libuv-build\CMakeFiles\uv_a.dir\src\unix\thread.c.o.d -o libuv-build/CMakeFiles/uv_a.dir/src/unix/thread.c.o -c D:/HW/UTDesign/cases/libuv/libuv-base-demo/library/src/unix/thread.c[32m[39m
[33mclang: warning: argument unused during compilation: '--gcc-toolchain=E:/DevEco Studio/sdk/default/openharmony/native/llvm' [-Wunused-command-line-argument][33m[39m
[31mD:/HW/UTDesign/cases/libuv/libuv-base-demo/library/src/unix/thread.c:223:7: error: implicit declaration of function 'pthread_setaffinity_np' [-Werror,-Wimplicit-function-declaration][31m[39m
[31m  r = pthread_setaffinity_np(*tid, sizeof(cpuset), &cpuset);[31m[39m
[31m      ^[31m[39m
[31mD:/HW/UTDesign/cases/libuv/libuv-base-demo/library/src/unix/thread.c:223:7: note: did you mean 'uv_thread_setaffinity'?[31m[39m
[31mD:/HW/UTDesign/cases/libuv/libuv-base-demo/library/src/unix/thread.c:191:5: note: 'uv_thread_setaffinity' declared here[31m[39m
[31mint uv_thread_setaffinity(uv_thread_t* tid,[31m[39m
[31m    ^[31m[39m
[31mD:/HW/UTDesign/cases/libuv/libuv-base-demo/library/src/unix/thread.c:251:7: error: implicit declaration of function 'pthread_getaffinity_np' [-Werror,-Wimplicit-function-declaration][31m[39m
[31m[31m[39m
[31m  r = pthread_getaffinity_np(*tid, sizeof(cpuset), &cpuset);[31m[39m
[31m[31m[39m
[31m      ^[31m[39m
[31m[31m[39m
[33m2 errors generated.[33m[39m
[32m[32m[39m
[32m[22/39] Building C object libuv-build/CMakeFiles/uv_a.dir/src/unix/procfs-exepath.c.o[32m[39m
[33mclang: warning: argument unused during compilation: '--gcc-toolchain=E:/DevEco Studio/sdk/default/openharmony/native/llvm' [-Wunused-command-line-argument][33m[39m
[32m[32m[39m
[32m[23/39] Building C object libuv-build/CMakeFiles/uv_a.dir/src/unix/poll.c.o[32m[39m
[33mclang: warning: argument unused during compilation: '--gcc-toolchain=E:/DevEco Studio/sdk/default/openharmony/native/llvm' [-Wunused-command-line-argument][33m[39m
[32m[32m[39m
[32m[24/39] Building C object libuv-build/CMakeFiles/uv_a.dir/src/unix/random-devurandom.c.o[32m[39m
[33mclang: warning: argument unused during compilation: '--gcc-toolchain=E:/DevEco Studio/sdk/default/openharmony/native/llvm' [-Wunused-command-line-argument][33m[39m
[32m[32m[39m
[32m[25/39] Building C object libuv-build/CMakeFiles/uv_a.dir/src/unix/loop-watcher.c.o[32m[39m
[33mclang: warning: argument unused during compilation: '--gcc-toolchain=E:/DevEco Studio/sdk/default/openharmony/native/llvm' [-Wunused-command-line-argument][33m[39m
[32m[32m[39m
[32m[26/39] Building C object libuv-build/CMakeFiles/uv_a.dir/src/unix/random-sysctl-linux.c.o[32m[39m
[33mclang: warning: argument unused during compilation: '--gcc-toolchain=E:/DevEco Studio/sdk/default/openharmony/native/llvm' [-Wunused-command-line-argument][33m[39m
[32m[32m[39m
[32m[27/39] Building C object libuv-build/CMakeFiles/uv_a.dir/src/unix/tty.c.o[32m[39m
[33mclang: warning: argument unused during compilation: '--gcc-toolchain=E:/DevEco Studio/sdk/default/openharmony/native/llvm' [-Wunused-command-line-argument][33m[39m
[32m[32m[39m
[32m[28/39] Building C object libuv-build/CMakeFiles/uv_a.dir/src/unix/proctitle.c.o[32m[39m
[33mclang: warning: argument unused during compilation: '--gcc-toolchain=E:/DevEco Studio/sdk/default/openharmony/native/llvm' [-Wunused-command-line-argument][33m[39m
[32m[32m[39m
[32m[29/39] Building C object libuv-build/CMakeFiles/uv_a.dir/src/unix/pipe.c.o[32m[39m
[33mclang: warning: argument unused during compilation: '--gcc-toolchain=E:/DevEco Studio/sdk/default/openharmony/native/llvm' [-Wunused-command-line-argument][33m[39m
[32m[32m[39m
[32m[30/39] Building C object libuv-build/CMakeFiles/uv_a.dir/src/unix/process.c.o[32m[39m
[33mclang: warning: argument unused during compilation: '--gcc-toolchain=E:/DevEco Studio/sdk/default/openharmony/native/llvm' [-Wunused-command-line-argument][33m[39m
[32m[32m[39m
[32m[31/39] Building C object libuv-build/CMakeFiles/uv_a.dir/src/unix/tcp.c.o[32m[39m
[33mclang: warning: argument unused during compilation: '--gcc-toolchain=E:/DevEco Studio/sdk/default/openharmony/native/llvm' [-Wunused-command-line-argument][33m[39m
[32m[32m[39m
[32m[32/39] Building C object libuv-build/CMakeFiles/uv_a.dir/src/unix/signal.c.o[32m[39m
[33mclang: warning: argument unused during compilation: '--gcc-toolchain=E:/DevEco Studio/sdk/default/openharmony/native/llvm' [-Wunused-command-line-argument][33m[39m
[32m[32m[39m
[32m[33/39] Building C object libuv-build/CMakeFiles/uv_a.dir/src/unix/udp.c.o[32m[39m
[33mclang: warning: argument unused during compilation: '--gcc-toolchain=E:/DevEco Studio/sdk/default/openharmony/native/llvm' [-Wunused-command-line-argument][33m[39m
[32m[32m[39m
[32m[34/39] Building C object libuv-build/CMakeFiles/uv_a.dir/src/unix/stream.c.o[32m[39m
[33mclang: warning: argument unused during compilation: '--gcc-toolchain=E:/DevEco Studio/sdk/default/openharmony/native/llvm' [-Wunused-command-line-argument][33m[39m
[33mD:/HW/UTDesign/cases/libuv/libuv-base-demo/library/src/unix/stream.c:990:56: warning: comparison of integers of different signs: 'unsigned long' and 'long' [-Wsign-compare][33m[39m
[33m  for (cmsg = CMSG_FIRSTHDR(msg); cmsg != NULL; cmsg = CMSG_NXTHDR(msg, cmsg)) {[33m[39m
[33m                                                       ^~~~~~~~~~~~~~~~~~~~~~[33m[39m
[33mE:/DevEco Studio/sdk/default/openharmony/native/sysroot/usr/include/sys/socket.h:360:44: note: expanded from macro 'CMSG_NXTHDR'[33m[39m
[33m[33m[39m
[33m        __CMSG_LEN(cmsg) + sizeof(struct cmsghdr) >= __MHDR_END(mhdr) - (unsigned char *)(cmsg) \[33m[39m
[33m[33m[39m
[33m        ~~~~~~~~~~~~~~~~~~~~~~~~~~~~~~~~~~~~~~~~~ ^  ~~~~~~~~~~~~~~~~~~~~~~~~~~~~~~~~~~~~~~~~~~[33m[39m
[33m[33m[39m
[33m1 warning generated.[33m[39m
[32m[32m[39m
[32m[35/39] Building C object libuv-build/CMakeFiles/uv_a.dir/src/unix/linux.c.o[32m[39m
[33mclang: warning: argument unused during compilation: '--gcc-toolchain=E:/DevEco Studio/sdk/default/openharmony/native/llvm' [-Wunused-command-line-argument][33m[39m
[32m[32m[39m
[32m[36/39] Building CXX object CMakeFiles/entry.dir/napi_init.cpp.o[32m[39m
[33mclang++: warning: argument unused during compilation: '--gcc-toolchain=E:/DevEco Studio/sdk/default/openharmony/native/llvm' [-Wunused-command-line-argument][33m[39m
[32m[32m[39m
[32m[37/39] Building CXX object CMakeFiles/entry.dir/libuv_checks.cpp.o[32m[39m
[33mclang++: warning: argument unused during compilation: '--gcc-toolchain=E:/DevEco Studio/sdk/default/openharmony/native/llvm' [-Wunused-command-line-argument][33m[39m
[32m[32m[39m
[31mninja: build stopped: subcommand failed.[31m[39m
undefined
    at ChildProcess.<anonymous> (E:\DevEco Studio\tools\hvigor\hvigor-ohos-plugin\src\tasks\abstract-build-native.js:1:2767)
    at process.processTicksAndRejections (node:internal/process/task_queues:95:5)
[2026-07-28T09:54:00.350] [ERROR] debug-file - Error: Exceptions happened while executing E:\DevEco Studio\sdk\default\openharmony\native\build-tools\cmake\bin\ninja.exe -C D:\HW\UTDesign\cases\libuv\libuv-base-demo\entry\.cxx\default\default\debug\x86_64.
[32mninja: Entering directory `D:\HW\UTDesign\cases\libuv\libuv-base-demo\entry\.cxx\default\default\debug\x86_64'[32m[39m
[32m[1/39] Building C object libuv-build/CMakeFiles/uv_a.dir/src/strtok.c.o[32m[39m
[33mclang: warning: argument unused during compilation: '--gcc-toolchain=E:/DevEco Studio/sdk/default/openharmony/native/llvm' [-Wunused-command-line-argument][33m[39m
[32m[32m[39m
[32m[2/39] Building C object libuv-build/CMakeFiles/uv_a.dir/src/strscpy.c.o[32m[39m
[33mclang: warning: argument unused during compilation: '--gcc-toolchain=E:/DevEco Studio/sdk/default/openharmony/native/llvm' [-Wunused-command-line-argument][33m[39m
[32m[32m[39m
[32m[3/39] Building C object libuv-build/CMakeFiles/uv_a.dir/src/version.c.o[32m[39m
[33mclang: warning: argument unused during compilation: '--gcc-toolchain=E:/DevEco Studio/sdk/default/openharmony/native/llvm' [-Wunused-command-line-argument][33m[39m
[32m[32m[39m
[32m[4/39] Building C object libuv-build/CMakeFiles/uv_a.dir/src/thread-common.c.o[32m[39m
[33mclang: warning: argument unused during compilation: '--gcc-toolchain=E:/DevEco Studio/sdk/default/openharmony/native/llvm' [-Wunused-command-line-argument][33m[39m
[32m[32m[39m
[32m[5/39] Building C object libuv-build/CMakeFiles/uv_a.dir/src/uv-data-getter-setters.c.o[32m[39m
[33mclang: warning: argument unused during compilation: '--gcc-toolchain=E:/DevEco Studio/sdk/default/openharmony/native/llvm' [-Wunused-command-line-argument][33m[39m
[32m[32m[39m
[32m[6/39] Building C object libuv-build/CMakeFiles/uv_a.dir/src/timer.c.o[32m[39m
[33mclang: warning: argument unused during compilation: '--gcc-toolchain=E:/DevEco Studio/sdk/default/openharmony/native/llvm' [-Wunused-command-line-argument][33m[39m
[32m[32m[39m
[32m[7/39] Building C object libuv-build/CMakeFiles/uv_a.dir/src/random.c.o[32m[39m
[33mclang: warning: argument unused during compilation: '--gcc-toolchain=E:/DevEco Studio/sdk/default/openharmony/native/llvm' [-Wunused-command-line-argument][33m[39m
[32m[32m[39m
[32m[8/39] Building C object libuv-build/CMakeFiles/uv_a.dir/src/unix/dl.c.o[32m[39m
[33mclang: warning: argument unused during compilation: '--gcc-toolchain=E:/DevEco Studio/sdk/default/openharmony/native/llvm' [-Wunused-command-line-argument][33m[39m
[32m[32m[39m
[32m[9/39] Building C object libuv-build/CMakeFiles/uv_a.dir/src/inet.c.o[32m[39m
[33mclang: warning: argument unused during compilation: '--gcc-toolchain=E:/DevEco Studio/sdk/default/openharmony/native/llvm' [-Wunused-command-line-argument][33m[39m
[32m[32m[39m
[32m[10/39] Building C object libuv-build/CMakeFiles/uv_a.dir/src/fs-poll.c.o[32m[39m
[33mclang: warning: argument unused during compilation: '--gcc-toolchain=E:/DevEco Studio/sdk/default/openharmony/native/llvm' [-Wunused-command-line-argument][33m[39m
[32m[32m[39m
[32m[11/39] Building C object libuv-build/CMakeFiles/uv_a.dir/src/idna.c.o[32m[39m
[33mclang: warning: argument unused during compilation: '--gcc-toolchain=E:/DevEco Studio/sdk/default/openharmony/native/llvm' [-Wunused-command-line-argument][33m[39m
[32m[32m[39m
[32m[12/39] Building C object libuv-build/CMakeFiles/uv_a.dir/src/unix/async.c.o[32m[39m
[33mclang: warning: argument unused during compilation: '--gcc-toolchain=E:/DevEco Studio/sdk/default/openharmony/native/llvm' [-Wunused-command-line-argument][33m[39m
[32m[32m[39m
[32m[13/39] Building C object libuv-build/CMakeFiles/uv_a.dir/src/unix/getaddrinfo.c.o[32m[39m
[33mclang: warning: argument unused during compilation: '--gcc-toolchain=E:/DevEco Studio/sdk/default/openharmony/native/llvm' [-Wunused-command-line-argument][33m[39m
[32m[32m[39m
[32m[14/39] Building C object libuv-build/CMakeFiles/uv_a.dir/src/threadpool.c.o[32m[39m
[33mclang: warning: argument unused during compilation: '--gcc-toolchain=E:/DevEco Studio/sdk/default/openharmony/native/llvm' [-Wunused-command-line-argument][33m[39m
[32m[32m[39m
[32m[15/39] Building C object libuv-build/CMakeFiles/uv_a.dir/src/unix/getnameinfo.c.o[32m[39m
[33mclang: warning: argument unused during compilation: '--gcc-toolchain=E:/DevEco Studio/sdk/default/openharmony/native/llvm' [-Wunused-command-line-argument][33m[39m
[32m[32m[39m
[32m[16/39] Building C object libuv-build/CMakeFiles/uv_a.dir/src/unix/core.c.o[32m[39m
[33mclang: warning: argument unused during compilation: '--gcc-toolchain=E:/DevEco Studio/sdk/default/openharmony/native/llvm' [-Wunused-command-line-argument][33m[39m
[32m[32m[39m
[32m[17/39] Building C object libuv-build/CMakeFiles/uv_a.dir/src/uv-common.c.o[32m[39m
[33mclang: warning: argument unused during compilation: '--gcc-toolchain=E:/DevEco Studio/sdk/default/openharmony/native/llvm' [-Wunused-command-line-argument][33m[39m
[32m[32m[39m
[32m[18/39] Building C object libuv-build/CMakeFiles/uv_a.dir/src/unix/fs.c.o[32m[39m
[33mclang: warning: argument unused during compilation: '--gcc-toolchain=E:/DevEco Studio/sdk/default/openharmony/native/llvm' [-Wunused-command-line-argument][33m[39m
[32m[32m[39m
[32m[19/39] Building C object libuv-build/CMakeFiles/uv_a.dir/src/unix/random-getrandom.c.o[32m[39m
[33mclang: warning: argument unused during compilation: '--gcc-toolchain=E:/DevEco Studio/sdk/default/openharmony/native/llvm' [-Wunused-command-line-argument][33m[39m
[32m[32m[39m
[32m[20/39] Building C object libuv-build/CMakeFiles/uv_a.dir/src/unix/loop.c.o[32m[39m
[33mclang: warning: argument unused during compilation: '--gcc-toolchain=E:/DevEco Studio/sdk/default/openharmony/native/llvm' [-Wunused-command-line-argument][33m[39m
[32m[32m[39m
[32m[21/39] Building C object libuv-build/CMakeFiles/uv_a.dir/src/unix/thread.c.o[32m[39m
[31mFAILED: libuv-build/CMakeFiles/uv_a.dir/src/unix/thread.c.o [31m[39m
[32m"E:\DevEco Studio\sdk\default\openharmony\native\llvm\bin\clang.exe" --target=x86_64-linux-ohos23.0.0 --gcc-toolchain="E:/DevEco Studio/sdk/default/openharmony/native/llvm" --sysroot="E:/DevEco Studio/sdk/default/openharmony/native/sysroot" -D_FILE_OFFSET_BITS=64 -D_GNU_SOURCE -D_LARGEFILE_SOURCE -D_POSIX_C_SOURCE=200112 -I"E:/DevEco Studio/sdk/default/hms/native/sysroot/usr/include" -ID:/HW/UTDesign/cases/libuv/libuv-base-demo/library/include -ID:/HW/UTDesign/cases/libuv/libuv-base-demo/library/src -fdata-sections -ffunction-sections -funwind-tables -fstack-protector-strong -no-canonical-prefixes -fno-addrsig -Wa,--noexecstack -Wformat -Werror=format-security -Wunguarded-availability  -D__MUSL__ -O0 -g -fno-limit-debug-info  -std=gnu90 -fPIC -fvisibility=hidden -Wstrict-prototypes -Wextra -Wall -Wno-unused-parameter -fno-strict-aliasing -Werror=implicit-function-declaration -MD -MT libuv-build/CMakeFiles/uv_a.dir/src/unix/thread.c.o -MF libuv-build\CMakeFiles\uv_a.dir\src\unix\thread.c.o.d -o libuv-build/CMakeFiles/uv_a.dir/src/unix/thread.c.o -c D:/HW/UTDesign/cases/libuv/libuv-base-demo/library/src/unix/thread.c[32m[39m
[33mclang: warning: argument unused during compilation: '--gcc-toolchain=E:/DevEco Studio/sdk/default/openharmony/native/llvm' [-Wunused-command-line-argument][33m[39m
[31mD:/HW/UTDesign/cases/libuv/libuv-base-demo/library/src/unix/thread.c:223:7: error: implicit declaration of function 'pthread_setaffinity_np' [-Werror,-Wimplicit-function-declaration][31m[39m
[31m  r = pthread_setaffinity_np(*tid, sizeof(cpuset), &cpuset);[31m[39m
[31m      ^[31m[39m
[31mD:/HW/UTDesign/cases/libuv/libuv-base-demo/library/src/unix/thread.c:223:7: note: did you mean 'uv_thread_setaffinity'?[31m[39m
[31mD:/HW/UTDesign/cases/libuv/libuv-base-demo/library/src/unix/thread.c:191:5: note: 'uv_thread_setaffinity' declared here[31m[39m
[31mint uv_thread_setaffinity(uv_thread_t* tid,[31m[39m
[31m    ^[31m[39m
[31mD:/HW/UTDesign/cases/libuv/libuv-base-demo/library/src/unix/thread.c:251:7: error: implicit declaration of function 'pthread_getaffinity_np' [-Werror,-Wimplicit-function-declaration][31m[39m
[31m[31m[39m
[31m  r = pthread_getaffinity_np(*tid, sizeof(cpuset), &cpuset);[31m[39m
[31m[31m[39m
[31m      ^[31m[39m
[31m[31m[39m
[33m2 errors generated.[33m[39m
[32m[32m[39m
[32m[22/39] Building C object libuv-build/CMakeFiles/uv_a.dir/src/unix/procfs-exepath.c.o[32m[39m
[33mclang: warning: argument unused during compilation: '--gcc-toolchain=E:/DevEco Studio/sdk/default/openharmony/native/llvm' [-Wunused-command-line-argument][33m[39m
[32m[32m[39m
[32m[23/39] Building C object libuv-build/CMakeFiles/uv_a.dir/src/unix/poll.c.o[32m[39m
[33mclang: warning: argument unused during compilation: '--gcc-toolchain=E:/DevEco Studio/sdk/default/openharmony/native/llvm' [-Wunused-command-line-argument][33m[39m
[32m[32m[39m
[32m[24/39] Building C object libuv-build/CMakeFiles/uv_a.dir/src/unix/random-devurandom.c.o[32m[39m
[33mclang: warning: argument unused during compilation: '--gcc-toolchain=E:/DevEco Studio/sdk/default/openharmony/native/llvm' [-Wunused-command-line-argument][33m[39m
[32m[32m[39m
[32m[25/39] Building C object libuv-build/CMakeFiles/uv_a.dir/src/unix/loop-watcher.c.o[32m[39m
[33mclang: warning: argument unused during compilation: '--gcc-toolchain=E:/DevEco Studio/sdk/default/openharmony/native/llvm' [-Wunused-command-line-argument][33m[39m
[32m[32m[39m
[32m[26/39] Building C object libuv-build/CMakeFiles/uv_a.dir/src/unix/random-sysctl-linux.c.o[32m[39m
[33mclang: warning: argument unused during compilation: '--gcc-toolchain=E:/DevEco Studio/sdk/default/openharmony/native/llvm' [-Wunused-command-line-argument][33m[39m
[32m[32m[39m
[32m[27/39] Building C object libuv-build/CMakeFiles/uv_a.dir/src/unix/tty.c.o[32m[39m
[33mclang: warning: argument unused during compilation: '--gcc-toolchain=E:/DevEco Studio/sdk/default/openharmony/native/llvm' [-Wunused-command-line-argument][33m[39m
[32m[32m[39m
[32m[28/39] Building C object libuv-build/CMakeFiles/uv_a.dir/src/unix/proctitle.c.o[32m[39m
[33mclang: warning: argument unused during compilation: '--gcc-toolchain=E:/DevEco Studio/sdk/default/openharmony/native/llvm' [-Wunused-command-line-argument][33m[39m
[32m[32m[39m
[32m[29/39] Building C object libuv-build/CMakeFiles/uv_a.dir/src/unix/pipe.c.o[32m[39m
[33mclang: warning: argument unused during compilation: '--gcc-toolchain=E:/DevEco Studio/sdk/default/openharmony/native/llvm' [-Wunused-command-line-argument][33m[39m
[32m[32m[39m
[32m[30/39] Building C object libuv-build/CMakeFiles/uv_a.dir/src/unix/process.c.o[32m[39m
[33mclang: warning: argument unused during compilation: '--gcc-toolchain=E:/DevEco Studio/sdk/default/openharmony/native/llvm' [-Wunused-command-line-argument][33m[39m
[32m[32m[39m
[32m[31/39] Building C object libuv-build/CMakeFiles/uv_a.dir/src/unix/tcp.c.o[32m[39m
[33mclang: warning: argument unused during compilation: '--gcc-toolchain=E:/DevEco Studio/sdk/default/openharmony/native/llvm' [-Wunused-command-line-argument][33m[39m
[32m[32m[39m
[32m[32/39] Building C object libuv-build/CMakeFiles/uv_a.dir/src/unix/signal.c.o[32m[39m
[33mclang: warning: argument unused during compilation: '--gcc-toolchain=E:/DevEco Studio/sdk/default/openharmony/native/llvm' [-Wunused-command-line-argument][33m[39m
[32m[32m[39m
[32m[33/39] Building C object libuv-build/CMakeFiles/uv_a.dir/src/unix/udp.c.o[32m[39m
[33mclang: warning: argument unused during compilation: '--gcc-toolchain=E:/DevEco Studio/sdk/default/openharmony/native/llvm' [-Wunused-command-line-argument][33m[39m
[32m[32m[39m
[32m[34/39] Building C object libuv-build/CMakeFiles/uv_a.dir/src/unix/stream.c.o[32m[39m
[33mclang: warning: argument unused during compilation: '--gcc-toolchain=E:/DevEco Studio/sdk/default/openharmony/native/llvm' [-Wunused-command-line-argument][33m[39m
[33mD:/HW/UTDesign/cases/libuv/libuv-base-demo/library/src/unix/stream.c:990:56: warning: comparison of integers of different signs: 'unsigned long' and 'long' [-Wsign-compare][33m[39m
[33m  for (cmsg = CMSG_FIRSTHDR(msg); cmsg != NULL; cmsg = CMSG_NXTHDR(msg, cmsg)) {[33m[39m
[33m                                                       ^~~~~~~~~~~~~~~~~~~~~~[33m[39m
[33mE:/DevEco Studio/sdk/default/openharmony/native/sysroot/usr/include/sys/socket.h:360:44: note: expanded from macro 'CMSG_NXTHDR'[33m[39m
[33m[33m[39m
[33m        __CMSG_LEN(cmsg) + sizeof(struct cmsghdr) >= __MHDR_END(mhdr) - (unsigned char *)(cmsg) \[33m[39m
[33m[33m[39m
[33m        ~~~~~~~~~~~~~~~~~~~~~~~~~~~~~~~~~~~~~~~~~ ^  ~~~~~~~~~~~~~~~~~~~~~~~~~~~~~~~~~~~~~~~~~~[33m[39m
[33m[33m[39m
[33m1 warning generated.[33m[39m
[32m[32m[39m
[32m[35/39] Building C object libuv-build/CMakeFiles/uv_a.dir/src/unix/linux.c.o[32m[39m
[33mclang: warning: argument unused during compilation: '--gcc-toolchain=E:/DevEco Studio/sdk/default/openharmony/native/llvm' [-Wunused-command-line-argument][33m[39m
[32m[32m[39m
[32m[36/39] Building CXX object CMakeFiles/entry.dir/napi_init.cpp.o[32m[39m
[33mclang++: warning: argument unused during compilation: '--gcc-toolchain=E:/DevEco Studio/sdk/default/openharmony/native/llvm' [-Wunused-command-line-argument][33m[39m
[32m[32m[39m
[32m[37/39] Building CXX object CMakeFiles/entry.dir/libuv_checks.cpp.o[32m[39m
[33mclang++: warning: argument unused during compilation: '--gcc-toolchain=E:/DevEco Studio/sdk/default/openharmony/native/llvm' [-Wunused-command-line-argument][33m[39m
[32m[32m[39m
[31mninja: build stopped: subcommand failed.[31m[39m
undefined
    at ChildProcess.<anonymous> (E:\DevEco Studio\tools\hvigor\hvigor-ohos-plugin\src\tasks\abstract-build-native.js:1:2767)
    at process.processTicksAndRejections (node:internal/process/task_queues:95:5)
[2026-07-28T09:54:00.369] [ERROR] debug-file - BUILD FAILED in 17 s 601 ms 
[2026-07-28T09:54:00.370] [DEBUG] debug-file - There is no need to refresh cache, since the incremental task entry:default@PreBuild is up-to-date.
[2026-07-28T09:54:00.370] [DEBUG] debug-file - Update task entry:default@CreateModuleInfo output file:D:\HW\UTDesign\cases\libuv\libuv-base-demo\entry\build\default\generated\profile\default\ModuleInfo.ts cache.
[2026-07-28T09:54:00.370] [DEBUG] debug-file - Incremental task entry:default@CreateModuleInfo post-execution cost:1 ms .
[2026-07-28T09:54:00.370] [DEBUG] debug-file - Update task entry:default@GenerateMetadata input file:D:\HW\UTDesign\cases\libuv\libuv-base-demo\entry\src\main\module.json5 cache by regenerate.
[2026-07-28T09:54:00.371] [DEBUG] debug-file - Update task entry:default@GenerateMetadata output file:D:\HW\UTDesign\cases\libuv\libuv-base-demo\entry\build\default\intermediates\hap_metadata\default\output_metadata.json cache.
[2026-07-28T09:54:00.371] [DEBUG] debug-file - Incremental task entry:default@GenerateMetadata post-execution cost:1 ms .
[2026-07-28T09:54:00.371] [DEBUG] debug-file - Update task entry:default@MergeProfile input file:D:\HW\UTDesign\cases\libuv\libuv-base-demo\AppScope\app.json5 cache by regenerate.
[2026-07-28T09:54:00.372] [DEBUG] debug-file - Update task entry:default@MergeProfile input file:D:\HW\UTDesign\cases\libuv\libuv-base-demo\build-profile.json5 cache by regenerate.
[2026-07-28T09:54:00.372] [DEBUG] debug-file - Update task entry:default@MergeProfile input file:D:\HW\UTDesign\cases\libuv\libuv-base-demo\entry\src\main\module.json5 cache by regenerate.
[2026-07-28T09:54:00.372] [DEBUG] debug-file - Update task entry:default@MergeProfile output file:D:\HW\UTDesign\cases\libuv\libuv-base-demo\entry\build\default\intermediates\merge_profile\default\module.json cache.
[2026-07-28T09:54:00.372] [DEBUG] debug-file - Incremental task entry:default@MergeProfile post-execution cost:2 ms .
[2026-07-28T09:54:00.372] [DEBUG] debug-file - Update task entry:default@CreateBuildProfile input file:D:\HW\UTDesign\cases\libuv\libuv-base-demo\AppScope\app.json5 cache by regenerate.
[2026-07-28T09:54:00.372] [DEBUG] debug-file - Update task entry:default@CreateBuildProfile input file:D:\HW\UTDesign\cases\libuv\libuv-base-demo\build-profile.json5 cache by regenerate.
[2026-07-28T09:54:00.373] [DEBUG] debug-file - Update task entry:default@CreateBuildProfile output file:D:\HW\UTDesign\cases\libuv\libuv-base-demo\entry\build\default\generated\profile\default\BuildProfile.ets cache.
[2026-07-28T09:54:00.373] [DEBUG] debug-file - Incremental task entry:default@CreateBuildProfile post-execution cost:1 ms .
[2026-07-28T09:54:00.373] [DEBUG] debug-file - Update task entry:default@GeneratePkgContextInfo output file:D:\HW\UTDesign\cases\libuv\libuv-base-demo\entry\build\default\intermediates\loader\default\pkgContextInfo.json cache.
[2026-07-28T09:54:00.373] [DEBUG] debug-file - Incremental task entry:default@GeneratePkgContextInfo post-execution cost:1 ms .
[2026-07-28T09:54:00.373] [DEBUG] debug-file - Update task entry:default@GeneratePkgSdkInfo output file:D:\HW\UTDesign\cases\libuv\libuv-base-demo\entry\build\default\intermediates\loader\default\pkgSdkInfo.json cache.
[2026-07-28T09:54:00.373] [DEBUG] debug-file - Incremental task entry:default@GeneratePkgSdkInfo post-execution cost:1 ms .
[2026-07-28T09:54:00.373] [DEBUG] debug-file - Update task entry:default@ProcessIntegratedHsp output file:D:\HW\UTDesign\cases\libuv\libuv-base-demo\build\cache\default\integrated_hsp\integratedHspCache.json cache.
[2026-07-28T09:54:00.373] [DEBUG] debug-file - Incremental task entry:default@ProcessIntegratedHsp post-execution cost:1 ms .
[2026-07-28T09:54:00.373] [DEBUG] debug-file - Update task entry:default@MakePackInfo input file:D:\HW\UTDesign\cases\libuv\libuv-base-demo\AppScope\app.json5 cache by regenerate.
[2026-07-28T09:54:00.374] [DEBUG] debug-file - Update task entry:default@MakePackInfo input file:D:\HW\UTDesign\cases\libuv\libuv-base-demo\entry\src\main\module.json5 cache by regenerate.
[2026-07-28T09:54:00.374] [DEBUG] debug-file - Update task entry:default@MakePackInfo input file:D:\HW\UTDesign\cases\libuv\libuv-base-demo\build-profile.json5 cache by regenerate.
[2026-07-28T09:54:00.374] [DEBUG] debug-file - Update task entry:default@MakePackInfo output file:D:\HW\UTDesign\cases\libuv\libuv-base-demo\entry\build\default\outputs\default\pack.info cache.
[2026-07-28T09:54:00.374] [DEBUG] debug-file - Incremental task entry:default@MakePackInfo post-execution cost:2 ms .
[2026-07-28T09:54:00.375] [DEBUG] debug-file - Update task entry:default@SyscapTransform input file:E:\DevEco Studio\sdk\default\openharmony\toolchains\syscap_tool.exe cache by regenerate.
[2026-07-28T09:54:00.375] [DEBUG] debug-file - Update task entry:default@SyscapTransform input file:E:\DevEco Studio\sdk\default\openharmony\ets\api\device-define cache by regenerate.
[2026-07-28T09:54:00.376] [DEBUG] debug-file - Update task entry:default@SyscapTransform output file:D:\HW\UTDesign\cases\libuv\libuv-base-demo\entry\build\default\intermediates\syscap\default\rpcid.sc cache.
[2026-07-28T09:54:00.377] [DEBUG] debug-file - Incremental task entry:default@SyscapTransform post-execution cost:3 ms .
[2026-07-28T09:54:00.377] [DEBUG] debug-file - Update task entry:default@ProcessProfile input file:D:\HW\UTDesign\cases\libuv\libuv-base-demo\entry\build\default\intermediates\merge_profile\default\module.json cache from map.
[2026-07-28T09:54:00.377] [DEBUG] debug-file - Update task entry:default@ProcessProfile output file:D:\HW\UTDesign\cases\libuv\libuv-base-demo\entry\build\default\intermediates\process_profile\default\module.json cache.
[2026-07-28T09:54:00.377] [DEBUG] debug-file - Incremental task entry:default@ProcessProfile post-execution cost:1 ms .
[2026-07-28T09:54:00.378] [DEBUG] debug-file - Update task entry:default@ProcessRouterMap input file:D:\HW\UTDesign\cases\libuv\libuv-base-demo\entry\oh-package.json5 cache by regenerate.
[2026-07-28T09:54:00.378] [DEBUG] debug-file - Update task entry:default@ProcessRouterMap input file:D:\HW\UTDesign\cases\libuv\libuv-base-demo\oh-package.json5 cache by regenerate.
[2026-07-28T09:54:00.378] [DEBUG] debug-file - Update task entry:default@ProcessRouterMap input file:D:\HW\UTDesign\cases\libuv\libuv-base-demo\entry\src\main\module.json5 cache by regenerate.
[2026-07-28T09:54:00.379] [DEBUG] debug-file - Update task entry:default@ProcessRouterMap output file:D:\HW\UTDesign\cases\libuv\libuv-base-demo\entry\build\default\intermediates\router_map\default\temp-router-map.json cache.
[2026-07-28T09:54:00.379] [DEBUG] debug-file - Update task entry:default@ProcessRouterMap output file:D:\HW\UTDesign\cases\libuv\libuv-base-demo\entry\build\default\intermediates\router_map\default\loader-router-map.json cache.
[2026-07-28T09:54:00.380] [DEBUG] debug-file - Incremental task entry:default@ProcessRouterMap post-execution cost:3 ms .
[2026-07-28T09:54:00.380] [DEBUG] debug-file - Update task entry:default@ProcessShareConfig input file:D:\HW\UTDesign\cases\libuv\libuv-base-demo\entry\oh-package.json5 cache by regenerate.
[2026-07-28T09:54:00.380] [DEBUG] debug-file - Update task entry:default@ProcessShareConfig input file:D:\HW\UTDesign\cases\libuv\libuv-base-demo\oh-package.json5 cache by regenerate.
[2026-07-28T09:54:00.381] [DEBUG] debug-file - Update task entry:default@ProcessShareConfig input file:D:\HW\UTDesign\cases\libuv\libuv-base-demo\entry\src\main\module.json5 cache by regenerate.
[2026-07-28T09:54:00.381] [DEBUG] debug-file - Update task entry:default@ProcessShareConfig output file:D:\HW\UTDesign\cases\libuv\libuv-base-demo\entry\build\default\intermediates\share_config\default\temp-share-config.json cache.
[2026-07-28T09:54:00.382] [DEBUG] debug-file - Incremental task entry:default@ProcessShareConfig post-execution cost:3 ms .
[2026-07-28T09:54:00.382] [DEBUG] debug-file - Update task entry:default@ProcessStartupConfig output file:D:\HW\UTDesign\cases\libuv\libuv-base-demo\entry\build\default\intermediates\startup\default\startup_config.json cache.
[2026-07-28T09:54:00.382] [DEBUG] debug-file - Incremental task entry:default@ProcessStartupConfig post-execution cost:1 ms .
[2026-07-28T09:54:00.382] [DEBUG] debug-file - Update task entry:default@ProcessResource output file:D:\HW\UTDesign\cases\libuv\libuv-base-demo\entry\build\default\intermediates\res\default\resConfig.json cache.
[2026-07-28T09:54:00.383] [DEBUG] debug-file - Update task entry:default@ProcessResource output file:D:\HW\UTDesign\cases\libuv\libuv-base-demo\entry\build\default\intermediates\res\default\opt-compression.json cache.
[2026-07-28T09:54:00.383] [DEBUG] debug-file - Incremental task entry:default@ProcessResource post-execution cost:1 ms .
[2026-07-28T09:54:00.384] [DEBUG] debug-file - Update task entry:default@GenerateLoaderJson input file:D:\HW\UTDesign\cases\libuv\libuv-base-demo\entry\build\default\intermediates\router_map\default\temp-router-map.json cache from map.
[2026-07-28T09:54:00.384] [DEBUG] debug-file - Update task entry:default@GenerateLoaderJson output file:D:\HW\UTDesign\cases\libuv\libuv-base-demo\entry\build\default\intermediates\loader\default\loader.json cache.
[2026-07-28T09:54:00.385] [DEBUG] debug-file - Incremental task entry:default@GenerateLoaderJson post-execution cost:2 ms .
[2026-07-28T09:54:00.386] [DEBUG] debug-file - Update task entry:default@CompileResource input file:D:\HW\UTDesign\cases\libuv\libuv-base-demo\entry\src\main\resources cache by regenerate.
[2026-07-28T09:54:00.388] [DEBUG] debug-file - Update task entry:default@CompileResource input file:D:\HW\UTDesign\cases\libuv\libuv-base-demo\AppScope\resources cache by regenerate.
[2026-07-28T09:54:00.389] [DEBUG] debug-file - Update task entry:default@CompileResource input file:D:\HW\UTDesign\cases\libuv\libuv-base-demo\entry\build\default\intermediates\process_profile\default\module.json cache from map.
[2026-07-28T09:54:00.389] [DEBUG] debug-file - Update task entry:default@CompileResource input file:D:\HW\UTDesign\cases\libuv\libuv-base-demo\entry\build\default\intermediates\res\default\resConfig.json cache by regenerate.
[2026-07-28T09:54:00.390] [DEBUG] debug-file - Update task entry:default@CompileResource output file:D:\HW\UTDesign\cases\libuv\libuv-base-demo\entry\build\default\intermediates\res\default cache.
[2026-07-28T09:54:00.396] [DEBUG] debug-file - Update task entry:default@CompileResource output file:D:\HW\UTDesign\cases\libuv\libuv-base-demo\entry\build\default\generated\r\default\ResourceTable.h cache.
[2026-07-28T09:54:00.396] [DEBUG] debug-file - Update task entry:default@CompileResource output file:D:\HW\UTDesign\cases\libuv\libuv-base-demo\entry\build\default\generated\r\default\ResourceTable.ts cache.
[2026-07-28T09:54:00.396] [DEBUG] debug-file - Update task entry:default@CompileResource output file:D:\HW\UTDesign\cases\libuv\libuv-base-demo\entry\build\default\generated\r\default cache.
[2026-07-28T09:54:00.398] [DEBUG] debug-file - Incremental task entry:default@CompileResource post-execution cost:13 ms .
[2026-07-28T09:54:00.399] [DEBUG] debug-file - Update task entry:default@CompileArkTS input file:D:\HW\UTDesign\cases\libuv\libuv-base-demo\entry\build\default\intermediates\loader\default cache from map.
[2026-07-28T09:54:00.399] [DEBUG] debug-file - Update task entry:default@CompileArkTS input file:D:\HW\UTDesign\cases\libuv\libuv-base-demo\entry\build\default\intermediates\res\default\ResourceTable.txt cache by regenerate.
[2026-07-28T09:54:00.399] [DEBUG] debug-file - Update task entry:default@CompileArkTS input file:D:\HW\UTDesign\cases\libuv\libuv-base-demo\entry\build\default\intermediates\res\default\ark_module.json cache by regenerate.
[2026-07-28T09:54:00.399] [DEBUG] debug-file - Update task entry:default@CompileArkTS input file:D:\HW\UTDesign\cases\libuv\libuv-base-demo\entry\build\default\intermediates\res\default\resources\base\profile cache by regenerate.
[2026-07-28T09:54:00.400] [DEBUG] debug-file - Update task entry:default@CompileArkTS input file:D:\HW\UTDesign\cases\libuv\libuv-base-demo\entry\src\main\ets cache by regenerate.
[2026-07-28T09:54:00.400] [DEBUG] debug-file - Update task entry:default@CompileArkTS input file:D:\HW\UTDesign\cases\libuv\libuv-base-demo\entry\build\default\generated\profile\default\BuildProfile.ets cache by regenerate.
[2026-07-28T09:54:00.400] [DEBUG] debug-file - Update task entry:default@CompileArkTS input file:D:\HW\UTDesign\cases\libuv\libuv-base-demo\entry\src\main\cpp\types cache by regenerate.
[2026-07-28T09:54:00.401] [DEBUG] debug-file - Update task entry:default@CompileArkTS output file:D:\HW\UTDesign\cases\libuv\libuv-base-demo\entry\build\default\intermediates\loader_out\default\ets cache.
[2026-07-28T09:54:00.401] [DEBUG] debug-file - Incremental task entry:default@CompileArkTS post-execution cost:4 ms .
[2026-07-28T09:54:00.402] [DEBUG] debug-file - Update task entry:default@BuildJS input file:D:\HW\UTDesign\cases\libuv\libuv-base-demo\entry\build\default\intermediates\loader\default cache by regenerate.
[2026-07-28T09:54:00.403] [DEBUG] debug-file - Update task entry:default@BuildJS input file:D:\HW\UTDesign\cases\libuv\libuv-base-demo\entry\build\default\intermediates\res\default\ResourceTable.txt cache by regenerate.
[2026-07-28T09:54:00.403] [DEBUG] debug-file - Update task entry:default@BuildJS input file:D:\HW\UTDesign\cases\libuv\libuv-base-demo\entry\build\default\intermediates\res\default\ark_module.json cache by regenerate.
[2026-07-28T09:54:00.403] [DEBUG] debug-file - Update task entry:default@BuildJS input file:D:\HW\UTDesign\cases\libuv\libuv-base-demo\entry\build\default\intermediates\res\default\resources\base\profile cache by regenerate.
[2026-07-28T09:54:00.404] [DEBUG] debug-file - Update task entry:default@BuildJS output file:D:\HW\UTDesign\cases\libuv\libuv-base-demo\entry\build\default\intermediates\loader_out\default\js cache.
[2026-07-28T09:54:00.404] [DEBUG] debug-file - Incremental task entry:default@BuildJS post-execution cost:3 ms .
[2026-07-28T09:54:00.472] [DEBUG] debug-file - worker[14] exits with exit code 1.
[2026-07-28T09:54:00.472] [DEBUG] debug-file - A work dispatched to worker[14] failed because unable to get work from ready queue.
[2026-07-28T09:54:00.473] [DEBUG] debug-file - Current worker pool is stopped or closed.
[2026-07-28T09:54:00.473] [DEBUG] debug-file - Clear worker 0.
[2026-07-28T09:54:00.474] [DEBUG] debug-file - Worker 0 has been cleared.
[2026-07-28T09:54:00.474] [DEBUG] debug-file - Current idle worker size: 3.
[2026-07-28T09:54:00.474] [DEBUG] debug-file - Current busy worker size: 0.
[2026-07-28T09:54:00.474] [DEBUG] debug-file - Clear worker 1.
[2026-07-28T09:54:00.474] [DEBUG] debug-file - Worker 1 has been cleared.
[2026-07-28T09:54:00.474] [DEBUG] debug-file - Current idle worker size: 2.
[2026-07-28T09:54:00.474] [DEBUG] debug-file - Current busy worker size: 0.
[2026-07-28T09:54:00.474] [DEBUG] debug-file - Clear worker 13.
[2026-07-28T09:54:00.474] [DEBUG] debug-file - Worker 13 has been cleared.
[2026-07-28T09:54:00.474] [DEBUG] debug-file - Current idle worker size: 1.
[2026-07-28T09:54:00.474] [DEBUG] debug-file - Current busy worker size: 0.
[2026-07-28T09:54:00.474] [DEBUG] debug-file - Clear worker 4.
[2026-07-28T09:54:00.474] [DEBUG] debug-file - Worker 4 has been cleared.
[2026-07-28T09:54:00.474] [DEBUG] debug-file - Current idle worker size: 0.
[2026-07-28T09:54:00.474] [DEBUG] debug-file - Current busy worker size: 0.
[2026-07-28T09:54:00.476] [DEBUG] debug-file - hvigor build process will be closed.
[2026-07-28T09:54:00.482] [DEBUG] debug-file - Current worker pool is terminated.
[2026-07-28T09:54:00.482] [DEBUG] debug-file - worker[0] exits with exit code 1.
[2026-07-28T09:54:00.483] [DEBUG] debug-file - worker[1] exits with exit code 1.
[2026-07-28T09:54:00.492] [DEBUG] debug-file - worker[13] exits with exit code 1.
[2026-07-28T09:54:00.572] [DEBUG] debug-file - worker[4] exits with exit code 1.
