[2026-07-28T09:35:45.816] [DEBUG] debug-file - env: nodejsVersion=v18.20.1
[2026-07-28T09:35:46.392] [DEBUG] debug-file - Hvigor init with startParameters:{
  hvigorfileTypeCheck: false,
  parallelExecution: true,
  incrementalExecution: true,
  printStackTrace: false,
  daemon: false,
  analyze: 0,
  logLevel: Level { level: 20000, levelStr: 'INFO', colour: 'green' },
  optimizationStrategy: 'memory',
  hotCompile: undefined,
  hotReloadBuild: undefined,
  customizedParam: undefined
}
[2026-07-28T09:35:50.301] [DEBUG] debug-file - hvigorfile, require result:  { default: { system: [Function: appTasks], plugins: [] } }
[2026-07-28T09:35:50.303] [DEBUG] debug-file - Starting plugin build process
[2026-07-28T09:35:50.523] [DEBUG] debug-file - Start initialize project's product build option map with build mode debug.
[2026-07-28T09:35:50.520] [DEBUG] debug-file - App plugin register hook start...
[2026-07-28T09:35:50.528] [DEBUG] debug-file - Obtain build option for product 'default'in this build.
[2026-07-28T09:35:50.542] [DEBUG] debug-file - Start recording SDK configuration permission data.
[2026-07-28T09:35:50.609] [DEBUG] debug-file - failed to load cangjie to dynamically generate schemas: Error: Cannot find module '@ohos/cangjie-build-support/index'
Require stack:
- E:\DevEco Studio\tools\hvigor\hvigor-ohos-plugin\src\plugin\hooks\cangjie-register.js
- E:\DevEco Studio\tools\hvigor\hvigor-ohos-plugin\src\plugin\strategy\stage-init-strategy.js
- E:\DevEco Studio\tools\hvigor\hvigor-ohos-plugin\src\plugin\builder\abstract-plugin-builder.js
- E:\DevEco Studio\tools\hvigor\hvigor-ohos-plugin\src\plugin\builder\app-plugin-builder.js
- E:\DevEco Studio\tools\hvigor\hvigor-ohos-plugin\src\plugin\factory\plugin-factory.js
- E:\DevEco Studio\tools\hvigor\hvigor-ohos-plugin\index.js
- D:\HW\UTDesign\cases\libuv\libuv-golden-demo\hvigorfile.ts
- E:\DevEco Studio\tools\hvigor\hvigor\src\base\internal\lifecycle\configuration.js
- E:\DevEco Studio\tools\hvigor\hvigor\src\base\boot\index.js
- E:\DevEco Studio\tools\hvigor\hvigor\src\cli\main\cli.js
- E:\DevEco Studio\tools\hvigor\hvigor\bin\hvigor.js
[2026-07-28T09:35:50.600] [DEBUG] debug-file - Project task initialization takes 9 ms 
[2026-07-28T09:35:50.635] [DEBUG] debug-file - project has submodules:entry
[2026-07-28T09:35:50.625] [DEBUG] debug-file - Start initialize module-target build option map, moduleName=entry, buildMode=debug
[2026-07-28T09:35:45.818] [DEBUG] debug-file - env: hvigor-config.json5 content = {
  modelVersion: '6.1.0',
  dependencies: {},
  execution: {},
  logging: {},
  debugging: {},
  nodeOptions: {}
}
[2026-07-28T09:35:50.637] [DEBUG] debug-file - Start to initialize dependency information.
[2026-07-28T09:35:50.643] [DEBUG] debug-file - Start to initialize dependency information.
[2026-07-28T09:35:50.655] [DEBUG] debug-file - entry : clean cost memory 0.112274169921875
[2026-07-28T09:35:46.393] [DEBUG] debug-file - Since current hvigor version 6.23.5 differs from last hvigor version 
      undefined, delete file-cache.json and task-cache.json.
[2026-07-28T09:35:50.718] [DEBUG] debug-file - Create  resident worker with id: 0.
[2026-07-28T09:35:50.302] [DEBUG] debug-file - hvigorfile, binding system plugins [Function: appTasks]
[2026-07-28T09:35:50.303] [DEBUG] debug-file - App plugin prepare start...
[2026-07-28T09:35:50.523] [DEBUG] debug-file - Picking option from product 'default' with build mode 'debug'.
[2026-07-28T09:35:50.521] [DEBUG] debug-file - App plugin register hook end...
[2026-07-28T09:35:50.531] [DEBUG] debug-file - No signingConfig found, initRemoteHspCache failed.
[2026-07-28T09:35:50.589] [DEBUG] debug-file - Sdk init in 58 ms 
[2026-07-28T09:35:50.600] [DEBUG] debug-file - hvigorfile, begin to bind custom plugins...
[2026-07-28T09:35:50.626] [DEBUG] debug-file - Target 'default' config initialized
[2026-07-28T09:35:45.820] [DEBUG] debug-file - env: daemon=false
[2026-07-28T09:35:50.641] [DEBUG] debug-file - Module libuv-golden-demo Collected Dependency: 
[2026-07-28T09:35:50.647] [DEBUG] debug-file - Module entry Collected Dependency: 
[2026-07-28T09:35:50.655] [DEBUG] debug-file - runTaskFromQueue task cost before running: 4 s 273 ms 
[2026-07-28T09:35:46.393] [DEBUG] debug-file - Cache service initialization finished in 1 ms 
[2026-07-28T09:35:50.724] [DEBUG] debug-file - Create  resident worker with id: 1.
[2026-07-28T09:35:50.304] [DEBUG] debug-file - App plugin prepare end...
[2026-07-28T09:35:50.523] [DEBUG] debug-file - Product 'default' build option initialized
[2026-07-28T09:35:50.521] [DEBUG] debug-file - Plugin build process completed
[2026-07-28T09:35:50.533] [DEBUG] debug-file - Local scan or download HarmonyOS sdk components toolchains,ets,js,native,previewer
[2026-07-28T09:35:50.600] [DEBUG] debug-file - hvigorfile, no custom plugins were found in D:\HW\UTDesign\cases\libuv\libuv-golden-demo\hvigorfile.ts
[2026-07-28T09:35:50.641] [DEBUG] debug-file - Module libuv-golden-demo's total dependency: 0
[2026-07-28T09:35:50.647] [DEBUG] debug-file - Module entry's total dependency: 0
[2026-07-28T09:35:50.656] [INFO] debug-file - Finished :entry:clean... after 3 ms 
[2026-07-28T09:35:45.820] [DEBUG] debug-file - no-daemon, use the parent process.execArgv --max-old-space-size=8192,--max-semi-space-size=16,--expose-gc
[2026-07-28T09:35:50.626] [DEBUG] debug-file - Target 'ohosTest' config initialized
[2026-07-28T09:35:46.396] [DEBUG] debug-file - hvigorfile, resolving D:\HW\UTDesign\cases\libuv\libuv-golden-demo\hvigorfile.ts
[2026-07-28T09:35:50.733] [DEBUG] debug-file - Current worker pool is stopped or closed.
[2026-07-28T09:35:50.304] [DEBUG] debug-file - App plugin creating...
[2026-07-28T09:35:50.523] [DEBUG] debug-file - End initialize project's product build option map with build mode 'debug'.
[2026-07-28T09:35:50.538] [DEBUG] debug-file - Local scan or download hmscore sdk components toolchains,ets,native
[2026-07-28T09:35:50.600] [DEBUG] debug-file - hvigorfile, resolve finished D:\HW\UTDesign\cases\libuv\libuv-golden-demo\hvigorfile.ts
[2026-07-28T09:35:50.650] [DEBUG] debug-file - Configuration phase cost:4 s 256 ms 
[2026-07-28T09:35:50.657] [DEBUG] debug-file - Executing task ::clean
[2026-07-28T09:35:50.627] [DEBUG] debug-file - Module 'entry' target 'default' build option initialized
[2026-07-28T09:35:50.735] [DEBUG] debug-file - Clear worker 0.
[2026-07-28T09:35:50.601] [DEBUG] debug-file - hvigorfile, resolving D:\HW\UTDesign\cases\libuv\libuv-golden-demo\entry\hvigorfile.ts
[2026-07-28T09:35:50.652] [DEBUG] debug-file - Configuration task cost before running: 4 s 271 ms 
[2026-07-28T09:35:50.657] [DEBUG] debug-file - clean: Worker pool is inactive.
[2026-07-28T09:35:50.627] [DEBUG] debug-file - Module 'entry' target 'ohosTest' build option initialized
[2026-07-28T09:35:50.735] [DEBUG] debug-file - Worker 0 has been cleared.
[2026-07-28T09:35:50.608] [DEBUG] debug-file - hvigorfile, require result:  { default: { system: [Function: hapTasks], plugins: [] } }
[2026-07-28T09:35:50.653] [DEBUG] debug-file - Executing task :entry:clean
[2026-07-28T09:35:50.657] [DEBUG] debug-file - libuv-golden-demo : clean cost memory 0.02069854736328125
[2026-07-28T09:35:50.627] [DEBUG] debug-file - End initialize module-target build option map, moduleName=entry
[2026-07-28T09:35:50.736] [DEBUG] debug-file - Current idle worker size: 1.
[2026-07-28T09:35:50.608] [DEBUG] debug-file - hvigorfile, binding system plugins [Function: hapTasks]
[2026-07-28T09:35:50.653] [DEBUG] debug-file - clean: Worker pool is inactive.
[2026-07-28T09:35:50.627] [DEBUG] debug-file - Start initialize module-target build option map, moduleName=entry, buildMode=release
[2026-07-28T09:35:50.657] [DEBUG] debug-file - runTaskFromQueue task cost before running: 4 s 275 ms 
[2026-07-28T09:35:50.736] [DEBUG] debug-file - Current busy worker size: 0.
[2026-07-28T09:35:50.608] [DEBUG] debug-file - Starting plugin build process
[2026-07-28T09:35:50.627] [DEBUG] debug-file - Target 'default' config initialized
[2026-07-28T09:35:50.657] [INFO] debug-file - Finished ::clean... after 1 ms 
[2026-07-28T09:35:50.736] [DEBUG] debug-file - Clear worker 1.
[2026-07-28T09:35:50.672] [INFO] debug-file - BUILD SUCCESSFUL in 4 s 290 ms 
[2026-07-28T09:35:50.608] [DEBUG] debug-file - Hap plugin creating...
[2026-07-28T09:35:50.627] [DEBUG] debug-file - Target 'ohosTest' config initialized
[2026-07-28T09:35:50.708] [DEBUG] debug-file - Since there is no instance or instance is terminated, create a new worker pool.
[2026-07-28T09:35:50.736] [DEBUG] debug-file - Worker 1 has been cleared.
[2026-07-28T09:35:50.628] [DEBUG] debug-file - Module 'entry' target 'default' build option initialized
[2026-07-28T09:35:50.708] [DEBUG] debug-file - Worker pool is initialized with config:  {
  minPoolNum: 2,
  maxPoolNum: undefined,
  maxCoreSize: undefined,
  cacheCapacity: undefined,
  cacheTtl: undefined
}
[2026-07-28T09:35:50.736] [DEBUG] debug-file - Current idle worker size: 0.
[2026-07-28T09:35:50.628] [DEBUG] debug-file - Module 'entry' target 'ohosTest' build option initialized
[2026-07-28T09:35:50.736] [DEBUG] debug-file - Current busy worker size: 0.
[2026-07-28T09:35:50.628] [DEBUG] debug-file - End initialize module-target build option map, moduleName=entry
[2026-07-28T09:35:50.745] [DEBUG] debug-file - hvigor build process will be closed.
[2026-07-28T09:35:50.628] [DEBUG] debug-file - Start initialize module-target build option map, moduleName=entry, buildMode=debug
[2026-07-28T09:35:50.628] [DEBUG] debug-file - Target 'default' config initialized
[2026-07-28T09:35:50.757] [DEBUG] debug-file - worker[0] exits with exit code 0.
[2026-07-28T09:35:50.628] [DEBUG] debug-file - Target 'ohosTest' config initialized
[2026-07-28T09:35:50.628] [DEBUG] debug-file - Module 'entry' target 'default' build option initialized
[2026-07-28T09:35:50.759] [DEBUG] debug-file - worker[1] exits with exit code 0.
[2026-07-28T09:35:50.628] [DEBUG] debug-file - Module 'entry' target 'ohosTest' build option initialized
[2026-07-28T09:35:50.628] [DEBUG] debug-file - End initialize module-target build option map, moduleName=entry
[2026-07-28T09:35:50.764] [DEBUG] debug-file - Current worker pool is terminated.
[2026-07-28T09:35:50.629] [DEBUG] debug-file - Obtain build option for module 'entry' target 'default'in this build.
[2026-07-28T09:35:50.634] [DEBUG] debug-file - Module entry task initialization takes 4 ms 
[2026-07-28T09:35:50.634] [DEBUG] debug-file - Hap plugin register hook start...
[2026-07-28T09:35:50.634] [DEBUG] debug-file - Hap plugin register hook end...
[2026-07-28T09:35:50.634] [DEBUG] debug-file - Plugin build process completed
[2026-07-28T09:35:50.634] [DEBUG] debug-file - hvigorfile, begin to bind custom plugins...
[2026-07-28T09:35:50.634] [DEBUG] debug-file - hvigorfile, no custom plugins were found in D:\HW\UTDesign\cases\libuv\libuv-golden-demo\entry\hvigorfile.ts
[2026-07-28T09:35:50.634] [DEBUG] debug-file - hvigorfile, resolve finished D:\HW\UTDesign\cases\libuv\libuv-golden-demo\entry\hvigorfile.ts
[2026-07-28T09:36:15.967] [DEBUG] debug-file - env: nodejsVersion=v18.20.1
[2026-07-28T09:36:16.609] [DEBUG] debug-file - Hvigor init with startParameters:{
  hvigorfileTypeCheck: false,
  parallelExecution: true,
  incrementalExecution: true,
  printStackTrace: false,
  daemon: false,
  analyze: 0,
  logLevel: Level { level: 20000, levelStr: 'INFO', colour: 'green' },
  optimizationStrategy: 'memory',
  hotCompile: undefined,
  hotReloadBuild: undefined,
  customizedParam: undefined
}
[2026-07-28T09:36:19.163] [DEBUG] debug-file - hvigorfile, require result:  { default: { system: [Function: appTasks], plugins: [] } }
[2026-07-28T09:36:19.169] [DEBUG] debug-file - Starting plugin build process
[2026-07-28T09:36:19.454] [DEBUG] debug-file - Start initialize project's product build option map with build mode debug.
[2026-07-28T09:36:19.450] [DEBUG] debug-file - App plugin register hook start...
[2026-07-28T09:36:19.468] [DEBUG] debug-file - Obtain build option for product 'default'in this build.
[2026-07-28T09:36:19.484] [DEBUG] debug-file - Start recording SDK configuration permission data.
[2026-07-28T09:36:19.552] [DEBUG] debug-file - failed to load cangjie to dynamically generate schemas: Error: Cannot find module '@ohos/cangjie-build-support/index'
Require stack:
- E:\DevEco Studio\tools\hvigor\hvigor-ohos-plugin\src\plugin\hooks\cangjie-register.js
- E:\DevEco Studio\tools\hvigor\hvigor-ohos-plugin\src\plugin\strategy\stage-init-strategy.js
- E:\DevEco Studio\tools\hvigor\hvigor-ohos-plugin\src\plugin\builder\abstract-plugin-builder.js
- E:\DevEco Studio\tools\hvigor\hvigor-ohos-plugin\src\plugin\builder\app-plugin-builder.js
- E:\DevEco Studio\tools\hvigor\hvigor-ohos-plugin\src\plugin\factory\plugin-factory.js
- E:\DevEco Studio\tools\hvigor\hvigor-ohos-plugin\index.js
- D:\HW\UTDesign\cases\libuv\libuv-golden-demo\hvigorfile.ts
- E:\DevEco Studio\tools\hvigor\hvigor\src\base\internal\lifecycle\configuration.js
- E:\DevEco Studio\tools\hvigor\hvigor\src\base\boot\index.js
- E:\DevEco Studio\tools\hvigor\hvigor\src\cli\main\cli.js
- E:\DevEco Studio\tools\hvigor\hvigor\bin\hvigor.js
[2026-07-28T09:36:19.539] [DEBUG] debug-file - Project task initialization takes 9 ms 
[2026-07-28T09:36:19.568] [DEBUG] debug-file - Start initialize module-target build option map, moduleName=entry, buildMode=debug
[2026-07-28T09:36:19.587] [DEBUG] debug-file - start to load updatedOhPackageInfo to the disk
[2026-07-28T09:36:19.604] [DEBUG] debug-file - Start to initialize dependency information.
[2026-07-28T09:36:19.584] [DEBUG] debug-file - project has submodules:entry
[2026-07-28T09:36:15.969] [DEBUG] debug-file - env: hvigor-config.json5 content = {
  modelVersion: '6.1.0',
  dependencies: {},
  execution: {},
  logging: {},
  debugging: {},
  nodeOptions: {}
}
[2026-07-28T09:36:19.831] [DEBUG] debug-file - Executing task :entry:default@GenerateMetadata
[2026-07-28T09:36:19.626] [DEBUG] debug-file - Executing task :entry:default@PreBuild
[2026-07-28T09:36:16.612] [DEBUG] debug-file - Cache service initialization finished in 3 ms 
[2026-07-28T09:36:19.164] [DEBUG] debug-file - hvigorfile, binding system plugins [Function: appTasks]
[2026-07-28T09:36:19.169] [DEBUG] debug-file - App plugin prepare start...
[2026-07-28T09:36:19.454] [DEBUG] debug-file - Picking option from product 'default' with build mode 'debug'.
[2026-07-28T09:36:19.451] [DEBUG] debug-file - App plugin register hook end...
[2026-07-28T09:36:19.472] [DEBUG] debug-file - No signingConfig found, initRemoteHspCache failed.
[2026-07-28T09:36:19.528] [DEBUG] debug-file - Sdk init in 55 ms 
[2026-07-28T09:36:19.539] [DEBUG] debug-file - hvigorfile, begin to bind custom plugins...
[2026-07-28T09:36:19.569] [DEBUG] debug-file - Target 'default' config initialized
[2026-07-28T09:36:19.595] [DEBUG] debug-file - load to the disk finished
[2026-07-28T09:36:19.609] [DEBUG] debug-file - Module entry Collected Dependency: 
[2026-07-28T09:36:15.972] [DEBUG] debug-file - env: daemon=false
[2026-07-28T09:36:19.832] [DEBUG] debug-file - Task 'entry:default@GenerateMetadata' cost while wrapping incremental declarations: 1 ms 
[2026-07-28T09:36:19.628] [DEBUG] debug-file - Task 'entry:default@PreBuild' cost while wrapping incremental declarations: 1 ms 
[2026-07-28T09:36:16.615] [DEBUG] debug-file - hvigorfile, resolving D:\HW\UTDesign\cases\libuv\libuv-golden-demo\hvigorfile.ts
[2026-07-28T09:36:19.169] [DEBUG] debug-file - App plugin prepare end...
[2026-07-28T09:36:19.455] [DEBUG] debug-file - Product 'default' build option initialized
[2026-07-28T09:36:19.451] [DEBUG] debug-file - Plugin build process completed
[2026-07-28T09:36:19.475] [DEBUG] debug-file - Local scan or download HarmonyOS sdk components toolchains,ets,js,native,previewer
[2026-07-28T09:36:19.539] [DEBUG] debug-file - hvigorfile, no custom plugins were found in D:\HW\UTDesign\cases\libuv\libuv-golden-demo\hvigorfile.ts
[2026-07-28T09:36:19.569] [DEBUG] debug-file - Target 'ohosTest' config initialized
[2026-07-28T09:36:19.609] [DEBUG] debug-file - Module entry's total dependency: 0
[2026-07-28T09:36:19.597] [DEBUG] debug-file - Start to initialize dependency information.
[2026-07-28T09:36:19.836] [DEBUG] debug-file - entry : default@GenerateMetadata cost memory 0.062164306640625
[2026-07-28T09:36:15.972] [DEBUG] debug-file - no-daemon, use the parent process.execArgv --max-old-space-size=8192,--max-semi-space-size=16,--expose-gc
[2026-07-28T09:36:19.814] [DEBUG] debug-file - current product is not Atomic service.
[2026-07-28T09:36:19.169] [DEBUG] debug-file - App plugin creating...
[2026-07-28T09:36:19.455] [DEBUG] debug-file - End initialize project's product build option map with build mode 'debug'.
[2026-07-28T09:36:19.479] [DEBUG] debug-file - Local scan or download hmscore sdk components toolchains,ets,native
[2026-07-28T09:36:19.539] [DEBUG] debug-file - hvigorfile, resolve finished D:\HW\UTDesign\cases\libuv\libuv-golden-demo\hvigorfile.ts
[2026-07-28T09:36:19.570] [DEBUG] debug-file - Module 'entry' target 'default' build option initialized
[2026-07-28T09:36:19.614] [DEBUG] debug-file - Configuration phase cost:3 s 2 ms 
[2026-07-28T09:36:19.602] [DEBUG] debug-file - Module libuv-golden-demo Collected Dependency: 
[2026-07-28T09:36:19.837] [DEBUG] debug-file - runTaskFromQueue task cost before running: 3 s 244 ms 
[2026-07-28T09:36:19.815] [DEBUG] debug-file - Use tool [win32: JAVA_HOME, CLASSPATH]
 [ { JAVA_HOME: 'E:\\Java\\jdk-21.0.11' }, { CLASSPATH: undefined } ]
[2026-07-28T09:36:19.540] [DEBUG] debug-file - hvigorfile, resolving D:\HW\UTDesign\cases\libuv\libuv-golden-demo\entry\hvigorfile.ts
[2026-07-28T09:36:19.570] [DEBUG] debug-file - Module 'entry' target 'ohosTest' build option initialized
[2026-07-28T09:36:19.617] [DEBUG] debug-file - Configuration task cost before running: 3 s 24 ms 
[2026-07-28T09:36:19.602] [DEBUG] debug-file - Module libuv-golden-demo's total dependency: 0
[2026-07-28T09:36:19.837] [INFO] debug-file - Finished :entry:default@GenerateMetadata... after 6 ms 
[2026-07-28T09:36:19.815] [DEBUG] debug-file - Use tool [win32: NODE_HOME]
 [ { NODE_HOME: undefined } ]
[2026-07-28T09:36:19.550] [DEBUG] debug-file - hvigorfile, require result:  { default: { system: [Function: hapTasks], plugins: [] } }
[2026-07-28T09:36:19.570] [DEBUG] debug-file - End initialize module-target build option map, moduleName=entry
[2026-07-28T09:36:19.839] [DEBUG] debug-file - Executing task :entry:default@ConfigureCmake
[2026-07-28T09:36:19.816] [DEBUG] debug-file - entry : default@PreBuild cost memory 9.11224365234375
[2026-07-28T09:36:19.550] [DEBUG] debug-file - hvigorfile, binding system plugins [Function: hapTasks]
[2026-07-28T09:36:19.570] [DEBUG] debug-file - Start initialize module-target build option map, moduleName=entry, buildMode=release
[2026-07-28T09:36:19.816] [DEBUG] debug-file - runTaskFromQueue task cost before running: 3 s 223 ms 
[2026-07-28T09:36:19.550] [DEBUG] debug-file - Starting plugin build process
[2026-07-28T09:36:19.570] [DEBUG] debug-file - Target 'default' config initialized
[2026-07-28T09:36:19.819] [INFO] debug-file - Finished :entry:default@PreBuild... after 190 ms 
[2026-07-28T09:36:19.550] [DEBUG] debug-file - Hap plugin creating...
[2026-07-28T09:36:19.570] [DEBUG] debug-file - Target 'ohosTest' config initialized
[2026-07-28T09:36:19.821] [DEBUG] debug-file - Executing task :entry:default@CreateModuleInfo
[2026-07-28T09:36:19.571] [DEBUG] debug-file - Module 'entry' target 'default' build option initialized
[2026-07-28T09:36:19.821] [DEBUG] debug-file - Task 'entry:default@CreateModuleInfo' cost while wrapping incremental declarations: 1 ms 
[2026-07-28T09:36:19.571] [DEBUG] debug-file - Module 'entry' target 'ohosTest' build option initialized
[2026-07-28T09:36:19.821] [DEBUG] debug-file - entry : default@CreateModuleInfo cost memory 0.0123443603515625
[2026-07-28T09:36:19.571] [DEBUG] debug-file - End initialize module-target build option map, moduleName=entry
[2026-07-28T09:36:19.821] [DEBUG] debug-file - runTaskFromQueue task cost before running: 3 s 229 ms 
[2026-07-28T09:36:19.571] [DEBUG] debug-file - Start initialize module-target build option map, moduleName=entry, buildMode=debug
[2026-07-28T09:36:19.822] [INFO] debug-file - Finished :entry:default@CreateModuleInfo... after 1 ms 
[2026-07-28T09:36:19.571] [DEBUG] debug-file - Target 'default' config initialized
[2026-07-28T09:36:19.572] [DEBUG] debug-file - Target 'ohosTest' config initialized
[2026-07-28T09:36:19.572] [DEBUG] debug-file - Module 'entry' target 'default' build option initialized
[2026-07-28T09:36:19.572] [DEBUG] debug-file - Module 'entry' target 'ohosTest' build option initialized
[2026-07-28T09:36:19.572] [DEBUG] debug-file - End initialize module-target build option map, moduleName=entry
[2026-07-28T09:36:19.572] [DEBUG] debug-file - Obtain build option for module 'entry' target 'default'in this build.
[2026-07-28T09:36:19.581] [DEBUG] debug-file - Module entry task initialization takes 8 ms 
[2026-07-28T09:36:19.582] [DEBUG] debug-file - Hap plugin register hook start...
[2026-07-28T09:36:19.582] [DEBUG] debug-file - Hap plugin register hook end...
[2026-07-28T09:36:19.582] [DEBUG] debug-file - Plugin build process completed
[2026-07-28T09:36:19.582] [DEBUG] debug-file - hvigorfile, begin to bind custom plugins...
[2026-07-28T09:36:19.582] [DEBUG] debug-file - hvigorfile, no custom plugins were found in D:\HW\UTDesign\cases\libuv\libuv-golden-demo\entry\hvigorfile.ts
[2026-07-28T09:36:19.582] [DEBUG] debug-file - hvigorfile, resolve finished D:\HW\UTDesign\cases\libuv\libuv-golden-demo\entry\hvigorfile.ts
[2026-07-28T09:36:19.878] [DEBUG] debug-file - entry : default@ConfigureCmake cost memory 1.4253463745117188
[2026-07-28T09:36:19.878] [DEBUG] debug-file - runTaskFromQueue task cost before running: 3 s 285 ms 
[2026-07-28T09:36:19.895] [DEBUG] debug-file - Executing task :entry:default@PreCheckSyscap
[2026-07-28T09:36:19.888] [DEBUG] debug-file - Executing task :entry:default@CreateBuildProfile
[2026-07-28T09:36:19.900] [DEBUG] debug-file - Executing task :entry:default@GeneratePkgContextInfo
[2026-07-28T09:36:19.878] [INFO] debug-file - Finished :entry:default@ConfigureCmake... after 40 ms 
[2026-07-28T09:36:19.896] [DEBUG] debug-file - entry : default@PreCheckSyscap cost memory 0.01358795166015625
[2026-07-28T09:36:19.931] [DEBUG] debug-file - Executing task :entry:default@BuildNativeWithCmake
[2026-07-28T09:36:19.889] [DEBUG] debug-file - Task 'entry:default@CreateBuildProfile' cost while wrapping incremental declarations: 1 ms 
[2026-07-28T09:36:19.911] [DEBUG] debug-file - Task 'entry:default@GeneratePkgContextInfo' cost while wrapping incremental declarations: 1 ms 
[2026-07-28T09:36:19.880] [DEBUG] debug-file - Executing task :entry:default@MergeProfile
[2026-07-28T09:36:19.926] [DEBUG] debug-file - Executing task :entry:default@ProcessIntegratedHsp
[2026-07-28T09:36:19.896] [DEBUG] debug-file - runTaskFromQueue task cost before running: 3 s 303 ms 
[2026-07-28T09:36:19.892] [DEBUG] debug-file - entry : default@CreateBuildProfile cost memory 0.07061004638671875
[2026-07-28T09:36:19.912] [DEBUG] debug-file - entry : default@GeneratePkgContextInfo cost memory 0.46457672119140625
[2026-07-28T09:36:19.881] [DEBUG] debug-file - Task 'entry:default@MergeProfile' cost while wrapping incremental declarations: 1 ms 
[2026-07-28T09:36:19.927] [DEBUG] debug-file - entry : default@ProcessIntegratedHsp cost memory 0.02896881103515625
[2026-07-28T09:36:19.896] [INFO] debug-file - Finished :entry:default@PreCheckSyscap... after 1 ms 
[2026-07-28T09:36:19.892] [DEBUG] debug-file - runTaskFromQueue task cost before running: 3 s 299 ms 
[2026-07-28T09:36:19.913] [DEBUG] debug-file - runTaskFromQueue task cost before running: 3 s 320 ms 
[2026-07-28T09:36:19.882] [DEBUG] debug-file - Change app api release type with 'Release'
[2026-07-28T09:36:19.927] [DEBUG] debug-file - runTaskFromQueue task cost before running: 3 s 335 ms 
[2026-07-28T09:36:19.937] [DEBUG] debug-file - Use tool [Cmake]
 [
  'E:\\DevEco Studio\\sdk\\default\\openharmony\\native\\build-tools\\cmake\\bin\\cmake.exe',
  '-HD:\\HW\\UTDesign\\cases\\libuv\\libuv-golden-demo\\entry\\src\\main\\cpp',
  '-BD:\\HW\\UTDesign\\cases\\libuv\\libuv-golden-demo\\entry\\.cxx\\default\\default\\debug\\x86_64',
  '-DOHOS_ARCH=x86_64',
  '-DCMAKE_LIBRARY_OUTPUT_DIRECTORY=D:\\HW\\UTDesign\\cases\\libuv\\libuv-golden-demo\\entry\\build\\default\\intermediates\\cmake\\default\\obj\\x86_64',
  '-DCMAKE_BUILD_TYPE=Debug',
  '-DOHOS_SDK_NATIVE=E:\\DevEco Studio\\sdk\\default\\openharmony\\native',
  '-DCMAKE_SYSTEM_NAME=OHOS',
  '-DCMAKE_OHOS_ARCH_ABI=x86_64',
  '-DCMAKE_EXPORT_COMPILE_COMMANDS=ON',
  '-DCMAKE_TOOLCHAIN_FILE=E:\\DevEco Studio\\sdk\\default\\hms\\native\\build\\cmake\\hmos.toolchain.cmake',
  '-GNinja',
  '-DCMAKE_MAKE_PROGRAM=E:\\DevEco Studio\\sdk\\default\\openharmony\\native\\build-tools\\cmake\\bin\\ninja.exe',
  '-DCMAKE_FIND_ROOT_PATH=D:\\HW\\UTDesign\\cases\\libuv\\libuv-golden-demo\\entry\\.cxx\\default\\default\\debug\\hvigor\\x86_64',
  '-DPACKAGE_FIND_FILE=D:\\HW\\UTDesign\\cases\\libuv\\libuv-golden-demo\\entry\\.cxx\\default\\default\\debug\\hvigor\\x86_64\\summary.cmake',
  '--no-warn-unused-cli',
  '-DCMAKE_CXX_FLAGS=-std=c++17',
  '-DHMOS_SDK_NATIVE=E:\\DevEco Studio\\sdk\\default\\hms\\native',
  '-DOHOS_COMPATIBLE_SDK_VERSION=6.1.0(23)'
]
[2026-07-28T09:36:19.892] [INFO] debug-file - Finished :entry:default@CreateBuildProfile... after 4 ms 
[2026-07-28T09:36:19.913] [INFO] debug-file - Finished :entry:default@GeneratePkgContextInfo... after 14 ms 
[2026-07-28T09:36:19.882] [DEBUG] debug-file - Change app compile API version with '6.1.0.105'
[2026-07-28T09:36:19.914] [DEBUG] debug-file - Executing task :entry:default@GeneratePkgSdkInfo
[2026-07-28T09:36:19.928] [INFO] debug-file - Finished :entry:default@ProcessIntegratedHsp... after 2 ms 
[2026-07-28T09:36:19.882] [DEBUG] debug-file - Change app target API version with '60100023'
[2026-07-28T09:36:19.918] [DEBUG] debug-file - Task 'entry:default@GeneratePkgSdkInfo' cost while wrapping incremental declarations: 1 ms 
[2026-07-28T09:36:19.882] [DEBUG] debug-file - Change app minimum API version with '60100023'
[2026-07-28T09:36:19.919] [DEBUG] debug-file - entry : default@GeneratePkgSdkInfo cost memory 0.27254486083984375
[2026-07-28T09:36:19.942] [DEBUG] debug-file - Clean CMakeCache.txt due to outdated CMake configuration.
[2026-07-28T09:36:19.882] [DEBUG] debug-file - Use cli appEnvironment
[2026-07-28T09:36:19.919] [DEBUG] debug-file - runTaskFromQueue task cost before running: 3 s 327 ms 
[2026-07-28T09:36:19.885] [DEBUG] debug-file - entry : default@MergeProfile cost memory 0.128570556640625
[2026-07-28T09:36:19.920] [INFO] debug-file - Finished :entry:default@GeneratePkgSdkInfo... after 6 ms 
[2026-07-28T09:36:19.885] [DEBUG] debug-file - runTaskFromQueue task cost before running: 3 s 293 ms 
[2026-07-28T09:36:19.944] [DEBUG] debug-file - - no fingerprint file, will remove stale cache CMakeCache.txt
[2026-07-28T09:36:19.886] [INFO] debug-file - Finished :entry:default@MergeProfile... after 6 ms 
[2026-07-28T09:36:19.947] [DEBUG] debug-file - Since there is no instance or instance is terminated, create a new worker pool.
[2026-07-28T09:36:19.949] [DEBUG] debug-file - Create  resident worker with id: 0.
[2026-07-28T09:36:19.961] [DEBUG] debug-file - Executing task :entry:default@MakePackInfo
[2026-07-28T09:36:19.978] [DEBUG] debug-file - Executing task :entry:default@ProcessProfile
[2026-07-28T09:36:19.970] [DEBUG] debug-file - Executing task :entry:default@SyscapTransform
[2026-07-28T09:36:21.880] [DEBUG] debug-file - Executing task :entry:default@ProcessRouterMap
[2026-07-28T09:36:21.902] [DEBUG] debug-file - Executing task :entry:default@ProcessStartupConfig
[2026-07-28T09:36:19.947] [DEBUG] debug-file - Worker pool is initialized with config:  {
  minPoolNum: 2,
  maxPoolNum: undefined,
  maxCoreSize: undefined,
  cacheCapacity: undefined,
  cacheTtl: undefined
}
[2026-07-28T09:36:19.952] [DEBUG] debug-file - Create  resident worker with id: 1.
[2026-07-28T09:36:21.892] [DEBUG] debug-file - Executing task :entry:default@ProcessShareConfig
[2026-07-28T09:36:21.854] [DEBUG] debug-file - 13.0.1.0
[2026-07-28T09:36:19.964] [DEBUG] debug-file - Module Pack Info:  {
  summary: {
    app: { bundleName: 'c***n', bundleType: 'app', version: [Object] },
    modules: [ [Object] ]
  },
  packages: [
    {
      deviceType: [Array],
      moduleType: 'entry',
      deliveryWithInstall: true,
      name: 'entry-default'
    }
  ]
}
[2026-07-28T09:36:21.936] [DEBUG] debug-file - Executing task :entry:default@CompileResource
[2026-07-28T09:36:21.919] [DEBUG] debug-file - Executing task :entry:default@GenerateLoaderJson
[2026-07-28T09:36:19.980] [DEBUG] debug-file - Task 'entry:default@ProcessProfile' cost while wrapping incremental declarations: 1 ms 
[2026-07-28T09:36:21.909] [DEBUG] debug-file - Executing task :entry:default@ProcessResource
[2026-07-28T09:36:19.971] [DEBUG] debug-file - File: 'D:\HW\UTDesign\cases\libuv\libuv-golden-demo\entry\src\main\syscap.json' from 'sysCapJsonPath' is not exists, just ignore.
[2026-07-28T09:36:21.947] [DEBUG] debug-file - current process  memoryUsage: {
  rss: 358199296,
  heapTotal: 166834176,
  heapUsed: 143328432,
  external: 3252156,
  arrayBuffers: 216756
} os memoryUsage :12.716167449951172
[2026-07-28T09:36:21.889] [DEBUG] debug-file - entry : default@ProcessRouterMap cost memory 0.095458984375
[2026-07-28T09:36:21.863] [DEBUG] debug-file - No need to add fake ui ability because of not in preview process.
[2026-07-28T09:36:19.967] [DEBUG] debug-file - entry : default@MakePackInfo cost memory 0.133880615234375
[2026-07-28T09:36:21.945] [DEBUG] debug-file - Use tool [E:\DevEco Studio\sdk\default\openharmony\toolchains\restool.exe]
 [
  'E:\\DevEco Studio\\sdk\\default\\openharmony\\toolchains\\restool.exe',
  '-l',
  'D:\\HW\\UTDesign\\cases\\libuv\\libuv-golden-demo\\entry\\build\\default\\intermediates\\res\\default\\resConfig.json'
]
[2026-07-28T09:36:21.919] [DEBUG] debug-file - Task 'entry:default@GenerateLoaderJson' cost while wrapping incremental declarations: 1 ms 
[2026-07-28T09:36:19.982] [DEBUG] debug-file - [
  'E:\\DevEco Studio\\tools\\node\\node.exe',
  'E:\\DevEco Studio\\sdk\\default\\openharmony\\ets\\build-tools\\ets-loader\\bin\\ark\\ts2abc.js',
  '--target-api-version',
  '23'
]
[2026-07-28T09:36:21.909] [DEBUG] debug-file - Task 'entry:default@ProcessResource' cost while wrapping incremental declarations: 1 ms 
[2026-07-28T09:36:19.972] [DEBUG] debug-file - Task 'entry:default@SyscapTransform' cost while wrapping incremental declarations: 2 ms 
[2026-07-28T09:36:19.954] [DEBUG] debug-file - default@BuildNativeWithCmake work[0] is submitted.
[2026-07-28T09:36:21.902] [DEBUG] debug-file - Task 'entry:default@ProcessStartupConfig' cost while wrapping incremental declarations: 1 ms 
[2026-07-28T09:36:21.899] [DEBUG] debug-file - entry : default@ProcessShareConfig cost memory 0.07460784912109375
[2026-07-28T09:36:21.889] [DEBUG] debug-file - runTaskFromQueue task cost before running: 5 s 296 ms 
[2026-07-28T09:36:21.870] [DEBUG] debug-file - entry : default@ProcessProfile cost memory 1.9629364013671875
[2026-07-28T09:36:19.967] [DEBUG] debug-file - runTaskFromQueue task cost before running: 3 s 374 ms 
[2026-07-28T09:36:21.930] [DEBUG] debug-file - entry : default@GenerateLoaderJson cost memory 0.6194534301757812
[2026-07-28T09:36:21.913] [DEBUG] debug-file - entry : default@ProcessResource cost memory 0.13570404052734375
[2026-07-28T09:36:19.972] [DEBUG] debug-file - entry : default@SyscapTransform cost memory 0.04803466796875
[2026-07-28T09:36:19.955] [DEBUG] debug-file - default@BuildNativeWithCmake work[0] is pushed to ready queue.
[2026-07-28T09:36:21.904] [DEBUG] debug-file - entry : default@ProcessStartupConfig cost memory 0.064208984375
[2026-07-28T09:36:21.899] [DEBUG] debug-file - runTaskFromQueue task cost before running: 5 s 307 ms 
[2026-07-28T09:36:21.889] [INFO] debug-file - Finished :entry:default@ProcessRouterMap... after 10 ms 
[2026-07-28T09:36:21.870] [DEBUG] debug-file - runTaskFromQueue task cost before running: 5 s 277 ms 
[2026-07-28T09:36:19.967] [INFO] debug-file - Finished :entry:default@MakePackInfo... after 6 ms 
[2026-07-28T09:36:21.930] [DEBUG] debug-file - runTaskFromQueue task cost before running: 5 s 337 ms 
[2026-07-28T09:36:21.914] [DEBUG] debug-file - runTaskFromQueue task cost before running: 5 s 321 ms 
[2026-07-28T09:36:19.973] [DEBUG] debug-file - runTaskFromQueue task cost before running: 3 s 380 ms 
[2026-07-28T09:36:19.955] [DEBUG] debug-file - A work dispatched to worker[15] failed because unable to get work from ready queue.
[2026-07-28T09:36:21.904] [DEBUG] debug-file - runTaskFromQueue task cost before running: 5 s 311 ms 
[2026-07-28T09:36:21.900] [INFO] debug-file - Finished :entry:default@ProcessShareConfig... after 8 ms 
[2026-07-28T09:36:21.871] [INFO] debug-file - Finished :entry:default@ProcessProfile... after 1 s 892 ms 
[2026-07-28T09:36:21.933] [INFO] debug-file - Finished :entry:default@GenerateLoaderJson... after 12 ms 
[2026-07-28T09:36:21.915] [INFO] debug-file - Finished :entry:default@ProcessResource... after 6 ms 
[2026-07-28T09:36:19.973] [INFO] debug-file - Finished :entry:default@SyscapTransform... after 3 ms 
[2026-07-28T09:36:19.955] [DEBUG] debug-file - Create  resident worker with id: 14.
[2026-07-28T09:36:21.904] [INFO] debug-file - Finished :entry:default@ProcessStartupConfig... after 2 ms 
[2026-07-28T09:36:21.935] [DEBUG] debug-file - restool module names: entry; moduleName=entry, taskName=default@CompileResource
[2026-07-28T09:36:19.957] [DEBUG] debug-file - default@BuildNativeWithCmake work[0] has been dispatched to worker[14].
[2026-07-28T09:36:21.906] [DEBUG] debug-file - restool module names: entry; moduleName=entry, taskName=default@ProcessResource
[2026-07-28T09:36:19.957] [DEBUG] debug-file - default@BuildNativeWithCmake work[0] is dispatched.
[2026-07-28T09:36:19.957] [DEBUG] debug-file - entry : default@BuildNativeWithCmake cost memory 1.0900650024414062
[2026-07-28T09:36:23.018] [DEBUG] debug-file - Info: Pack: normal pack mode

[2026-07-28T09:36:23.083] [DEBUG] debug-file - Info: hardware concurrency count is : 16
Info: thread count is : 16

[2026-07-28T09:36:23.084] [DEBUG] debug-file - Info: thread pool is started

[2026-07-28T09:36:23.084] [DEBUG] debug-file - Info: GenericCompiler::CompileFiles

[2026-07-28T09:36:23.090] [DEBUG] debug-file - Info: GenericCompiler::CompileFiles

[2026-07-28T09:36:23.098] [DEBUG] debug-file - 07-28 09:36:23.098 13876 43212 E C01400/ImageTranscoderUtils: DecodeToRGBA IN
07-28 09:36:23.098 13876 43212 E C01400/ImageTranscoderUtils: ImageFilter IN D:\HW\UTDesign\cases\libuv\libuv-golden-demo\AppScope\resources\base\media\app_icon.png

[2026-07-28T09:36:23.145] [DEBUG] debug-file - Info: restool resources compile success.

[2026-07-28T09:36:23.145] [DEBUG] debug-file - Info: thread pool is stopped

[2026-07-28T09:36:23.898] [DEBUG] debug-file - Not searching for unused variables given on the command line.

[2026-07-28T09:36:26.156] [DEBUG] debug-file - -- The C compiler identification is Clang 15.0.4

[2026-07-28T09:36:26.924] [DEBUG] debug-file - -- The CXX compiler identification is Clang 15.0.4

[2026-07-28T09:36:28.982] [DEBUG] debug-file - -- Detecting C compiler ABI info

[2026-07-28T09:36:29.667] [DEBUG] debug-file - -- Detecting C compiler ABI info - done

[2026-07-28T09:36:29.683] [DEBUG] debug-file - -- Check for working C compiler: E:/DevEco Studio/sdk/default/openharmony/native/llvm/bin/clang.exe - skipped

[2026-07-28T09:36:29.684] [DEBUG] debug-file - -- Detecting C compile features

[2026-07-28T09:36:29.686] [DEBUG] debug-file - -- Detecting C compile features - done

[2026-07-28T09:36:29.852] [DEBUG] debug-file - -- Detecting CXX compiler ABI info

[2026-07-28T09:36:30.723] [DEBUG] debug-file - -- Detecting CXX compiler ABI info - done

[2026-07-28T09:36:30.737] [DEBUG] debug-file - -- Check for working CXX compiler: E:/DevEco Studio/sdk/default/openharmony/native/llvm/bin/clang++.exe - skipped

[2026-07-28T09:36:30.737] [DEBUG] debug-file - -- Detecting CXX compile features

[2026-07-28T09:36:30.740] [DEBUG] debug-file - -- Detecting CXX compile features - done

[2026-07-28T09:36:30.749] [WARN] debug-file - CMake Error at CMakeLists.txt:9 (add_subdirectory):
  add_subdirectory given source "D:/HW/UTDesign/cases/libuv/library" which is
  not an existing directory.



[2026-07-28T09:36:30.750] [DEBUG] debug-file - -- Configuring incomplete, errors occurred!

[2026-07-28T09:36:30.769] [DEBUG] debug-file - entry : default@CompileResource cost memory 0.7885055541992188
[2026-07-28T09:36:30.769] [DEBUG] debug-file - runTaskFromQueue task cost before running: 14 s 176 ms 
[2026-07-28T09:36:30.771] [INFO] debug-file - Finished :entry:default@CompileResource... after 8 s 833 ms 
[2026-07-28T09:36:30.857] [DEBUG] debug-file - Executing task :entry:default@BuildJS
[2026-07-28T09:36:30.774] [DEBUG] debug-file - Executing task :entry:default@CompileArkTS
[2026-07-28T09:36:30.858] [DEBUG] debug-file - Task 'entry:default@BuildJS' cost while wrapping incremental declarations: 1 ms 
[2026-07-28T09:36:30.775] [DEBUG] debug-file - obfuscationOptions: undefined
[2026-07-28T09:36:30.870] [DEBUG] debug-file - entry : default@BuildJS cost memory 0.1599578857421875
[2026-07-28T09:36:30.786] [DEBUG] debug-file - Task 'entry:default@CompileArkTS' cost while wrapping incremental declarations: 1 ms 
[2026-07-28T09:36:30.870] [DEBUG] debug-file - runTaskFromQueue task cost before running: 14 s 277 ms 
[2026-07-28T09:36:30.840] [DEBUG] debug-file - build config:
[2026-07-28T09:36:30.870] [INFO] debug-file - Finished :entry:default@BuildJS... after 13 ms 
[2026-07-28T09:36:30.840] [DEBUG] debug-file - {
  moduleType: 'entry',
  perf: 0,
  targetName: '.default',
  packageManagerType: 'ohpm',
  localPropertiesPath: 'D:\\HW\\UTDesign\\cases\\libuv\\libuv-golden-demo\\local.properties',
  isPreview: false,
  isOhosTest: false,
  isLocalTest: false,
  buildMode: 'Debug',
  hotReloadBuild: undefined,
  watchMode: 'false',
  aceProfilePath: 'D:\\HW\\UTDesign\\cases\\libuv\\libuv-golden-demo\\entry\\build\\default\\intermediates\\res\\default\\resources\\base\\profile',
  etsLoaderPath: 'E:\\DevEco Studio\\sdk\\default\\openharmony\\ets\\build-tools\\ets-loader',
  modulePath: 'D:\\HW\\UTDesign\\cases\\libuv\\libuv-golden-demo\\entry',
  testFrameworkPar: {
    testMode: undefined,
    coveragePathFilter: undefined,
    coverageMode: undefined
  },
  needCoverageInsert: false,
  debugLine: false,
  projectTopDir: 'D:\\HW\\UTDesign\\cases\\libuv\\libuv-golden-demo',
  compileSdkVersion: 23,
  compatibleSdkVersion: 23,
  originCompatibleSdkVersion: '6.1.0(23)',
  compatibleSdkVersionStage: undefined,
  bundleName: 'c***n',
  etsLoaderVersion: '6.1.0.105',
  etsLoaderReleaseType: 'Release',
  aotCompileMode: 'type',
  apPath: 'D:\\HW\\UTDesign\\cases\\libuv\\libuv-golden-demo\\entry\\modules.ap',
  entryModuleName: 'entry',
  entryModuleVersion: '1.0.0',
  entryPackageName: 'entry',
  allModuleNameHash: '0c41aa2ce588995904699f5f36eceff65d12a57451948b947162a49d8fb4beee',
  externalApiPaths: [ 'E:\\DevEco Studio\\sdk\\default\\hms\\ets' ],
  compilerTypes: [],
  isCrossplatform: false,
  hvigorPluginFile: undefined,
  compilePluginPath: undefined,
  buildGeneratedProfilePath: 'D:\\HW\\UTDesign\\cases\\libuv\\libuv-golden-demo\\entry\\build\\default\\generated\\profile\\default',
  bundleType: 'app',
  arkTSVersion: undefined,
  apiVersion: 23,
  needCompleteSourcesMap: false,
  isFaMode: false,
  buildDir: 'D:\\HW\\UTDesign\\cases\\libuv\\libuv-golden-demo\\entry\\build',
  deviceTypes: [ '2in1' ],
  pkgContextInfo: undefined,
  ohPackagePathMap: {},
  dependencyAliasMap: {},
  permission: { requestPermissions: undefined, definePermissions: undefined },
  useGetCurrentBundleName: false,
  projectArkOption: undefined,
  sourceMapDir: undefined,
  branchElimination: false,
  transformLib: undefined,
  tsImportSendable: false,
  resolveConflictMode: true,
  depName2RootPath: {},
  depName2DepInfo: {},
  depName2OhExports: {},
  rootPathSet: [ 'D:\\HW\\UTDesign\\cases\\libuv\\libuv-golden-demo' ],
  useNativeResolver: true,
  shouldEmitJs: true,
  useTscResolve: false,
  singleFileEmit: false,
  userProjectConfig: {
    autoLazyImport: false,
    allowEmptyBundleName: false,
    reExportCheckMode: 'noCheck',
    executionMode: 'memory',
    usePathPlaceholder: false,
    writeRollupCache: true,
    isExpandImportEnabled: false,
    expandImportExclude: '',
    lazyImportExclude: '',
    lazyImportInclude: '',
    ignoreCrossplatformCheck: false,
    isHarDeduplicateEnabled: false,
    skipOhModulesLint: false,
    enableStrictCheckOHModule: false,
    disableSendableCheckRules: [],
    useDeclarationFileSignature: false,
    customizedOptions: undefined,
    integratedHsp: false,
    isPreloadSoEnabled: false
  },
  executionMode: 'memory',
  arkCompileCachePath: 'D:\\HW\\UTDesign\\cases\\libuv\\libuv-golden-demo\\entry\\build\\default\\cache\\default\\default@CompileArkTS\\esmodule',
  autoLazyFilter: undefined,
  isHarDeduplicateEnabled: false,
  intermediateHarDuplicateDirPath: 'D:\\HW\\UTDesign\\cases\\libuv\\libuv-golden-demo\\entry\\build\\default\\intermediates\\har_duplicate\\default',
  autoLazyImport: false,
  allowEmptyBundleName: false,
  reExportCheckMode: 'noCheck',
  usePathPlaceholder: false,
  writeRollupCache: true,
  isExpandImportEnabled: false,
  expandImportExclude: '',
  lazyImportExclude: '',
  lazyImportInclude: '',
  ignoreCrossplatformCheck: false,
  skipOhModulesLint: false,
  enableStrictCheckOHModule: false,
  disableSendableCheckRules: [],
  useDeclarationFileSignature: false,
  customizedOptions: undefined,
  integratedHsp: false,
  isPreloadSoEnabled: false,
  strictMode: undefined,
  useNormalizedOHMUrl: false,
  caseSensitiveCheck: false,
  aceModuleJsonPath: 'D:\\HW\\UTDesign\\cases\\libuv\\libuv-golden-demo\\entry\\build\\default\\intermediates\\res\\default\\ark_module.json',
  appResource: 'D:\\HW\\UTDesign\\cases\\libuv\\libuv-golden-demo\\entry\\build\\default\\intermediates\\res\\default\\ResourceTable.txt',
  rawFileResource: 'D:\\HW\\UTDesign\\cases\\libuv\\libuv-golden-demo\\entry\\build\\default\\intermediates\\res\\default\\resources\\rawfile',
  resourceTableHash: '0f09b429b371a6f162359917e8bf68f1d1a81abfb007e38c000dadae708d7c6a',
  runtimeOS: 'HarmonyOS',
  sdkInfo: 'false:23:6.1.0.105:Release',
  aceModuleRoot: 'D:\\HW\\UTDesign\\cases\\libuv\\libuv-golden-demo\\entry\\src\\main\\ets',
  compileMode: 'esmodule',
  aceSuperVisualPath: 'D:\\HW\\UTDesign\\cases\\libuv\\libuv-golden-demo\\entry\\src\\main\\supervisual',
  aceBuildJson: 'D:\\HW\\UTDesign\\cases\\libuv\\libuv-golden-demo\\entry\\build\\default\\intermediates\\loader\\default\\loader.json',
  cachePath: 'D:\\HW\\UTDesign\\cases\\libuv\\libuv-golden-demo\\entry\\build\\default\\cache\\default\\default@CompileArkTS\\esmodule\\debug',
  aceModuleBuild: 'D:\\HW\\UTDesign\\cases\\libuv\\libuv-golden-demo\\entry\\build\\default\\intermediates\\loader_out\\default\\ets',
  supportChunks: true,
  declaredFilesPath: undefined,
  shouldCollectDirectImportees: false,
  isByteCodeHarOptimize: false,
  expandImportPath: undefined,
  resourceTableTs: 'D:\\HW\\UTDesign\\cases\\libuv\\libuv-golden-demo\\entry\\build\\default\\generated\\r\\default\\ResourceTable.ts',
  moduleMetaInfoFiles: [
    {
      filePath: 'D:\\HW\\UTDesign\\cases\\libuv\\libuv-golden-demo\\entry\\build\\default\\generated\\r\\default\\ResourceTable.ts',
      ohmurl: 'com.thirdparty.validation.libuv.golden/entry/build/generated/r/ResourceTable'
    }
  ],
  pkgNameToPkgBriefInfo: {
    entry: {
      pkgRoot: 'D:\\HW\\UTDesign\\cases\\libuv\\libuv-golden-demo\\entry',
      originalSourceRoots: undefined,
      sourceRoots: [Array],
      pkgName: 'entry'
    }
  },
  projectModel: {
    'D:\\HW\\UTDesign\\cases\\libuv\\libuv-golden-demo\\entry\\src\\main': {
      moduleName: 'entry',
      modulePkgPath: 'D:\\HW\\UTDesign\\cases\\libuv\\libuv-golden-demo\\entry',
      belongProjectPath: 'D:\\HW\\UTDesign\\cases\\libuv\\libuv-golden-demo'
    },
    'D:\\HW\\UTDesign\\cases\\libuv\\libuv-golden-demo\\entry\\src\\ohosTest': {
      moduleName: 'entry_test',
      modulePkgPath: 'D:\\HW\\UTDesign\\cases\\libuv\\libuv-golden-demo\\entry',
      belongProjectPath: 'D:\\HW\\UTDesign\\cases\\libuv\\libuv-golden-demo'
    },
    'D:\\HW\\UTDesign\\cases\\libuv\\libuv-golden-demo\\entry': {
      moduleName: 'entry',
      modulePkgPath: 'D:\\HW\\UTDesign\\cases\\libuv\\libuv-golden-demo\\entry',
      belongProjectPath: 'D:\\HW\\UTDesign\\cases\\libuv\\libuv-golden-demo'
    },
    'D:\\HW\\UTDesign\\cases\\libuv\\libuv-golden-demo': {
      moduleName: 'libuv-golden-demo',
      modulePkgPath: 'D:\\HW\\UTDesign\\cases\\libuv\\libuv-golden-demo',
      belongProjectPath: 'D:\\HW\\UTDesign\\cases\\libuv\\libuv-golden-demo'
    }
  },
  pkgJsonFileHash: 'c71d2661bcaea15ddf7e06a8d0054842d2f9d20842847d5adc14aac205427f87',
  allModulePaths: [ 'D:\\HW\\UTDesign\\cases\\libuv\\libuv-golden-demo\\entry' ],
  routerMap: {},
  obfuscationOptions: undefined,
  byteCodeHarToDependencyKeys: undefined,
  compileBlockPkg: [],
  mockParams: {
    decorator: '@MockSetup',
    packageName: '@ohos/hamock',
    etsSourceRootPath: 'src/main/ets',
    mockConfigPath: undefined,
    mockConfigKey2ModuleInfo: {},
    source2ModuleIdMap: {}
  },
  copyCodeResourceEnable: true,
  copyCodeResourceExcludes: [],
  copyCodeResourceIncludes: undefined,
  uiTransformOptimization: false,
  sdkPath: 'E:/DevEco Studio/sdk',
  needPreloadSoFileSet: {},
  preloadSoFilePath: 'D:\\HW\\UTDesign\\cases\\libuv\\libuv-golden-demo\\entry\\build\\default\\intermediates\\preload\\default\\preload.json',
  useSourceHash: false,
  localModuleParamMap: {},
  otherPaths: {
    'entry/*': [
      '..\\*',
      '..\\..\\..\\build\\default\\generated\\profile\\default\\*'
    ]
  },
  collectImportersConfig: undefined
}
[2026-07-28T09:36:30.873] [DEBUG] debug-file - worker[14] encounters error: Exceptions happened while executing E:\DevEco Studio\sdk\default\openharmony\native\build-tools\cmake\bin\cmake.exe -HD:\HW\UTDesign\cases\libuv\libuv-golden-demo\entry\src\main\cpp -BD:\HW\UTDesign\cases\libuv\libuv-golden-demo\entry\.cxx\default\default\debug\x86_64 -DOHOS_ARCH=x86_64 -DCMAKE_LIBRARY_OUTPUT_DIRECTORY=D:\HW\UTDesign\cases\libuv\libuv-golden-demo\entry\build\default\intermediates\cmake\default\obj\x86_64 -DCMAKE_BUILD_TYPE=Debug -DOHOS_SDK_NATIVE=E:\DevEco Studio\sdk\default\openharmony\native -DCMAKE_SYSTEM_NAME=OHOS -DCMAKE_OHOS_ARCH_ABI=x86_64 -DCMAKE_EXPORT_COMPILE_COMMANDS=ON -DCMAKE_TOOLCHAIN_FILE=E:\DevEco Studio\sdk\default\hms\native\build\cmake\hmos.toolchain.cmake -GNinja -DCMAKE_MAKE_PROGRAM=E:\DevEco Studio\sdk\default\openharmony\native\build-tools\cmake\bin\ninja.exe -DCMAKE_FIND_ROOT_PATH=D:\HW\UTDesign\cases\libuv\libuv-golden-demo\entry\.cxx\default\default\debug\hvigor\x86_64 -DPACKAGE_FIND_FILE=D:\HW\UTDesign\cases\libuv\libuv-golden-demo\entry\.cxx\default\default\debug\hvigor\x86_64\summary.cmake --no-warn-unused-cli -DCMAKE_CXX_FLAGS=-std=c++17 -DHMOS_SDK_NATIVE=E:\DevEco Studio\sdk\default\hms\native -DOHOS_COMPATIBLE_SDK_VERSION=6.1.0(23).
Not searching for unused variables given on the command line.
-- The C compiler identification is Clang 15.0.4
-- The CXX compiler identification is Clang 15.0.4
-- Detecting C compiler ABI info
-- Detecting C compiler ABI info - done
-- Check for working C compiler: E:/DevEco Studio/sdk/default/openharmony/native/llvm/bin/clang.exe - skipped
-- Detecting C compile features
-- Detecting C compile features - done
-- Detecting CXX compiler ABI info
-- Detecting CXX compiler ABI info - done
-- Check for working CXX compiler: E:/DevEco Studio/sdk/default/openharmony/native/llvm/bin/clang++.exe - skipped
-- Detecting CXX compile features
-- Detecting CXX compile features - done
CMake Error at CMakeLists.txt:9 (add_subdirectory):
  add_subdirectory given source "D:/HW/UTDesign/cases/libuv/library" which is
  not an existing directory.


-- Configuring incomplete, errors occurred!
undefined.
[2026-07-28T09:36:30.840] [DEBUG] debug-file - Compile arkts with external api path: E:\DevEco Studio\sdk\default\hms\ets
[2026-07-28T09:36:30.873] [DEBUG] debug-file - default@BuildNativeWithCmake work[0] failed.
[2026-07-28T09:36:30.843] [DEBUG] debug-file - default@CompileArkTS work[1] is submitted.
[2026-07-28T09:36:30.875] [ERROR] debug-file - Failed :entry:default@BuildNativeWithCmake... 
[2026-07-28T09:36:30.843] [DEBUG] debug-file - default@CompileArkTS work[1] is pushed to ready queue.
[2026-07-28T09:36:30.875] [DEBUG] debug-file - hvigor build process will be closed with an error.
[2026-07-28T09:36:30.843] [DEBUG] debug-file - A work dispatched to worker[15] failed because unable to get work from ready queue.
[2026-07-28T09:36:31.076] [DEBUG] debug-file - ERROR: stacktrace = Error: Exceptions happened while executing E:\DevEco Studio\sdk\default\openharmony\native\build-tools\cmake\bin\cmake.exe -HD:\HW\UTDesign\cases\libuv\libuv-golden-demo\entry\src\main\cpp -BD:\HW\UTDesign\cases\libuv\libuv-golden-demo\entry\.cxx\default\default\debug\x86_64 -DOHOS_ARCH=x86_64 -DCMAKE_LIBRARY_OUTPUT_DIRECTORY=D:\HW\UTDesign\cases\libuv\libuv-golden-demo\entry\build\default\intermediates\cmake\default\obj\x86_64 -DCMAKE_BUILD_TYPE=Debug -DOHOS_SDK_NATIVE=E:\DevEco Studio\sdk\default\openharmony\native -DCMAKE_SYSTEM_NAME=OHOS -DCMAKE_OHOS_ARCH_ABI=x86_64 -DCMAKE_EXPORT_COMPILE_COMMANDS=ON -DCMAKE_TOOLCHAIN_FILE=E:\DevEco Studio\sdk\default\hms\native\build\cmake\hmos.toolchain.cmake -GNinja -DCMAKE_MAKE_PROGRAM=E:\DevEco Studio\sdk\default\openharmony\native\build-tools\cmake\bin\ninja.exe -DCMAKE_FIND_ROOT_PATH=D:\HW\UTDesign\cases\libuv\libuv-golden-demo\entry\.cxx\default\default\debug\hvigor\x86_64 -DPACKAGE_FIND_FILE=D:\HW\UTDesign\cases\libuv\libuv-golden-demo\entry\.cxx\default\default\debug\hvigor\x86_64\summary.cmake --no-warn-unused-cli -DCMAKE_CXX_FLAGS=-std=c++17 -DHMOS_SDK_NATIVE=E:\DevEco Studio\sdk\default\hms\native -DOHOS_COMPATIBLE_SDK_VERSION=6.1.0(23).
Not searching for unused variables given on the command line.
-- The C compiler identification is Clang 15.0.4
-- The CXX compiler identification is Clang 15.0.4
-- Detecting C compiler ABI info
-- Detecting C compiler ABI info - done
-- Check for working C compiler: E:/DevEco Studio/sdk/default/openharmony/native/llvm/bin/clang.exe - skipped
-- Detecting C compile features
-- Detecting C compile features - done
-- Detecting CXX compiler ABI info
-- Detecting CXX compiler ABI info - done
-- Check for working CXX compiler: E:/DevEco Studio/sdk/default/openharmony/native/llvm/bin/clang++.exe - skipped
-- Detecting CXX compile features
-- Detecting CXX compile features - done
CMake Error at CMakeLists.txt:9 (add_subdirectory):
  add_subdirectory given source "D:/HW/UTDesign/cases/libuv/library" which is
  not an existing directory.


-- Configuring incomplete, errors occurred!
undefined
    at ChildProcess.<anonymous> (E:\DevEco Studio\tools\hvigor\hvigor-ohos-plugin\src\tasks\abstract-build-native.js:1:2767)
[2026-07-28T09:36:30.843] [DEBUG] debug-file - A work dispatched to worker[14] failed because of worker busy.
[2026-07-28T09:36:31.076] [ERROR] debug-file - Error: Exceptions happened while executing E:\DevEco Studio\sdk\default\openharmony\native\build-tools\cmake\bin\cmake.exe -HD:\HW\UTDesign\cases\libuv\libuv-golden-demo\entry\src\main\cpp -BD:\HW\UTDesign\cases\libuv\libuv-golden-demo\entry\.cxx\default\default\debug\x86_64 -DOHOS_ARCH=x86_64 -DCMAKE_LIBRARY_OUTPUT_DIRECTORY=D:\HW\UTDesign\cases\libuv\libuv-golden-demo\entry\build\default\intermediates\cmake\default\obj\x86_64 -DCMAKE_BUILD_TYPE=Debug -DOHOS_SDK_NATIVE=E:\DevEco Studio\sdk\default\openharmony\native -DCMAKE_SYSTEM_NAME=OHOS -DCMAKE_OHOS_ARCH_ABI=x86_64 -DCMAKE_EXPORT_COMPILE_COMMANDS=ON -DCMAKE_TOOLCHAIN_FILE=E:\DevEco Studio\sdk\default\hms\native\build\cmake\hmos.toolchain.cmake -GNinja -DCMAKE_MAKE_PROGRAM=E:\DevEco Studio\sdk\default\openharmony\native\build-tools\cmake\bin\ninja.exe -DCMAKE_FIND_ROOT_PATH=D:\HW\UTDesign\cases\libuv\libuv-golden-demo\entry\.cxx\default\default\debug\hvigor\x86_64 -DPACKAGE_FIND_FILE=D:\HW\UTDesign\cases\libuv\libuv-golden-demo\entry\.cxx\default\default\debug\hvigor\x86_64\summary.cmake --no-warn-unused-cli -DCMAKE_CXX_FLAGS=-std=c++17 -DHMOS_SDK_NATIVE=E:\DevEco Studio\sdk\default\hms\native -DOHOS_COMPATIBLE_SDK_VERSION=6.1.0(23).
Not searching for unused variables given on the command line.
-- The C compiler identification is Clang 15.0.4
-- The CXX compiler identification is Clang 15.0.4
-- Detecting C compiler ABI info
-- Detecting C compiler ABI info - done
-- Check for working C compiler: E:/DevEco Studio/sdk/default/openharmony/native/llvm/bin/clang.exe - skipped
-- Detecting C compile features
-- Detecting C compile features - done
-- Detecting CXX compiler ABI info
-- Detecting CXX compiler ABI info - done
-- Check for working CXX compiler: E:/DevEco Studio/sdk/default/openharmony/native/llvm/bin/clang++.exe - skipped
-- Detecting CXX compile features
-- Detecting CXX compile features - done
CMake Error at CMakeLists.txt:9 (add_subdirectory):
  add_subdirectory given source "D:/HW/UTDesign/cases/libuv/library" which is
  not an existing directory.


-- Configuring incomplete, errors occurred!
undefined
    at ChildProcess.<anonymous> (E:\DevEco Studio\tools\hvigor\hvigor-ohos-plugin\src\tasks\abstract-build-native.js:1:2767)
[2026-07-28T09:36:30.843] [DEBUG] debug-file - A work dispatched to worker[13] failed because unable to get work from ready queue.
[2026-07-28T09:36:31.092] [ERROR] debug-file - BUILD FAILED in 14 s 498 ms 
[2026-07-28T09:36:30.843] [DEBUG] debug-file - A work dispatched to worker[12] failed because unable to get work from ready queue.
[2026-07-28T09:36:31.093] [DEBUG] debug-file - Update task entry:default@PreBuild input file:D:\HW\UTDesign\cases\libuv\libuv-golden-demo\AppScope\app.json5 cache by regenerate.
[2026-07-28T09:36:30.843] [DEBUG] debug-file - A work dispatched to worker[11] failed because unable to get work from ready queue.
[2026-07-28T09:36:31.095] [DEBUG] debug-file - Update task entry:default@PreBuild input file:D:\HW\UTDesign\cases\libuv\libuv-golden-demo\entry\src\main\module.json5 cache by regenerate.
[2026-07-28T09:36:30.843] [DEBUG] debug-file - A work dispatched to worker[10] failed because unable to get work from ready queue.
[2026-07-28T09:36:31.095] [DEBUG] debug-file - Update task entry:default@PreBuild input file:D:\HW\UTDesign\cases\libuv\libuv-golden-demo\build-profile.json5 cache by regenerate.
[2026-07-28T09:36:30.843] [DEBUG] debug-file - A work dispatched to worker[9] failed because unable to get work from ready queue.
[2026-07-28T09:36:31.095] [DEBUG] debug-file - Update task entry:default@PreBuild input file:D:\HW\UTDesign\cases\libuv\libuv-golden-demo\entry\build-profile.json5 cache by regenerate.
[2026-07-28T09:36:30.843] [DEBUG] debug-file - A work dispatched to worker[8] failed because unable to get work from ready queue.
[2026-07-28T09:36:31.096] [DEBUG] debug-file - Update task entry:default@PreBuild input file:D:\HW\UTDesign\cases\libuv\libuv-golden-demo\entry\src\main\resources\base\profile\main_pages.json cache by regenerate.
[2026-07-28T09:36:30.843] [DEBUG] debug-file - A work dispatched to worker[7] failed because unable to get work from ready queue.
[2026-07-28T09:36:31.096] [DEBUG] debug-file - Update task entry:default@PreBuild input file:D:\HW\UTDesign\cases\libuv\libuv-golden-demo\hvigor\hvigor-config.json5 cache by regenerate.
[2026-07-28T09:36:30.843] [DEBUG] debug-file - A work dispatched to worker[6] failed because unable to get work from ready queue.
[2026-07-28T09:36:30.843] [DEBUG] debug-file - A work dispatched to worker[5] failed because unable to get work from ready queue.
[2026-07-28T09:36:31.096] [DEBUG] debug-file - Update task entry:default@PreBuild input file:D:\HW\UTDesign\cases\libuv\libuv-golden-demo\entry\oh-package.json5 cache by regenerate.
[2026-07-28T09:36:30.843] [DEBUG] debug-file - Create  resident worker with id: 4.
[2026-07-28T09:36:31.099] [DEBUG] debug-file - Update task entry:default@PreBuild input file:D:\HW\UTDesign\cases\libuv\libuv-golden-demo\oh-package.json5 cache by regenerate.
[2026-07-28T09:36:30.846] [DEBUG] debug-file - default@CompileArkTS work[1] has been dispatched to worker[4].
[2026-07-28T09:36:31.100] [DEBUG] debug-file - Incremental task entry:default@PreBuild post-execution cost:8 ms .
[2026-07-28T09:36:30.847] [DEBUG] debug-file - default@CompileArkTS work[1] is dispatched.
[2026-07-28T09:36:31.100] [DEBUG] debug-file - Update task entry:default@CreateModuleInfo output file:D:\HW\UTDesign\cases\libuv\libuv-golden-demo\entry\build\default\generated\profile\default\ModuleInfo.ts cache.
[2026-07-28T09:36:30.847] [DEBUG] debug-file - CopyResources startTime: 969805738799200
[2026-07-28T09:36:31.100] [DEBUG] debug-file - Incremental task entry:default@CreateModuleInfo post-execution cost:1 ms .
[2026-07-28T09:36:30.847] [DEBUG] debug-file - default@CompileArkTS work[2] is submitted.
[2026-07-28T09:36:31.101] [DEBUG] debug-file - Update task entry:default@GenerateMetadata input file:D:\HW\UTDesign\cases\libuv\libuv-golden-demo\entry\src\main\module.json5 cache by regenerate.
[2026-07-28T09:36:30.848] [DEBUG] debug-file - default@CompileArkTS work[2] is pushed to ready queue.
[2026-07-28T09:36:31.101] [DEBUG] debug-file - Update task entry:default@GenerateMetadata output file:D:\HW\UTDesign\cases\libuv\libuv-golden-demo\entry\build\default\intermediates\hap_metadata\default\output_metadata.json cache.
[2026-07-28T09:36:30.848] [DEBUG] debug-file - A work dispatched to worker[15] failed because unable to get work from ready queue.
[2026-07-28T09:36:31.101] [DEBUG] debug-file - Incremental task entry:default@GenerateMetadata post-execution cost:1 ms .
[2026-07-28T09:36:30.849] [DEBUG] debug-file - A work dispatched to worker[14] failed because of worker busy.
[2026-07-28T09:36:31.101] [DEBUG] debug-file - Update task entry:default@MergeProfile input file:D:\HW\UTDesign\cases\libuv\libuv-golden-demo\AppScope\app.json5 cache by regenerate.
[2026-07-28T09:36:30.849] [DEBUG] debug-file - Create  resident worker with id: 13.
[2026-07-28T09:36:31.101] [DEBUG] debug-file - Update task entry:default@MergeProfile input file:D:\HW\UTDesign\cases\libuv\libuv-golden-demo\build-profile.json5 cache by regenerate.
[2026-07-28T09:36:30.852] [DEBUG] debug-file - default@CompileArkTS work[2] has been dispatched to worker[13].
[2026-07-28T09:36:31.101] [DEBUG] debug-file - Update task entry:default@MergeProfile input file:D:\HW\UTDesign\cases\libuv\libuv-golden-demo\entry\src\main\module.json5 cache by regenerate.
[2026-07-28T09:36:30.853] [DEBUG] debug-file - default@CompileArkTS work[2] is dispatched.
[2026-07-28T09:36:31.102] [DEBUG] debug-file - Update task entry:default@MergeProfile output file:D:\HW\UTDesign\cases\libuv\libuv-golden-demo\entry\build\default\intermediates\merge_profile\default\module.json cache.
[2026-07-28T09:36:31.102] [DEBUG] debug-file - Incremental task entry:default@MergeProfile post-execution cost:1 ms .
[2026-07-28T09:36:30.853] [DEBUG] debug-file - entry : default@CompileArkTS cost memory 3.043731689453125
[2026-07-28T09:36:31.102] [DEBUG] debug-file - Update task entry:default@CreateBuildProfile input file:D:\HW\UTDesign\cases\libuv\libuv-golden-demo\AppScope\app.json5 cache by regenerate.
[2026-07-28T09:36:31.102] [DEBUG] debug-file - Update task entry:default@CreateBuildProfile input file:D:\HW\UTDesign\cases\libuv\libuv-golden-demo\build-profile.json5 cache by regenerate.
[2026-07-28T09:36:31.102] [DEBUG] debug-file - Update task entry:default@CreateBuildProfile output file:D:\HW\UTDesign\cases\libuv\libuv-golden-demo\entry\build\default\generated\profile\default\BuildProfile.ets cache.
[2026-07-28T09:36:31.102] [DEBUG] debug-file - Incremental task entry:default@CreateBuildProfile post-execution cost:1 ms .
[2026-07-28T09:36:31.102] [DEBUG] debug-file - Update task entry:default@GeneratePkgContextInfo output file:D:\HW\UTDesign\cases\libuv\libuv-golden-demo\entry\build\default\intermediates\loader\default\pkgContextInfo.json cache.
[2026-07-28T09:36:31.103] [DEBUG] debug-file - Incremental task entry:default@GeneratePkgContextInfo post-execution cost:1 ms .
[2026-07-28T09:36:31.103] [DEBUG] debug-file - Update task entry:default@GeneratePkgSdkInfo output file:D:\HW\UTDesign\cases\libuv\libuv-golden-demo\entry\build\default\intermediates\loader\default\pkgSdkInfo.json cache.
[2026-07-28T09:36:31.103] [DEBUG] debug-file - Incremental task entry:default@GeneratePkgSdkInfo post-execution cost:1 ms .
[2026-07-28T09:36:31.103] [DEBUG] debug-file - Update task entry:default@ProcessIntegratedHsp output file:D:\HW\UTDesign\cases\libuv\libuv-golden-demo\build\cache\default\integrated_hsp\integratedHspCache.json cache.
[2026-07-28T09:36:31.103] [DEBUG] debug-file - Incremental task entry:default@ProcessIntegratedHsp post-execution cost:1 ms .
[2026-07-28T09:36:31.103] [DEBUG] debug-file - Update task entry:default@MakePackInfo input file:D:\HW\UTDesign\cases\libuv\libuv-golden-demo\AppScope\app.json5 cache by regenerate.
[2026-07-28T09:36:31.103] [DEBUG] debug-file - Update task entry:default@MakePackInfo input file:D:\HW\UTDesign\cases\libuv\libuv-golden-demo\entry\src\main\module.json5 cache by regenerate.
[2026-07-28T09:36:31.103] [DEBUG] debug-file - Update task entry:default@MakePackInfo input file:D:\HW\UTDesign\cases\libuv\libuv-golden-demo\build-profile.json5 cache by regenerate.
[2026-07-28T09:36:31.103] [DEBUG] debug-file - Update task entry:default@MakePackInfo output file:D:\HW\UTDesign\cases\libuv\libuv-golden-demo\entry\build\default\outputs\default\pack.info cache.
[2026-07-28T09:36:31.104] [DEBUG] debug-file - Incremental task entry:default@MakePackInfo post-execution cost:1 ms .
[2026-07-28T09:36:31.104] [DEBUG] debug-file - Update task entry:default@SyscapTransform input file:E:\DevEco Studio\sdk\default\openharmony\toolchains\syscap_tool.exe cache by regenerate.
[2026-07-28T09:36:31.104] [DEBUG] debug-file - Update task entry:default@SyscapTransform input file:E:\DevEco Studio\sdk\default\openharmony\ets\api\device-define cache by regenerate.
[2026-07-28T09:36:31.119] [DEBUG] debug-file - Update task entry:default@SyscapTransform output file:D:\HW\UTDesign\cases\libuv\libuv-golden-demo\entry\build\default\intermediates\syscap\default\rpcid.sc cache.
[2026-07-28T09:36:31.119] [DEBUG] debug-file - Incremental task entry:default@SyscapTransform post-execution cost:16 ms .
[2026-07-28T09:36:31.120] [DEBUG] debug-file - Update task entry:default@ProcessProfile input file:D:\HW\UTDesign\cases\libuv\libuv-golden-demo\entry\build\default\intermediates\merge_profile\default\module.json cache by regenerate.
[2026-07-28T09:36:31.120] [DEBUG] debug-file - Update task entry:default@ProcessProfile output file:D:\HW\UTDesign\cases\libuv\libuv-golden-demo\entry\build\default\intermediates\process_profile\default\module.json cache.
[2026-07-28T09:36:31.120] [DEBUG] debug-file - Incremental task entry:default@ProcessProfile post-execution cost:1 ms .
[2026-07-28T09:36:31.120] [DEBUG] debug-file - Update task entry:default@ProcessRouterMap input file:D:\HW\UTDesign\cases\libuv\libuv-golden-demo\entry\oh-package.json5 cache by regenerate.
[2026-07-28T09:36:31.120] [DEBUG] debug-file - Update task entry:default@ProcessRouterMap input file:D:\HW\UTDesign\cases\libuv\libuv-golden-demo\oh-package.json5 cache by regenerate.
[2026-07-28T09:36:31.120] [DEBUG] debug-file - Update task entry:default@ProcessRouterMap input file:D:\HW\UTDesign\cases\libuv\libuv-golden-demo\entry\src\main\module.json5 cache by regenerate.
[2026-07-28T09:36:31.121] [DEBUG] debug-file - Update task entry:default@ProcessRouterMap output file:D:\HW\UTDesign\cases\libuv\libuv-golden-demo\entry\build\default\intermediates\router_map\default\temp-router-map.json cache.
[2026-07-28T09:36:31.121] [DEBUG] debug-file - Update task entry:default@ProcessRouterMap output file:D:\HW\UTDesign\cases\libuv\libuv-golden-demo\entry\build\default\intermediates\router_map\default\loader-router-map.json cache.
[2026-07-28T09:36:31.121] [DEBUG] debug-file - Incremental task entry:default@ProcessRouterMap post-execution cost:1 ms .
[2026-07-28T09:36:31.121] [DEBUG] debug-file - Update task entry:default@ProcessShareConfig input file:D:\HW\UTDesign\cases\libuv\libuv-golden-demo\entry\oh-package.json5 cache by regenerate.
[2026-07-28T09:36:31.121] [DEBUG] debug-file - Update task entry:default@ProcessShareConfig input file:D:\HW\UTDesign\cases\libuv\libuv-golden-demo\oh-package.json5 cache by regenerate.
[2026-07-28T09:36:31.121] [DEBUG] debug-file - Update task entry:default@ProcessShareConfig input file:D:\HW\UTDesign\cases\libuv\libuv-golden-demo\entry\src\main\module.json5 cache by regenerate.
[2026-07-28T09:36:31.122] [DEBUG] debug-file - Update task entry:default@ProcessShareConfig output file:D:\HW\UTDesign\cases\libuv\libuv-golden-demo\entry\build\default\intermediates\share_config\default\temp-share-config.json cache.
[2026-07-28T09:36:31.122] [DEBUG] debug-file - Incremental task entry:default@ProcessShareConfig post-execution cost:1 ms .
[2026-07-28T09:36:31.122] [DEBUG] debug-file - Update task entry:default@ProcessStartupConfig output file:D:\HW\UTDesign\cases\libuv\libuv-golden-demo\entry\build\default\intermediates\startup\default\startup_config.json cache.
[2026-07-28T09:36:31.122] [DEBUG] debug-file - Incremental task entry:default@ProcessStartupConfig post-execution cost:1 ms .
[2026-07-28T09:36:31.122] [DEBUG] debug-file - Update task entry:default@ProcessResource output file:D:\HW\UTDesign\cases\libuv\libuv-golden-demo\entry\build\default\intermediates\res\default\resConfig.json cache.
[2026-07-28T09:36:31.122] [DEBUG] debug-file - Update task entry:default@ProcessResource output file:D:\HW\UTDesign\cases\libuv\libuv-golden-demo\entry\build\default\intermediates\res\default\opt-compression.json cache.
[2026-07-28T09:36:31.122] [DEBUG] debug-file - Incremental task entry:default@ProcessResource post-execution cost:1 ms .
[2026-07-28T09:36:31.123] [DEBUG] debug-file - Update task entry:default@GenerateLoaderJson input file:D:\HW\UTDesign\cases\libuv\libuv-golden-demo\entry\build\default\intermediates\router_map\default\temp-router-map.json cache by regenerate.
[2026-07-28T09:36:31.123] [DEBUG] debug-file - Update task entry:default@GenerateLoaderJson output file:D:\HW\UTDesign\cases\libuv\libuv-golden-demo\entry\build\default\intermediates\loader\default\loader.json cache.
[2026-07-28T09:36:31.123] [DEBUG] debug-file - Incremental task entry:default@GenerateLoaderJson post-execution cost:1 ms .
[2026-07-28T09:36:31.124] [DEBUG] debug-file - Update task entry:default@CompileResource input file:D:\HW\UTDesign\cases\libuv\libuv-golden-demo\entry\src\main\resources cache by regenerate.
[2026-07-28T09:36:31.125] [DEBUG] debug-file - Update task entry:default@CompileResource input file:D:\HW\UTDesign\cases\libuv\libuv-golden-demo\AppScope\resources cache by regenerate.
[2026-07-28T09:36:31.125] [DEBUG] debug-file - Update task entry:default@CompileResource input file:D:\HW\UTDesign\cases\libuv\libuv-golden-demo\entry\build\default\intermediates\process_profile\default\module.json cache by regenerate.
[2026-07-28T09:36:31.126] [DEBUG] debug-file - Update task entry:default@CompileResource input file:D:\HW\UTDesign\cases\libuv\libuv-golden-demo\entry\build\default\intermediates\res\default\resConfig.json cache by regenerate.
[2026-07-28T09:36:31.126] [DEBUG] debug-file - Update task entry:default@CompileResource output file:D:\HW\UTDesign\cases\libuv\libuv-golden-demo\entry\build\default\intermediates\res\default cache.
[2026-07-28T09:36:31.128] [DEBUG] debug-file - Update task entry:default@CompileResource output file:D:\HW\UTDesign\cases\libuv\libuv-golden-demo\entry\build\default\generated\r\default\ResourceTable.h cache.
[2026-07-28T09:36:31.128] [DEBUG] debug-file - Update task entry:default@CompileResource output file:D:\HW\UTDesign\cases\libuv\libuv-golden-demo\entry\build\default\generated\r\default\ResourceTable.ts cache.
[2026-07-28T09:36:31.128] [DEBUG] debug-file - Update task entry:default@CompileResource output file:D:\HW\UTDesign\cases\libuv\libuv-golden-demo\entry\build\default\generated\r\default cache.
[2026-07-28T09:36:31.129] [DEBUG] debug-file - Incremental task entry:default@CompileResource post-execution cost:6 ms .
[2026-07-28T09:36:31.130] [DEBUG] debug-file - Update task entry:default@CompileArkTS input file:D:\HW\UTDesign\cases\libuv\libuv-golden-demo\entry\build\default\intermediates\loader\default cache by regenerate.
[2026-07-28T09:36:31.130] [DEBUG] debug-file - Update task entry:default@CompileArkTS input file:D:\HW\UTDesign\cases\libuv\libuv-golden-demo\entry\build\default\intermediates\res\default\ResourceTable.txt cache by regenerate.
[2026-07-28T09:36:31.130] [DEBUG] debug-file - Update task entry:default@CompileArkTS input file:D:\HW\UTDesign\cases\libuv\libuv-golden-demo\entry\build\default\intermediates\res\default\ark_module.json cache by regenerate.
[2026-07-28T09:36:31.131] [DEBUG] debug-file - Update task entry:default@CompileArkTS input file:D:\HW\UTDesign\cases\libuv\libuv-golden-demo\entry\build\default\intermediates\res\default\resources\base\profile cache by regenerate.
[2026-07-28T09:36:31.131] [DEBUG] debug-file - Update task entry:default@CompileArkTS input file:D:\HW\UTDesign\cases\libuv\libuv-golden-demo\entry\src\main\ets cache by regenerate.
[2026-07-28T09:36:31.131] [DEBUG] debug-file - Update task entry:default@CompileArkTS input file:D:\HW\UTDesign\cases\libuv\libuv-golden-demo\entry\build\default\generated\profile\default\BuildProfile.ets cache by regenerate.
[2026-07-28T09:36:31.132] [DEBUG] debug-file - Update task entry:default@CompileArkTS input file:D:\HW\UTDesign\cases\libuv\libuv-golden-demo\entry\src\main\cpp\types cache by regenerate.
[2026-07-28T09:36:31.132] [DEBUG] debug-file - Update task entry:default@CompileArkTS output file:D:\HW\UTDesign\cases\libuv\libuv-golden-demo\entry\build\default\intermediates\loader_out\default\ets cache.
[2026-07-28T09:36:31.132] [DEBUG] debug-file - Incremental task entry:default@CompileArkTS post-execution cost:4 ms .
[2026-07-28T09:36:31.133] [DEBUG] debug-file - Update task entry:default@BuildJS input file:D:\HW\UTDesign\cases\libuv\libuv-golden-demo\entry\build\default\intermediates\loader\default cache by regenerate.
[2026-07-28T09:36:31.133] [DEBUG] debug-file - Update task entry:default@BuildJS input file:D:\HW\UTDesign\cases\libuv\libuv-golden-demo\entry\build\default\intermediates\res\default\ResourceTable.txt cache by regenerate.
[2026-07-28T09:36:31.134] [DEBUG] debug-file - Update task entry:default@BuildJS input file:D:\HW\UTDesign\cases\libuv\libuv-golden-demo\entry\build\default\intermediates\res\default\ark_module.json cache by regenerate.
[2026-07-28T09:36:31.134] [DEBUG] debug-file - Update task entry:default@BuildJS input file:D:\HW\UTDesign\cases\libuv\libuv-golden-demo\entry\build\default\intermediates\res\default\resources\base\profile cache by regenerate.
[2026-07-28T09:36:31.134] [DEBUG] debug-file - Update task entry:default@BuildJS output file:D:\HW\UTDesign\cases\libuv\libuv-golden-demo\entry\build\default\intermediates\loader_out\default\js cache.
[2026-07-28T09:36:31.134] [DEBUG] debug-file - Incremental task entry:default@BuildJS post-execution cost:2 ms .
[2026-07-28T09:36:31.164] [DEBUG] debug-file - worker[14] exits with exit code 1.
[2026-07-28T09:36:31.164] [DEBUG] debug-file - A work dispatched to worker[14] failed because unable to get work from ready queue.
[2026-07-28T09:36:31.165] [DEBUG] debug-file - Current worker pool is stopped or closed.
[2026-07-28T09:36:31.165] [DEBUG] debug-file - Clear worker 0.
[2026-07-28T09:36:31.166] [DEBUG] debug-file - Worker 0 has been cleared.
[2026-07-28T09:36:31.166] [DEBUG] debug-file - Current idle worker size: 1.
[2026-07-28T09:36:31.166] [DEBUG] debug-file - Current busy worker size: 2.
[2026-07-28T09:36:31.166] [DEBUG] debug-file - Clear worker 1.
[2026-07-28T09:36:31.166] [DEBUG] debug-file - Worker 1 has been cleared.
[2026-07-28T09:36:31.166] [DEBUG] debug-file - Current idle worker size: 0.
[2026-07-28T09:36:31.166] [DEBUG] debug-file - Current busy worker size: 2.
[2026-07-28T09:36:31.166] [DEBUG] debug-file - Clear worker 4.
[2026-07-28T09:36:31.166] [DEBUG] debug-file - Worker 4 has been cleared.
[2026-07-28T09:36:31.166] [DEBUG] debug-file - Current idle worker size: 0.
[2026-07-28T09:36:31.166] [DEBUG] debug-file - Current busy worker size: 1.
[2026-07-28T09:36:31.166] [DEBUG] debug-file - Clear worker 13.
[2026-07-28T09:36:31.166] [DEBUG] debug-file - Worker 13 has been cleared.
[2026-07-28T09:36:31.166] [DEBUG] debug-file - Current idle worker size: 0.
[2026-07-28T09:36:31.166] [DEBUG] debug-file - Current busy worker size: 0.
[2026-07-28T09:36:31.168] [DEBUG] debug-file - hvigor build process will be closed.
[2026-07-28T09:36:31.171] [DEBUG] debug-file - Current worker pool is terminated.
[2026-07-28T09:36:31.171] [DEBUG] debug-file - worker[0] exits with exit code 1.
[2026-07-28T09:36:31.172] [DEBUG] debug-file - worker[4] exits with exit code 1.
[2026-07-28T09:36:31.173] [DEBUG] debug-file - worker[1] exits with exit code 1.
[2026-07-28T09:36:31.173] [DEBUG] debug-file - worker[13] exits with exit code 1.
[2026-07-28T09:38:41.175] [DEBUG] debug-file - env: nodejsVersion=v18.20.1
[2026-07-28T09:38:42.049] [DEBUG] debug-file - Hvigor init with startParameters:{
  hvigorfileTypeCheck: false,
  parallelExecution: true,
  incrementalExecution: true,
  printStackTrace: false,
  daemon: false,
  analyze: 0,
  logLevel: Level { level: 20000, levelStr: 'INFO', colour: 'green' },
  optimizationStrategy: 'memory',
  hotCompile: undefined,
  hotReloadBuild: undefined,
  customizedParam: undefined
}
[2026-07-28T09:38:46.260] [DEBUG] debug-file - hvigorfile, require result:  { default: { system: [Function: appTasks], plugins: [] } }
[2026-07-28T09:38:46.263] [DEBUG] debug-file - Starting plugin build process
[2026-07-28T09:38:46.663] [DEBUG] debug-file - App plugin register hook start...
[2026-07-28T09:38:46.669] [DEBUG] debug-file - Start initialize project's product build option map with build mode debug.
[2026-07-28T09:38:46.714] [DEBUG] debug-file - Start recording SDK configuration permission data.
[2026-07-28T09:38:46.683] [DEBUG] debug-file - Obtain build option for product 'default'in this build.
[2026-07-28T09:38:46.863] [DEBUG] debug-file - Project task initialization takes 26 ms 
[2026-07-28T09:38:46.894] [DEBUG] debug-file - failed to load cangjie to dynamically generate schemas: Error: Cannot find module '@ohos/cangjie-build-support/index'
Require stack:
- E:\DevEco Studio\tools\hvigor\hvigor-ohos-plugin\src\plugin\hooks\cangjie-register.js
- E:\DevEco Studio\tools\hvigor\hvigor-ohos-plugin\src\plugin\strategy\stage-init-strategy.js
- E:\DevEco Studio\tools\hvigor\hvigor-ohos-plugin\src\plugin\builder\abstract-plugin-builder.js
- E:\DevEco Studio\tools\hvigor\hvigor-ohos-plugin\src\plugin\builder\app-plugin-builder.js
- E:\DevEco Studio\tools\hvigor\hvigor-ohos-plugin\src\plugin\factory\plugin-factory.js
- E:\DevEco Studio\tools\hvigor\hvigor-ohos-plugin\index.js
- D:\HW\UTDesign\cases\libuv\libuv-golden-demo\hvigorfile.ts
- E:\DevEco Studio\tools\hvigor\hvigor\src\base\internal\lifecycle\configuration.js
- E:\DevEco Studio\tools\hvigor\hvigor\src\base\boot\index.js
- E:\DevEco Studio\tools\hvigor\hvigor\src\cli\main\cli.js
- E:\DevEco Studio\tools\hvigor\hvigor\bin\hvigor.js
[2026-07-28T09:38:41.177] [DEBUG] debug-file - env: hvigor-config.json5 content = {
  modelVersion: '6.1.0',
  dependencies: {},
  execution: {},
  logging: {},
  debugging: {},
  nodeOptions: {}
}
[2026-07-28T09:38:46.925] [DEBUG] debug-file - Start initialize module-target build option map, moduleName=entry, buildMode=debug
[2026-07-28T09:38:46.969] [DEBUG] debug-file - project has submodules:entry
[2026-07-28T09:38:46.995] [DEBUG] debug-file - Start to initialize dependency information.
[2026-07-28T09:38:46.977] [DEBUG] debug-file - Start to initialize dependency information.
[2026-07-28T09:38:47.054] [DEBUG] debug-file - entry : clean cost memory 1.044677734375
[2026-07-28T09:38:42.055] [DEBUG] debug-file - Cache service initialization finished in 6 ms 
[2026-07-28T09:38:47.203] [DEBUG] debug-file - Create  resident worker with id: 0.
[2026-07-28T09:38:46.261] [DEBUG] debug-file - hvigorfile, binding system plugins [Function: appTasks]
[2026-07-28T09:38:46.263] [DEBUG] debug-file - App plugin prepare start...
[2026-07-28T09:38:46.664] [DEBUG] debug-file - App plugin register hook end...
[2026-07-28T09:38:46.670] [DEBUG] debug-file - Picking option from product 'default' with build mode 'debug'.
[2026-07-28T09:38:46.830] [DEBUG] debug-file - Sdk init in 138 ms 
[2026-07-28T09:38:46.689] [DEBUG] debug-file - No signingConfig found, initRemoteHspCache failed.
[2026-07-28T09:38:46.864] [DEBUG] debug-file - hvigorfile, begin to bind custom plugins...
[2026-07-28T09:38:41.182] [DEBUG] debug-file - env: daemon=false
[2026-07-28T09:38:46.926] [DEBUG] debug-file - Target 'default' config initialized
[2026-07-28T09:38:47.000] [DEBUG] debug-file - Module entry Collected Dependency: 
[2026-07-28T09:38:46.990] [DEBUG] debug-file - Module libuv-golden-demo Collected Dependency: 
[2026-07-28T09:38:47.054] [DEBUG] debug-file - runTaskFromQueue task cost before running: 5 s 17 ms 
[2026-07-28T09:38:42.058] [DEBUG] debug-file - hvigorfile, resolving D:\HW\UTDesign\cases\libuv\libuv-golden-demo\hvigorfile.ts
[2026-07-28T09:38:47.213] [DEBUG] debug-file - Create  resident worker with id: 1.
[2026-07-28T09:38:46.263] [DEBUG] debug-file - App plugin prepare end...
[2026-07-28T09:38:46.664] [DEBUG] debug-file - Plugin build process completed
[2026-07-28T09:38:46.671] [DEBUG] debug-file - Product 'default' build option initialized
[2026-07-28T09:38:46.698] [DEBUG] debug-file - Local scan or download HarmonyOS sdk components toolchains,ets,js,native,previewer
[2026-07-28T09:38:46.864] [DEBUG] debug-file - hvigorfile, no custom plugins were found in D:\HW\UTDesign\cases\libuv\libuv-golden-demo\hvigorfile.ts
[2026-07-28T09:38:41.182] [DEBUG] debug-file - no-daemon, use the parent process.execArgv --max-old-space-size=8192,--max-semi-space-size=16,--expose-gc
[2026-07-28T09:38:46.928] [DEBUG] debug-file - Target 'ohosTest' config initialized
[2026-07-28T09:38:47.000] [DEBUG] debug-file - Module entry's total dependency: 0
[2026-07-28T09:38:46.990] [DEBUG] debug-file - Module libuv-golden-demo's total dependency: 0
[2026-07-28T09:38:47.055] [INFO] debug-file - Finished :entry:clean... after 43 ms 
[2026-07-28T09:38:47.228] [DEBUG] debug-file - Current worker pool is stopped or closed.
[2026-07-28T09:38:46.263] [DEBUG] debug-file - App plugin creating...
[2026-07-28T09:38:46.671] [DEBUG] debug-file - End initialize project's product build option map with build mode 'debug'.
[2026-07-28T09:38:46.705] [DEBUG] debug-file - Local scan or download hmscore sdk components toolchains,ets,native
[2026-07-28T09:38:46.864] [DEBUG] debug-file - hvigorfile, resolve finished D:\HW\UTDesign\cases\libuv\libuv-golden-demo\hvigorfile.ts
[2026-07-28T09:38:46.932] [DEBUG] debug-file - Module 'entry' target 'default' build option initialized
[2026-07-28T09:38:47.006] [DEBUG] debug-file - Configuration phase cost:4 s 951 ms 
[2026-07-28T09:38:47.056] [DEBUG] debug-file - Executing task ::clean
[2026-07-28T09:38:47.229] [DEBUG] debug-file - Clear worker 0.
[2026-07-28T09:38:46.869] [DEBUG] debug-file - hvigorfile, resolving D:\HW\UTDesign\cases\libuv\libuv-golden-demo\entry\hvigorfile.ts
[2026-07-28T09:38:46.932] [DEBUG] debug-file - Module 'entry' target 'ohosTest' build option initialized
[2026-07-28T09:38:47.010] [DEBUG] debug-file - Configuration task cost before running: 4 s 974 ms 
[2026-07-28T09:38:47.057] [DEBUG] debug-file - clean: Worker pool is inactive.
[2026-07-28T09:38:47.230] [DEBUG] debug-file - Worker 0 has been cleared.
[2026-07-28T09:38:46.890] [DEBUG] debug-file - hvigorfile, require result:  { default: { system: [Function: hapTasks], plugins: [] } }
[2026-07-28T09:38:46.932] [DEBUG] debug-file - End initialize module-target build option map, moduleName=entry
[2026-07-28T09:38:47.011] [DEBUG] debug-file - Executing task :entry:clean
[2026-07-28T09:38:47.058] [DEBUG] debug-file - libuv-golden-demo : clean cost memory 0.02094268798828125
[2026-07-28T09:38:47.230] [DEBUG] debug-file - Current idle worker size: 1.
[2026-07-28T09:38:46.891] [DEBUG] debug-file - hvigorfile, binding system plugins [Function: hapTasks]
[2026-07-28T09:38:46.933] [DEBUG] debug-file - Start initialize module-target build option map, moduleName=entry, buildMode=release
[2026-07-28T09:38:47.012] [DEBUG] debug-file - clean: Worker pool is inactive.
[2026-07-28T09:38:47.059] [DEBUG] debug-file - runTaskFromQueue task cost before running: 5 s 22 ms 
[2026-07-28T09:38:47.230] [DEBUG] debug-file - Current busy worker size: 0.
[2026-07-28T09:38:46.891] [DEBUG] debug-file - Starting plugin build process
[2026-07-28T09:38:46.933] [DEBUG] debug-file - Target 'default' config initialized
[2026-07-28T09:38:47.061] [INFO] debug-file - Finished ::clean... after 3 ms 
[2026-07-28T09:38:47.230] [DEBUG] debug-file - Clear worker 1.
[2026-07-28T09:38:46.891] [DEBUG] debug-file - Hap plugin creating...
[2026-07-28T09:38:46.935] [DEBUG] debug-file - Target 'ohosTest' config initialized
[2026-07-28T09:38:47.096] [INFO] debug-file - BUILD SUCCESSFUL in 5 s 59 ms 
[2026-07-28T09:38:47.230] [DEBUG] debug-file - Worker 1 has been cleared.
[2026-07-28T09:38:46.936] [DEBUG] debug-file - Module 'entry' target 'default' build option initialized
[2026-07-28T09:38:47.192] [DEBUG] debug-file - Since there is no instance or instance is terminated, create a new worker pool.
[2026-07-28T09:38:47.230] [DEBUG] debug-file - Current idle worker size: 0.
[2026-07-28T09:38:46.936] [DEBUG] debug-file - Module 'entry' target 'ohosTest' build option initialized
[2026-07-28T09:38:47.193] [DEBUG] debug-file - Worker pool is initialized with config:  {
  minPoolNum: 2,
  maxPoolNum: undefined,
  maxCoreSize: undefined,
  cacheCapacity: undefined,
  cacheTtl: undefined
}
[2026-07-28T09:38:47.231] [DEBUG] debug-file - Current busy worker size: 0.
[2026-07-28T09:38:46.936] [DEBUG] debug-file - End initialize module-target build option map, moduleName=entry
[2026-07-28T09:38:47.235] [DEBUG] debug-file - hvigor build process will be closed.
[2026-07-28T09:38:46.937] [DEBUG] debug-file - Start initialize module-target build option map, moduleName=entry, buildMode=debug
[2026-07-28T09:38:47.255] [DEBUG] debug-file - worker[0] exits with exit code 0.
[2026-07-28T09:38:46.937] [DEBUG] debug-file - Target 'default' config initialized
[2026-07-28T09:38:47.256] [DEBUG] debug-file - worker[1] exits with exit code 0.
[2026-07-28T09:38:46.937] [DEBUG] debug-file - Target 'ohosTest' config initialized
[2026-07-28T09:38:47.260] [DEBUG] debug-file - Current worker pool is terminated.
[2026-07-28T09:38:46.938] [DEBUG] debug-file - Module 'entry' target 'default' build option initialized
[2026-07-28T09:38:46.938] [DEBUG] debug-file - Module 'entry' target 'ohosTest' build option initialized
[2026-07-28T09:38:46.938] [DEBUG] debug-file - End initialize module-target build option map, moduleName=entry
[2026-07-28T09:38:46.939] [DEBUG] debug-file - Obtain build option for module 'entry' target 'default'in this build.
[2026-07-28T09:38:46.963] [DEBUG] debug-file - Module entry task initialization takes 19 ms 
[2026-07-28T09:38:46.963] [DEBUG] debug-file - Hap plugin register hook start...
[2026-07-28T09:38:46.964] [DEBUG] debug-file - Hap plugin register hook end...
[2026-07-28T09:38:46.964] [DEBUG] debug-file - Plugin build process completed
[2026-07-28T09:38:46.964] [DEBUG] debug-file - hvigorfile, begin to bind custom plugins...
[2026-07-28T09:38:46.964] [DEBUG] debug-file - hvigorfile, no custom plugins were found in D:\HW\UTDesign\cases\libuv\libuv-golden-demo\entry\hvigorfile.ts
[2026-07-28T09:38:46.964] [DEBUG] debug-file - hvigorfile, resolve finished D:\HW\UTDesign\cases\libuv\libuv-golden-demo\entry\hvigorfile.ts
[2026-07-28T09:38:49.080] [DEBUG] debug-file - env: nodejsVersion=v18.20.1
[2026-07-28T09:38:49.730] [DEBUG] debug-file - Hvigor init with startParameters:{
  hvigorfileTypeCheck: false,
  parallelExecution: true,
  incrementalExecution: true,
  printStackTrace: false,
  daemon: false,
  analyze: 0,
  logLevel: Level { level: 20000, levelStr: 'INFO', colour: 'green' },
  optimizationStrategy: 'memory',
  hotCompile: undefined,
  hotReloadBuild: undefined,
  customizedParam: undefined
}
[2026-07-28T09:38:54.308] [DEBUG] debug-file - hvigorfile, require result:  { default: { system: [Function: appTasks], plugins: [] } }
[2026-07-28T09:38:54.314] [DEBUG] debug-file - Starting plugin build process
[2026-07-28T09:38:55.037] [DEBUG] debug-file - App plugin register hook start...
[2026-07-28T09:38:55.048] [DEBUG] debug-file - Start initialize project's product build option map with build mode debug.
[2026-07-28T09:38:55.075] [DEBUG] debug-file - Obtain build option for product 'default'in this build.
[2026-07-28T09:38:55.112] [DEBUG] debug-file - Start recording SDK configuration permission data.
[2026-07-28T09:38:55.309] [DEBUG] debug-file - Start initialize module-target build option map, moduleName=entry, buildMode=debug
[2026-07-28T09:38:55.239] [DEBUG] debug-file - Project task initialization takes 21 ms 
[2026-07-28T09:38:55.335] [DEBUG] debug-file - project has submodules:entry
[2026-07-28T09:38:55.269] [DEBUG] debug-file - failed to load cangjie to dynamically generate schemas: Error: Cannot find module '@ohos/cangjie-build-support/index'
Require stack:
- E:\DevEco Studio\tools\hvigor\hvigor-ohos-plugin\src\plugin\hooks\cangjie-register.js
- E:\DevEco Studio\tools\hvigor\hvigor-ohos-plugin\src\plugin\strategy\stage-init-strategy.js
- E:\DevEco Studio\tools\hvigor\hvigor-ohos-plugin\src\plugin\builder\abstract-plugin-builder.js
- E:\DevEco Studio\tools\hvigor\hvigor-ohos-plugin\src\plugin\builder\app-plugin-builder.js
- E:\DevEco Studio\tools\hvigor\hvigor-ohos-plugin\src\plugin\factory\plugin-factory.js
- E:\DevEco Studio\tools\hvigor\hvigor-ohos-plugin\index.js
- D:\HW\UTDesign\cases\libuv\libuv-golden-demo\hvigorfile.ts
- E:\DevEco Studio\tools\hvigor\hvigor\src\base\internal\lifecycle\configuration.js
- E:\DevEco Studio\tools\hvigor\hvigor\src\base\boot\index.js
- E:\DevEco Studio\tools\hvigor\hvigor\src\cli\main\cli.js
- E:\DevEco Studio\tools\hvigor\hvigor\bin\hvigor.js
[2026-07-28T09:38:55.337] [DEBUG] debug-file - start to load updatedOhPackageInfo to the disk
[2026-07-28T09:38:55.360] [DEBUG] debug-file - Start to initialize dependency information.
[2026-07-28T09:38:55.409] [DEBUG] debug-file - Executing task :entry:default@PreBuild
[2026-07-28T09:38:49.082] [DEBUG] debug-file - env: hvigor-config.json5 content = {
  modelVersion: '6.1.0',
  dependencies: {},
  execution: {},
  logging: {},
  debugging: {},
  nodeOptions: {}
}
[2026-07-28T09:38:55.468] [DEBUG] debug-file - Executing task :entry:default@GenerateMetadata
[2026-07-28T09:38:49.738] [DEBUG] debug-file - Cache service initialization finished in 8 ms 
[2026-07-28T09:38:54.309] [DEBUG] debug-file - hvigorfile, binding system plugins [Function: appTasks]
[2026-07-28T09:38:54.315] [DEBUG] debug-file - App plugin prepare start...
[2026-07-28T09:38:55.039] [DEBUG] debug-file - App plugin register hook end...
[2026-07-28T09:38:55.049] [DEBUG] debug-file - Picking option from product 'default' with build mode 'debug'.
[2026-07-28T09:38:55.086] [DEBUG] debug-file - No signingConfig found, initRemoteHspCache failed.
[2026-07-28T09:38:55.213] [DEBUG] debug-file - Sdk init in 123 ms 
[2026-07-28T09:38:55.309] [DEBUG] debug-file - Target 'default' config initialized
[2026-07-28T09:38:55.239] [DEBUG] debug-file - hvigorfile, begin to bind custom plugins...
[2026-07-28T09:38:55.342] [DEBUG] debug-file - load to the disk finished
[2026-07-28T09:38:55.367] [DEBUG] debug-file - Module entry Collected Dependency: 
[2026-07-28T09:38:55.414] [DEBUG] debug-file - Task 'entry:default@PreBuild' cost while wrapping incremental declarations: 1 ms 
[2026-07-28T09:38:49.084] [DEBUG] debug-file - env: daemon=false
[2026-07-28T09:38:55.469] [DEBUG] debug-file - Task 'entry:default@GenerateMetadata' cost while wrapping incremental declarations: 1 ms 
[2026-07-28T09:38:49.742] [DEBUG] debug-file - hvigorfile, resolving D:\HW\UTDesign\cases\libuv\libuv-golden-demo\hvigorfile.ts
[2026-07-28T09:38:54.315] [DEBUG] debug-file - App plugin prepare end...
[2026-07-28T09:38:55.040] [DEBUG] debug-file - Plugin build process completed
[2026-07-28T09:38:55.050] [DEBUG] debug-file - Product 'default' build option initialized
[2026-07-28T09:38:55.096] [DEBUG] debug-file - Local scan or download HarmonyOS sdk components toolchains,ets,js,native,previewer
[2026-07-28T09:38:55.311] [DEBUG] debug-file - Target 'ohosTest' config initialized
[2026-07-28T09:38:55.239] [DEBUG] debug-file - hvigorfile, no custom plugins were found in D:\HW\UTDesign\cases\libuv\libuv-golden-demo\hvigorfile.ts
[2026-07-28T09:38:55.345] [DEBUG] debug-file - Start to initialize dependency information.
[2026-07-28T09:38:55.367] [DEBUG] debug-file - Module entry's total dependency: 0
[2026-07-28T09:38:55.439] [DEBUG] debug-file - Incremental task entry:default@PreBuild pre-execution cost: 22 ms .
[2026-07-28T09:38:49.084] [DEBUG] debug-file - no-daemon, use the parent process.execArgv --max-old-space-size=8192,--max-semi-space-size=16,--expose-gc
[2026-07-28T09:38:55.472] [DEBUG] debug-file - entry:default@GenerateMetadata is not up-to-date, since the output file 'D:\HW\UTDesign\cases\libuv\libuv-golden-demo\entry\build\default\intermediates\hap_metadata\default\output_metadata.json' does not exist.
[2026-07-28T09:38:54.315] [DEBUG] debug-file - App plugin creating...
[2026-07-28T09:38:55.050] [DEBUG] debug-file - End initialize project's product build option map with build mode 'debug'.
[2026-07-28T09:38:55.104] [DEBUG] debug-file - Local scan or download hmscore sdk components toolchains,ets,native
[2026-07-28T09:38:55.312] [DEBUG] debug-file - Module 'entry' target 'default' build option initialized
[2026-07-28T09:38:55.239] [DEBUG] debug-file - hvigorfile, resolve finished D:\HW\UTDesign\cases\libuv\libuv-golden-demo\hvigorfile.ts
[2026-07-28T09:38:55.376] [DEBUG] debug-file - Configuration phase cost:5 s 636 ms 
[2026-07-28T09:38:55.355] [DEBUG] debug-file - Module libuv-golden-demo Collected Dependency: 
[2026-07-28T09:38:55.441] [DEBUG] debug-file - entry : default@PreBuild cost memory 0.5847015380859375
[2026-07-28T09:38:55.472] [DEBUG] debug-file - Incremental task entry:default@GenerateMetadata pre-execution cost: 2 ms .
[2026-07-28T09:38:55.644] [DEBUG] debug-file - Executing task :entry:default@CreateBuildProfile
[2026-07-28T09:38:55.661] [DEBUG] debug-file - Executing task :entry:default@PreCheckSyscap
[2026-07-28T09:38:55.736] [DEBUG] debug-file - Executing task :entry:default@ProcessIntegratedHsp
[2026-07-28T09:38:55.761] [DEBUG] debug-file - Use tool [Cmake]
 [
  'E:\\DevEco Studio\\sdk\\default\\openharmony\\native\\build-tools\\cmake\\bin\\cmake.exe',
  '-HD:\\HW\\UTDesign\\cases\\libuv\\libuv-golden-demo\\entry\\src\\main\\cpp',
  '-BD:\\HW\\UTDesign\\cases\\libuv\\libuv-golden-demo\\entry\\.cxx\\default\\default\\debug\\x86_64',
  '-DOHOS_ARCH=x86_64',
  '-DCMAKE_LIBRARY_OUTPUT_DIRECTORY=D:\\HW\\UTDesign\\cases\\libuv\\libuv-golden-demo\\entry\\build\\default\\intermediates\\cmake\\default\\obj\\x86_64',
  '-DCMAKE_BUILD_TYPE=Debug',
  '-DOHOS_SDK_NATIVE=E:\\DevEco Studio\\sdk\\default\\openharmony\\native',
  '-DCMAKE_SYSTEM_NAME=OHOS',
  '-DCMAKE_OHOS_ARCH_ABI=x86_64',
  '-DCMAKE_EXPORT_COMPILE_COMMANDS=ON',
  '-DCMAKE_TOOLCHAIN_FILE=E:\\DevEco Studio\\sdk\\default\\hms\\native\\build\\cmake\\hmos.toolchain.cmake',
  '-GNinja',
  '-DCMAKE_MAKE_PROGRAM=E:\\DevEco Studio\\sdk\\default\\openharmony\\native\\build-tools\\cmake\\bin\\ninja.exe',
  '-DCMAKE_FIND_ROOT_PATH=D:\\HW\\UTDesign\\cases\\libuv\\libuv-golden-demo\\entry\\.cxx\\default\\default\\debug\\hvigor\\x86_64',
  '-DPACKAGE_FIND_FILE=D:\\HW\\UTDesign\\cases\\libuv\\libuv-golden-demo\\entry\\.cxx\\default\\default\\debug\\hvigor\\x86_64\\summary.cmake',
  '--no-warn-unused-cli',
  '-DCMAKE_CXX_FLAGS=-std=c++17',
  '-DHMOS_SDK_NATIVE=E:\\DevEco Studio\\sdk\\default\\hms\\native',
  '-DOHOS_COMPATIBLE_SDK_VERSION=6.1.0(23)'
]
[2026-07-28T09:38:55.672] [DEBUG] debug-file - Executing task :entry:default@GeneratePkgContextInfo
[2026-07-28T09:38:55.242] [DEBUG] debug-file - hvigorfile, resolving D:\HW\UTDesign\cases\libuv\libuv-golden-demo\entry\hvigorfile.ts
[2026-07-28T09:38:55.312] [DEBUG] debug-file - Module 'entry' target 'ohosTest' build option initialized
[2026-07-28T09:38:55.385] [DEBUG] debug-file - Configuration task cost before running: 5 s 671 ms 
[2026-07-28T09:38:55.746] [DEBUG] debug-file - Executing task :entry:default@BuildNativeWithCmake
[2026-07-28T09:38:55.481] [DEBUG] debug-file - entry : default@GenerateMetadata cost memory 0.08807373046875
[2026-07-28T09:38:55.450] [INFO] debug-file - UP-TO-DATE :entry:default@PreBuild...  
[2026-07-28T09:38:55.355] [DEBUG] debug-file - Module libuv-golden-demo's total dependency: 0
[2026-07-28T09:38:55.646] [DEBUG] debug-file - Task 'entry:default@CreateBuildProfile' cost while wrapping incremental declarations: 2 ms 
[2026-07-28T09:38:55.663] [DEBUG] debug-file - entry : default@PreCheckSyscap cost memory 0.01358795166015625
[2026-07-28T09:38:55.739] [DEBUG] debug-file - entry:default@ProcessIntegratedHsp is not up-to-date, since the output file 'D:\HW\UTDesign\cases\libuv\libuv-golden-demo\build\cache\default\integrated_hsp\integratedHspCache.json' does not exist.
[2026-07-28T09:38:55.263] [DEBUG] debug-file - hvigorfile, require result:  { default: { system: [Function: hapTasks], plugins: [] } }
[2026-07-28T09:38:55.703] [DEBUG] debug-file - Task 'entry:default@GeneratePkgContextInfo' cost while wrapping incremental declarations: 1 ms 
[2026-07-28T09:38:55.313] [DEBUG] debug-file - End initialize module-target build option map, moduleName=entry
[2026-07-28T09:38:55.481] [DEBUG] debug-file - runTaskFromQueue task cost before running: 5 s 768 ms 
[2026-07-28T09:38:55.453] [DEBUG] debug-file - Executing task :entry:default@CreateModuleInfo
[2026-07-28T09:38:55.649] [DEBUG] debug-file - entry:default@CreateBuildProfile is not up-to-date, since the output file 'D:\HW\UTDesign\cases\libuv\libuv-golden-demo\entry\build\default\generated\profile\default\BuildProfile.ets' does not exist.
[2026-07-28T09:38:55.663] [DEBUG] debug-file - runTaskFromQueue task cost before running: 5 s 949 ms 
[2026-07-28T09:38:55.739] [DEBUG] debug-file - Incremental task entry:default@ProcessIntegratedHsp pre-execution cost: 1 ms .
[2026-07-28T09:38:55.263] [DEBUG] debug-file - hvigorfile, binding system plugins [Function: hapTasks]
[2026-07-28T09:38:55.704] [DEBUG] debug-file - entry : default@GeneratePkgContextInfo cost memory 0.853302001953125
[2026-07-28T09:38:55.313] [DEBUG] debug-file - Start initialize module-target build option map, moduleName=entry, buildMode=release
[2026-07-28T09:38:55.777] [DEBUG] debug-file - Clean CMakeCache.txt due to outdated CMake configuration.
[2026-07-28T09:38:55.482] [INFO] debug-file - Finished :entry:default@GenerateMetadata... after 14 ms 
[2026-07-28T09:38:55.455] [DEBUG] debug-file - Task 'entry:default@CreateModuleInfo' cost while wrapping incremental declarations: 1 ms 
[2026-07-28T09:38:55.650] [DEBUG] debug-file - Incremental task entry:default@CreateBuildProfile pre-execution cost: 3 ms .
[2026-07-28T09:38:55.739] [DEBUG] debug-file - entry : default@ProcessIntegratedHsp cost memory 0.04956817626953125
[2026-07-28T09:38:55.664] [INFO] debug-file - Finished :entry:default@PreCheckSyscap... after 2 ms 
[2026-07-28T09:38:55.263] [DEBUG] debug-file - Starting plugin build process
[2026-07-28T09:38:55.704] [DEBUG] debug-file - runTaskFromQueue task cost before running: 5 s 990 ms 
[2026-07-28T09:38:55.313] [DEBUG] debug-file - Target 'default' config initialized
[2026-07-28T09:38:55.485] [DEBUG] debug-file - Executing task :entry:default@ConfigureCmake
[2026-07-28T09:38:55.457] [DEBUG] debug-file - entry : default@CreateModuleInfo cost memory 0.037994384765625
[2026-07-28T09:38:55.655] [DEBUG] debug-file - entry : default@CreateBuildProfile cost memory 0.1042633056640625
[2026-07-28T09:38:55.740] [DEBUG] debug-file - runTaskFromQueue task cost before running: 6 s 26 ms 
[2026-07-28T09:38:55.263] [DEBUG] debug-file - Hap plugin creating...
[2026-07-28T09:38:55.704] [INFO] debug-file - Finished :entry:default@GeneratePkgContextInfo... after 33 ms 
[2026-07-28T09:38:55.314] [DEBUG] debug-file - Target 'ohosTest' config initialized
[2026-07-28T09:38:55.609] [DEBUG] debug-file - entry : default@ConfigureCmake cost memory -10.671890258789062
[2026-07-28T09:38:55.458] [DEBUG] debug-file - runTaskFromQueue task cost before running: 5 s 744 ms 
[2026-07-28T09:38:55.655] [DEBUG] debug-file - runTaskFromQueue task cost before running: 5 s 941 ms 
[2026-07-28T09:38:55.741] [INFO] debug-file - Finished :entry:default@ProcessIntegratedHsp... after 4 ms 
[2026-07-28T09:38:55.707] [DEBUG] debug-file - Executing task :entry:default@GeneratePkgSdkInfo
[2026-07-28T09:38:55.314] [DEBUG] debug-file - Module 'entry' target 'default' build option initialized
[2026-07-28T09:38:55.610] [DEBUG] debug-file - runTaskFromQueue task cost before running: 5 s 895 ms 
[2026-07-28T09:38:55.460] [INFO] debug-file - Finished :entry:default@CreateModuleInfo... after 5 ms 
[2026-07-28T09:38:55.656] [INFO] debug-file - Finished :entry:default@CreateBuildProfile... after 12 ms 
[2026-07-28T09:38:55.717] [DEBUG] debug-file - Task 'entry:default@GeneratePkgSdkInfo' cost while wrapping incremental declarations: 1 ms 
[2026-07-28T09:38:55.314] [DEBUG] debug-file - Module 'entry' target 'ohosTest' build option initialized
[2026-07-28T09:38:55.611] [INFO] debug-file - Finished :entry:default@ConfigureCmake... after 125 ms 
[2026-07-28T09:38:55.717] [DEBUG] debug-file - entry:default@GeneratePkgSdkInfo is not up-to-date, since the output file 'D:\HW\UTDesign\cases\libuv\libuv-golden-demo\entry\build\default\intermediates\loader\default\pkgSdkInfo.json' does not exist.
[2026-07-28T09:38:55.315] [DEBUG] debug-file - End initialize module-target build option map, moduleName=entry
[2026-07-28T09:38:55.616] [DEBUG] debug-file - Executing task :entry:default@MergeProfile
[2026-07-28T09:38:55.718] [DEBUG] debug-file - Incremental task entry:default@GeneratePkgSdkInfo pre-execution cost: 1 ms .
[2026-07-28T09:38:55.315] [DEBUG] debug-file - Start initialize module-target build option map, moduleName=entry, buildMode=debug
[2026-07-28T09:38:55.720] [DEBUG] debug-file - entry : default@GeneratePkgSdkInfo cost memory 0.28955841064453125
[2026-07-28T09:38:55.617] [DEBUG] debug-file - Task 'entry:default@MergeProfile' cost while wrapping incremental declarations: 1 ms 
[2026-07-28T09:38:55.315] [DEBUG] debug-file - Target 'default' config initialized
[2026-07-28T09:38:55.786] [DEBUG] debug-file - - no fingerprint file, will remove stale cache CMakeCache.txt
[2026-07-28T09:38:55.720] [DEBUG] debug-file - runTaskFromQueue task cost before running: 6 s 6 ms 
[2026-07-28T09:38:55.623] [DEBUG] debug-file - entry:default@MergeProfile is not up-to-date, since the output file 'D:\HW\UTDesign\cases\libuv\libuv-golden-demo\entry\build\default\intermediates\merge_profile\default\module.json' does not exist.
[2026-07-28T09:38:55.316] [DEBUG] debug-file - Target 'ohosTest' config initialized
[2026-07-28T09:38:55.789] [DEBUG] debug-file - Since there is no instance or instance is terminated, create a new worker pool.
[2026-07-28T09:38:55.798] [DEBUG] debug-file - Create  resident worker with id: 0.
[2026-07-28T09:38:55.871] [DEBUG] debug-file - Executing task :entry:default@SyscapTransform
[2026-07-28T09:38:55.840] [DEBUG] debug-file - Executing task :entry:default@MakePackInfo
[2026-07-28T09:38:56.217] [DEBUG] debug-file - 13.0.1.0
[2026-07-28T09:38:55.904] [DEBUG] debug-file - Executing task :entry:default@ProcessProfile
[2026-07-28T09:38:56.231] [DEBUG] debug-file - Executing task :entry:default@ProcessRouterMap
[2026-07-28T09:38:56.259] [DEBUG] debug-file - Executing task :entry:default@ProcessStartupConfig
[2026-07-28T09:38:56.245] [DEBUG] debug-file - Executing task :entry:default@ProcessShareConfig
[2026-07-28T09:38:55.721] [INFO] debug-file - Finished :entry:default@GeneratePkgSdkInfo... after 13 ms 
[2026-07-28T09:38:56.273] [DEBUG] debug-file - Executing task :entry:default@ProcessResource
[2026-07-28T09:38:55.623] [DEBUG] debug-file - Incremental task entry:default@MergeProfile pre-execution cost: 4 ms .
[2026-07-28T09:38:55.318] [DEBUG] debug-file - Module 'entry' target 'default' build option initialized
[2026-07-28T09:38:56.323] [DEBUG] debug-file - Executing task :entry:default@CompileResource
[2026-07-28T09:38:56.290] [DEBUG] debug-file - Executing task :entry:default@GenerateLoaderJson
[2026-07-28T09:38:55.790] [DEBUG] debug-file - Worker pool is initialized with config:  {
  minPoolNum: 2,
  maxPoolNum: undefined,
  maxCoreSize: undefined,
  cacheCapacity: undefined,
  cacheTtl: undefined
}
[2026-07-28T09:38:55.809] [DEBUG] debug-file - Create  resident worker with id: 1.
[2026-07-28T09:38:56.349] [DEBUG] debug-file - current process  memoryUsage: {
  rss: 273649664,
  heapTotal: 156803072,
  heapUsed: 134205720,
  external: 3321903,
  arrayBuffers: 283472
} os memoryUsage :12.5623779296875
[2026-07-28T09:38:55.871] [DEBUG] debug-file - File: 'D:\HW\UTDesign\cases\libuv\libuv-golden-demo\entry\src\main\syscap.json' from 'sysCapJsonPath' is not exists, just ignore.
[2026-07-28T09:38:55.850] [DEBUG] debug-file - entry:default@MakePackInfo is not up-to-date, since the output file 'D:\HW\UTDesign\cases\libuv\libuv-golden-demo\entry\build\default\outputs\default\pack.info' does not exist.
[2026-07-28T09:38:56.222] [DEBUG] debug-file - No need to add fake ui ability because of not in preview process.
[2026-07-28T09:38:55.906] [DEBUG] debug-file - Task 'entry:default@ProcessProfile' cost while wrapping incremental declarations: 1 ms 
[2026-07-28T09:38:56.234] [DEBUG] debug-file - entry:default@ProcessRouterMap is not up-to-date, since the output file 'D:\HW\UTDesign\cases\libuv\libuv-golden-demo\entry\build\default\intermediates\router_map\default\temp-router-map.json' does not exist.
[2026-07-28T09:38:56.261] [DEBUG] debug-file - Task 'entry:default@ProcessStartupConfig' cost while wrapping incremental declarations: 2 ms 
[2026-07-28T09:38:56.249] [DEBUG] debug-file - entry:default@ProcessShareConfig is not up-to-date, since the output file 'D:\HW\UTDesign\cases\libuv\libuv-golden-demo\entry\build\default\intermediates\share_config\default\temp-share-config.json' does not exist.
[2026-07-28T09:38:56.274] [DEBUG] debug-file - Task 'entry:default@ProcessResource' cost while wrapping incremental declarations: 1 ms 
[2026-07-28T09:38:55.625] [DEBUG] debug-file - Change app api release type with 'Release'
[2026-07-28T09:38:55.318] [DEBUG] debug-file - Module 'entry' target 'ohosTest' build option initialized
[2026-07-28T09:38:56.339] [DEBUG] debug-file - entry:default@CompileResource is not up-to-date, since the input file 'D:\HW\UTDesign\cases\libuv\libuv-golden-demo\entry\build\default\intermediates\process_profile\default\module.json' has been changed.
[2026-07-28T09:38:56.292] [DEBUG] debug-file - Task 'entry:default@GenerateLoaderJson' cost while wrapping incremental declarations: 1 ms 
[2026-07-28T09:38:55.822] [DEBUG] debug-file - default@BuildNativeWithCmake work[0] is submitted.
[2026-07-28T09:38:55.873] [DEBUG] debug-file - Task 'entry:default@SyscapTransform' cost while wrapping incremental declarations: 2 ms 
[2026-07-28T09:38:55.850] [DEBUG] debug-file - Incremental task entry:default@MakePackInfo pre-execution cost: 6 ms .
[2026-07-28T09:38:56.226] [DEBUG] debug-file - entry : default@ProcessProfile cost memory 2.1068572998046875
[2026-07-28T09:38:55.908] [DEBUG] debug-file - entry:default@ProcessProfile is not up-to-date, since the input file 'D:\HW\UTDesign\cases\libuv\libuv-golden-demo\entry\build\default\intermediates\merge_profile\default\module.json' has been changed.
[2026-07-28T09:38:56.234] [DEBUG] debug-file - Incremental task entry:default@ProcessRouterMap pre-execution cost: 2 ms .
[2026-07-28T09:38:56.262] [DEBUG] debug-file - entry:default@ProcessStartupConfig is not up-to-date, since the output file 'D:\HW\UTDesign\cases\libuv\libuv-golden-demo\entry\build\default\intermediates\startup\default\startup_config.json' does not exist.
[2026-07-28T09:38:56.249] [DEBUG] debug-file - Incremental task entry:default@ProcessShareConfig pre-execution cost: 3 ms .
[2026-07-28T09:38:56.275] [DEBUG] debug-file - entry:default@ProcessResource is not up-to-date, since the output file 'D:\HW\UTDesign\cases\libuv\libuv-golden-demo\entry\build\default\intermediates\res\default\resConfig.json' does not exist.
[2026-07-28T09:38:55.626] [DEBUG] debug-file - Change app compile API version with '6.1.0.105'
[2026-07-28T09:38:55.318] [DEBUG] debug-file - End initialize module-target build option map, moduleName=entry
[2026-07-28T09:38:56.339] [DEBUG] debug-file - Incremental task entry:default@CompileResource pre-execution cost: 11 ms .
[2026-07-28T09:38:56.307] [DEBUG] debug-file - entry:default@GenerateLoaderJson is not up-to-date, since the input file 'D:\HW\UTDesign\cases\libuv\libuv-golden-demo\entry\build\default\intermediates\router_map\default\temp-router-map.json' has been changed.
[2026-07-28T09:38:55.824] [DEBUG] debug-file - default@BuildNativeWithCmake work[0] is pushed to ready queue.
[2026-07-28T09:38:55.897] [DEBUG] debug-file - entry:default@SyscapTransform is not up-to-date, since the output file 'D:\HW\UTDesign\cases\libuv\libuv-golden-demo\entry\build\default\intermediates\syscap\default\rpcid.sc' does not exist.
[2026-07-28T09:38:55.853] [DEBUG] debug-file - Module Pack Info:  {
  summary: {
    app: { bundleName: 'c***n', bundleType: 'app', version: [Object] },
    modules: [ [Object] ]
  },
  packages: [
    {
      deviceType: [Array],
      moduleType: 'entry',
      deliveryWithInstall: true,
      name: 'entry-default'
    }
  ]
}
[2026-07-28T09:38:56.226] [DEBUG] debug-file - runTaskFromQueue task cost before running: 6 s 512 ms 
[2026-07-28T09:38:55.908] [DEBUG] debug-file - Incremental task entry:default@ProcessProfile pre-execution cost: 2 ms .
[2026-07-28T09:38:56.238] [DEBUG] debug-file - entry : default@ProcessRouterMap cost memory 0.15114593505859375
[2026-07-28T09:38:56.263] [DEBUG] debug-file - Incremental task entry:default@ProcessStartupConfig pre-execution cost: 1 ms .
[2026-07-28T09:38:56.254] [DEBUG] debug-file - entry : default@ProcessShareConfig cost memory 0.13060760498046875
[2026-07-28T09:38:55.626] [DEBUG] debug-file - Change app target API version with '60100023'
[2026-07-28T09:38:55.319] [DEBUG] debug-file - Obtain build option for module 'entry' target 'default'in this build.
[2026-07-28T09:38:56.346] [DEBUG] debug-file - Use tool [E:\DevEco Studio\sdk\default\openharmony\toolchains\restool.exe]
 [
  'E:\\DevEco Studio\\sdk\\default\\openharmony\\toolchains\\restool.exe',
  '-l',
  'D:\\HW\\UTDesign\\cases\\libuv\\libuv-golden-demo\\entry\\build\\default\\intermediates\\res\\default\\resConfig.json'
]
[2026-07-28T09:38:56.307] [DEBUG] debug-file - Incremental task entry:default@GenerateLoaderJson pre-execution cost: 9 ms .
[2026-07-28T09:38:55.826] [DEBUG] debug-file - A work dispatched to worker[15] failed because unable to get work from ready queue.
[2026-07-28T09:38:55.898] [DEBUG] debug-file - Incremental task entry:default@SyscapTransform pre-execution cost: 25 ms .
[2026-07-28T09:38:55.865] [DEBUG] debug-file - entry : default@MakePackInfo cost memory 0.1446075439453125
[2026-07-28T09:38:56.226] [INFO] debug-file - Finished :entry:default@ProcessProfile... after 322 ms 
[2026-07-28T09:38:56.275] [DEBUG] debug-file - Incremental task entry:default@ProcessResource pre-execution cost: 1 ms .
[2026-07-28T09:38:55.911] [DEBUG] debug-file - [
  'E:\\DevEco Studio\\tools\\node\\node.exe',
  'E:\\DevEco Studio\\sdk\\default\\openharmony\\ets\\build-tools\\ets-loader\\bin\\ark\\ts2abc.js',
  '--target-api-version',
  '23'
]
[2026-07-28T09:38:56.238] [DEBUG] debug-file - runTaskFromQueue task cost before running: 6 s 524 ms 
[2026-07-28T09:38:56.263] [DEBUG] debug-file - entry : default@ProcessStartupConfig cost memory 0.09589385986328125
[2026-07-28T09:38:56.254] [DEBUG] debug-file - runTaskFromQueue task cost before running: 6 s 540 ms 
[2026-07-28T09:38:55.626] [DEBUG] debug-file - Change app minimum API version with '60100023'
[2026-07-28T09:38:55.331] [DEBUG] debug-file - Module entry task initialization takes 11 ms 
[2026-07-28T09:38:56.313] [DEBUG] debug-file - entry : default@GenerateLoaderJson cost memory 0.444915771484375
[2026-07-28T09:38:55.827] [DEBUG] debug-file - Create  resident worker with id: 14.
[2026-07-28T09:38:55.898] [DEBUG] debug-file - entry : default@SyscapTransform cost memory 0.1336669921875
[2026-07-28T09:38:55.865] [DEBUG] debug-file - runTaskFromQueue task cost before running: 6 s 152 ms 
[2026-07-28T09:38:56.280] [DEBUG] debug-file - entry : default@ProcessResource cost memory 0.152191162109375
[2026-07-28T09:38:56.240] [INFO] debug-file - Finished :entry:default@ProcessRouterMap... after 8 ms 
[2026-07-28T09:38:56.263] [DEBUG] debug-file - runTaskFromQueue task cost before running: 6 s 549 ms 
[2026-07-28T09:38:56.255] [INFO] debug-file - Finished :entry:default@ProcessShareConfig... after 9 ms 
[2026-07-28T09:38:55.627] [DEBUG] debug-file - Use cli appEnvironment
[2026-07-28T09:38:55.332] [DEBUG] debug-file - Hap plugin register hook start...
[2026-07-28T09:38:56.313] [DEBUG] debug-file - runTaskFromQueue task cost before running: 6 s 599 ms 
[2026-07-28T09:38:55.832] [DEBUG] debug-file - default@BuildNativeWithCmake work[0] has been dispatched to worker[14].
[2026-07-28T09:38:55.898] [DEBUG] debug-file - runTaskFromQueue task cost before running: 6 s 184 ms 
[2026-07-28T09:38:55.866] [INFO] debug-file - Finished :entry:default@MakePackInfo... after 26 ms 
[2026-07-28T09:38:56.282] [DEBUG] debug-file - runTaskFromQueue task cost before running: 6 s 568 ms 
[2026-07-28T09:38:56.263] [INFO] debug-file - Finished :entry:default@ProcessStartupConfig... after 4 ms 
[2026-07-28T09:38:55.635] [DEBUG] debug-file - entry : default@MergeProfile cost memory 0.17120361328125
[2026-07-28T09:38:55.332] [DEBUG] debug-file - Hap plugin register hook end...
[2026-07-28T09:38:56.317] [INFO] debug-file - Finished :entry:default@GenerateLoaderJson... after 23 ms 
[2026-07-28T09:38:55.832] [DEBUG] debug-file - default@BuildNativeWithCmake work[0] is dispatched.
[2026-07-28T09:38:55.899] [INFO] debug-file - Finished :entry:default@SyscapTransform... after 28 ms 
[2026-07-28T09:38:56.284] [INFO] debug-file - Finished :entry:default@ProcessResource... after 10 ms 
[2026-07-28T09:38:56.266] [DEBUG] debug-file - restool module names: entry; moduleName=entry, taskName=default@ProcessResource
[2026-07-28T09:38:55.635] [DEBUG] debug-file - runTaskFromQueue task cost before running: 5 s 921 ms 
[2026-07-28T09:38:55.332] [DEBUG] debug-file - Plugin build process completed
[2026-07-28T09:38:56.319] [DEBUG] debug-file - restool module names: entry; moduleName=entry, taskName=default@CompileResource
[2026-07-28T09:38:55.833] [DEBUG] debug-file - entry : default@BuildNativeWithCmake cost memory 1.2270584106445312
[2026-07-28T09:38:55.636] [INFO] debug-file - Finished :entry:default@MergeProfile... after 19 ms 
[2026-07-28T09:38:55.332] [DEBUG] debug-file - hvigorfile, begin to bind custom plugins...
[2026-07-28T09:38:55.332] [DEBUG] debug-file - hvigorfile, no custom plugins were found in D:\HW\UTDesign\cases\libuv\libuv-golden-demo\entry\hvigorfile.ts
[2026-07-28T09:38:55.332] [DEBUG] debug-file - hvigorfile, resolve finished D:\HW\UTDesign\cases\libuv\libuv-golden-demo\entry\hvigorfile.ts
[2026-07-28T09:38:56.639] [DEBUG] debug-file - Info: Pack: normal pack mode

[2026-07-28T09:38:56.741] [DEBUG] debug-file - Info: hardware concurrency count is : 16
Info: thread count is : 16

[2026-07-28T09:38:56.742] [DEBUG] debug-file - Info: thread pool is started

[2026-07-28T09:38:56.743] [DEBUG] debug-file - Info: GenericCompiler::CompileFiles

[2026-07-28T09:38:56.751] [DEBUG] debug-file - Info: GenericCompiler::CompileFiles

[2026-07-28T09:38:56.760] [DEBUG] debug-file - 07-28 09:38:56.761 40928 45680 E C01400/ImageTranscoderUtils: DecodeToRGBA IN
07-28 09:38:56.761 40928 45680 E C01400/ImageTranscoderUtils: ImageFilter IN D:\HW\UTDesign\cases\libuv\libuv-golden-demo\AppScope\resources\base\media\app_icon.png

[2026-07-28T09:38:56.818] [DEBUG] debug-file - Info: restool resources compile success.

[2026-07-28T09:38:56.819] [DEBUG] debug-file - Info: thread pool is stopped

[2026-07-28T09:38:56.896] [DEBUG] debug-file - entry : default@CompileResource cost memory 1.2395248413085938
[2026-07-28T09:38:56.897] [DEBUG] debug-file - runTaskFromQueue task cost before running: 7 s 183 ms 
[2026-07-28T09:38:56.914] [DEBUG] debug-file - Executing task :entry:default@CompileArkTS
[2026-07-28T09:38:57.051] [DEBUG] debug-file - Executing task :entry:default@BuildJS
[2026-07-28T09:38:56.902] [INFO] debug-file - Finished :entry:default@CompileResource... after 574 ms 
[2026-07-28T09:38:56.919] [DEBUG] debug-file - obfuscationOptions: undefined
[2026-07-28T09:38:57.052] [DEBUG] debug-file - Task 'entry:default@BuildJS' cost while wrapping incremental declarations: 1 ms 
[2026-07-28T09:38:56.941] [DEBUG] debug-file - Task 'entry:default@CompileArkTS' cost while wrapping incremental declarations: 1 ms 
[2026-07-28T09:38:57.073] [DEBUG] debug-file - entry : default@BuildJS cost memory -11.141647338867188
[2026-07-28T09:38:57.017] [DEBUG] debug-file - build config:
[2026-07-28T09:38:57.074] [DEBUG] debug-file - runTaskFromQueue task cost before running: 7 s 360 ms 
[2026-07-28T09:38:57.018] [DEBUG] debug-file - {
  moduleType: 'entry',
  perf: 0,
  targetName: '.default',
  packageManagerType: 'ohpm',
  localPropertiesPath: 'D:\\HW\\UTDesign\\cases\\libuv\\libuv-golden-demo\\local.properties',
  isPreview: false,
  isOhosTest: false,
  isLocalTest: false,
  buildMode: 'Debug',
  hotReloadBuild: undefined,
  watchMode: 'false',
  aceProfilePath: 'D:\\HW\\UTDesign\\cases\\libuv\\libuv-golden-demo\\entry\\build\\default\\intermediates\\res\\default\\resources\\base\\profile',
  etsLoaderPath: 'E:\\DevEco Studio\\sdk\\default\\openharmony\\ets\\build-tools\\ets-loader',
  modulePath: 'D:\\HW\\UTDesign\\cases\\libuv\\libuv-golden-demo\\entry',
  testFrameworkPar: {
    testMode: undefined,
    coveragePathFilter: undefined,
    coverageMode: undefined
  },
  needCoverageInsert: false,
  debugLine: false,
  projectTopDir: 'D:\\HW\\UTDesign\\cases\\libuv\\libuv-golden-demo',
  compileSdkVersion: 23,
  compatibleSdkVersion: 23,
  originCompatibleSdkVersion: '6.1.0(23)',
  compatibleSdkVersionStage: undefined,
  bundleName: 'c***n',
  etsLoaderVersion: '6.1.0.105',
  etsLoaderReleaseType: 'Release',
  aotCompileMode: 'type',
  apPath: 'D:\\HW\\UTDesign\\cases\\libuv\\libuv-golden-demo\\entry\\modules.ap',
  entryModuleName: 'entry',
  entryModuleVersion: '1.0.0',
  entryPackageName: 'entry',
  allModuleNameHash: '0c41aa2ce588995904699f5f36eceff65d12a57451948b947162a49d8fb4beee',
  externalApiPaths: [ 'E:\\DevEco Studio\\sdk\\default\\hms\\ets' ],
  compilerTypes: [],
  isCrossplatform: false,
  hvigorPluginFile: undefined,
  compilePluginPath: undefined,
  buildGeneratedProfilePath: 'D:\\HW\\UTDesign\\cases\\libuv\\libuv-golden-demo\\entry\\build\\default\\generated\\profile\\default',
  bundleType: 'app',
  arkTSVersion: undefined,
  apiVersion: 23,
  needCompleteSourcesMap: false,
  isFaMode: false,
  buildDir: 'D:\\HW\\UTDesign\\cases\\libuv\\libuv-golden-demo\\entry\\build',
  deviceTypes: [ '2in1' ],
  pkgContextInfo: undefined,
  ohPackagePathMap: {},
  dependencyAliasMap: {},
  permission: { requestPermissions: undefined, definePermissions: undefined },
  useGetCurrentBundleName: false,
  projectArkOption: undefined,
  sourceMapDir: undefined,
  branchElimination: false,
  transformLib: undefined,
  tsImportSendable: false,
  resolveConflictMode: true,
  depName2RootPath: {},
  depName2DepInfo: {},
  depName2OhExports: {},
  rootPathSet: [ 'D:\\HW\\UTDesign\\cases\\libuv\\libuv-golden-demo' ],
  useNativeResolver: true,
  shouldEmitJs: true,
  useTscResolve: false,
  singleFileEmit: false,
  userProjectConfig: {
    autoLazyImport: false,
    allowEmptyBundleName: false,
    reExportCheckMode: 'noCheck',
    executionMode: 'memory',
    usePathPlaceholder: false,
    writeRollupCache: true,
    isExpandImportEnabled: false,
    expandImportExclude: '',
    lazyImportExclude: '',
    lazyImportInclude: '',
    ignoreCrossplatformCheck: false,
    isHarDeduplicateEnabled: false,
    skipOhModulesLint: false,
    enableStrictCheckOHModule: false,
    disableSendableCheckRules: [],
    useDeclarationFileSignature: false,
    customizedOptions: undefined,
    integratedHsp: false,
    isPreloadSoEnabled: false
  },
  executionMode: 'memory',
  arkCompileCachePath: 'D:\\HW\\UTDesign\\cases\\libuv\\libuv-golden-demo\\entry\\build\\default\\cache\\default\\default@CompileArkTS\\esmodule',
  autoLazyFilter: undefined,
  isHarDeduplicateEnabled: false,
  intermediateHarDuplicateDirPath: 'D:\\HW\\UTDesign\\cases\\libuv\\libuv-golden-demo\\entry\\build\\default\\intermediates\\har_duplicate\\default',
  autoLazyImport: false,
  allowEmptyBundleName: false,
  reExportCheckMode: 'noCheck',
  usePathPlaceholder: false,
  writeRollupCache: true,
  isExpandImportEnabled: false,
  expandImportExclude: '',
  lazyImportExclude: '',
  lazyImportInclude: '',
  ignoreCrossplatformCheck: false,
  skipOhModulesLint: false,
  enableStrictCheckOHModule: false,
  disableSendableCheckRules: [],
  useDeclarationFileSignature: false,
  customizedOptions: undefined,
  integratedHsp: false,
  isPreloadSoEnabled: false,
  strictMode: undefined,
  useNormalizedOHMUrl: false,
  caseSensitiveCheck: false,
  aceModuleJsonPath: 'D:\\HW\\UTDesign\\cases\\libuv\\libuv-golden-demo\\entry\\build\\default\\intermediates\\res\\default\\ark_module.json',
  appResource: 'D:\\HW\\UTDesign\\cases\\libuv\\libuv-golden-demo\\entry\\build\\default\\intermediates\\res\\default\\ResourceTable.txt',
  rawFileResource: 'D:\\HW\\UTDesign\\cases\\libuv\\libuv-golden-demo\\entry\\build\\default\\intermediates\\res\\default\\resources\\rawfile',
  resourceTableHash: '0f09b429b371a6f162359917e8bf68f1d1a81abfb007e38c000dadae708d7c6a',
  runtimeOS: 'HarmonyOS',
  sdkInfo: 'false:23:6.1.0.105:Release',
  aceModuleRoot: 'D:\\HW\\UTDesign\\cases\\libuv\\libuv-golden-demo\\entry\\src\\main\\ets',
  compileMode: 'esmodule',
  aceSuperVisualPath: 'D:\\HW\\UTDesign\\cases\\libuv\\libuv-golden-demo\\entry\\src\\main\\supervisual',
  aceBuildJson: 'D:\\HW\\UTDesign\\cases\\libuv\\libuv-golden-demo\\entry\\build\\default\\intermediates\\loader\\default\\loader.json',
  cachePath: 'D:\\HW\\UTDesign\\cases\\libuv\\libuv-golden-demo\\entry\\build\\default\\cache\\default\\default@CompileArkTS\\esmodule\\debug',
  aceModuleBuild: 'D:\\HW\\UTDesign\\cases\\libuv\\libuv-golden-demo\\entry\\build\\default\\intermediates\\loader_out\\default\\ets',
  supportChunks: true,
  declaredFilesPath: undefined,
  shouldCollectDirectImportees: false,
  isByteCodeHarOptimize: false,
  expandImportPath: undefined,
  resourceTableTs: 'D:\\HW\\UTDesign\\cases\\libuv\\libuv-golden-demo\\entry\\build\\default\\generated\\r\\default\\ResourceTable.ts',
  moduleMetaInfoFiles: [
    {
      filePath: 'D:\\HW\\UTDesign\\cases\\libuv\\libuv-golden-demo\\entry\\build\\default\\generated\\r\\default\\ResourceTable.ts',
      ohmurl: 'com.thirdparty.validation.libuv.golden/entry/build/generated/r/ResourceTable'
    }
  ],
  pkgNameToPkgBriefInfo: {
    entry: {
      pkgRoot: 'D:\\HW\\UTDesign\\cases\\libuv\\libuv-golden-demo\\entry',
      originalSourceRoots: undefined,
      sourceRoots: [Array],
      pkgName: 'entry'
    }
  },
  projectModel: {
    'D:\\HW\\UTDesign\\cases\\libuv\\libuv-golden-demo\\entry\\src\\main': {
      moduleName: 'entry',
      modulePkgPath: 'D:\\HW\\UTDesign\\cases\\libuv\\libuv-golden-demo\\entry',
      belongProjectPath: 'D:\\HW\\UTDesign\\cases\\libuv\\libuv-golden-demo'
    },
    'D:\\HW\\UTDesign\\cases\\libuv\\libuv-golden-demo\\entry\\src\\ohosTest': {
      moduleName: 'entry_test',
      modulePkgPath: 'D:\\HW\\UTDesign\\cases\\libuv\\libuv-golden-demo\\entry',
      belongProjectPath: 'D:\\HW\\UTDesign\\cases\\libuv\\libuv-golden-demo'
    },
    'D:\\HW\\UTDesign\\cases\\libuv\\libuv-golden-demo\\entry': {
      moduleName: 'entry',
      modulePkgPath: 'D:\\HW\\UTDesign\\cases\\libuv\\libuv-golden-demo\\entry',
      belongProjectPath: 'D:\\HW\\UTDesign\\cases\\libuv\\libuv-golden-demo'
    },
    'D:\\HW\\UTDesign\\cases\\libuv\\libuv-golden-demo': {
      moduleName: 'libuv-golden-demo',
      modulePkgPath: 'D:\\HW\\UTDesign\\cases\\libuv\\libuv-golden-demo',
      belongProjectPath: 'D:\\HW\\UTDesign\\cases\\libuv\\libuv-golden-demo'
    }
  },
  pkgJsonFileHash: 'c71d2661bcaea15ddf7e06a8d0054842d2f9d20842847d5adc14aac205427f87',
  allModulePaths: [ 'D:\\HW\\UTDesign\\cases\\libuv\\libuv-golden-demo\\entry' ],
  routerMap: {},
  obfuscationOptions: undefined,
  byteCodeHarToDependencyKeys: undefined,
  compileBlockPkg: [],
  mockParams: {
    decorator: '@MockSetup',
    packageName: '@ohos/hamock',
    etsSourceRootPath: 'src/main/ets',
    mockConfigPath: undefined,
    mockConfigKey2ModuleInfo: {},
    source2ModuleIdMap: {}
  },
  copyCodeResourceEnable: true,
  copyCodeResourceExcludes: [],
  copyCodeResourceIncludes: undefined,
  uiTransformOptimization: false,
  sdkPath: 'E:/DevEco Studio/sdk',
  needPreloadSoFileSet: {},
  preloadSoFilePath: 'D:\\HW\\UTDesign\\cases\\libuv\\libuv-golden-demo\\entry\\build\\default\\intermediates\\preload\\default\\preload.json',
  useSourceHash: false,
  localModuleParamMap: {},
  otherPaths: {
    'entry/*': [
      '..\\*',
      '..\\..\\..\\build\\default\\generated\\profile\\default\\*'
    ]
  },
  collectImportersConfig: undefined
}
[2026-07-28T09:38:57.074] [INFO] debug-file - Finished :entry:default@BuildJS... after 23 ms 
[2026-07-28T09:38:57.020] [DEBUG] debug-file - Compile arkts with external api path: E:\DevEco Studio\sdk\default\hms\ets
[2026-07-28T09:38:57.028] [DEBUG] debug-file - default@CompileArkTS work[1] is submitted.
[2026-07-28T09:38:57.028] [DEBUG] debug-file - default@CompileArkTS work[1] is pushed to ready queue.
[2026-07-28T09:38:57.028] [DEBUG] debug-file - A work dispatched to worker[15] failed because unable to get work from ready queue.
[2026-07-28T09:38:57.029] [DEBUG] debug-file - A work dispatched to worker[14] failed because of worker busy.
[2026-07-28T09:38:57.029] [DEBUG] debug-file - A work dispatched to worker[13] failed because unable to get work from ready queue.
[2026-07-28T09:38:57.029] [DEBUG] debug-file - A work dispatched to worker[12] failed because unable to get work from ready queue.
[2026-07-28T09:38:57.029] [DEBUG] debug-file - A work dispatched to worker[11] failed because unable to get work from ready queue.
[2026-07-28T09:38:57.029] [DEBUG] debug-file - A work dispatched to worker[10] failed because unable to get work from ready queue.
[2026-07-28T09:38:57.029] [DEBUG] debug-file - A work dispatched to worker[9] failed because unable to get work from ready queue.
[2026-07-28T09:38:57.029] [DEBUG] debug-file - A work dispatched to worker[8] failed because unable to get work from ready queue.
[2026-07-28T09:38:57.030] [DEBUG] debug-file - A work dispatched to worker[7] failed because unable to get work from ready queue.
[2026-07-28T09:38:57.030] [DEBUG] debug-file - A work dispatched to worker[6] failed because unable to get work from ready queue.
[2026-07-28T09:38:57.030] [DEBUG] debug-file - A work dispatched to worker[5] failed because unable to get work from ready queue.
[2026-07-28T09:38:57.030] [DEBUG] debug-file - Create  resident worker with id: 4.
[2026-07-28T09:38:57.035] [DEBUG] debug-file - default@CompileArkTS work[1] has been dispatched to worker[4].
[2026-07-28T09:38:57.035] [DEBUG] debug-file - default@CompileArkTS work[1] is dispatched.
[2026-07-28T09:38:57.036] [DEBUG] debug-file - CopyResources startTime: 969951927550900
[2026-07-28T09:38:57.036] [DEBUG] debug-file - default@CompileArkTS work[2] is submitted.
[2026-07-28T09:38:57.037] [DEBUG] debug-file - default@CompileArkTS work[2] is pushed to ready queue.
[2026-07-28T09:38:57.037] [DEBUG] debug-file - A work dispatched to worker[15] failed because unable to get work from ready queue.
[2026-07-28T09:38:57.038] [DEBUG] debug-file - A work dispatched to worker[14] failed because of worker busy.
[2026-07-28T09:38:57.038] [DEBUG] debug-file - Create  resident worker with id: 13.
[2026-07-28T09:38:57.041] [DEBUG] debug-file - default@CompileArkTS work[2] has been dispatched to worker[13].
[2026-07-28T09:38:57.041] [DEBUG] debug-file - default@CompileArkTS work[2] is dispatched.
[2026-07-28T09:38:57.042] [DEBUG] debug-file - entry : default@CompileArkTS cost memory 2.5497055053710938
[2026-07-28T09:38:59.644] [DEBUG] debug-file - worker[13] has one work done.
[2026-07-28T09:38:59.644] [DEBUG] debug-file - CopyResources is end, endTime: 969954536300000
[2026-07-28T09:38:59.645] [DEBUG] debug-file - default@CompileArkTS work[2] done.
[2026-07-28T09:38:59.646] [DEBUG] debug-file - A work dispatched to worker[13] failed because unable to get work from ready queue.
[2026-07-28T09:38:59.969] [DEBUG] debug-file - Not searching for unused variables given on the command line.

[2026-07-28T09:39:00.269] [DEBUG] debug-file - -- The C compiler identification is Clang 15.0.4

[2026-07-28T09:39:00.609] [DEBUG] debug-file - -- The CXX compiler identification is Clang 15.0.4

[2026-07-28T09:39:00.851] [DEBUG] debug-file - -- Detecting C compiler ABI info

[2026-07-28T09:39:01.637] [DEBUG] debug-file - -- Detecting C compiler ABI info - done

[2026-07-28T09:39:01.665] [DEBUG] debug-file - -- Check for working C compiler: E:/DevEco Studio/sdk/default/openharmony/native/llvm/bin/clang.exe - skipped

[2026-07-28T09:39:01.667] [DEBUG] debug-file - -- Detecting C compile features

[2026-07-28T09:39:01.670] [DEBUG] debug-file - -- Detecting C compile features - done

[2026-07-28T09:39:01.902] [DEBUG] debug-file - -- Detecting CXX compiler ABI info

[2026-07-28T09:39:02.815] [DEBUG] debug-file - -- Detecting CXX compiler ABI info - done

[2026-07-28T09:39:02.833] [DEBUG] debug-file - -- Check for working CXX compiler: E:/DevEco Studio/sdk/default/openharmony/native/llvm/bin/clang++.exe - skipped

[2026-07-28T09:39:02.834] [DEBUG] debug-file - -- Detecting CXX compile features

[2026-07-28T09:39:02.836] [DEBUG] debug-file - -- Detecting CXX compile features - done

[2026-07-28T09:39:02.888] [DEBUG] debug-file - -- Performing Test UV_LINT_W4

[2026-07-28T09:39:03.261] [DEBUG] debug-file - -- Performing Test UV_LINT_W4 - Failed

[2026-07-28T09:39:03.264] [DEBUG] debug-file - -- Performing Test UV_LINT_NO_UNUSED_PARAMETER_MSVC

[2026-07-28T09:39:03.758] [DEBUG] debug-file - -- Performing Test UV_LINT_NO_UNUSED_PARAMETER_MSVC - Failed

[2026-07-28T09:39:03.760] [DEBUG] debug-file - -- Performing Test UV_LINT_NO_CONDITIONAL_CONSTANT_MSVC

[2026-07-28T09:39:04.168] [DEBUG] debug-file - -- Performing Test UV_LINT_NO_CONDITIONAL_CONSTANT_MSVC - Failed

[2026-07-28T09:39:04.169] [DEBUG] debug-file - -- Performing Test UV_LINT_NO_NONSTANDARD_MSVC

[2026-07-28T09:39:04.555] [DEBUG] debug-file - -- Performing Test UV_LINT_NO_NONSTANDARD_MSVC - Failed

[2026-07-28T09:39:04.559] [DEBUG] debug-file - -- Performing Test UV_LINT_NO_NONSTANDARD_EMPTY_TU_MSVC

[2026-07-28T09:39:05.109] [DEBUG] debug-file - -- Performing Test UV_LINT_NO_NONSTANDARD_EMPTY_TU_MSVC - Failed

[2026-07-28T09:39:05.113] [DEBUG] debug-file - -- Performing Test UV_LINT_NO_NONSTANDARD_FILE_SCOPE_MSVC

[2026-07-28T09:39:05.647] [DEBUG] debug-file - -- Performing Test UV_LINT_NO_NONSTANDARD_FILE_SCOPE_MSVC - Failed

[2026-07-28T09:39:05.650] [DEBUG] debug-file - -- Performing Test UV_LINT_NO_NONSTANDARD_NONSTATIC_DLIMPORT_MSVC

[2026-07-28T09:39:06.144] [DEBUG] debug-file - -- Performing Test UV_LINT_NO_NONSTANDARD_NONSTATIC_DLIMPORT_MSVC - Failed

[2026-07-28T09:39:06.148] [DEBUG] debug-file - -- Performing Test UV_LINT_NO_HIDES_LOCAL

[2026-07-28T09:39:06.703] [DEBUG] debug-file - -- Performing Test UV_LINT_NO_HIDES_LOCAL - Failed

[2026-07-28T09:39:06.707] [DEBUG] debug-file - -- Performing Test UV_LINT_NO_HIDES_PARAM

[2026-07-28T09:39:07.233] [DEBUG] debug-file - -- Performing Test UV_LINT_NO_HIDES_PARAM - Failed

[2026-07-28T09:39:07.237] [DEBUG] debug-file - -- Performing Test UV_LINT_NO_HIDES_GLOBAL

[2026-07-28T09:39:07.696] [DEBUG] debug-file - -- Performing Test UV_LINT_NO_HIDES_GLOBAL - Failed

[2026-07-28T09:39:07.697] [DEBUG] debug-file - -- Performing Test UV_LINT_NO_CONDITIONAL_ASSIGNMENT_MSVC

[2026-07-28T09:39:08.323] [DEBUG] debug-file - -- Performing Test UV_LINT_NO_CONDITIONAL_ASSIGNMENT_MSVC - Failed

[2026-07-28T09:39:08.326] [DEBUG] debug-file - -- Performing Test UV_LINT_NO_UNSAFE_MSVC

[2026-07-28T09:39:08.938] [DEBUG] debug-file - -- Performing Test UV_LINT_NO_UNSAFE_MSVC - Failed

[2026-07-28T09:39:08.940] [DEBUG] debug-file - -- Performing Test UV_LINT_WALL

[2026-07-28T09:39:09.823] [DEBUG] debug-file - -- Performing Test UV_LINT_WALL - Success

[2026-07-28T09:39:09.826] [DEBUG] debug-file - -- Performing Test UV_LINT_NO_UNUSED_PARAMETER

[2026-07-28T09:39:10.420] [DEBUG] debug-file - -- Performing Test UV_LINT_NO_UNUSED_PARAMETER - Success

[2026-07-28T09:39:10.423] [DEBUG] debug-file - -- Performing Test UV_LINT_STRICT_PROTOTYPES

[2026-07-28T09:39:11.449] [DEBUG] debug-file - -- Performing Test UV_LINT_STRICT_PROTOTYPES - Success

[2026-07-28T09:39:11.456] [DEBUG] debug-file - -- Performing Test UV_LINT_EXTRA

[2026-07-28T09:39:12.408] [DEBUG] debug-file - -- Performing Test UV_LINT_EXTRA - Success

[2026-07-28T09:39:12.413] [DEBUG] debug-file - -- Performing Test UV_LINT_UTF8_MSVC

[2026-07-28T09:39:12.821] [DEBUG] debug-file - -- Performing Test UV_LINT_UTF8_MSVC - Failed

[2026-07-28T09:39:12.824] [DEBUG] debug-file - -- Performing Test UV_F_STRICT_ALIASING

[2026-07-28T09:39:13.679] [DEBUG] debug-file - -- Performing Test UV_F_STRICT_ALIASING - Success

[2026-07-28T09:39:13.698] [DEBUG] debug-file - -- summary of build options:
    Install prefix:  C:/Program Files (x86)/libuv_harmony_demo
    Target system:   OHOS
    Compiler:
      C compiler:    E:/DevEco Studio/sdk/default/openharmony/native/llvm/bin/clang.exe (Clang)
      CFLAGS:         -fdata-sections -ffunction-sections -funwind-tables -fstack-protector-strong -no-canonical-prefixes -fno-addrsig -Wa,--noexecstack -Wformat -Werror=format-security -Wunguarded-availability  -D__MUSL__


[2026-07-28T09:39:13.700] [DEBUG] debug-file - -- Configuring done (13.8s)

[2026-07-28T09:39:13.855] [DEBUG] debug-file - -- Generating done (0.1s)

[2026-07-28T09:39:13.928] [DEBUG] debug-file - -- Build files have been written to: D:/HW/UTDesign/cases/libuv/libuv-golden-demo/entry/.cxx/default/default/debug/x86_64

[2026-07-28T09:39:13.952] [DEBUG] debug-file - worker[14] has one work done.
[2026-07-28T09:39:14.081] [DEBUG] debug-file - default@BuildNativeWithCmake work[0] done.
[2026-07-28T09:39:14.081] [DEBUG] debug-file - A work dispatched to worker[14] failed because unable to get work from ready queue.
[2026-07-28T09:39:14.082] [INFO] debug-file - Finished :entry:default@BuildNativeWithCmake... after 14 s 333 ms 
[2026-07-28T09:39:14.085] [DEBUG] debug-file - Executing task :entry:default@BuildNativeWithNinja
[2026-07-28T09:39:14.091] [DEBUG] debug-file - Use tool [Ninja]
 [
  'E:\\DevEco Studio\\sdk\\default\\openharmony\\native\\build-tools\\cmake\\bin\\ninja.exe',
  '-C',
  'D:\\HW\\UTDesign\\cases\\libuv\\libuv-golden-demo\\entry\\.cxx\\default\\default\\debug\\x86_64'
]
[2026-07-28T09:39:14.092] [DEBUG] debug-file - default@BuildNativeWithNinja work[3] is submitted.
[2026-07-28T09:39:14.092] [DEBUG] debug-file - default@BuildNativeWithNinja work[3] is pushed to ready queue.
[2026-07-28T09:39:14.092] [DEBUG] debug-file - A work dispatched to worker[15] failed because unable to get work from ready queue.
[2026-07-28T09:39:14.092] [DEBUG] debug-file - default@BuildNativeWithNinja work[3] has been dispatched to worker[14].
[2026-07-28T09:39:14.093] [DEBUG] debug-file - default@BuildNativeWithNinja work[3] is dispatched.
[2026-07-28T09:39:14.120] [DEBUG] debug-file - OHOS_STL is c++_shared
[2026-07-28T09:39:14.120] [DEBUG] debug-file - Copy STL libc++_shared.so to D:\HW\UTDesign\cases\libuv\libuv-golden-demo\entry\build\default\intermediates\cmake\default\obj\x86_64 due to OHOS_STL is 'c++_shared'
[2026-07-28T09:39:14.139] [DEBUG] debug-file - entry : default@BuildNativeWithNinja cost memory 0.388916015625
[2026-07-28T09:39:15.328] [DEBUG] debug-file - ninja: Entering directory `D:\HW\UTDesign\cases\libuv\libuv-golden-demo\entry\.cxx\default\default\debug\x86_64'
[1/39] Building C object libuv-build/CMakeFiles/uv_a.dir/src/strtok.c.o

[2026-07-28T09:39:15.434] [DEBUG] debug-file - clang: warning: argument unused during compilation: '--gcc-toolchain=E:/DevEco Studio/sdk/default/openharmony/native/llvm' [-Wunused-command-line-argument]
[2/39] Building C object libuv-build/CMakeFiles/uv_a.dir/src/version.c.o

[2026-07-28T09:39:15.488] [DEBUG] debug-file - clang: warning: argument unused during compilation: '--gcc-toolchain=E:/DevEco Studio/sdk/default/openharmony/native/llvm' [-Wunused-command-line-argument]
[3/39] Building C object libuv-build/CMakeFiles/uv_a.dir/src/timer.c.o

[2026-07-28T09:39:15.550] [DEBUG] debug-file - clang: warning: argument unused during compilation: '--gcc-toolchain=E:/DevEco Studio/sdk/default/openharmony/native/llvm' [-Wunused-command-line-argument]
[4/39] Building C object libuv-build/CMakeFiles/uv_a.dir/src/uv-data-getter-setters.c.o

[2026-07-28T09:39:15.598] [DEBUG] debug-file - clang: warning: argument unused during compilation: '--gcc-toolchain=E:/DevEco Studio/sdk/default/openharmony/native/llvm' [-Wunused-command-line-argument]
[5/39] Building C object libuv-build/CMakeFiles/uv_a.dir/src/random.c.o

[2026-07-28T09:39:15.642] [DEBUG] debug-file - clang: warning: argument unused during compilation: '--gcc-toolchain=E:/DevEco Studio/sdk/default/openharmony/native/llvm' [-Wunused-command-line-argument]
[6/39] Building C object libuv-build/CMakeFiles/uv_a.dir/src/unix/dl.c.o

[2026-07-28T09:39:15.693] [DEBUG] debug-file - clang: warning: argument unused during compilation: '--gcc-toolchain=E:/DevEco Studio/sdk/default/openharmony/native/llvm' [-Wunused-command-line-argument]
[7/39] Building C object libuv-build/CMakeFiles/uv_a.dir/src/thread-common.c.o

[2026-07-28T09:39:15.748] [DEBUG] debug-file - clang: warning: argument unused during compilation: '--gcc-toolchain=E:/DevEco Studio/sdk/default/openharmony/native/llvm' [-Wunused-command-line-argument]
[8/39] Building C object libuv-build/CMakeFiles/uv_a.dir/src/idna.c.o

[2026-07-28T09:39:15.799] [DEBUG] debug-file - clang: warning: argument unused during compilation: '--gcc-toolchain=E:/DevEco Studio/sdk/default/openharmony/native/llvm' [-Wunused-command-line-argument]
[9/39] Building C object libuv-build/CMakeFiles/uv_a.dir/src/strscpy.c.o

[2026-07-28T09:39:15.848] [DEBUG] debug-file - clang: warning: argument unused during compilation: '--gcc-toolchain=E:/DevEco Studio/sdk/default/openharmony/native/llvm' [-Wunused-command-line-argument]
[10/39] Building C object libuv-build/CMakeFiles/uv_a.dir/src/threadpool.c.o

[2026-07-28T09:39:15.902] [DEBUG] debug-file - clang: warning: argument unused during compilation: '--gcc-toolchain=E:/DevEco Studio/sdk/default/openharmony/native/llvm' [-Wunused-command-line-argument]
[11/39] Building C object libuv-build/CMakeFiles/uv_a.dir/src/fs-poll.c.o

[2026-07-28T09:39:15.960] [DEBUG] debug-file - clang: warning: argument unused during compilation: '--gcc-toolchain=E:/DevEco Studio/sdk/default/openharmony/native/llvm' [-Wunused-command-line-argument]
[12/39] Building C object libuv-build/CMakeFiles/uv_a.dir/src/unix/getnameinfo.c.o

[2026-07-28T09:39:16.018] [DEBUG] debug-file - clang: warning: argument unused during compilation: '--gcc-toolchain=E:/DevEco Studio/sdk/default/openharmony/native/llvm' [-Wunused-command-line-argument]
[13/39] Building C object libuv-build/CMakeFiles/uv_a.dir/src/inet.c.o

[2026-07-28T09:39:16.097] [DEBUG] debug-file - clang: warning: argument unused during compilation: '--gcc-toolchain=E:/DevEco Studio/sdk/default/openharmony/native/llvm' [-Wunused-command-line-argument]
[14/39] Building C object libuv-build/CMakeFiles/uv_a.dir/src/unix/getaddrinfo.c.o

[2026-07-28T09:39:16.177] [DEBUG] debug-file - clang: warning: argument unused during compilation: '--gcc-toolchain=E:/DevEco Studio/sdk/default/openharmony/native/llvm' [-Wunused-command-line-argument]
[15/39] Building C object libuv-build/CMakeFiles/uv_a.dir/src/unix/async.c.o

[2026-07-28T09:39:16.235] [DEBUG] debug-file - clang: warning: argument unused during compilation: '--gcc-toolchain=E:/DevEco Studio/sdk/default/openharmony/native/llvm' [-Wunused-command-line-argument]
[16/39] Building C object libuv-build/CMakeFiles/uv_a.dir/src/uv-common.c.o

[2026-07-28T09:39:16.285] [DEBUG] debug-file - clang: warning: argument unused during compilation: '--gcc-toolchain=E:/DevEco Studio/sdk/default/openharmony/native/llvm' [-Wunused-command-line-argument]
[17/39] Building C object libuv-build/CMakeFiles/uv_a.dir/src/unix/core.c.o

[2026-07-28T09:39:16.331] [DEBUG] debug-file - clang: warning: argument unused during compilation: '--gcc-toolchain=E:/DevEco Studio/sdk/default/openharmony/native/llvm' [-Wunused-command-line-argument]
[18/39] Building C object libuv-build/CMakeFiles/uv_a.dir/src/unix/fs.c.o

[2026-07-28T09:39:16.530] [DEBUG] debug-file - clang: warning: argument unused during compilation: '--gcc-toolchain=E:/DevEco Studio/sdk/default/openharmony/native/llvm' [-Wunused-command-line-argument]
[19/39] Building C object libuv-build/CMakeFiles/uv_a.dir/src/unix/loop-watcher.c.o

[2026-07-28T09:39:16.585] [DEBUG] debug-file - clang: warning: argument unused during compilation: '--gcc-toolchain=E:/DevEco Studio/sdk/default/openharmony/native/llvm' [-Wunused-command-line-argument]
[20/39] Building C object libuv-build/CMakeFiles/uv_a.dir/src/unix/procfs-exepath.c.o

[2026-07-28T09:39:16.586] [DEBUG] debug-file - clang: warning: argument unused during compilation: '--gcc-toolchain=E:/DevEco Studio/sdk/default/openharmony/native/llvm' [-Wunused-command-line-argument]
[21/39] Building C object libuv-build/CMakeFiles/uv_a.dir/src/unix/random-devurandom.c.o

[2026-07-28T09:39:16.586] [DEBUG] debug-file - clang: warning: argument unused during compilation: '--gcc-toolchain=E:/DevEco Studio/sdk/default/openharmony/native/llvm' [-Wunused-command-line-argument]
[22/39] Building C object libuv-build/CMakeFiles/uv_a.dir/src/unix/random-getrandom.c.o

[2026-07-28T09:39:16.587] [DEBUG] debug-file - clang: warning: argument unused during compilation: '--gcc-toolchain=E:/DevEco Studio/sdk/default/openharmony/native/llvm' [-Wunused-command-line-argument]
[23/39] Building C object libuv-build/CMakeFiles/uv_a.dir/src/unix/loop.c.o

[2026-07-28T09:39:16.588] [DEBUG] debug-file - clang: warning: argument unused during compilation: '--gcc-toolchain=E:/DevEco Studio/sdk/default/openharmony/native/llvm' [-Wunused-command-line-argument]
[24/39] Building C object libuv-build/CMakeFiles/uv_a.dir/src/unix/random-sysctl-linux.c.o

[2026-07-28T09:39:16.589] [DEBUG] debug-file - clang: warning: argument unused during compilation: '--gcc-toolchain=E:/DevEco Studio/sdk/default/openharmony/native/llvm' [-Wunused-command-line-argument]
[25/39] Building C object libuv-build/CMakeFiles/uv_a.dir/src/unix/poll.c.o

[2026-07-28T09:39:16.590] [DEBUG] debug-file - clang: warning: argument unused during compilation: '--gcc-toolchain=E:/DevEco Studio/sdk/default/openharmony/native/llvm' [-Wunused-command-line-argument]
[26/39] Building C object libuv-build/CMakeFiles/uv_a.dir/src/unix/proctitle.c.o

[2026-07-28T09:39:16.591] [DEBUG] debug-file - clang: warning: argument unused during compilation: '--gcc-toolchain=E:/DevEco Studio/sdk/default/openharmony/native/llvm' [-Wunused-command-line-argument]
[27/39] Building C object libuv-build/CMakeFiles/uv_a.dir/src/unix/pipe.c.o

[2026-07-28T09:39:16.591] [DEBUG] debug-file - clang: warning: argument unused during compilation: '--gcc-toolchain=E:/DevEco Studio/sdk/default/openharmony/native/llvm' [-Wunused-command-line-argument]
[28/39] Building C object libuv-build/CMakeFiles/uv_a.dir/src/unix/process.c.o

[2026-07-28T09:39:16.592] [DEBUG] debug-file - clang: warning: argument unused during compilation: '--gcc-toolchain=E:/DevEco Studio/sdk/default/openharmony/native/llvm' [-Wunused-command-line-argument]
[29/39] Building C object libuv-build/CMakeFiles/uv_a.dir/src/unix/tty.c.o

[2026-07-28T09:39:16.593] [DEBUG] debug-file - clang: warning: argument unused during compilation: '--gcc-toolchain=E:/DevEco Studio/sdk/default/openharmony/native/llvm' [-Wunused-command-line-argument]
[30/39] Building C object libuv-build/CMakeFiles/uv_a.dir/src/unix/tcp.c.o

[2026-07-28T09:39:16.593] [DEBUG] debug-file - clang: warning: argument unused during compilation: '--gcc-toolchain=E:/DevEco Studio/sdk/default/openharmony/native/llvm' [-Wunused-command-line-argument]
[31/39] Building C object libuv-build/CMakeFiles/uv_a.dir/src/unix/thread.c.o

[2026-07-28T09:39:16.594] [DEBUG] debug-file - clang: warning: argument unused during compilation: '--gcc-toolchain=E:/DevEco Studio/sdk/default/openharmony/native/llvm' [-Wunused-command-line-argument]
[32/39] Building C object libuv-build/CMakeFiles/uv_a.dir/src/unix/signal.c.o

[2026-07-28T09:39:16.594] [DEBUG] debug-file - clang: warning: argument unused during compilation: '--gcc-toolchain=E:/DevEco Studio/sdk/default/openharmony/native/llvm' [-Wunused-command-line-argument]
[33/39] Building C object libuv-build/CMakeFiles/uv_a.dir/src/unix/udp.c.o

[2026-07-28T09:39:16.654] [DEBUG] debug-file - clang: warning: argument unused during compilation: '--gcc-toolchain=E:/DevEco Studio/sdk/default/openharmony/native/llvm' [-Wunused-command-line-argument]
[34/39] Building C object libuv-build/CMakeFiles/uv_a.dir/src/unix/stream.c.o
clang: warning: argument unused during compilation: '--gcc-toolchain=E:/DevEco Studio/sdk/default/openharmony/native/llvm' [-Wunused-command-line-argument]
D:/HW/UTDesign/cases/libuv/libuv-golden-demo/library/src/unix/stream.c:990:56: warning: comparison of integers of different signs: 'unsigned long' and 'long' [-Wsign-compare]
  for (cmsg = CMSG_FIRSTHDR(msg); cmsg != NULL; cmsg = CMSG_NXTHDR(msg, cmsg)) {
                                                       ^~~~~~~~~~~~~~~~~~~~~~
E:/DevEco Studio/sdk/default/openharmony/native/sysroot/usr/include/sys/socket.h:360:44: note: expanded from macro 'CMSG_NXTHDR'
        __CMSG_LEN(cmsg) + sizeof(struct cmsghdr) >= __MHDR_END(mhdr) - (unsigned char *)(cmsg) \
        ~~~~~~~~~~~~~~~~~~~~~~~~~~~~~~~~~~~~~~~~~ ^  ~~~~~~~~~~~~~~~~~~~~~~~~~~~~~~~~~~~~~~~~~~
1 warning generated.
[35/39] Building C object libuv-build/CMakeFiles/uv_a.dir/src/unix/linux.c.o

[2026-07-28T09:39:16.737] [DEBUG] debug-file - worker[4] has one work error.
[2026-07-28T09:39:16.739] [DEBUG] debug-file - Ark compile task finished.finished time is 969971629607500
[2026-07-28T09:39:16.738] [DEBUG] debug-file - default@CompileArkTS work[1] failed.
[2026-07-28T09:39:16.739] [ERROR] debug-file - Failed :entry:default@CompileArkTS... 
[2026-07-28T09:39:16.740] [WARN] debug-file - 
[33m1 WARN: [33m[33mArkTS:WARN: For details about ArkTS syntax errors, see FAQs[39m[39m
[33m2 WARN: [33m[33mArkTS:WARN File: D:/HW/UTDesign/cases/libuv/libuv-golden-demo/entry/src/main/ets/pages/Index.ets:1:19
 Currently module for 'libentry.so' is not verified. If you're importing napi, its verification will be enabled in later SDK version. Please make sure the corresponding .d.ts file is provided and the napis are correctly declared.
[39m[39m
[2026-07-28T09:39:16.740] [DEBUG] debug-file - hvigor build process will be closed with an error.
[2026-07-28T09:39:16.979] [DEBUG] debug-file - ERROR: stacktrace = Error: ArkTS Compiler Error
[31m1 ERROR: [31m10605008 ArkTS Compiler Error
Error Message: Use explicit types instead of "any", "unknown" (arkts-no-any-unknown) At File: D:/HW/UTDesign/cases/libuv/libuv-golden-demo/entry/src/main/ets/pages/Index.ets:11:11
[39m
[39m
[31mCOMPILE RESULT:FAIL {ERROR:2 WARN:2}[39m
    at runArkPack (E:\DevEco Studio\tools\hvigor\hvigor-ohos-plugin\node_modules\@ohos\hvigor-arkts-compose\dist\src\arkts-pack.js:1:5076)
ArkTSCompilerError: ArkTS Compiler Error
    at throwArkTsCompilerError (E:\DevEco Studio\tools\hvigor\hvigor-ohos-plugin\node_modules\@ohos\hvigor-arkts-compose\dist\src\data\compose-error.js:1:423)
    at throwErrorIfHasErrorInfo (E:\DevEco Studio\tools\hvigor\hvigor-ohos-plugin\node_modules\@ohos\hvigor-arkts-compose\dist\src\plugins\common-plugin.js:1:4894)
    at Object.handler (E:\DevEco Studio\tools\hvigor\hvigor-ohos-plugin\node_modules\@ohos\hvigor-arkts-compose\dist\src\plugins\common-plugin.js:1:2989)
    at E:\DevEco Studio\tools\hvigor\hvigor-ohos-plugin\node_modules\@ohos\hvigor-arkts-base\node_modules\rollup\dist\shared\rollup.js:27864:40
[2026-07-28T09:39:16.979] [ERROR] debug-file - Error: ArkTS Compiler Error
[31m1 ERROR: [31m10605008 ArkTS Compiler Error
Error Message: Use explicit types instead of "any", "unknown" (arkts-no-any-unknown) At File: D:/HW/UTDesign/cases/libuv/libuv-golden-demo/entry/src/main/ets/pages/Index.ets:11:11
[39m
[39m
[31mCOMPILE RESULT:FAIL {ERROR:2 WARN:2}[39m
    at runArkPack (E:\DevEco Studio\tools\hvigor\hvigor-ohos-plugin\node_modules\@ohos\hvigor-arkts-compose\dist\src\arkts-pack.js:1:5076)
ArkTSCompilerError: ArkTS Compiler Error
    at throwArkTsCompilerError (E:\DevEco Studio\tools\hvigor\hvigor-ohos-plugin\node_modules\@ohos\hvigor-arkts-compose\dist\src\data\compose-error.js:1:423)
    at throwErrorIfHasErrorInfo (E:\DevEco Studio\tools\hvigor\hvigor-ohos-plugin\node_modules\@ohos\hvigor-arkts-compose\dist\src\plugins\common-plugin.js:1:4894)
    at Object.handler (E:\DevEco Studio\tools\hvigor\hvigor-ohos-plugin\node_modules\@ohos\hvigor-arkts-compose\dist\src\plugins\common-plugin.js:1:2989)
    at E:\DevEco Studio\tools\hvigor\hvigor-ohos-plugin\node_modules\@ohos\hvigor-arkts-base\node_modules\rollup\dist\shared\rollup.js:27864:40
[2026-07-28T09:39:17.001] [ERROR] debug-file - BUILD FAILED in 27 s 284 ms 
[2026-07-28T09:39:17.001] [DEBUG] debug-file - There is no need to refresh cache, since the incremental task entry:default@PreBuild is up-to-date.
[2026-07-28T09:39:17.002] [DEBUG] debug-file - Update task entry:default@CreateModuleInfo output file:D:\HW\UTDesign\cases\libuv\libuv-golden-demo\entry\build\default\generated\profile\default\ModuleInfo.ts cache.
[2026-07-28T09:39:17.003] [DEBUG] debug-file - Incremental task entry:default@CreateModuleInfo post-execution cost:2 ms .
[2026-07-28T09:39:17.003] [DEBUG] debug-file - Update task entry:default@GenerateMetadata input file:D:\HW\UTDesign\cases\libuv\libuv-golden-demo\entry\src\main\module.json5 cache by regenerate.
[2026-07-28T09:39:17.004] [DEBUG] debug-file - Update task entry:default@GenerateMetadata output file:D:\HW\UTDesign\cases\libuv\libuv-golden-demo\entry\build\default\intermediates\hap_metadata\default\output_metadata.json cache.
[2026-07-28T09:39:17.004] [DEBUG] debug-file - Incremental task entry:default@GenerateMetadata post-execution cost:2 ms .
[2026-07-28T09:39:17.004] [DEBUG] debug-file - Update task entry:default@MergeProfile input file:D:\HW\UTDesign\cases\libuv\libuv-golden-demo\AppScope\app.json5 cache by regenerate.
[2026-07-28T09:39:17.005] [DEBUG] debug-file - Update task entry:default@MergeProfile input file:D:\HW\UTDesign\cases\libuv\libuv-golden-demo\build-profile.json5 cache by regenerate.
[2026-07-28T09:39:17.006] [DEBUG] debug-file - Update task entry:default@MergeProfile input file:D:\HW\UTDesign\cases\libuv\libuv-golden-demo\entry\src\main\module.json5 cache by regenerate.
[2026-07-28T09:39:17.007] [DEBUG] debug-file - Update task entry:default@MergeProfile output file:D:\HW\UTDesign\cases\libuv\libuv-golden-demo\entry\build\default\intermediates\merge_profile\default\module.json cache.
[2026-07-28T09:39:17.008] [DEBUG] debug-file - Incremental task entry:default@MergeProfile post-execution cost:4 ms .
[2026-07-28T09:39:17.008] [DEBUG] debug-file - Update task entry:default@CreateBuildProfile input file:D:\HW\UTDesign\cases\libuv\libuv-golden-demo\AppScope\app.json5 cache by regenerate.
[2026-07-28T09:39:17.009] [DEBUG] debug-file - Update task entry:default@CreateBuildProfile input file:D:\HW\UTDesign\cases\libuv\libuv-golden-demo\build-profile.json5 cache by regenerate.
[2026-07-28T09:39:17.009] [DEBUG] debug-file - Update task entry:default@CreateBuildProfile output file:D:\HW\UTDesign\cases\libuv\libuv-golden-demo\entry\build\default\generated\profile\default\BuildProfile.ets cache.
[2026-07-28T09:39:17.010] [DEBUG] debug-file - Incremental task entry:default@CreateBuildProfile post-execution cost:2 ms .
[2026-07-28T09:39:17.010] [DEBUG] debug-file - Update task entry:default@GeneratePkgContextInfo output file:D:\HW\UTDesign\cases\libuv\libuv-golden-demo\entry\build\default\intermediates\loader\default\pkgContextInfo.json cache.
[2026-07-28T09:39:17.012] [DEBUG] debug-file - Incremental task entry:default@GeneratePkgContextInfo post-execution cost:2 ms .
[2026-07-28T09:39:17.012] [DEBUG] debug-file - Update task entry:default@GeneratePkgSdkInfo output file:D:\HW\UTDesign\cases\libuv\libuv-golden-demo\entry\build\default\intermediates\loader\default\pkgSdkInfo.json cache.
[2026-07-28T09:39:17.013] [DEBUG] debug-file - Incremental task entry:default@GeneratePkgSdkInfo post-execution cost:1 ms .
[2026-07-28T09:39:17.013] [DEBUG] debug-file - Update task entry:default@ProcessIntegratedHsp output file:D:\HW\UTDesign\cases\libuv\libuv-golden-demo\build\cache\default\integrated_hsp\integratedHspCache.json cache.
[2026-07-28T09:39:17.014] [DEBUG] debug-file - Incremental task entry:default@ProcessIntegratedHsp post-execution cost:1 ms .
[2026-07-28T09:39:17.014] [DEBUG] debug-file - Update task entry:default@MakePackInfo input file:D:\HW\UTDesign\cases\libuv\libuv-golden-demo\AppScope\app.json5 cache by regenerate.
[2026-07-28T09:39:17.014] [DEBUG] debug-file - Update task entry:default@MakePackInfo input file:D:\HW\UTDesign\cases\libuv\libuv-golden-demo\entry\src\main\module.json5 cache by regenerate.
[2026-07-28T09:39:17.015] [DEBUG] debug-file - Update task entry:default@MakePackInfo input file:D:\HW\UTDesign\cases\libuv\libuv-golden-demo\build-profile.json5 cache by regenerate.
[2026-07-28T09:39:17.015] [DEBUG] debug-file - Update task entry:default@MakePackInfo output file:D:\HW\UTDesign\cases\libuv\libuv-golden-demo\entry\build\default\outputs\default\pack.info cache.
[2026-07-28T09:39:17.016] [DEBUG] debug-file - Incremental task entry:default@MakePackInfo post-execution cost:2 ms .
[2026-07-28T09:39:17.016] [DEBUG] debug-file - Update task entry:default@SyscapTransform input file:E:\DevEco Studio\sdk\default\openharmony\toolchains\syscap_tool.exe cache by regenerate.
[2026-07-28T09:39:17.016] [DEBUG] debug-file - Update task entry:default@SyscapTransform input file:E:\DevEco Studio\sdk\default\openharmony\ets\api\device-define cache by regenerate.
[2026-07-28T09:39:17.019] [DEBUG] debug-file - Update task entry:default@SyscapTransform output file:D:\HW\UTDesign\cases\libuv\libuv-golden-demo\entry\build\default\intermediates\syscap\default\rpcid.sc cache.
[2026-07-28T09:39:17.020] [DEBUG] debug-file - Incremental task entry:default@SyscapTransform post-execution cost:5 ms .
[2026-07-28T09:39:17.020] [DEBUG] debug-file - Update task entry:default@ProcessProfile input file:D:\HW\UTDesign\cases\libuv\libuv-golden-demo\entry\build\default\intermediates\merge_profile\default\module.json cache from map.
[2026-07-28T09:39:17.020] [DEBUG] debug-file - Update task entry:default@ProcessProfile output file:D:\HW\UTDesign\cases\libuv\libuv-golden-demo\entry\build\default\intermediates\process_profile\default\module.json cache.
[2026-07-28T09:39:17.021] [DEBUG] debug-file - Incremental task entry:default@ProcessProfile post-execution cost:1 ms .
[2026-07-28T09:39:17.022] [DEBUG] debug-file - Update task entry:default@ProcessRouterMap input file:D:\HW\UTDesign\cases\libuv\libuv-golden-demo\entry\oh-package.json5 cache by regenerate.
[2026-07-28T09:39:17.023] [DEBUG] debug-file - Update task entry:default@ProcessRouterMap input file:D:\HW\UTDesign\cases\libuv\libuv-golden-demo\oh-package.json5 cache by regenerate.
[2026-07-28T09:39:17.023] [DEBUG] debug-file - Update task entry:default@ProcessRouterMap input file:D:\HW\UTDesign\cases\libuv\libuv-golden-demo\entry\src\main\module.json5 cache by regenerate.
[2026-07-28T09:39:17.024] [DEBUG] debug-file - Update task entry:default@ProcessRouterMap output file:D:\HW\UTDesign\cases\libuv\libuv-golden-demo\entry\build\default\intermediates\router_map\default\temp-router-map.json cache.
[2026-07-28T09:39:17.024] [DEBUG] debug-file - Update task entry:default@ProcessRouterMap output file:D:\HW\UTDesign\cases\libuv\libuv-golden-demo\entry\build\default\intermediates\router_map\default\loader-router-map.json cache.
[2026-07-28T09:39:17.025] [DEBUG] debug-file - Incremental task entry:default@ProcessRouterMap post-execution cost:4 ms .
[2026-07-28T09:39:17.026] [DEBUG] debug-file - Update task entry:default@ProcessShareConfig input file:D:\HW\UTDesign\cases\libuv\libuv-golden-demo\entry\oh-package.json5 cache by regenerate.
[2026-07-28T09:39:17.026] [DEBUG] debug-file - Update task entry:default@ProcessShareConfig input file:D:\HW\UTDesign\cases\libuv\libuv-golden-demo\oh-package.json5 cache by regenerate.
[2026-07-28T09:39:17.027] [DEBUG] debug-file - Update task entry:default@ProcessShareConfig input file:D:\HW\UTDesign\cases\libuv\libuv-golden-demo\entry\src\main\module.json5 cache by regenerate.
[2026-07-28T09:39:17.027] [DEBUG] debug-file - Update task entry:default@ProcessShareConfig output file:D:\HW\UTDesign\cases\libuv\libuv-golden-demo\entry\build\default\intermediates\share_config\default\temp-share-config.json cache.
[2026-07-28T09:39:17.027] [DEBUG] debug-file - Incremental task entry:default@ProcessShareConfig post-execution cost:3 ms .
[2026-07-28T09:39:17.028] [DEBUG] debug-file - Update task entry:default@ProcessStartupConfig output file:D:\HW\UTDesign\cases\libuv\libuv-golden-demo\entry\build\default\intermediates\startup\default\startup_config.json cache.
[2026-07-28T09:39:17.028] [DEBUG] debug-file - Incremental task entry:default@ProcessStartupConfig post-execution cost:1 ms .
[2026-07-28T09:39:17.028] [DEBUG] debug-file - Update task entry:default@ProcessResource output file:D:\HW\UTDesign\cases\libuv\libuv-golden-demo\entry\build\default\intermediates\res\default\resConfig.json cache.
[2026-07-28T09:39:17.029] [DEBUG] debug-file - Update task entry:default@ProcessResource output file:D:\HW\UTDesign\cases\libuv\libuv-golden-demo\entry\build\default\intermediates\res\default\opt-compression.json cache.
[2026-07-28T09:39:17.029] [DEBUG] debug-file - Incremental task entry:default@ProcessResource post-execution cost:1 ms .
[2026-07-28T09:39:17.031] [DEBUG] debug-file - Update task entry:default@GenerateLoaderJson input file:D:\HW\UTDesign\cases\libuv\libuv-golden-demo\entry\build\default\intermediates\router_map\default\temp-router-map.json cache from map.
[2026-07-28T09:39:17.031] [DEBUG] debug-file - Update task entry:default@GenerateLoaderJson output file:D:\HW\UTDesign\cases\libuv\libuv-golden-demo\entry\build\default\intermediates\loader\default\loader.json cache.
[2026-07-28T09:39:17.032] [DEBUG] debug-file - Incremental task entry:default@GenerateLoaderJson post-execution cost:3 ms .
[2026-07-28T09:39:17.034] [DEBUG] debug-file - Update task entry:default@CompileResource input file:D:\HW\UTDesign\cases\libuv\libuv-golden-demo\entry\src\main\resources cache by regenerate.
[2026-07-28T09:39:17.037] [DEBUG] debug-file - Update task entry:default@CompileResource input file:D:\HW\UTDesign\cases\libuv\libuv-golden-demo\AppScope\resources cache by regenerate.
[2026-07-28T09:39:17.039] [DEBUG] debug-file - Update task entry:default@CompileResource input file:D:\HW\UTDesign\cases\libuv\libuv-golden-demo\entry\build\default\intermediates\process_profile\default\module.json cache from map.
[2026-07-28T09:39:17.039] [DEBUG] debug-file - Update task entry:default@CompileResource input file:D:\HW\UTDesign\cases\libuv\libuv-golden-demo\entry\build\default\intermediates\res\default\resConfig.json cache by regenerate.
[2026-07-28T09:39:17.040] [DEBUG] debug-file - Update task entry:default@CompileResource output file:D:\HW\UTDesign\cases\libuv\libuv-golden-demo\entry\build\default\intermediates\res\default cache.
[2026-07-28T09:39:17.047] [DEBUG] debug-file - Update task entry:default@CompileResource output file:D:\HW\UTDesign\cases\libuv\libuv-golden-demo\entry\build\default\generated\r\default\ResourceTable.h cache.
[2026-07-28T09:39:17.048] [DEBUG] debug-file - Update task entry:default@CompileResource output file:D:\HW\UTDesign\cases\libuv\libuv-golden-demo\entry\build\default\generated\r\default\ResourceTable.ts cache.
[2026-07-28T09:39:17.048] [DEBUG] debug-file - Update task entry:default@CompileResource output file:D:\HW\UTDesign\cases\libuv\libuv-golden-demo\entry\build\default\generated\r\default cache.
[2026-07-28T09:39:17.050] [DEBUG] debug-file - Incremental task entry:default@CompileResource post-execution cost:18 ms .
[2026-07-28T09:39:17.053] [DEBUG] debug-file - Update task entry:default@CompileArkTS input file:D:\HW\UTDesign\cases\libuv\libuv-golden-demo\entry\build\default\intermediates\loader\default cache by regenerate.
[2026-07-28T09:39:17.054] [DEBUG] debug-file - Update task entry:default@CompileArkTS input file:D:\HW\UTDesign\cases\libuv\libuv-golden-demo\entry\build\default\intermediates\res\default\ResourceTable.txt cache by regenerate.
[2026-07-28T09:39:17.055] [DEBUG] debug-file - Update task entry:default@CompileArkTS input file:D:\HW\UTDesign\cases\libuv\libuv-golden-demo\entry\build\default\intermediates\res\default\ark_module.json cache by regenerate.
[2026-07-28T09:39:17.055] [DEBUG] debug-file - Update task entry:default@CompileArkTS input file:D:\HW\UTDesign\cases\libuv\libuv-golden-demo\entry\build\default\intermediates\res\default\resources\base\profile cache by regenerate.
[2026-07-28T09:39:17.057] [DEBUG] debug-file - Update task entry:default@CompileArkTS input file:D:\HW\UTDesign\cases\libuv\libuv-golden-demo\entry\src\main\ets cache by regenerate.
[2026-07-28T09:39:17.059] [DEBUG] debug-file - Update task entry:default@CompileArkTS input file:D:\HW\UTDesign\cases\libuv\libuv-golden-demo\entry\build\default\generated\profile\default\BuildProfile.ets cache by regenerate.
[2026-07-28T09:39:17.060] [DEBUG] debug-file - Update task entry:default@CompileArkTS input file:D:\HW\UTDesign\cases\libuv\libuv-golden-demo\entry\src\main\cpp\types cache by regenerate.
[2026-07-28T09:39:17.062] [DEBUG] debug-file - Update task entry:default@CompileArkTS output file:D:\HW\UTDesign\cases\libuv\libuv-golden-demo\entry\build\default\intermediates\loader_out\default\ets cache.
[2026-07-28T09:39:17.063] [DEBUG] debug-file - Incremental task entry:default@CompileArkTS post-execution cost:13 ms .
[2026-07-28T09:39:17.065] [DEBUG] debug-file - Update task entry:default@BuildJS input file:D:\HW\UTDesign\cases\libuv\libuv-golden-demo\entry\build\default\intermediates\loader\default cache by regenerate.
[2026-07-28T09:39:17.067] [DEBUG] debug-file - Update task entry:default@BuildJS input file:D:\HW\UTDesign\cases\libuv\libuv-golden-demo\entry\build\default\intermediates\res\default\ResourceTable.txt cache by regenerate.
[2026-07-28T09:39:17.067] [DEBUG] debug-file - Update task entry:default@BuildJS input file:D:\HW\UTDesign\cases\libuv\libuv-golden-demo\entry\build\default\intermediates\res\default\ark_module.json cache by regenerate.
[2026-07-28T09:39:17.068] [DEBUG] debug-file - Update task entry:default@BuildJS input file:D:\HW\UTDesign\cases\libuv\libuv-golden-demo\entry\build\default\intermediates\res\default\resources\base\profile cache by regenerate.
[2026-07-28T09:39:17.069] [DEBUG] debug-file - Update task entry:default@BuildJS output file:D:\HW\UTDesign\cases\libuv\libuv-golden-demo\entry\build\default\intermediates\loader_out\default\js cache.
[2026-07-28T09:39:17.069] [DEBUG] debug-file - Incremental task entry:default@BuildJS post-execution cost:7 ms .
[2026-07-28T09:39:17.136] [DEBUG] debug-file - Current worker pool is stopped or closed.
[2026-07-28T09:39:17.137] [DEBUG] debug-file - Clear worker 0.
[2026-07-28T09:39:17.138] [DEBUG] debug-file - Worker 0 has been cleared.
[2026-07-28T09:39:17.139] [DEBUG] debug-file - Current idle worker size: 3.
[2026-07-28T09:39:17.139] [DEBUG] debug-file - Current busy worker size: 1.
[2026-07-28T09:39:17.139] [DEBUG] debug-file - Clear worker 1.
[2026-07-28T09:39:17.140] [DEBUG] debug-file - Worker 1 has been cleared.
[2026-07-28T09:39:17.141] [DEBUG] debug-file - Current idle worker size: 2.
[2026-07-28T09:39:17.141] [DEBUG] debug-file - Current busy worker size: 1.
[2026-07-28T09:39:17.141] [DEBUG] debug-file - Clear worker 13.
[2026-07-28T09:39:17.142] [DEBUG] debug-file - Worker 13 has been cleared.
[2026-07-28T09:39:17.142] [DEBUG] debug-file - Current idle worker size: 1.
[2026-07-28T09:39:17.143] [DEBUG] debug-file - Current busy worker size: 1.
[2026-07-28T09:39:17.143] [DEBUG] debug-file - Clear worker 4.
[2026-07-28T09:39:17.143] [DEBUG] debug-file - Worker 4 has been cleared.
[2026-07-28T09:39:17.146] [DEBUG] debug-file - Current idle worker size: 0.
[2026-07-28T09:39:17.146] [DEBUG] debug-file - Current busy worker size: 1.
[2026-07-28T09:39:17.146] [DEBUG] debug-file - Clear worker 14.
[2026-07-28T09:39:17.146] [DEBUG] debug-file - Worker 14 has been cleared.
[2026-07-28T09:39:17.146] [DEBUG] debug-file - Current idle worker size: 0.
[2026-07-28T09:39:17.146] [DEBUG] debug-file - Current busy worker size: 0.
[2026-07-28T09:39:17.150] [DEBUG] debug-file - hvigor build process will be closed.
[2026-07-28T09:39:17.154] [DEBUG] debug-file - worker[1] exits with exit code 1.
[2026-07-28T09:39:17.156] [DEBUG] debug-file - worker[0] exits with exit code 1.
[2026-07-28T09:39:17.160] [DEBUG] debug-file - Current worker pool is terminated.
[2026-07-28T09:39:17.170] [DEBUG] debug-file - worker[13] exits with exit code 1.
[2026-07-28T09:39:17.181] [DEBUG] debug-file - worker[14] exits with exit code 1.
[2026-07-28T09:39:17.259] [DEBUG] debug-file - worker[4] exits with exit code 1.
[2026-07-28T09:41:07.222] [DEBUG] debug-file - env: nodejsVersion=v18.20.1
[2026-07-28T09:41:07.853] [DEBUG] debug-file - Hvigor init with startParameters:{
  hvigorfileTypeCheck: false,
  parallelExecution: true,
  incrementalExecution: true,
  printStackTrace: false,
  daemon: false,
  analyze: 0,
  logLevel: Level { level: 20000, levelStr: 'INFO', colour: 'green' },
  optimizationStrategy: 'memory',
  hotCompile: undefined,
  hotReloadBuild: undefined,
  customizedParam: undefined
}
[2026-07-28T09:41:10.759] [DEBUG] debug-file - hvigorfile, require result:  { default: { system: [Function: appTasks], plugins: [] } }
[2026-07-28T09:41:11.013] [DEBUG] debug-file - Start initialize project's product build option map with build mode debug.
[2026-07-28T09:41:10.765] [DEBUG] debug-file - Starting plugin build process
[2026-07-28T09:41:11.011] [DEBUG] debug-file - App plugin register hook start...
[2026-07-28T09:41:11.020] [DEBUG] debug-file - Obtain build option for product 'default'in this build.
[2026-07-28T09:41:11.034] [DEBUG] debug-file - Start recording SDK configuration permission data.
[2026-07-28T09:41:11.091] [DEBUG] debug-file - Project task initialization takes 10 ms 
[2026-07-28T09:41:11.133] [DEBUG] debug-file - project has submodules:entry
[2026-07-28T09:41:11.121] [DEBUG] debug-file - Start initialize module-target build option map, moduleName=entry, buildMode=debug
[2026-07-28T09:41:11.102] [DEBUG] debug-file - failed to load cangjie to dynamically generate schemas: Error: Cannot find module '@ohos/cangjie-build-support/index'
Require stack:
- E:\DevEco Studio\tools\hvigor\hvigor-ohos-plugin\src\plugin\hooks\cangjie-register.js
- E:\DevEco Studio\tools\hvigor\hvigor-ohos-plugin\src\plugin\strategy\stage-init-strategy.js
- E:\DevEco Studio\tools\hvigor\hvigor-ohos-plugin\src\plugin\builder\abstract-plugin-builder.js
- E:\DevEco Studio\tools\hvigor\hvigor-ohos-plugin\src\plugin\builder\app-plugin-builder.js
- E:\DevEco Studio\tools\hvigor\hvigor-ohos-plugin\src\plugin\factory\plugin-factory.js
- E:\DevEco Studio\tools\hvigor\hvigor-ohos-plugin\index.js
- D:\HW\UTDesign\cases\libuv\libuv-golden-demo\hvigorfile.ts
- E:\DevEco Studio\tools\hvigor\hvigor\src\base\internal\lifecycle\configuration.js
- E:\DevEco Studio\tools\hvigor\hvigor\src\base\boot\index.js
- E:\DevEco Studio\tools\hvigor\hvigor\src\cli\main\cli.js
- E:\DevEco Studio\tools\hvigor\hvigor\bin\hvigor.js
[2026-07-28T09:41:07.225] [DEBUG] debug-file - env: hvigor-config.json5 content = {
  modelVersion: '6.1.0',
  dependencies: {},
  execution: {},
  logging: {},
  debugging: {},
  nodeOptions: {}
}
[2026-07-28T09:41:11.146] [DEBUG] debug-file - Start to initialize dependency information.
[2026-07-28T09:41:11.262] [DEBUG] debug-file - ninja: Entering directory `D:\HW\UTDesign\cases\libuv\libuv-golden-demo\entry\.cxx\default\default\debug\x86_64'
[1/1] Cleaning all built files...
Cleaning... 40 files.

[2026-07-28T09:41:11.136] [DEBUG] debug-file - Start to initialize dependency information.
[2026-07-28T09:41:11.338] [DEBUG] debug-file - Create  resident worker with id: 0.
[2026-07-28T09:41:07.858] [DEBUG] debug-file - Cache service initialization finished in 5 ms 
[2026-07-28T09:41:10.760] [DEBUG] debug-file - hvigorfile, binding system plugins [Function: appTasks]
[2026-07-28T09:41:10.766] [DEBUG] debug-file - App plugin prepare start...
[2026-07-28T09:41:11.011] [DEBUG] debug-file - App plugin register hook end...
[2026-07-28T09:41:11.013] [DEBUG] debug-file - Picking option from product 'default' with build mode 'debug'.
[2026-07-28T09:41:11.023] [DEBUG] debug-file - No signingConfig found, initRemoteHspCache failed.
[2026-07-28T09:41:11.080] [DEBUG] debug-file - Sdk init in 56 ms 
[2026-07-28T09:41:11.091] [DEBUG] debug-file - hvigorfile, begin to bind custom plugins...
[2026-07-28T09:41:11.121] [DEBUG] debug-file - Target 'default' config initialized
[2026-07-28T09:41:07.228] [DEBUG] debug-file - env: daemon=false
[2026-07-28T09:41:11.152] [DEBUG] debug-file - Module entry Collected Dependency: 
[2026-07-28T09:41:11.286] [DEBUG] debug-file - entry : clean cost memory -9.063255310058594
[2026-07-28T09:41:11.143] [DEBUG] debug-file - Module libuv-golden-demo Collected Dependency: 
[2026-07-28T09:41:11.344] [DEBUG] debug-file - Create  resident worker with id: 1.
[2026-07-28T09:41:07.861] [DEBUG] debug-file - hvigorfile, resolving D:\HW\UTDesign\cases\libuv\libuv-golden-demo\hvigorfile.ts
[2026-07-28T09:41:10.766] [DEBUG] debug-file - App plugin prepare end...
[2026-07-28T09:41:11.011] [DEBUG] debug-file - Plugin build process completed
[2026-07-28T09:41:11.014] [DEBUG] debug-file - Product 'default' build option initialized
[2026-07-28T09:41:11.026] [DEBUG] debug-file - Local scan or download HarmonyOS sdk components toolchains,ets,js,native,previewer
[2026-07-28T09:41:07.228] [DEBUG] debug-file - no-daemon, use the parent process.execArgv --max-old-space-size=8192,--max-semi-space-size=16,--expose-gc
[2026-07-28T09:41:11.122] [DEBUG] debug-file - Target 'ohosTest' config initialized
[2026-07-28T09:41:11.091] [DEBUG] debug-file - hvigorfile, no custom plugins were found in D:\HW\UTDesign\cases\libuv\libuv-golden-demo\hvigorfile.ts
[2026-07-28T09:41:11.152] [DEBUG] debug-file - Module entry's total dependency: 0
[2026-07-28T09:41:11.286] [DEBUG] debug-file - runTaskFromQueue task cost before running: 3 s 446 ms 
[2026-07-28T09:41:11.143] [DEBUG] debug-file - Module libuv-golden-demo's total dependency: 0
[2026-07-28T09:41:11.347] [DEBUG] debug-file - Current worker pool is stopped or closed.
[2026-07-28T09:41:10.766] [DEBUG] debug-file - App plugin creating...
[2026-07-28T09:41:11.014] [DEBUG] debug-file - End initialize project's product build option map with build mode 'debug'.
[2026-07-28T09:41:11.029] [DEBUG] debug-file - Local scan or download hmscore sdk components toolchains,ets,native
[2026-07-28T09:41:11.091] [DEBUG] debug-file - hvigorfile, resolve finished D:\HW\UTDesign\cases\libuv\libuv-golden-demo\hvigorfile.ts
[2026-07-28T09:41:11.123] [DEBUG] debug-file - Module 'entry' target 'default' build option initialized
[2026-07-28T09:41:11.157] [DEBUG] debug-file - Configuration phase cost:3 s 299 ms 
[2026-07-28T09:41:11.287] [INFO] debug-file - Finished :entry:clean... after 125 ms 
[2026-07-28T09:41:11.348] [DEBUG] debug-file - Clear worker 0.
[2026-07-28T09:41:11.092] [DEBUG] debug-file - hvigorfile, resolving D:\HW\UTDesign\cases\libuv\libuv-golden-demo\entry\hvigorfile.ts
[2026-07-28T09:41:11.123] [DEBUG] debug-file - Module 'entry' target 'ohosTest' build option initialized
[2026-07-28T09:41:11.288] [DEBUG] debug-file - Executing task ::clean
[2026-07-28T09:41:11.161] [DEBUG] debug-file - Configuration task cost before running: 3 s 320 ms 
[2026-07-28T09:41:11.348] [DEBUG] debug-file - Worker 0 has been cleared.
[2026-07-28T09:41:11.123] [DEBUG] debug-file - End initialize module-target build option map, moduleName=entry
[2026-07-28T09:41:11.100] [DEBUG] debug-file - hvigorfile, require result:  { default: { system: [Function: hapTasks], plugins: [] } }
[2026-07-28T09:41:11.288] [DEBUG] debug-file - clean: Worker pool is inactive.
[2026-07-28T09:41:11.161] [DEBUG] debug-file - Executing task :entry:clean
[2026-07-28T09:41:11.348] [DEBUG] debug-file - Current idle worker size: 1.
[2026-07-28T09:41:11.123] [DEBUG] debug-file - Start initialize module-target build option map, moduleName=entry, buildMode=release
[2026-07-28T09:41:11.100] [DEBUG] debug-file - hvigorfile, binding system plugins [Function: hapTasks]
[2026-07-28T09:41:11.288] [DEBUG] debug-file - libuv-golden-demo : clean cost memory 0.02089691162109375
[2026-07-28T09:41:11.162] [DEBUG] debug-file - clean: Worker pool is inactive.
[2026-07-28T09:41:11.348] [DEBUG] debug-file - Current busy worker size: 0.
[2026-07-28T09:41:11.123] [DEBUG] debug-file - Target 'default' config initialized
[2026-07-28T09:41:11.100] [DEBUG] debug-file - Starting plugin build process
[2026-07-28T09:41:11.288] [DEBUG] debug-file - runTaskFromQueue task cost before running: 3 s 448 ms 
[2026-07-28T09:41:11.348] [DEBUG] debug-file - Clear worker 1.
[2026-07-28T09:41:11.123] [DEBUG] debug-file - Target 'ohosTest' config initialized
[2026-07-28T09:41:11.100] [DEBUG] debug-file - Hap plugin creating...
[2026-07-28T09:41:11.288] [INFO] debug-file - Finished ::clean... after 1 ms 
[2026-07-28T09:41:11.348] [DEBUG] debug-file - Worker 1 has been cleared.
[2026-07-28T09:41:11.123] [DEBUG] debug-file - Module 'entry' target 'default' build option initialized
[2026-07-28T09:41:11.300] [INFO] debug-file - BUILD SUCCESSFUL in 3 s 460 ms 
[2026-07-28T09:41:11.348] [DEBUG] debug-file - Current idle worker size: 0.
[2026-07-28T09:41:11.123] [DEBUG] debug-file - Module 'entry' target 'ohosTest' build option initialized
[2026-07-28T09:41:11.348] [DEBUG] debug-file - Current busy worker size: 0.
[2026-07-28T09:41:11.332] [DEBUG] debug-file - Since there is no instance or instance is terminated, create a new worker pool.
[2026-07-28T09:41:11.123] [DEBUG] debug-file - End initialize module-target build option map, moduleName=entry
[2026-07-28T09:41:11.333] [DEBUG] debug-file - Worker pool is initialized with config:  {
  minPoolNum: 2,
  maxPoolNum: undefined,
  maxCoreSize: undefined,
  cacheCapacity: undefined,
  cacheTtl: undefined
}
[2026-07-28T09:41:11.350] [DEBUG] debug-file - hvigor build process will be closed.
[2026-07-28T09:41:11.124] [DEBUG] debug-file - Start initialize module-target build option map, moduleName=entry, buildMode=debug
[2026-07-28T09:41:11.358] [DEBUG] debug-file - worker[0] exits with exit code 0.
[2026-07-28T09:41:11.124] [DEBUG] debug-file - Target 'default' config initialized
[2026-07-28T09:41:11.361] [DEBUG] debug-file - worker[1] exits with exit code 0.
[2026-07-28T09:41:11.124] [DEBUG] debug-file - Target 'ohosTest' config initialized
[2026-07-28T09:41:11.364] [DEBUG] debug-file - Current worker pool is terminated.
[2026-07-28T09:41:11.124] [DEBUG] debug-file - Module 'entry' target 'default' build option initialized
[2026-07-28T09:41:11.124] [DEBUG] debug-file - Module 'entry' target 'ohosTest' build option initialized
[2026-07-28T09:41:11.124] [DEBUG] debug-file - End initialize module-target build option map, moduleName=entry
[2026-07-28T09:41:11.124] [DEBUG] debug-file - Obtain build option for module 'entry' target 'default'in this build.
[2026-07-28T09:41:11.131] [DEBUG] debug-file - Module entry task initialization takes 5 ms 
[2026-07-28T09:41:11.131] [DEBUG] debug-file - Hap plugin register hook start...
[2026-07-28T09:41:11.131] [DEBUG] debug-file - Hap plugin register hook end...
[2026-07-28T09:41:11.131] [DEBUG] debug-file - Plugin build process completed
[2026-07-28T09:41:11.131] [DEBUG] debug-file - hvigorfile, begin to bind custom plugins...
[2026-07-28T09:41:11.131] [DEBUG] debug-file - hvigorfile, no custom plugins were found in D:\HW\UTDesign\cases\libuv\libuv-golden-demo\entry\hvigorfile.ts
[2026-07-28T09:41:11.131] [DEBUG] debug-file - hvigorfile, resolve finished D:\HW\UTDesign\cases\libuv\libuv-golden-demo\entry\hvigorfile.ts
[2026-07-28T09:41:12.666] [DEBUG] debug-file - env: nodejsVersion=v18.20.1
[2026-07-28T09:41:13.251] [DEBUG] debug-file - Hvigor init with startParameters:{
  hvigorfileTypeCheck: false,
  parallelExecution: true,
  incrementalExecution: true,
  printStackTrace: false,
  daemon: false,
  analyze: 0,
  logLevel: Level { level: 20000, levelStr: 'INFO', colour: 'green' },
  optimizationStrategy: 'memory',
  hotCompile: undefined,
  hotReloadBuild: undefined,
  customizedParam: undefined
}
[2026-07-28T09:41:16.121] [DEBUG] debug-file - hvigorfile, require result:  { default: { system: [Function: appTasks], plugins: [] } }
[2026-07-28T09:41:16.124] [DEBUG] debug-file - Starting plugin build process
[2026-07-28T09:41:16.343] [DEBUG] debug-file - Start initialize project's product build option map with build mode debug.
[2026-07-28T09:41:16.341] [DEBUG] debug-file - App plugin register hook start...
[2026-07-28T09:41:16.348] [DEBUG] debug-file - Obtain build option for product 'default'in this build.
[2026-07-28T09:41:16.364] [DEBUG] debug-file - Start recording SDK configuration permission data.
[2026-07-28T09:41:16.420] [DEBUG] debug-file - Project task initialization takes 9 ms 
[2026-07-28T09:41:16.431] [DEBUG] debug-file - failed to load cangjie to dynamically generate schemas: Error: Cannot find module '@ohos/cangjie-build-support/index'
Require stack:
- E:\DevEco Studio\tools\hvigor\hvigor-ohos-plugin\src\plugin\hooks\cangjie-register.js
- E:\DevEco Studio\tools\hvigor\hvigor-ohos-plugin\src\plugin\strategy\stage-init-strategy.js
- E:\DevEco Studio\tools\hvigor\hvigor-ohos-plugin\src\plugin\builder\abstract-plugin-builder.js
- E:\DevEco Studio\tools\hvigor\hvigor-ohos-plugin\src\plugin\builder\app-plugin-builder.js
- E:\DevEco Studio\tools\hvigor\hvigor-ohos-plugin\src\plugin\factory\plugin-factory.js
- E:\DevEco Studio\tools\hvigor\hvigor-ohos-plugin\index.js
- D:\HW\UTDesign\cases\libuv\libuv-golden-demo\hvigorfile.ts
- E:\DevEco Studio\tools\hvigor\hvigor\src\base\internal\lifecycle\configuration.js
- E:\DevEco Studio\tools\hvigor\hvigor\src\base\boot\index.js
- E:\DevEco Studio\tools\hvigor\hvigor\src\cli\main\cli.js
- E:\DevEco Studio\tools\hvigor\hvigor\bin\hvigor.js
[2026-07-28T09:41:16.462] [DEBUG] debug-file - start to load updatedOhPackageInfo to the disk
[2026-07-28T09:41:16.446] [DEBUG] debug-file - Start initialize module-target build option map, moduleName=entry, buildMode=debug
[2026-07-28T09:41:16.460] [DEBUG] debug-file - project has submodules:entry
[2026-07-28T09:41:16.474] [DEBUG] debug-file - Start to initialize dependency information.
[2026-07-28T09:41:16.507] [DEBUG] debug-file - Executing task :entry:default@PreBuild
[2026-07-28T09:41:12.667] [DEBUG] debug-file - env: hvigor-config.json5 content = {
  modelVersion: '6.1.0',
  dependencies: {},
  execution: {},
  logging: {},
  debugging: {},
  nodeOptions: {}
}
[2026-07-28T09:41:16.540] [DEBUG] debug-file - Executing task :entry:default@GenerateMetadata
[2026-07-28T09:41:13.256] [DEBUG] debug-file - Cache service initialization finished in 5 ms 
[2026-07-28T09:41:16.121] [DEBUG] debug-file - hvigorfile, binding system plugins [Function: appTasks]
[2026-07-28T09:41:16.124] [DEBUG] debug-file - App plugin prepare start...
[2026-07-28T09:41:16.343] [DEBUG] debug-file - Picking option from product 'default' with build mode 'debug'.
[2026-07-28T09:41:16.341] [DEBUG] debug-file - App plugin register hook end...
[2026-07-28T09:41:16.350] [DEBUG] debug-file - No signingConfig found, initRemoteHspCache failed.
[2026-07-28T09:41:16.409] [DEBUG] debug-file - Sdk init in 58 ms 
[2026-07-28T09:41:16.420] [DEBUG] debug-file - hvigorfile, begin to bind custom plugins...
[2026-07-28T09:41:16.465] [DEBUG] debug-file - load to the disk finished
[2026-07-28T09:41:16.446] [DEBUG] debug-file - Target 'default' config initialized
[2026-07-28T09:41:16.481] [DEBUG] debug-file - Module entry Collected Dependency: 
[2026-07-28T09:41:12.670] [DEBUG] debug-file - env: daemon=false
[2026-07-28T09:41:16.511] [DEBUG] debug-file - Task 'entry:default@PreBuild' cost while wrapping incremental declarations: 1 ms 
[2026-07-28T09:41:16.542] [DEBUG] debug-file - Task 'entry:default@GenerateMetadata' cost while wrapping incremental declarations: 2 ms 
[2026-07-28T09:41:13.257] [DEBUG] debug-file - hvigorfile, resolving D:\HW\UTDesign\cases\libuv\libuv-golden-demo\hvigorfile.ts
[2026-07-28T09:41:16.124] [DEBUG] debug-file - App plugin prepare end...
[2026-07-28T09:41:16.344] [DEBUG] debug-file - Product 'default' build option initialized
[2026-07-28T09:41:16.341] [DEBUG] debug-file - Plugin build process completed
[2026-07-28T09:41:16.353] [DEBUG] debug-file - Local scan or download HarmonyOS sdk components toolchains,ets,js,native,previewer
[2026-07-28T09:41:16.421] [DEBUG] debug-file - hvigorfile, no custom plugins were found in D:\HW\UTDesign\cases\libuv\libuv-golden-demo\hvigorfile.ts
[2026-07-28T09:41:16.447] [DEBUG] debug-file - Target 'ohosTest' config initialized
[2026-07-28T09:41:16.466] [DEBUG] debug-file - Start to initialize dependency information.
[2026-07-28T09:41:12.670] [DEBUG] debug-file - no-daemon, use the parent process.execArgv --max-old-space-size=8192,--max-semi-space-size=16,--expose-gc
[2026-07-28T09:41:16.481] [DEBUG] debug-file - Module entry's total dependency: 0
[2026-07-28T09:41:16.528] [DEBUG] debug-file - Incremental task entry:default@PreBuild pre-execution cost: 12 ms .
[2026-07-28T09:41:16.542] [DEBUG] debug-file - entry:default@GenerateMetadata is not up-to-date, since the output file 'D:\HW\UTDesign\cases\libuv\libuv-golden-demo\entry\build\default\intermediates\hap_metadata\default\output_metadata.json' does not exist.
[2026-07-28T09:41:16.124] [DEBUG] debug-file - App plugin creating...
[2026-07-28T09:41:16.344] [DEBUG] debug-file - End initialize project's product build option map with build mode 'debug'.
[2026-07-28T09:41:16.358] [DEBUG] debug-file - Local scan or download hmscore sdk components toolchains,ets,native
[2026-07-28T09:41:16.421] [DEBUG] debug-file - hvigorfile, resolve finished D:\HW\UTDesign\cases\libuv\libuv-golden-demo\hvigorfile.ts
[2026-07-28T09:41:16.448] [DEBUG] debug-file - Module 'entry' target 'default' build option initialized
[2026-07-28T09:41:16.471] [DEBUG] debug-file - Module libuv-golden-demo Collected Dependency: 
[2026-07-28T09:41:16.486] [DEBUG] debug-file - Configuration phase cost:3 s 230 ms 
[2026-07-28T09:41:16.528] [DEBUG] debug-file - entry : default@PreBuild cost memory 0.338897705078125
[2026-07-28T09:41:16.639] [DEBUG] debug-file - Executing task :entry:default@GeneratePkgContextInfo
[2026-07-28T09:41:16.626] [DEBUG] debug-file - Executing task :entry:default@CreateBuildProfile
[2026-07-28T09:41:16.543] [DEBUG] debug-file - Incremental task entry:default@GenerateMetadata pre-execution cost: 1 ms .
[2026-07-28T09:41:16.664] [DEBUG] debug-file - Executing task :entry:default@ProcessIntegratedHsp
[2026-07-28T09:41:16.633] [DEBUG] debug-file - Executing task :entry:default@PreCheckSyscap
[2026-07-28T09:41:16.422] [DEBUG] debug-file - hvigorfile, resolving D:\HW\UTDesign\cases\libuv\libuv-golden-demo\entry\hvigorfile.ts
[2026-07-28T09:41:16.448] [DEBUG] debug-file - Module 'entry' target 'ohosTest' build option initialized
[2026-07-28T09:41:16.471] [DEBUG] debug-file - Module libuv-golden-demo's total dependency: 0
[2026-07-28T09:41:16.490] [DEBUG] debug-file - Configuration task cost before running: 3 s 250 ms 
[2026-07-28T09:41:16.531] [INFO] debug-file - UP-TO-DATE :entry:default@PreBuild...  
[2026-07-28T09:41:16.650] [DEBUG] debug-file - Task 'entry:default@GeneratePkgContextInfo' cost while wrapping incremental declarations: 1 ms 
[2026-07-28T09:41:16.547] [DEBUG] debug-file - entry : default@GenerateMetadata cost memory 0.08806610107421875
[2026-07-28T09:41:16.626] [DEBUG] debug-file - Task 'entry:default@CreateBuildProfile' cost while wrapping incremental declarations: 1 ms 
[2026-07-28T09:41:16.665] [DEBUG] debug-file - entry:default@ProcessIntegratedHsp is not up-to-date, since the output file 'D:\HW\UTDesign\cases\libuv\libuv-golden-demo\build\cache\default\integrated_hsp\integratedHspCache.json' does not exist.
[2026-07-28T09:41:16.633] [DEBUG] debug-file - entry : default@PreCheckSyscap cost memory 0.0135650634765625
[2026-07-28T09:41:16.429] [DEBUG] debug-file - hvigorfile, require result:  { default: { system: [Function: hapTasks], plugins: [] } }
[2026-07-28T09:41:16.673] [DEBUG] debug-file - Use tool [Cmake]
 [
  'E:\\DevEco Studio\\sdk\\default\\openharmony\\native\\build-tools\\cmake\\bin\\cmake.exe',
  '-HD:\\HW\\UTDesign\\cases\\libuv\\libuv-golden-demo\\entry\\src\\main\\cpp',
  '-BD:\\HW\\UTDesign\\cases\\libuv\\libuv-golden-demo\\entry\\.cxx\\default\\default\\debug\\x86_64',
  '-DOHOS_ARCH=x86_64',
  '-DCMAKE_LIBRARY_OUTPUT_DIRECTORY=D:\\HW\\UTDesign\\cases\\libuv\\libuv-golden-demo\\entry\\build\\default\\intermediates\\cmake\\default\\obj\\x86_64',
  '-DCMAKE_BUILD_TYPE=Debug',
  '-DOHOS_SDK_NATIVE=E:\\DevEco Studio\\sdk\\default\\openharmony\\native',
  '-DCMAKE_SYSTEM_NAME=OHOS',
  '-DCMAKE_OHOS_ARCH_ABI=x86_64',
  '-DCMAKE_EXPORT_COMPILE_COMMANDS=ON',
  '-DCMAKE_TOOLCHAIN_FILE=E:\\DevEco Studio\\sdk\\default\\hms\\native\\build\\cmake\\hmos.toolchain.cmake',
  '-GNinja',
  '-DCMAKE_MAKE_PROGRAM=E:\\DevEco Studio\\sdk\\default\\openharmony\\native\\build-tools\\cmake\\bin\\ninja.exe',
  '-DCMAKE_FIND_ROOT_PATH=D:\\HW\\UTDesign\\cases\\libuv\\libuv-golden-demo\\entry\\.cxx\\default\\default\\debug\\hvigor\\x86_64',
  '-DPACKAGE_FIND_FILE=D:\\HW\\UTDesign\\cases\\libuv\\libuv-golden-demo\\entry\\.cxx\\default\\default\\debug\\hvigor\\x86_64\\summary.cmake',
  '--no-warn-unused-cli',
  '-DCMAKE_CXX_FLAGS=-std=c++17',
  '-DHMOS_SDK_NATIVE=E:\\DevEco Studio\\sdk\\default\\hms\\native',
  '-DOHOS_COMPATIBLE_SDK_VERSION=6.1.0(23)'
]
[2026-07-28T09:41:16.448] [DEBUG] debug-file - End initialize module-target build option map, moduleName=entry
[2026-07-28T09:41:16.651] [DEBUG] debug-file - entry : default@GeneratePkgContextInfo cost memory 0.6330184936523438
[2026-07-28T09:41:16.548] [DEBUG] debug-file - runTaskFromQueue task cost before running: 3 s 307 ms 
[2026-07-28T09:41:16.627] [DEBUG] debug-file - entry:default@CreateBuildProfile is not up-to-date, since the output file 'D:\HW\UTDesign\cases\libuv\libuv-golden-demo\entry\build\default\generated\profile\default\BuildProfile.ets' does not exist.
[2026-07-28T09:41:16.665] [DEBUG] debug-file - Incremental task entry:default@ProcessIntegratedHsp pre-execution cost: 1 ms .
[2026-07-28T09:41:16.532] [DEBUG] debug-file - Executing task :entry:default@CreateModuleInfo
[2026-07-28T09:41:16.668] [DEBUG] debug-file - Executing task :entry:default@BuildNativeWithCmake
[2026-07-28T09:41:16.633] [DEBUG] debug-file - runTaskFromQueue task cost before running: 3 s 393 ms 
[2026-07-28T09:41:16.429] [DEBUG] debug-file - hvigorfile, binding system plugins [Function: hapTasks]
[2026-07-28T09:41:16.448] [DEBUG] debug-file - Start initialize module-target build option map, moduleName=entry, buildMode=release
[2026-07-28T09:41:16.651] [DEBUG] debug-file - runTaskFromQueue task cost before running: 3 s 410 ms 
[2026-07-28T09:41:16.548] [INFO] debug-file - Finished :entry:default@GenerateMetadata... after 8 ms 
[2026-07-28T09:41:16.533] [DEBUG] debug-file - Task 'entry:default@CreateModuleInfo' cost while wrapping incremental declarations: 1 ms 
[2026-07-28T09:41:16.665] [DEBUG] debug-file - entry : default@ProcessIntegratedHsp cost memory 0.04956817626953125
[2026-07-28T09:41:16.627] [DEBUG] debug-file - Incremental task entry:default@CreateBuildProfile pre-execution cost: 1 ms .
[2026-07-28T09:41:16.634] [INFO] debug-file - Finished :entry:default@PreCheckSyscap... after 1 ms 
[2026-07-28T09:41:16.448] [DEBUG] debug-file - Target 'default' config initialized
[2026-07-28T09:41:16.549] [DEBUG] debug-file - Executing task :entry:default@ConfigureCmake
[2026-07-28T09:41:16.651] [INFO] debug-file - Finished :entry:default@GeneratePkgContextInfo... after 12 ms 
[2026-07-28T09:41:16.533] [DEBUG] debug-file - entry : default@CreateModuleInfo cost memory 0.037994384765625
[2026-07-28T09:41:16.665] [DEBUG] debug-file - runTaskFromQueue task cost before running: 3 s 424 ms 
[2026-07-28T09:41:16.630] [DEBUG] debug-file - entry : default@CreateBuildProfile cost memory 0.10326385498046875
[2026-07-28T09:41:16.448] [DEBUG] debug-file - Target 'ohosTest' config initialized
[2026-07-28T09:41:16.429] [DEBUG] debug-file - Starting plugin build process
[2026-07-28T09:41:16.609] [DEBUG] debug-file - entry : default@ConfigureCmake cost memory -10.474945068359375
[2026-07-28T09:41:16.533] [DEBUG] debug-file - runTaskFromQueue task cost before running: 3 s 292 ms 
[2026-07-28T09:41:16.666] [INFO] debug-file - Finished :entry:default@ProcessIntegratedHsp... after 2 ms 
[2026-07-28T09:41:16.653] [DEBUG] debug-file - Executing task :entry:default@GeneratePkgSdkInfo
[2026-07-28T09:41:16.630] [DEBUG] debug-file - runTaskFromQueue task cost before running: 3 s 389 ms 
[2026-07-28T09:41:16.448] [DEBUG] debug-file - Module 'entry' target 'default' build option initialized
[2026-07-28T09:41:16.429] [DEBUG] debug-file - Hap plugin creating...
[2026-07-28T09:41:16.534] [INFO] debug-file - Finished :entry:default@CreateModuleInfo... after 2 ms 
[2026-07-28T09:41:16.610] [DEBUG] debug-file - runTaskFromQueue task cost before running: 3 s 369 ms 
[2026-07-28T09:41:16.630] [INFO] debug-file - Finished :entry:default@CreateBuildProfile... after 5 ms 
[2026-07-28T09:41:16.656] [DEBUG] debug-file - Task 'entry:default@GeneratePkgSdkInfo' cost while wrapping incremental declarations: 1 ms 
[2026-07-28T09:41:16.448] [DEBUG] debug-file - Module 'entry' target 'ohosTest' build option initialized
[2026-07-28T09:41:16.610] [INFO] debug-file - Finished :entry:default@ConfigureCmake... after 61 ms 
[2026-07-28T09:41:16.657] [DEBUG] debug-file - entry:default@GeneratePkgSdkInfo is not up-to-date, since the output file 'D:\HW\UTDesign\cases\libuv\libuv-golden-demo\entry\build\default\intermediates\loader\default\pkgSdkInfo.json' does not exist.
[2026-07-28T09:41:16.448] [DEBUG] debug-file - End initialize module-target build option map, moduleName=entry
[2026-07-28T09:41:16.613] [DEBUG] debug-file - Executing task :entry:default@MergeProfile
[2026-07-28T09:41:16.657] [DEBUG] debug-file - Incremental task entry:default@GeneratePkgSdkInfo pre-execution cost: 1 ms .
[2026-07-28T09:41:16.449] [DEBUG] debug-file - Start initialize module-target build option map, moduleName=entry, buildMode=debug
[2026-07-28T09:41:16.614] [DEBUG] debug-file - Task 'entry:default@MergeProfile' cost while wrapping incremental declarations: 1 ms 
[2026-07-28T09:41:16.449] [DEBUG] debug-file - Target 'default' config initialized
[2026-07-28T09:41:16.658] [DEBUG] debug-file - entry : default@GeneratePkgSdkInfo cost memory 0.28955078125
[2026-07-28T09:41:16.615] [DEBUG] debug-file - entry:default@MergeProfile is not up-to-date, since the output file 'D:\HW\UTDesign\cases\libuv\libuv-golden-demo\entry\build\default\intermediates\merge_profile\default\module.json' does not exist.
[2026-07-28T09:41:16.449] [DEBUG] debug-file - Target 'ohosTest' config initialized
[2026-07-28T09:41:16.658] [DEBUG] debug-file - runTaskFromQueue task cost before running: 3 s 417 ms 
[2026-07-28T09:41:16.691] [DEBUG] debug-file - - a file changed
[2026-07-28T09:41:16.615] [DEBUG] debug-file - Incremental task entry:default@MergeProfile pre-execution cost: 2 ms .
[2026-07-28T09:41:16.449] [DEBUG] debug-file - Module 'entry' target 'default' build option initialized
[2026-07-28T09:41:16.658] [INFO] debug-file - Finished :entry:default@GeneratePkgSdkInfo... after 6 ms 
[2026-07-28T09:41:16.691] [DEBUG] debug-file -   - D:\HW\UTDesign\cases\libuv\libuv-golden-demo\entry\.cxx\default\default\debug\x86_64\CMakeCache.txt (DELETED)
[2026-07-28T09:41:16.696] [DEBUG] debug-file - Create  resident worker with id: 0.
[2026-07-28T09:41:16.711] [DEBUG] debug-file - Executing task :entry:default@MakePackInfo
[2026-07-28T09:41:16.742] [DEBUG] debug-file - Executing task :entry:default@ProcessProfile
[2026-07-28T09:41:16.722] [DEBUG] debug-file - Executing task :entry:default@SyscapTransform
[2026-07-28T09:41:16.999] [DEBUG] debug-file - 13.0.1.0
[2026-07-28T09:41:17.009] [DEBUG] debug-file - Executing task :entry:default@ProcessRouterMap
[2026-07-28T09:41:16.616] [DEBUG] debug-file - Change app api release type with 'Release'
[2026-07-28T09:41:17.027] [DEBUG] debug-file - Executing task :entry:default@ProcessStartupConfig
[2026-07-28T09:41:16.450] [DEBUG] debug-file - Module 'entry' target 'ohosTest' build option initialized
[2026-07-28T09:41:16.693] [DEBUG] debug-file - Since there is no instance or instance is terminated, create a new worker pool.
[2026-07-28T09:41:16.698] [DEBUG] debug-file - Create  resident worker with id: 1.
[2026-07-28T09:41:17.018] [DEBUG] debug-file - Executing task :entry:default@ProcessShareConfig
[2026-07-28T09:41:17.038] [DEBUG] debug-file - Executing task :entry:default@ProcessResource
[2026-07-28T09:41:16.713] [DEBUG] debug-file - entry:default@MakePackInfo is not up-to-date, since the output file 'D:\HW\UTDesign\cases\libuv\libuv-golden-demo\entry\build\default\outputs\default\pack.info' does not exist.
[2026-07-28T09:41:16.744] [DEBUG] debug-file - Task 'entry:default@ProcessProfile' cost while wrapping incremental declarations: 1 ms 
[2026-07-28T09:41:16.722] [DEBUG] debug-file - File: 'D:\HW\UTDesign\cases\libuv\libuv-golden-demo\entry\src\main\syscap.json' from 'sysCapJsonPath' is not exists, just ignore.
[2026-07-28T09:41:17.003] [DEBUG] debug-file - No need to add fake ui ability because of not in preview process.
[2026-07-28T09:41:17.046] [DEBUG] debug-file - Executing task :entry:default@GenerateLoaderJson
[2026-07-28T09:41:17.011] [DEBUG] debug-file - entry:default@ProcessRouterMap is not up-to-date, since the output file 'D:\HW\UTDesign\cases\libuv\libuv-golden-demo\entry\build\default\intermediates\router_map\default\temp-router-map.json' does not exist.
[2026-07-28T09:41:16.616] [DEBUG] debug-file - Change app compile API version with '6.1.0.105'
[2026-07-28T09:41:17.081] [DEBUG] debug-file - Executing task :entry:default@CompileResource
[2026-07-28T09:41:17.104] [DEBUG] debug-file - current process  memoryUsage: {
  rss: 277864448,
  heapTotal: 157065216,
  heapUsed: 134497616,
  external: 3324755,
  arrayBuffers: 286324
} os memoryUsage :12.523067474365234
[2026-07-28T09:41:17.028] [DEBUG] debug-file - Task 'entry:default@ProcessStartupConfig' cost while wrapping incremental declarations: 1 ms 
[2026-07-28T09:41:16.450] [DEBUG] debug-file - End initialize module-target build option map, moduleName=entry
[2026-07-28T09:41:16.701] [DEBUG] debug-file - default@BuildNativeWithCmake work[0] is submitted.
[2026-07-28T09:41:16.693] [DEBUG] debug-file - Worker pool is initialized with config:  {
  minPoolNum: 2,
  maxPoolNum: undefined,
  maxCoreSize: undefined,
  cacheCapacity: undefined,
  cacheTtl: undefined
}
[2026-07-28T09:41:17.021] [DEBUG] debug-file - entry:default@ProcessShareConfig is not up-to-date, since the output file 'D:\HW\UTDesign\cases\libuv\libuv-golden-demo\entry\build\default\intermediates\share_config\default\temp-share-config.json' does not exist.
[2026-07-28T09:41:17.038] [DEBUG] debug-file - Task 'entry:default@ProcessResource' cost while wrapping incremental declarations: 1 ms 
[2026-07-28T09:41:16.713] [DEBUG] debug-file - Incremental task entry:default@MakePackInfo pre-execution cost: 2 ms .
[2026-07-28T09:41:16.744] [DEBUG] debug-file - entry:default@ProcessProfile is not up-to-date, since the input file 'D:\HW\UTDesign\cases\libuv\libuv-golden-demo\entry\build\default\intermediates\merge_profile\default\module.json' has been changed.
[2026-07-28T09:41:16.723] [DEBUG] debug-file - Task 'entry:default@SyscapTransform' cost while wrapping incremental declarations: 1 ms 
[2026-07-28T09:41:17.006] [DEBUG] debug-file - entry : default@ProcessProfile cost memory 2.238006591796875
[2026-07-28T09:41:17.047] [DEBUG] debug-file - Task 'entry:default@GenerateLoaderJson' cost while wrapping incremental declarations: 1 ms 
[2026-07-28T09:41:17.011] [DEBUG] debug-file - Incremental task entry:default@ProcessRouterMap pre-execution cost: 2 ms .
[2026-07-28T09:41:16.616] [DEBUG] debug-file - Change app target API version with '60100023'
[2026-07-28T09:41:17.094] [DEBUG] debug-file - entry:default@CompileResource is not up-to-date, since the input file 'D:\HW\UTDesign\cases\libuv\libuv-golden-demo\entry\build\default\intermediates\process_profile\default\module.json' has been changed.
[2026-07-28T09:41:17.029] [DEBUG] debug-file - entry:default@ProcessStartupConfig is not up-to-date, since the output file 'D:\HW\UTDesign\cases\libuv\libuv-golden-demo\entry\build\default\intermediates\startup\default\startup_config.json' does not exist.
[2026-07-28T09:41:16.450] [DEBUG] debug-file - Obtain build option for module 'entry' target 'default'in this build.
[2026-07-28T09:41:16.702] [DEBUG] debug-file - default@BuildNativeWithCmake work[0] is pushed to ready queue.
[2026-07-28T09:41:17.021] [DEBUG] debug-file - Incremental task entry:default@ProcessShareConfig pre-execution cost: 2 ms .
[2026-07-28T09:41:17.039] [DEBUG] debug-file - entry:default@ProcessResource is not up-to-date, since the output file 'D:\HW\UTDesign\cases\libuv\libuv-golden-demo\entry\build\default\intermediates\res\default\resConfig.json' does not exist.
[2026-07-28T09:41:16.714] [DEBUG] debug-file - Module Pack Info:  {
  summary: {
    app: { bundleName: 'c***n', bundleType: 'app', version: [Object] },
    modules: [ [Object] ]
  },
  packages: [
    {
      deviceType: [Array],
      moduleType: 'entry',
      deliveryWithInstall: true,
      name: 'entry-default'
    }
  ]
}
[2026-07-28T09:41:16.744] [DEBUG] debug-file - Incremental task entry:default@ProcessProfile pre-execution cost: 1 ms .
[2026-07-28T09:41:16.738] [DEBUG] debug-file - entry:default@SyscapTransform is not up-to-date, since the output file 'D:\HW\UTDesign\cases\libuv\libuv-golden-demo\entry\build\default\intermediates\syscap\default\rpcid.sc' does not exist.
[2026-07-28T09:41:17.006] [DEBUG] debug-file - runTaskFromQueue task cost before running: 3 s 765 ms 
[2026-07-28T09:41:17.058] [DEBUG] debug-file - entry:default@GenerateLoaderJson is not up-to-date, since the input file 'D:\HW\UTDesign\cases\libuv\libuv-golden-demo\entry\build\default\intermediates\router_map\default\temp-router-map.json' has been changed.
[2026-07-28T09:41:17.015] [DEBUG] debug-file - entry : default@ProcessRouterMap cost memory 0.17486572265625
[2026-07-28T09:41:16.616] [DEBUG] debug-file - Change app minimum API version with '60100023'
[2026-07-28T09:41:17.094] [DEBUG] debug-file - Incremental task entry:default@CompileResource pre-execution cost: 10 ms .
[2026-07-28T09:41:17.029] [DEBUG] debug-file - Incremental task entry:default@ProcessStartupConfig pre-execution cost: 1 ms .
[2026-07-28T09:41:16.458] [DEBUG] debug-file - Module entry task initialization takes 7 ms 
[2026-07-28T09:41:16.703] [DEBUG] debug-file - A work dispatched to worker[15] failed because unable to get work from ready queue.
[2026-07-28T09:41:17.024] [DEBUG] debug-file - entry : default@ProcessShareConfig cost memory 0.1237030029296875
[2026-07-28T09:41:17.039] [DEBUG] debug-file - Incremental task entry:default@ProcessResource pre-execution cost: 1 ms .
[2026-07-28T09:41:16.717] [DEBUG] debug-file - entry : default@MakePackInfo cost memory 0.21596527099609375
[2026-07-28T09:41:16.746] [DEBUG] debug-file - [
  'E:\\DevEco Studio\\tools\\node\\node.exe',
  'E:\\DevEco Studio\\sdk\\default\\openharmony\\ets\\build-tools\\ets-loader\\bin\\ark\\ts2abc.js',
  '--target-api-version',
  '23'
]
[2026-07-28T09:41:16.738] [DEBUG] debug-file - Incremental task entry:default@SyscapTransform pre-execution cost: 16 ms .
[2026-07-28T09:41:17.006] [INFO] debug-file - Finished :entry:default@ProcessProfile... after 264 ms 
[2026-07-28T09:41:17.058] [DEBUG] debug-file - Incremental task entry:default@GenerateLoaderJson pre-execution cost: 8 ms .
[2026-07-28T09:41:17.015] [DEBUG] debug-file - runTaskFromQueue task cost before running: 3 s 774 ms 
[2026-07-28T09:41:16.616] [DEBUG] debug-file - Use cli appEnvironment
[2026-07-28T09:41:17.099] [DEBUG] debug-file - Use tool [E:\DevEco Studio\sdk\default\openharmony\toolchains\restool.exe]
 [
  'E:\\DevEco Studio\\sdk\\default\\openharmony\\toolchains\\restool.exe',
  '-l',
  'D:\\HW\\UTDesign\\cases\\libuv\\libuv-golden-demo\\entry\\build\\default\\intermediates\\res\\default\\resConfig.json'
]
[2026-07-28T09:41:17.030] [DEBUG] debug-file - entry : default@ProcessStartupConfig cost memory 0.09348297119140625
[2026-07-28T09:41:16.458] [DEBUG] debug-file - Hap plugin register hook start...
[2026-07-28T09:41:16.703] [DEBUG] debug-file - Create  resident worker with id: 14.
[2026-07-28T09:41:17.024] [DEBUG] debug-file - runTaskFromQueue task cost before running: 3 s 784 ms 
[2026-07-28T09:41:16.739] [DEBUG] debug-file - entry : default@SyscapTransform cost memory 0.130523681640625
[2026-07-28T09:41:17.041] [DEBUG] debug-file - entry : default@ProcessResource cost memory 0.17990875244140625
[2026-07-28T09:41:16.717] [DEBUG] debug-file - runTaskFromQueue task cost before running: 3 s 476 ms 
[2026-07-28T09:41:17.015] [INFO] debug-file - Finished :entry:default@ProcessRouterMap... after 7 ms 
[2026-07-28T09:41:17.067] [DEBUG] debug-file - entry : default@GenerateLoaderJson cost memory 0.6669692993164062
[2026-07-28T09:41:16.622] [DEBUG] debug-file - entry : default@MergeProfile cost memory 0.17105865478515625
[2026-07-28T09:41:16.458] [DEBUG] debug-file - Hap plugin register hook end...
[2026-07-28T09:41:17.030] [DEBUG] debug-file - runTaskFromQueue task cost before running: 3 s 789 ms 
[2026-07-28T09:41:16.706] [DEBUG] debug-file - default@BuildNativeWithCmake work[0] has been dispatched to worker[14].
[2026-07-28T09:41:17.025] [INFO] debug-file - Finished :entry:default@ProcessShareConfig... after 7 ms 
[2026-07-28T09:41:16.739] [DEBUG] debug-file - runTaskFromQueue task cost before running: 3 s 498 ms 
[2026-07-28T09:41:17.042] [DEBUG] debug-file - runTaskFromQueue task cost before running: 3 s 801 ms 
[2026-07-28T09:41:16.717] [INFO] debug-file - Finished :entry:default@MakePackInfo... after 6 ms 
[2026-07-28T09:41:17.067] [DEBUG] debug-file - runTaskFromQueue task cost before running: 3 s 826 ms 
[2026-07-28T09:41:16.622] [DEBUG] debug-file - runTaskFromQueue task cost before running: 3 s 381 ms 
[2026-07-28T09:41:16.458] [DEBUG] debug-file - Plugin build process completed
[2026-07-28T09:41:16.739] [INFO] debug-file - Finished :entry:default@SyscapTransform... after 18 ms 
[2026-07-28T09:41:16.706] [DEBUG] debug-file - default@BuildNativeWithCmake work[0] is dispatched.
[2026-07-28T09:41:17.031] [INFO] debug-file - Finished :entry:default@ProcessStartupConfig... after 3 ms 
[2026-07-28T09:41:17.043] [INFO] debug-file - Finished :entry:default@ProcessResource... after 5 ms 
[2026-07-28T09:41:16.622] [INFO] debug-file - Finished :entry:default@MergeProfile... after 9 ms 
[2026-07-28T09:41:17.073] [INFO] debug-file - Finished :entry:default@GenerateLoaderJson... after 21 ms 
[2026-07-28T09:41:16.458] [DEBUG] debug-file - hvigorfile, begin to bind custom plugins...
[2026-07-28T09:41:17.034] [DEBUG] debug-file - restool module names: entry; moduleName=entry, taskName=default@ProcessResource
[2026-07-28T09:41:16.706] [DEBUG] debug-file - entry : default@BuildNativeWithCmake cost memory 1.2218551635742188
[2026-07-28T09:41:17.077] [DEBUG] debug-file - restool module names: entry; moduleName=entry, taskName=default@CompileResource
[2026-07-28T09:41:16.458] [DEBUG] debug-file - hvigorfile, no custom plugins were found in D:\HW\UTDesign\cases\libuv\libuv-golden-demo\entry\hvigorfile.ts
[2026-07-28T09:41:16.458] [DEBUG] debug-file - hvigorfile, resolve finished D:\HW\UTDesign\cases\libuv\libuv-golden-demo\entry\hvigorfile.ts
[2026-07-28T09:41:17.347] [DEBUG] debug-file - Info: Pack: normal pack mode

[2026-07-28T09:41:17.426] [DEBUG] debug-file - Info: hardware concurrency count is : 16
Info: thread count is : 16

[2026-07-28T09:41:17.426] [DEBUG] debug-file - Info: thread pool is started

[2026-07-28T09:41:17.427] [DEBUG] debug-file - Info: GenericCompiler::CompileFiles

[2026-07-28T09:41:17.432] [DEBUG] debug-file - Info: GenericCompiler::CompileFiles

[2026-07-28T09:41:17.441] [DEBUG] debug-file - 07-28 09:41:17.440 10464 37120 E C01400/ImageTranscoderUtils: DecodeToRGBA IN
07-28 09:41:17.440 10464 37120 E C01400/ImageTranscoderUtils: ImageFilter IN D:\HW\UTDesign\cases\libuv\libuv-golden-demo\AppScope\resources\base\media\app_icon.png

[2026-07-28T09:41:17.490] [DEBUG] debug-file - Info: restool resources compile success.

[2026-07-28T09:41:17.491] [DEBUG] debug-file - Info: thread pool is stopped

[2026-07-28T09:41:17.565] [DEBUG] debug-file - entry : default@CompileResource cost memory 0.9890899658203125
[2026-07-28T09:41:17.565] [DEBUG] debug-file - runTaskFromQueue task cost before running: 4 s 324 ms 
[2026-07-28T09:41:17.569] [DEBUG] debug-file - Executing task :entry:default@CompileArkTS
[2026-07-28T09:41:17.614] [DEBUG] debug-file - Executing task :entry:default@BuildJS
[2026-07-28T09:41:17.566] [INFO] debug-file - Finished :entry:default@CompileResource... after 485 ms 
[2026-07-28T09:41:17.570] [DEBUG] debug-file - obfuscationOptions: undefined
[2026-07-28T09:41:17.614] [DEBUG] debug-file - Task 'entry:default@BuildJS' cost while wrapping incremental declarations: 1 ms 
[2026-07-28T09:41:17.575] [DEBUG] debug-file - Task 'entry:default@CompileArkTS' cost while wrapping incremental declarations: 1 ms 
[2026-07-28T09:41:17.617] [DEBUG] debug-file - entry : default@BuildJS cost memory 0.16455078125
[2026-07-28T09:41:17.600] [DEBUG] debug-file - build config:
[2026-07-28T09:41:17.617] [DEBUG] debug-file - runTaskFromQueue task cost before running: 4 s 376 ms 
[2026-07-28T09:41:17.617] [INFO] debug-file - Finished :entry:default@BuildJS... after 4 ms 
[2026-07-28T09:41:17.601] [DEBUG] debug-file - {
  moduleType: 'entry',
  perf: 0,
  targetName: '.default',
  packageManagerType: 'ohpm',
  localPropertiesPath: 'D:\\HW\\UTDesign\\cases\\libuv\\libuv-golden-demo\\local.properties',
  isPreview: false,
  isOhosTest: false,
  isLocalTest: false,
  buildMode: 'Debug',
  hotReloadBuild: undefined,
  watchMode: 'false',
  aceProfilePath: 'D:\\HW\\UTDesign\\cases\\libuv\\libuv-golden-demo\\entry\\build\\default\\intermediates\\res\\default\\resources\\base\\profile',
  etsLoaderPath: 'E:\\DevEco Studio\\sdk\\default\\openharmony\\ets\\build-tools\\ets-loader',
  modulePath: 'D:\\HW\\UTDesign\\cases\\libuv\\libuv-golden-demo\\entry',
  testFrameworkPar: {
    testMode: undefined,
    coveragePathFilter: undefined,
    coverageMode: undefined
  },
  needCoverageInsert: false,
  debugLine: false,
  projectTopDir: 'D:\\HW\\UTDesign\\cases\\libuv\\libuv-golden-demo',
  compileSdkVersion: 23,
  compatibleSdkVersion: 23,
  originCompatibleSdkVersion: '6.1.0(23)',
  compatibleSdkVersionStage: undefined,
  bundleName: 'c***n',
  etsLoaderVersion: '6.1.0.105',
  etsLoaderReleaseType: 'Release',
  aotCompileMode: 'type',
  apPath: 'D:\\HW\\UTDesign\\cases\\libuv\\libuv-golden-demo\\entry\\modules.ap',
  entryModuleName: 'entry',
  entryModuleVersion: '1.0.0',
  entryPackageName: 'entry',
  allModuleNameHash: '0c41aa2ce588995904699f5f36eceff65d12a57451948b947162a49d8fb4beee',
  externalApiPaths: [ 'E:\\DevEco Studio\\sdk\\default\\hms\\ets' ],
  compilerTypes: [],
  isCrossplatform: false,
  hvigorPluginFile: undefined,
  compilePluginPath: undefined,
  buildGeneratedProfilePath: 'D:\\HW\\UTDesign\\cases\\libuv\\libuv-golden-demo\\entry\\build\\default\\generated\\profile\\default',
  bundleType: 'app',
  arkTSVersion: undefined,
  apiVersion: 23,
  needCompleteSourcesMap: false,
  isFaMode: false,
  buildDir: 'D:\\HW\\UTDesign\\cases\\libuv\\libuv-golden-demo\\entry\\build',
  deviceTypes: [ '2in1' ],
  pkgContextInfo: undefined,
  ohPackagePathMap: {},
  dependencyAliasMap: {},
  permission: { requestPermissions: undefined, definePermissions: undefined },
  useGetCurrentBundleName: false,
  projectArkOption: undefined,
  sourceMapDir: undefined,
  branchElimination: false,
  transformLib: undefined,
  tsImportSendable: false,
  resolveConflictMode: true,
  depName2RootPath: {},
  depName2DepInfo: {},
  depName2OhExports: {},
  rootPathSet: [ 'D:\\HW\\UTDesign\\cases\\libuv\\libuv-golden-demo' ],
  useNativeResolver: true,
  shouldEmitJs: true,
  useTscResolve: false,
  singleFileEmit: false,
  userProjectConfig: {
    autoLazyImport: false,
    allowEmptyBundleName: false,
    reExportCheckMode: 'noCheck',
    executionMode: 'memory',
    usePathPlaceholder: false,
    writeRollupCache: true,
    isExpandImportEnabled: false,
    expandImportExclude: '',
    lazyImportExclude: '',
    lazyImportInclude: '',
    ignoreCrossplatformCheck: false,
    isHarDeduplicateEnabled: false,
    skipOhModulesLint: false,
    enableStrictCheckOHModule: false,
    disableSendableCheckRules: [],
    useDeclarationFileSignature: false,
    customizedOptions: undefined,
    integratedHsp: false,
    isPreloadSoEnabled: false
  },
  executionMode: 'memory',
  arkCompileCachePath: 'D:\\HW\\UTDesign\\cases\\libuv\\libuv-golden-demo\\entry\\build\\default\\cache\\default\\default@CompileArkTS\\esmodule',
  autoLazyFilter: undefined,
  isHarDeduplicateEnabled: false,
  intermediateHarDuplicateDirPath: 'D:\\HW\\UTDesign\\cases\\libuv\\libuv-golden-demo\\entry\\build\\default\\intermediates\\har_duplicate\\default',
  autoLazyImport: false,
  allowEmptyBundleName: false,
  reExportCheckMode: 'noCheck',
  usePathPlaceholder: false,
  writeRollupCache: true,
  isExpandImportEnabled: false,
  expandImportExclude: '',
  lazyImportExclude: '',
  lazyImportInclude: '',
  ignoreCrossplatformCheck: false,
  skipOhModulesLint: false,
  enableStrictCheckOHModule: false,
  disableSendableCheckRules: [],
  useDeclarationFileSignature: false,
  customizedOptions: undefined,
  integratedHsp: false,
  isPreloadSoEnabled: false,
  strictMode: undefined,
  useNormalizedOHMUrl: false,
  caseSensitiveCheck: false,
  aceModuleJsonPath: 'D:\\HW\\UTDesign\\cases\\libuv\\libuv-golden-demo\\entry\\build\\default\\intermediates\\res\\default\\ark_module.json',
  appResource: 'D:\\HW\\UTDesign\\cases\\libuv\\libuv-golden-demo\\entry\\build\\default\\intermediates\\res\\default\\ResourceTable.txt',
  rawFileResource: 'D:\\HW\\UTDesign\\cases\\libuv\\libuv-golden-demo\\entry\\build\\default\\intermediates\\res\\default\\resources\\rawfile',
  resourceTableHash: '0f09b429b371a6f162359917e8bf68f1d1a81abfb007e38c000dadae708d7c6a',
  runtimeOS: 'HarmonyOS',
  sdkInfo: 'false:23:6.1.0.105:Release',
  aceModuleRoot: 'D:\\HW\\UTDesign\\cases\\libuv\\libuv-golden-demo\\entry\\src\\main\\ets',
  compileMode: 'esmodule',
  aceSuperVisualPath: 'D:\\HW\\UTDesign\\cases\\libuv\\libuv-golden-demo\\entry\\src\\main\\supervisual',
  aceBuildJson: 'D:\\HW\\UTDesign\\cases\\libuv\\libuv-golden-demo\\entry\\build\\default\\intermediates\\loader\\default\\loader.json',
  cachePath: 'D:\\HW\\UTDesign\\cases\\libuv\\libuv-golden-demo\\entry\\build\\default\\cache\\default\\default@CompileArkTS\\esmodule\\debug',
  aceModuleBuild: 'D:\\HW\\UTDesign\\cases\\libuv\\libuv-golden-demo\\entry\\build\\default\\intermediates\\loader_out\\default\\ets',
  supportChunks: true,
  declaredFilesPath: undefined,
  shouldCollectDirectImportees: false,
  isByteCodeHarOptimize: false,
  expandImportPath: undefined,
  resourceTableTs: 'D:\\HW\\UTDesign\\cases\\libuv\\libuv-golden-demo\\entry\\build\\default\\generated\\r\\default\\ResourceTable.ts',
  moduleMetaInfoFiles: [
    {
      filePath: 'D:\\HW\\UTDesign\\cases\\libuv\\libuv-golden-demo\\entry\\build\\default\\generated\\r\\default\\ResourceTable.ts',
      ohmurl: 'com.thirdparty.validation.libuv.golden/entry/build/generated/r/ResourceTable'
    }
  ],
  pkgNameToPkgBriefInfo: {
    entry: {
      pkgRoot: 'D:\\HW\\UTDesign\\cases\\libuv\\libuv-golden-demo\\entry',
      originalSourceRoots: undefined,
      sourceRoots: [Array],
      pkgName: 'entry'
    }
  },
  projectModel: {
    'D:\\HW\\UTDesign\\cases\\libuv\\libuv-golden-demo\\entry\\src\\main': {
      moduleName: 'entry',
      modulePkgPath: 'D:\\HW\\UTDesign\\cases\\libuv\\libuv-golden-demo\\entry',
      belongProjectPath: 'D:\\HW\\UTDesign\\cases\\libuv\\libuv-golden-demo'
    },
    'D:\\HW\\UTDesign\\cases\\libuv\\libuv-golden-demo\\entry\\src\\ohosTest': {
      moduleName: 'entry_test',
      modulePkgPath: 'D:\\HW\\UTDesign\\cases\\libuv\\libuv-golden-demo\\entry',
      belongProjectPath: 'D:\\HW\\UTDesign\\cases\\libuv\\libuv-golden-demo'
    },
    'D:\\HW\\UTDesign\\cases\\libuv\\libuv-golden-demo\\entry': {
      moduleName: 'entry',
      modulePkgPath: 'D:\\HW\\UTDesign\\cases\\libuv\\libuv-golden-demo\\entry',
      belongProjectPath: 'D:\\HW\\UTDesign\\cases\\libuv\\libuv-golden-demo'
    },
    'D:\\HW\\UTDesign\\cases\\libuv\\libuv-golden-demo': {
      moduleName: 'libuv-golden-demo',
      modulePkgPath: 'D:\\HW\\UTDesign\\cases\\libuv\\libuv-golden-demo',
      belongProjectPath: 'D:\\HW\\UTDesign\\cases\\libuv\\libuv-golden-demo'
    }
  },
  pkgJsonFileHash: 'c71d2661bcaea15ddf7e06a8d0054842d2f9d20842847d5adc14aac205427f87',
  allModulePaths: [ 'D:\\HW\\UTDesign\\cases\\libuv\\libuv-golden-demo\\entry' ],
  routerMap: {},
  obfuscationOptions: undefined,
  byteCodeHarToDependencyKeys: undefined,
  compileBlockPkg: [],
  mockParams: {
    decorator: '@MockSetup',
    packageName: '@ohos/hamock',
    etsSourceRootPath: 'src/main/ets',
    mockConfigPath: undefined,
    mockConfigKey2ModuleInfo: {},
    source2ModuleIdMap: {}
  },
  copyCodeResourceEnable: true,
  copyCodeResourceExcludes: [],
  copyCodeResourceIncludes: undefined,
  uiTransformOptimization: false,
  sdkPath: 'E:/DevEco Studio/sdk',
  needPreloadSoFileSet: {},
  preloadSoFilePath: 'D:\\HW\\UTDesign\\cases\\libuv\\libuv-golden-demo\\entry\\build\\default\\intermediates\\preload\\default\\preload.json',
  useSourceHash: false,
  localModuleParamMap: {},
  otherPaths: {
    'entry/*': [
      '..\\*',
      '..\\..\\..\\build\\default\\generated\\profile\\default\\*'
    ]
  },
  collectImportersConfig: undefined
}
[2026-07-28T09:41:17.602] [DEBUG] debug-file - Compile arkts with external api path: E:\DevEco Studio\sdk\default\hms\ets
[2026-07-28T09:41:17.605] [DEBUG] debug-file - default@CompileArkTS work[1] is submitted.
[2026-07-28T09:41:17.605] [DEBUG] debug-file - default@CompileArkTS work[1] is pushed to ready queue.
[2026-07-28T09:41:17.605] [DEBUG] debug-file - A work dispatched to worker[15] failed because unable to get work from ready queue.
[2026-07-28T09:41:17.605] [DEBUG] debug-file - A work dispatched to worker[14] failed because of worker busy.
[2026-07-28T09:41:17.605] [DEBUG] debug-file - A work dispatched to worker[13] failed because unable to get work from ready queue.
[2026-07-28T09:41:17.605] [DEBUG] debug-file - A work dispatched to worker[12] failed because unable to get work from ready queue.
[2026-07-28T09:41:17.605] [DEBUG] debug-file - A work dispatched to worker[11] failed because unable to get work from ready queue.
[2026-07-28T09:41:17.605] [DEBUG] debug-file - A work dispatched to worker[10] failed because unable to get work from ready queue.
[2026-07-28T09:41:17.605] [DEBUG] debug-file - A work dispatched to worker[9] failed because unable to get work from ready queue.
[2026-07-28T09:41:17.605] [DEBUG] debug-file - A work dispatched to worker[8] failed because unable to get work from ready queue.
[2026-07-28T09:41:17.605] [DEBUG] debug-file - A work dispatched to worker[7] failed because unable to get work from ready queue.
[2026-07-28T09:41:17.605] [DEBUG] debug-file - A work dispatched to worker[6] failed because unable to get work from ready queue.
[2026-07-28T09:41:17.606] [DEBUG] debug-file - A work dispatched to worker[5] failed because unable to get work from ready queue.
[2026-07-28T09:41:17.606] [DEBUG] debug-file - Create  resident worker with id: 4.
[2026-07-28T09:41:17.607] [DEBUG] debug-file - default@CompileArkTS work[1] has been dispatched to worker[4].
[2026-07-28T09:41:17.607] [DEBUG] debug-file - default@CompileArkTS work[1] is dispatched.
[2026-07-28T09:41:17.607] [DEBUG] debug-file - CopyResources startTime: 970092498048800
[2026-07-28T09:41:17.607] [DEBUG] debug-file - default@CompileArkTS work[2] is submitted.
[2026-07-28T09:41:17.607] [DEBUG] debug-file - default@CompileArkTS work[2] is pushed to ready queue.
[2026-07-28T09:41:17.607] [DEBUG] debug-file - A work dispatched to worker[15] failed because unable to get work from ready queue.
[2026-07-28T09:41:17.607] [DEBUG] debug-file - A work dispatched to worker[14] failed because of worker busy.
[2026-07-28T09:41:17.607] [DEBUG] debug-file - Create  resident worker with id: 13.
[2026-07-28T09:41:17.608] [DEBUG] debug-file - default@CompileArkTS work[2] has been dispatched to worker[13].
[2026-07-28T09:41:17.608] [DEBUG] debug-file - default@CompileArkTS work[2] is dispatched.
[2026-07-28T09:41:17.608] [DEBUG] debug-file - entry : default@CompileArkTS cost memory 2.8643264770507812
[2026-07-28T09:41:18.547] [DEBUG] debug-file - Not searching for unused variables given on the command line.

[2026-07-28T09:41:18.704] [DEBUG] debug-file - worker[13] has one work done.
[2026-07-28T09:41:18.705] [DEBUG] debug-file - CopyResources is end, endTime: 970093595714100
[2026-07-28T09:41:18.705] [DEBUG] debug-file - default@CompileArkTS work[2] done.
[2026-07-28T09:41:18.778] [DEBUG] debug-file - -- The C compiler identification is Clang 15.0.4

[2026-07-28T09:41:18.809] [DEBUG] debug-file - A work dispatched to worker[13] failed because unable to get work from ready queue.
[2026-07-28T09:41:19.127] [DEBUG] debug-file - -- The CXX compiler identification is Clang 15.0.4

[2026-07-28T09:41:19.387] [DEBUG] debug-file - -- Detecting C compiler ABI info

[2026-07-28T09:41:20.137] [DEBUG] debug-file - -- Detecting C compiler ABI info - done

[2026-07-28T09:41:20.147] [DEBUG] debug-file - -- Check for working C compiler: E:/DevEco Studio/sdk/default/openharmony/native/llvm/bin/clang.exe - skipped

[2026-07-28T09:41:20.148] [DEBUG] debug-file - -- Detecting C compile features

[2026-07-28T09:41:20.148] [DEBUG] debug-file - -- Detecting C compile features - done

[2026-07-28T09:41:20.265] [DEBUG] debug-file - -- Detecting CXX compiler ABI info

[2026-07-28T09:41:20.992] [DEBUG] debug-file - -- Detecting CXX compiler ABI info - done

[2026-07-28T09:41:21.002] [DEBUG] debug-file - -- Check for working CXX compiler: E:/DevEco Studio/sdk/default/openharmony/native/llvm/bin/clang++.exe - skipped

[2026-07-28T09:41:21.003] [DEBUG] debug-file - -- Detecting CXX compile features

[2026-07-28T09:41:21.003] [DEBUG] debug-file - -- Detecting CXX compile features - done

[2026-07-28T09:41:21.020] [DEBUG] debug-file - -- Performing Test UV_LINT_W4

[2026-07-28T09:41:21.294] [DEBUG] debug-file - -- Performing Test UV_LINT_W4 - Failed

[2026-07-28T09:41:21.295] [DEBUG] debug-file - -- Performing Test UV_LINT_NO_UNUSED_PARAMETER_MSVC

[2026-07-28T09:41:21.538] [DEBUG] debug-file - -- Performing Test UV_LINT_NO_UNUSED_PARAMETER_MSVC - Failed

[2026-07-28T09:41:21.540] [DEBUG] debug-file - -- Performing Test UV_LINT_NO_CONDITIONAL_CONSTANT_MSVC

[2026-07-28T09:41:21.913] [DEBUG] debug-file - -- Performing Test UV_LINT_NO_CONDITIONAL_CONSTANT_MSVC - Failed

[2026-07-28T09:41:21.914] [DEBUG] debug-file - -- Performing Test UV_LINT_NO_NONSTANDARD_MSVC

[2026-07-28T09:41:22.190] [DEBUG] debug-file - -- Performing Test UV_LINT_NO_NONSTANDARD_MSVC - Failed

[2026-07-28T09:41:22.192] [DEBUG] debug-file - -- Performing Test UV_LINT_NO_NONSTANDARD_EMPTY_TU_MSVC

[2026-07-28T09:41:22.492] [DEBUG] debug-file - -- Performing Test UV_LINT_NO_NONSTANDARD_EMPTY_TU_MSVC - Failed

[2026-07-28T09:41:22.493] [DEBUG] debug-file - -- Performing Test UV_LINT_NO_NONSTANDARD_FILE_SCOPE_MSVC

[2026-07-28T09:41:22.764] [DEBUG] debug-file - -- Performing Test UV_LINT_NO_NONSTANDARD_FILE_SCOPE_MSVC - Failed

[2026-07-28T09:41:22.765] [DEBUG] debug-file - -- Performing Test UV_LINT_NO_NONSTANDARD_NONSTATIC_DLIMPORT_MSVC

[2026-07-28T09:41:23.028] [DEBUG] debug-file - -- Performing Test UV_LINT_NO_NONSTANDARD_NONSTATIC_DLIMPORT_MSVC - Failed

[2026-07-28T09:41:23.029] [DEBUG] debug-file - -- Performing Test UV_LINT_NO_HIDES_LOCAL

[2026-07-28T09:41:23.290] [DEBUG] debug-file - -- Performing Test UV_LINT_NO_HIDES_LOCAL - Failed

[2026-07-28T09:41:23.292] [DEBUG] debug-file - -- Performing Test UV_LINT_NO_HIDES_PARAM

[2026-07-28T09:41:23.563] [DEBUG] debug-file - -- Performing Test UV_LINT_NO_HIDES_PARAM - Failed

[2026-07-28T09:41:23.564] [DEBUG] debug-file - -- Performing Test UV_LINT_NO_HIDES_GLOBAL

[2026-07-28T09:41:23.861] [DEBUG] debug-file - -- Performing Test UV_LINT_NO_HIDES_GLOBAL - Failed

[2026-07-28T09:41:23.862] [DEBUG] debug-file - -- Performing Test UV_LINT_NO_CONDITIONAL_ASSIGNMENT_MSVC

[2026-07-28T09:41:24.139] [DEBUG] debug-file - -- Performing Test UV_LINT_NO_CONDITIONAL_ASSIGNMENT_MSVC - Failed

[2026-07-28T09:41:24.140] [DEBUG] debug-file - -- Performing Test UV_LINT_NO_UNSAFE_MSVC

[2026-07-28T09:41:24.416] [DEBUG] debug-file - -- Performing Test UV_LINT_NO_UNSAFE_MSVC - Failed

[2026-07-28T09:41:24.418] [DEBUG] debug-file - -- Performing Test UV_LINT_WALL

[2026-07-28T09:41:25.005] [DEBUG] debug-file - -- Performing Test UV_LINT_WALL - Success

[2026-07-28T09:41:25.007] [DEBUG] debug-file - -- Performing Test UV_LINT_NO_UNUSED_PARAMETER

[2026-07-28T09:41:25.551] [DEBUG] debug-file - -- Performing Test UV_LINT_NO_UNUSED_PARAMETER - Success

[2026-07-28T09:41:25.553] [DEBUG] debug-file - -- Performing Test UV_LINT_STRICT_PROTOTYPES

[2026-07-28T09:41:25.846] [WARN] debug-file - [33mWARN: [33m[33mArkTS:WARN File: D:/HW/UTDesign/cases/libuv/libuv-golden-demo/entry/src/main/ets/pages/Index.ets:1:40
 Currently module for 'libentry.so' is not verified. If you're importing napi, its verification will be enabled in later SDK version. Please make sure the corresponding .d.ts file is provided and the napis are correctly declared.
[39m[39m

[2026-07-28T09:41:25.849] [DEBUG] debug-file - Ark compile task finished.finished time is 970100740143000
[2026-07-28T09:41:25.849] [DEBUG] debug-file - worker[4] has one work done.
[2026-07-28T09:41:25.859] [DEBUG] debug-file - default@CompileArkTS work[1] done.
[2026-07-28T09:41:25.860] [DEBUG] debug-file - A work dispatched to worker[4] failed because unable to get work from ready queue.
[2026-07-28T09:41:25.866] [INFO] debug-file - Finished :entry:default@CompileArkTS... after 5 s 163 ms 
[2026-07-28T09:41:26.178] [DEBUG] debug-file - -- Performing Test UV_LINT_STRICT_PROTOTYPES - Success

[2026-07-28T09:41:26.182] [DEBUG] debug-file - -- Performing Test UV_LINT_EXTRA

[2026-07-28T09:41:26.876] [DEBUG] debug-file - -- Performing Test UV_LINT_EXTRA - Success

[2026-07-28T09:41:26.877] [DEBUG] debug-file - -- Performing Test UV_LINT_UTF8_MSVC

[2026-07-28T09:41:27.185] [DEBUG] debug-file - -- Performing Test UV_LINT_UTF8_MSVC - Failed

[2026-07-28T09:41:27.187] [DEBUG] debug-file - -- Performing Test UV_F_STRICT_ALIASING

[2026-07-28T09:41:27.800] [DEBUG] debug-file - -- Performing Test UV_F_STRICT_ALIASING - Success

[2026-07-28T09:41:27.803] [DEBUG] debug-file - -- summary of build options:
    Install prefix:  C:/Program Files (x86)/libuv_harmony_demo
    Target system:   OHOS
    Compiler:
      C compiler:    E:/DevEco Studio/sdk/default/openharmony/native/llvm/bin/clang.exe (Clang)
      CFLAGS:         -fdata-sections -ffunction-sections -funwind-tables -fstack-protector-strong -no-canonical-prefixes -fno-addrsig -Wa,--noexecstack -Wformat -Werror=format-security -Wunguarded-availability  -D__MUSL__


[2026-07-28T09:41:27.803] [DEBUG] debug-file - -- Configuring done (9.3s)

[2026-07-28T09:41:27.845] [DEBUG] debug-file - -- Generating done (0.0s)

[2026-07-28T09:41:27.899] [DEBUG] debug-file - -- Build files have been written to: D:/HW/UTDesign/cases/libuv/libuv-golden-demo/entry/.cxx/default/default/debug/x86_64

[2026-07-28T09:41:27.919] [DEBUG] debug-file - worker[14] has one work done.
[2026-07-28T09:41:28.033] [DEBUG] debug-file - default@BuildNativeWithCmake work[0] done.
[2026-07-28T09:41:28.033] [DEBUG] debug-file - A work dispatched to worker[14] failed because unable to get work from ready queue.
[2026-07-28T09:41:28.033] [INFO] debug-file - Finished :entry:default@BuildNativeWithCmake... after 9 s 541 ms 
[2026-07-28T09:41:28.036] [DEBUG] debug-file - Executing task :entry:default@BuildNativeWithNinja
[2026-07-28T09:41:28.040] [DEBUG] debug-file - Use tool [Ninja]
 [
  'E:\\DevEco Studio\\sdk\\default\\openharmony\\native\\build-tools\\cmake\\bin\\ninja.exe',
  '-C',
  'D:\\HW\\UTDesign\\cases\\libuv\\libuv-golden-demo\\entry\\.cxx\\default\\default\\debug\\x86_64'
]
[2026-07-28T09:41:28.040] [DEBUG] debug-file - default@BuildNativeWithNinja work[3] is submitted.
[2026-07-28T09:41:28.040] [DEBUG] debug-file - default@BuildNativeWithNinja work[3] is pushed to ready queue.
[2026-07-28T09:41:28.041] [DEBUG] debug-file - A work dispatched to worker[15] failed because unable to get work from ready queue.
[2026-07-28T09:41:28.041] [DEBUG] debug-file - default@BuildNativeWithNinja work[3] has been dispatched to worker[14].
[2026-07-28T09:41:28.041] [DEBUG] debug-file - default@BuildNativeWithNinja work[3] is dispatched.
[2026-07-28T09:41:28.056] [DEBUG] debug-file - OHOS_STL is c++_shared
[2026-07-28T09:41:28.057] [DEBUG] debug-file - Copy STL libc++_shared.so to D:\HW\UTDesign\cases\libuv\libuv-golden-demo\entry\build\default\intermediates\cmake\default\obj\x86_64 due to OHOS_STL is 'c++_shared'
[2026-07-28T09:41:28.074] [DEBUG] debug-file - entry : default@BuildNativeWithNinja cost memory 0.08533477783203125
[2026-07-28T09:41:29.150] [DEBUG] debug-file - ninja: Entering directory `D:\HW\UTDesign\cases\libuv\libuv-golden-demo\entry\.cxx\default\default\debug\x86_64'
[1/39] Building C object libuv-build/CMakeFiles/uv_a.dir/src/strtok.c.o

[2026-07-28T09:41:29.261] [DEBUG] debug-file - clang: warning: argument unused during compilation: '--gcc-toolchain=E:/DevEco Studio/sdk/default/openharmony/native/llvm' [-Wunused-command-line-argument]
[2/39] Building C object libuv-build/CMakeFiles/uv_a.dir/src/thread-common.c.o

[2026-07-28T09:41:29.303] [DEBUG] debug-file - clang: warning: argument unused during compilation: '--gcc-toolchain=E:/DevEco Studio/sdk/default/openharmony/native/llvm' [-Wunused-command-line-argument]
[3/39] Building C object libuv-build/CMakeFiles/uv_a.dir/src/unix/dl.c.o

[2026-07-28T09:41:29.349] [DEBUG] debug-file - clang: warning: argument unused during compilation: '--gcc-toolchain=E:/DevEco Studio/sdk/default/openharmony/native/llvm' [-Wunused-command-line-argument]
[4/39] Building C object libuv-build/CMakeFiles/uv_a.dir/src/version.c.o

[2026-07-28T09:41:29.394] [DEBUG] debug-file - clang: warning: argument unused during compilation: '--gcc-toolchain=E:/DevEco Studio/sdk/default/openharmony/native/llvm' [-Wunused-command-line-argument]
[5/39] Building C object libuv-build/CMakeFiles/uv_a.dir/src/strscpy.c.o

[2026-07-28T09:41:29.434] [DEBUG] debug-file - clang: warning: argument unused during compilation: '--gcc-toolchain=E:/DevEco Studio/sdk/default/openharmony/native/llvm' [-Wunused-command-line-argument]
[6/39] Building C object libuv-build/CMakeFiles/uv_a.dir/src/timer.c.o

[2026-07-28T09:41:29.483] [DEBUG] debug-file - clang: warning: argument unused during compilation: '--gcc-toolchain=E:/DevEco Studio/sdk/default/openharmony/native/llvm' [-Wunused-command-line-argument]
[7/39] Building C object libuv-build/CMakeFiles/uv_a.dir/src/uv-data-getter-setters.c.o

[2026-07-28T09:41:29.531] [DEBUG] debug-file - clang: warning: argument unused during compilation: '--gcc-toolchain=E:/DevEco Studio/sdk/default/openharmony/native/llvm' [-Wunused-command-line-argument]
[8/39] Building C object libuv-build/CMakeFiles/uv_a.dir/src/random.c.o

[2026-07-28T09:41:29.575] [DEBUG] debug-file - clang: warning: argument unused during compilation: '--gcc-toolchain=E:/DevEco Studio/sdk/default/openharmony/native/llvm' [-Wunused-command-line-argument]
[9/39] Building C object libuv-build/CMakeFiles/uv_a.dir/src/idna.c.o

[2026-07-28T09:41:29.618] [DEBUG] debug-file - clang: warning: argument unused during compilation: '--gcc-toolchain=E:/DevEco Studio/sdk/default/openharmony/native/llvm' [-Wunused-command-line-argument]
[10/39] Building C object libuv-build/CMakeFiles/uv_a.dir/src/unix/getaddrinfo.c.o

[2026-07-28T09:41:29.658] [DEBUG] debug-file - clang: warning: argument unused during compilation: '--gcc-toolchain=E:/DevEco Studio/sdk/default/openharmony/native/llvm' [-Wunused-command-line-argument]
[11/39] Building C object libuv-build/CMakeFiles/uv_a.dir/src/fs-poll.c.o

[2026-07-28T09:41:29.702] [DEBUG] debug-file - clang: warning: argument unused during compilation: '--gcc-toolchain=E:/DevEco Studio/sdk/default/openharmony/native/llvm' [-Wunused-command-line-argument]
[12/39] Building C object libuv-build/CMakeFiles/uv_a.dir/src/threadpool.c.o

[2026-07-28T09:41:29.757] [DEBUG] debug-file - clang: warning: argument unused during compilation: '--gcc-toolchain=E:/DevEco Studio/sdk/default/openharmony/native/llvm' [-Wunused-command-line-argument]
[13/39] Building C object libuv-build/CMakeFiles/uv_a.dir/src/inet.c.o

[2026-07-28T09:41:29.809] [DEBUG] debug-file - clang: warning: argument unused during compilation: '--gcc-toolchain=E:/DevEco Studio/sdk/default/openharmony/native/llvm' [-Wunused-command-line-argument]
[14/39] Building C object libuv-build/CMakeFiles/uv_a.dir/src/unix/async.c.o

[2026-07-28T09:41:29.861] [DEBUG] debug-file - clang: warning: argument unused during compilation: '--gcc-toolchain=E:/DevEco Studio/sdk/default/openharmony/native/llvm' [-Wunused-command-line-argument]
[15/39] Building C object libuv-build/CMakeFiles/uv_a.dir/src/unix/getnameinfo.c.o

[2026-07-28T09:41:29.906] [DEBUG] debug-file - clang: warning: argument unused during compilation: '--gcc-toolchain=E:/DevEco Studio/sdk/default/openharmony/native/llvm' [-Wunused-command-line-argument]
[16/39] Building C object libuv-build/CMakeFiles/uv_a.dir/src/uv-common.c.o

[2026-07-28T09:41:29.961] [DEBUG] debug-file - clang: warning: argument unused during compilation: '--gcc-toolchain=E:/DevEco Studio/sdk/default/openharmony/native/llvm' [-Wunused-command-line-argument]
[17/39] Building C object libuv-build/CMakeFiles/uv_a.dir/src/unix/core.c.o

[2026-07-28T09:41:30.026] [DEBUG] debug-file - clang: warning: argument unused during compilation: '--gcc-toolchain=E:/DevEco Studio/sdk/default/openharmony/native/llvm' [-Wunused-command-line-argument]
[18/39] Building C object libuv-build/CMakeFiles/uv_a.dir/src/unix/fs.c.o

[2026-07-28T09:41:30.287] [DEBUG] debug-file - clang: warning: argument unused during compilation: '--gcc-toolchain=E:/DevEco Studio/sdk/default/openharmony/native/llvm' [-Wunused-command-line-argument]
[19/39] Building C object libuv-build/CMakeFiles/uv_a.dir/src/unix/poll.c.o

[2026-07-28T09:41:30.338] [DEBUG] debug-file - clang: warning: argument unused during compilation: '--gcc-toolchain=E:/DevEco Studio/sdk/default/openharmony/native/llvm' [-Wunused-command-line-argument]
[20/39] Building C object libuv-build/CMakeFiles/uv_a.dir/src/unix/random-getrandom.c.o

[2026-07-28T09:41:30.340] [DEBUG] debug-file - clang: warning: argument unused during compilation: '--gcc-toolchain=E:/DevEco Studio/sdk/default/openharmony/native/llvm' [-Wunused-command-line-argument]
[21/39] Building C object libuv-build/CMakeFiles/uv_a.dir/src/unix/pipe.c.o

[2026-07-28T09:41:30.341] [DEBUG] debug-file - clang: warning: argument unused during compilation: '--gcc-toolchain=E:/DevEco Studio/sdk/default/openharmony/native/llvm' [-Wunused-command-line-argument]
[22/39] Building C object libuv-build/CMakeFiles/uv_a.dir/src/unix/random-sysctl-linux.c.o

[2026-07-28T09:41:30.342] [DEBUG] debug-file - clang: warning: argument unused during compilation: '--gcc-toolchain=E:/DevEco Studio/sdk/default/openharmony/native/llvm' [-Wunused-command-line-argument]
[23/39] Building C object libuv-build/CMakeFiles/uv_a.dir/src/unix/procfs-exepath.c.o

[2026-07-28T09:41:30.343] [DEBUG] debug-file - clang: warning: argument unused during compilation: '--gcc-toolchain=E:/DevEco Studio/sdk/default/openharmony/native/llvm' [-Wunused-command-line-argument]
[24/39] Building C object libuv-build/CMakeFiles/uv_a.dir/src/unix/random-devurandom.c.o

[2026-07-28T09:41:30.343] [DEBUG] debug-file - clang: warning: argument unused during compilation: '--gcc-toolchain=E:/DevEco Studio/sdk/default/openharmony/native/llvm' [-Wunused-command-line-argument]
[25/39] Building C object libuv-build/CMakeFiles/uv_a.dir/src/unix/proctitle.c.o

[2026-07-28T09:41:30.344] [DEBUG] debug-file - clang: warning: argument unused during compilation: '--gcc-toolchain=E:/DevEco Studio/sdk/default/openharmony/native/llvm' [-Wunused-command-line-argument]
[26/39] Building C object libuv-build/CMakeFiles/uv_a.dir/src/unix/loop.c.o

[2026-07-28T09:41:30.345] [DEBUG] debug-file - clang: warning: argument unused during compilation: '--gcc-toolchain=E:/DevEco Studio/sdk/default/openharmony/native/llvm' [-Wunused-command-line-argument]
[27/39] Building C object libuv-build/CMakeFiles/uv_a.dir/src/unix/tcp.c.o

[2026-07-28T09:41:30.345] [DEBUG] debug-file - clang: warning: argument unused during compilation: '--gcc-toolchain=E:/DevEco Studio/sdk/default/openharmony/native/llvm' [-Wunused-command-line-argument]
[28/39] Building C object libuv-build/CMakeFiles/uv_a.dir/src/unix/tty.c.o

[2026-07-28T09:41:30.346] [DEBUG] debug-file - clang: warning: argument unused during compilation: '--gcc-toolchain=E:/DevEco Studio/sdk/default/openharmony/native/llvm' [-Wunused-command-line-argument]
[29/39] Building C object libuv-build/CMakeFiles/uv_a.dir/src/unix/loop-watcher.c.o

[2026-07-28T09:41:30.347] [DEBUG] debug-file - clang: warning: argument unused during compilation: '--gcc-toolchain=E:/DevEco Studio/sdk/default/openharmony/native/llvm' [-Wunused-command-line-argument]
[30/39] Building C object libuv-build/CMakeFiles/uv_a.dir/src/unix/thread.c.o

[2026-07-28T09:41:30.347] [DEBUG] debug-file - clang: warning: argument unused during compilation: '--gcc-toolchain=E:/DevEco Studio/sdk/default/openharmony/native/llvm' [-Wunused-command-line-argument]
[31/39] Building C object libuv-build/CMakeFiles/uv_a.dir/src/unix/process.c.o

[2026-07-28T09:41:30.348] [DEBUG] debug-file - clang: warning: argument unused during compilation: '--gcc-toolchain=E:/DevEco Studio/sdk/default/openharmony/native/llvm' [-Wunused-command-line-argument]
[32/39] Building C object libuv-build/CMakeFiles/uv_a.dir/src/unix/signal.c.o

[2026-07-28T09:41:30.348] [DEBUG] debug-file - clang: warning: argument unused during compilation: '--gcc-toolchain=E:/DevEco Studio/sdk/default/openharmony/native/llvm' [-Wunused-command-line-argument]
[33/39] Building C object libuv-build/CMakeFiles/uv_a.dir/src/unix/udp.c.o

[2026-07-28T09:41:30.417] [DEBUG] debug-file - clang: warning: argument unused during compilation: '--gcc-toolchain=E:/DevEco Studio/sdk/default/openharmony/native/llvm' [-Wunused-command-line-argument]
[34/39] Building C object libuv-build/CMakeFiles/uv_a.dir/src/unix/stream.c.o
clang: warning: argument unused during compilation: '--gcc-toolchain=E:/DevEco Studio/sdk/default/openharmony/native/llvm' [-Wunused-command-line-argument]
D:/HW/UTDesign/cases/libuv/libuv-golden-demo/library/src/unix/stream.c:990:56: warning: comparison of integers of different signs: 'unsigned long' and 'long' [-Wsign-compare]
  for (cmsg = CMSG_FIRSTHDR(msg); cmsg != NULL; cmsg = CMSG_NXTHDR(msg, cmsg)) {
                                                       ^~~~~~~~~~~~~~~~~~~~~~
E:/DevEco Studio/sdk/default/openharmony/native/sysroot/usr/include/sys/socket.h:360:44: note: expanded from macro 'CMSG_NXTHDR'
        __CMSG_LEN(cmsg) + sizeof(struct cmsghdr) >= __MHDR_END(mhdr) - (unsigned char *)(cmsg) \
        ~~~~~~~~~~~~~~~~~~~~~~~~~~~~~~~~~~~~~~~~~ ^  ~~~~~~~~~~~~~~~~~~~~~~~~~~~~~~~~~~~~~~~~~~
1 warning generated.
[35/39] Building C object libuv-build/CMakeFiles/uv_a.dir/src/unix/linux.c.o

[2026-07-28T09:41:30.699] [DEBUG] debug-file - clang: warning: argument unused during compilation: '--gcc-toolchain=E:/DevEco Studio/sdk/default/openharmony/native/llvm' [-Wunused-command-line-argument]
[36/39] Linking C static library libuv-build\libuv.a

[2026-07-28T09:41:31.080] [DEBUG] debug-file - [37/39] Building CXX object CMakeFiles/entry.dir/napi_init.cpp.o

[2026-07-28T09:41:31.394] [DEBUG] debug-file - clang++: warning: argument unused during compilation: '--gcc-toolchain=E:/DevEco Studio/sdk/default/openharmony/native/llvm' [-Wunused-command-line-argument]
[38/39] Building CXX object CMakeFiles/entry.dir/libuv_checks.cpp.o

[2026-07-28T09:41:31.794] [DEBUG] debug-file - clang++: warning: argument unused during compilation: '--gcc-toolchain=E:/DevEco Studio/sdk/default/openharmony/native/llvm' [-Wunused-command-line-argument]
[39/39] Linking CXX shared library D:\HW\UTDesign\cases\libuv\libuv-golden-demo\entry\build\default\intermediates\cmake\default\obj\x86_64\libentry.so

[2026-07-28T09:41:31.801] [DEBUG] debug-file - worker[14] has one work done.
[2026-07-28T09:41:31.832] [DEBUG] debug-file - External build set its own library output location for libuv.a, which will be hard linked or copy to the expected location.
[2026-07-28T09:41:31.838] [DEBUG] debug-file - Link D:\HW\UTDesign\cases\libuv\libuv-golden-demo\entry\.cxx\default\default\debug\x86_64\libuv-build\libuv.a to D:\HW\UTDesign\cases\libuv\libuv-golden-demo\entry\build\default\intermediates\cmake\default\obj\x86_64\libuv.a successfully.
[2026-07-28T09:41:31.838] [DEBUG] debug-file - default@BuildNativeWithNinja work[3] done.
[2026-07-28T09:41:31.839] [DEBUG] debug-file - A work dispatched to worker[14] failed because unable to get work from ready queue.
[2026-07-28T09:41:31.839] [INFO] debug-file - Finished :entry:default@BuildNativeWithNinja... after 3 s 765 ms 
[2026-07-28T09:41:31.845] [DEBUG] debug-file - Executing task :entry:default@ProcessLibs
[2026-07-28T09:41:31.869] [DEBUG] debug-file - Check content hash for D:\HW\UTDesign\cases\libuv\libuv-golden-demo\entry\build\default\intermediates\cmake\default\obj\x86_64\libuv.a
[2026-07-28T09:41:31.896] [DEBUG] debug-file - Check content hash for D:\HW\UTDesign\cases\libuv\libuv-golden-demo\entry\build\default\intermediates\cmake\default\obj\x86_64\libentry.so
[2026-07-28T09:41:31.910] [DEBUG] debug-file - Check content hash for D:\HW\UTDesign\cases\libuv\libuv-golden-demo\entry\build\default\intermediates\cmake\default\obj\x86_64\libc++_shared.so
[2026-07-28T09:41:31.929] [DEBUG] debug-file - Worker dispatch failed, running processLibs on main thread.
[2026-07-28T09:41:31.936] [DEBUG] debug-file - Link D:\HW\UTDesign\cases\libuv\libuv-golden-demo\entry\build\default\intermediates\cmake\default\obj\x86_64\libentry.so to D:\HW\UTDesign\cases\libuv\libuv-golden-demo\entry\build\default\intermediates\libs\default\x86_64\libentry.so successfully.
[2026-07-28T09:41:31.938] [DEBUG] debug-file - Link D:\HW\UTDesign\cases\libuv\libuv-golden-demo\entry\build\default\intermediates\cmake\default\obj\x86_64\libc++_shared.so to D:\HW\UTDesign\cases\libuv\libuv-golden-demo\entry\build\default\intermediates\libs\default\x86_64\libc++_shared.so successfully.
[2026-07-28T09:41:31.938] [DEBUG] debug-file - entry : default@ProcessLibs cost memory 0.14255523681640625
[2026-07-28T09:41:31.938] [DEBUG] debug-file - runTaskFromQueue task cost before running: 18 s 698 ms 
[2026-07-28T09:41:31.939] [INFO] debug-file - Finished :entry:default@ProcessLibs... after 94 ms 
[2026-07-28T09:41:31.943] [DEBUG] debug-file - Executing task :entry:default@DoNativeStrip
[2026-07-28T09:41:31.943] [DEBUG] debug-file - File: 'D:\HW\UTDesign\cases\libuv\libuv-golden-demo\entry\build\default\intermediates\binxo\default' from 'doBinxoNativeLibs' is not exists, just ignore.
[2026-07-28T09:41:31.943] [DEBUG] debug-file - Task 'entry:default@DoNativeStrip' cost while wrapping incremental declarations: 1 ms 
[2026-07-28T09:41:31.948] [DEBUG] debug-file - default@DoNativeStrip work[4] is submitted.
[2026-07-28T09:41:31.948] [DEBUG] debug-file - default@DoNativeStrip work[4] is pushed to ready queue.
[2026-07-28T09:41:31.948] [DEBUG] debug-file - A work dispatched to worker[15] failed because unable to get work from ready queue.
[2026-07-28T09:41:31.948] [DEBUG] debug-file - default@DoNativeStrip work[4] has been dispatched to worker[14].
[2026-07-28T09:41:31.948] [DEBUG] debug-file - default@DoNativeStrip work[4] is dispatched.
[2026-07-28T09:41:31.948] [DEBUG] debug-file - entry : default@DoNativeStrip cost memory 0.23468780517578125
[2026-07-28T09:41:32.037] [DEBUG] debug-file - current process  memoryUsage: {
  rss: 634912768,
  heapTotal: 56287232,
  heapUsed: 53468792,
  external: 4054658,
  arrayBuffers: 58928
} os memoryUsage :12.84646224975586
[2026-07-28T09:41:33.535] [DEBUG] debug-file - current process  memoryUsage: {
  rss: 635064320,
  heapTotal: 56287232,
  heapUsed: 53563832,
  external: 4047018,
  arrayBuffers: 58928
} os memoryUsage :12.761985778808594
[2026-07-28T09:41:33.617] [DEBUG] debug-file - worker[14] has one work done.
[2026-07-28T09:41:33.617] [DEBUG] debug-file - default@DoNativeStrip work[4] done.
[2026-07-28T09:41:33.618] [DEBUG] debug-file - A work dispatched to worker[14] failed because unable to get work from ready queue.
[2026-07-28T09:41:33.618] [INFO] debug-file - Finished :entry:default@DoNativeStrip... after 1 s 655 ms 
[2026-07-28T09:41:33.621] [DEBUG] debug-file - Executing task :entry:default@CacheNativeLibs
[2026-07-28T09:41:33.621] [DEBUG] debug-file - File: 'D:\HW\UTDesign\cases\libuv\libuv-golden-demo\entry\build\default\intermediates\binxo\default' from 'cacheBinxoNativeLibs' is not exists, just ignore.
[2026-07-28T09:41:33.621] [DEBUG] debug-file - Task 'entry:default@CacheNativeLibs' cost while wrapping incremental declarations: 1 ms 
[2026-07-28T09:41:33.622] [DEBUG] debug-file - default@CacheNativeLibs work[5] is submitted.
[2026-07-28T09:41:33.622] [DEBUG] debug-file - default@CacheNativeLibs work[5] is pushed to ready queue.
[2026-07-28T09:41:33.622] [DEBUG] debug-file - A work dispatched to worker[15] failed because unable to get work from ready queue.
[2026-07-28T09:41:33.622] [DEBUG] debug-file - default@CacheNativeLibs work[5] has been dispatched to worker[14].
[2026-07-28T09:41:33.622] [DEBUG] debug-file - default@CacheNativeLibs work[5] is dispatched.
[2026-07-28T09:41:33.622] [DEBUG] debug-file - entry : default@CacheNativeLibs cost memory 0.08303070068359375
[2026-07-28T09:41:33.628] [DEBUG] debug-file - worker[14] has one work done.
[2026-07-28T09:41:33.628] [DEBUG] debug-file - default@CacheNativeLibs work[5] done.
[2026-07-28T09:41:33.628] [DEBUG] debug-file - A work dispatched to worker[14] failed because unable to get work from ready queue.
[2026-07-28T09:41:33.628] [INFO] debug-file - Finished :entry:default@CacheNativeLibs... after 6 ms 
[2026-07-28T09:41:33.629] [DEBUG] debug-file - Executing task :entry:default@GeneratePkgModuleJson
[2026-07-28T09:41:33.630] [DEBUG] debug-file - File: 'D:\HW\UTDesign\cases\libuv\libuv-golden-demo\entry\build\default\intermediates\preload\default\preload.json' from 'preloadSoJsonPath' is not exists, just ignore.
[2026-07-28T09:41:33.639] [DEBUG] debug-file - Executing task :entry:default@PackageHap
[2026-07-28T09:41:33.631] [DEBUG] debug-file - Error occurs while handling @Input 'shouldDeduplicateHar': The "data" argument must be of type string or an instance of Buffer, TypedArray, or DataView. Received undefined
[2026-07-28T09:41:33.642] [DEBUG] debug-file - Use tool [E:\DevEco Studio\sdk\default\openharmony\toolchains\lib\app_packing_tool.jar]
 [
  'java',
  '-Dfile.encoding=GBK',
  '-jar',
  'E:\\DevEco Studio\\sdk\\default\\openharmony\\toolchains\\lib\\app_packing_tool.jar',
  '--mode',
  'hap',
  '--force',
  'true',
  '--lib-path',
  'D:\\HW\\UTDesign\\cases\\libuv\\libuv-golden-demo\\entry\\build\\default\\intermediates\\stripped_native_libs\\default',
  '--json-path',
  'D:\\HW\\UTDesign\\cases\\libuv\\libuv-golden-demo\\entry\\build\\default\\intermediates\\package\\default\\module.json',
  '--resources-path',
  'D:\\HW\\UTDesign\\cases\\libuv\\libuv-golden-demo\\entry\\build\\default\\intermediates\\res\\default\\resources',
  '--index-path',
  'D:\\HW\\UTDesign\\cases\\libuv\\libuv-golden-demo\\entry\\build\\default\\intermediates\\res\\default\\resources.index',
  '--pack-info-path',
  'D:\\HW\\UTDesign\\cases\\libuv\\libuv-golden-demo\\entry\\build\\default\\outputs\\default\\pack.info',
  '--out-path',
  'D:\\HW\\UTDesign\\cases\\libuv\\libuv-golden-demo\\entry\\build\\default\\outputs\\default\\entry-default-unsigned.hap',
  '--ets-path',
  'D:\\HW\\UTDesign\\cases\\libuv\\libuv-golden-demo\\entry\\build\\default\\intermediates\\loader_out\\default\\ets',
  '--pkg-sdk-info-path',
  'D:\\HW\\UTDesign\\cases\\libuv\\libuv-golden-demo\\entry\\build\\default\\intermediates\\loader\\default\\pkgSdkInfo.json'
]
[2026-07-28T09:41:33.631] [DEBUG] debug-file - Task 'entry:default@GeneratePkgModuleJson' cost while wrapping incremental declarations: 2 ms 
[2026-07-28T09:41:33.644] [DEBUG] debug-file - default@PackageHap work[6] is submitted.
[2026-07-28T09:41:33.633] [DEBUG] debug-file - entry : default@GeneratePkgModuleJson cost memory 0.139923095703125
[2026-07-28T09:41:33.644] [DEBUG] debug-file - default@PackageHap work[6] is pushed to ready queue.
[2026-07-28T09:41:33.644] [DEBUG] debug-file - A work dispatched to worker[15] failed because unable to get work from ready queue.
[2026-07-28T09:41:33.633] [DEBUG] debug-file - runTaskFromQueue task cost before running: 20 s 392 ms 
[2026-07-28T09:41:33.644] [DEBUG] debug-file - default@PackageHap work[6] has been dispatched to worker[14].
[2026-07-28T09:41:33.633] [INFO] debug-file - Finished :entry:default@GeneratePkgModuleJson... after 4 ms 
[2026-07-28T09:41:33.644] [DEBUG] debug-file - default@PackageHap work[6] is dispatched.
[2026-07-28T09:41:33.634] [DEBUG] debug-file - Executing task :entry:default@ProcessCompiledResources
[2026-07-28T09:41:33.648] [DEBUG] debug-file - entry : default@PackageHap cost memory 0.6584854125976562
[2026-07-28T09:41:33.634] [DEBUG] debug-file - File: 'D:\HW\UTDesign\cases\libuv\libuv-golden-demo\entry\build\default\intermediates\preload\default\preload.json' from 'preloadSoJsonPath' is not exists, just ignore.
[2026-07-28T09:41:33.635] [DEBUG] debug-file - Task 'entry:default@ProcessCompiledResources' cost while wrapping incremental declarations: 1 ms 
[2026-07-28T09:41:33.635] [DEBUG] debug-file - entry : default@ProcessCompiledResources cost memory 0.05001068115234375
[2026-07-28T09:41:33.635] [DEBUG] debug-file - runTaskFromQueue task cost before running: 20 s 394 ms 
[2026-07-28T09:41:33.635] [INFO] debug-file - Finished :entry:default@ProcessCompiledResources... after 1 ms 
[2026-07-28T09:41:33.646] [DEBUG] debug-file - current process  memoryUsage: {
  rss: 636243968,
  heapTotal: 56287232,
  heapUsed: 53987128,
  external: 4047018,
  arrayBuffers: 58928
} os memoryUsage :12.776756286621094
[2026-07-28T09:41:34.909] [DEBUG] debug-file - worker[14] has one work done.
[2026-07-28T09:41:34.910] [DEBUG] debug-file - default@PackageHap work[6] done.
[2026-07-28T09:41:34.922] [DEBUG] debug-file - Executing task :entry:default@PackingCheck
[2026-07-28T09:41:34.939] [DEBUG] debug-file - Executing task :entry:default@SignHap
[2026-07-28T09:41:34.944] [DEBUG] debug-file - Executing task :entry:default@CollectDebugSymbol
[2026-07-28T09:41:34.910] [DEBUG] debug-file - A work dispatched to worker[14] failed because unable to get work from ready queue.
[2026-07-28T09:41:34.934] [DEBUG] debug-file - entry : default@PackingCheck cost memory 0.278106689453125
[2026-07-28T09:41:34.940] [WARN] debug-file - No signingConfig found for product default
[2026-07-28T09:41:34.945] [DEBUG] debug-file - entry : default@CollectDebugSymbol cost memory 0.10045623779296875
[2026-07-28T09:41:34.914] [INFO] debug-file - Finished :entry:default@PackageHap... after 1 s 270 ms 
[2026-07-28T09:41:34.934] [DEBUG] debug-file - runTaskFromQueue task cost before running: 21 s 693 ms 
[2026-07-28T09:41:34.942] [DEBUG] debug-file - entry : default@SignHap cost memory 0.05017852783203125
[2026-07-28T09:41:34.945] [DEBUG] debug-file - runTaskFromQueue task cost before running: 21 s 705 ms 
[2026-07-28T09:41:34.934] [INFO] debug-file - Finished :entry:default@PackingCheck... after 12 ms 
[2026-07-28T09:41:34.942] [DEBUG] debug-file - runTaskFromQueue task cost before running: 21 s 701 ms 
[2026-07-28T09:41:34.946] [INFO] debug-file - Finished :entry:default@CollectDebugSymbol... after 2 ms 
[2026-07-28T09:41:34.942] [INFO] debug-file - Finished :entry:default@SignHap... after 3 ms 
[2026-07-28T09:41:34.946] [DEBUG] debug-file - Executing task :entry:assembleHap
[2026-07-28T09:41:34.946] [DEBUG] debug-file - entry : assembleHap cost memory 0.01038360595703125
[2026-07-28T09:41:34.946] [DEBUG] debug-file - runTaskFromQueue task cost before running: 21 s 705 ms 
[2026-07-28T09:41:34.946] [INFO] debug-file - Finished :entry:assembleHap... after 1 ms 
[2026-07-28T09:41:34.958] [INFO] debug-file - BUILD SUCCESSFUL in 21 s 717 ms 
[2026-07-28T09:41:34.960] [DEBUG] debug-file - There is no need to refresh cache, since the incremental task entry:default@PreBuild is up-to-date.
[2026-07-28T09:41:34.960] [DEBUG] debug-file - Update task entry:default@CreateModuleInfo output file:D:\HW\UTDesign\cases\libuv\libuv-golden-demo\entry\build\default\generated\profile\default\ModuleInfo.ts cache.
[2026-07-28T09:41:34.960] [DEBUG] debug-file - Incremental task entry:default@CreateModuleInfo post-execution cost:1 ms .
[2026-07-28T09:41:34.960] [DEBUG] debug-file - Update task entry:default@GenerateMetadata input file:D:\HW\UTDesign\cases\libuv\libuv-golden-demo\entry\src\main\module.json5 cache by regenerate.
[2026-07-28T09:41:34.961] [DEBUG] debug-file - Update task entry:default@GenerateMetadata output file:D:\HW\UTDesign\cases\libuv\libuv-golden-demo\entry\build\default\intermediates\hap_metadata\default\output_metadata.json cache.
[2026-07-28T09:41:34.961] [DEBUG] debug-file - Incremental task entry:default@GenerateMetadata post-execution cost:1 ms .
[2026-07-28T09:41:34.961] [DEBUG] debug-file - Update task entry:default@MergeProfile input file:D:\HW\UTDesign\cases\libuv\libuv-golden-demo\AppScope\app.json5 cache by regenerate.
[2026-07-28T09:41:34.961] [DEBUG] debug-file - Update task entry:default@MergeProfile input file:D:\HW\UTDesign\cases\libuv\libuv-golden-demo\build-profile.json5 cache by regenerate.
[2026-07-28T09:41:34.961] [DEBUG] debug-file - Update task entry:default@MergeProfile input file:D:\HW\UTDesign\cases\libuv\libuv-golden-demo\entry\src\main\module.json5 cache by regenerate.
[2026-07-28T09:41:34.964] [DEBUG] debug-file - Update task entry:default@MergeProfile output file:D:\HW\UTDesign\cases\libuv\libuv-golden-demo\entry\build\default\intermediates\merge_profile\default\module.json cache.
[2026-07-28T09:41:34.964] [DEBUG] debug-file - Incremental task entry:default@MergeProfile post-execution cost:4 ms .
[2026-07-28T09:41:34.964] [DEBUG] debug-file - Update task entry:default@CreateBuildProfile input file:D:\HW\UTDesign\cases\libuv\libuv-golden-demo\AppScope\app.json5 cache by regenerate.
[2026-07-28T09:41:34.964] [DEBUG] debug-file - Update task entry:default@CreateBuildProfile input file:D:\HW\UTDesign\cases\libuv\libuv-golden-demo\build-profile.json5 cache by regenerate.
[2026-07-28T09:41:34.965] [DEBUG] debug-file - Update task entry:default@CreateBuildProfile output file:D:\HW\UTDesign\cases\libuv\libuv-golden-demo\entry\build\default\generated\profile\default\BuildProfile.ets cache.
[2026-07-28T09:41:34.965] [DEBUG] debug-file - Incremental task entry:default@CreateBuildProfile post-execution cost:1 ms .
[2026-07-28T09:41:34.965] [DEBUG] debug-file - Update task entry:default@GeneratePkgContextInfo output file:D:\HW\UTDesign\cases\libuv\libuv-golden-demo\entry\build\default\intermediates\loader\default\pkgContextInfo.json cache.
[2026-07-28T09:41:34.965] [DEBUG] debug-file - Incremental task entry:default@GeneratePkgContextInfo post-execution cost:1 ms .
[2026-07-28T09:41:34.965] [DEBUG] debug-file - Update task entry:default@GeneratePkgSdkInfo output file:D:\HW\UTDesign\cases\libuv\libuv-golden-demo\entry\build\default\intermediates\loader\default\pkgSdkInfo.json cache.
[2026-07-28T09:41:34.965] [DEBUG] debug-file - Incremental task entry:default@GeneratePkgSdkInfo post-execution cost:1 ms .
[2026-07-28T09:41:34.965] [DEBUG] debug-file - Update task entry:default@ProcessIntegratedHsp output file:D:\HW\UTDesign\cases\libuv\libuv-golden-demo\build\cache\default\integrated_hsp\integratedHspCache.json cache.
[2026-07-28T09:41:34.965] [DEBUG] debug-file - Incremental task entry:default@ProcessIntegratedHsp post-execution cost:1 ms .
[2026-07-28T09:41:34.965] [DEBUG] debug-file - Update task entry:default@MakePackInfo input file:D:\HW\UTDesign\cases\libuv\libuv-golden-demo\AppScope\app.json5 cache by regenerate.
[2026-07-28T09:41:34.966] [DEBUG] debug-file - Update task entry:default@MakePackInfo input file:D:\HW\UTDesign\cases\libuv\libuv-golden-demo\entry\src\main\module.json5 cache by regenerate.
[2026-07-28T09:41:34.966] [DEBUG] debug-file - Update task entry:default@MakePackInfo input file:D:\HW\UTDesign\cases\libuv\libuv-golden-demo\build-profile.json5 cache by regenerate.
[2026-07-28T09:41:34.966] [DEBUG] debug-file - Update task entry:default@MakePackInfo output file:D:\HW\UTDesign\cases\libuv\libuv-golden-demo\entry\build\default\outputs\default\pack.info cache.
[2026-07-28T09:41:34.966] [DEBUG] debug-file - Incremental task entry:default@MakePackInfo post-execution cost:1 ms .
[2026-07-28T09:41:34.966] [DEBUG] debug-file - Update task entry:default@SyscapTransform input file:E:\DevEco Studio\sdk\default\openharmony\toolchains\syscap_tool.exe cache by regenerate.
[2026-07-28T09:41:34.966] [DEBUG] debug-file - Update task entry:default@SyscapTransform input file:E:\DevEco Studio\sdk\default\openharmony\ets\api\device-define cache by regenerate.
[2026-07-28T09:41:34.967] [DEBUG] debug-file - Update task entry:default@SyscapTransform output file:D:\HW\UTDesign\cases\libuv\libuv-golden-demo\entry\build\default\intermediates\syscap\default\rpcid.sc cache.
[2026-07-28T09:41:34.967] [DEBUG] debug-file - Incremental task entry:default@SyscapTransform post-execution cost:2 ms .
[2026-07-28T09:41:34.967] [DEBUG] debug-file - Update task entry:default@ProcessProfile input file:D:\HW\UTDesign\cases\libuv\libuv-golden-demo\entry\build\default\intermediates\merge_profile\default\module.json cache from map.
[2026-07-28T09:41:34.967] [DEBUG] debug-file - Update task entry:default@ProcessProfile output file:D:\HW\UTDesign\cases\libuv\libuv-golden-demo\entry\build\default\intermediates\process_profile\default\module.json cache.
[2026-07-28T09:41:34.967] [DEBUG] debug-file - Incremental task entry:default@ProcessProfile post-execution cost:1 ms .
[2026-07-28T09:41:34.968] [DEBUG] debug-file - Update task entry:default@ProcessRouterMap input file:D:\HW\UTDesign\cases\libuv\libuv-golden-demo\entry\oh-package.json5 cache by regenerate.
[2026-07-28T09:41:34.968] [DEBUG] debug-file - Update task entry:default@ProcessRouterMap input file:D:\HW\UTDesign\cases\libuv\libuv-golden-demo\oh-package.json5 cache by regenerate.
[2026-07-28T09:41:34.968] [DEBUG] debug-file - Update task entry:default@ProcessRouterMap input file:D:\HW\UTDesign\cases\libuv\libuv-golden-demo\entry\src\main\module.json5 cache by regenerate.
[2026-07-28T09:41:34.968] [DEBUG] debug-file - Update task entry:default@ProcessRouterMap output file:D:\HW\UTDesign\cases\libuv\libuv-golden-demo\entry\build\default\intermediates\router_map\default\temp-router-map.json cache.
[2026-07-28T09:41:34.968] [DEBUG] debug-file - Update task entry:default@ProcessRouterMap output file:D:\HW\UTDesign\cases\libuv\libuv-golden-demo\entry\build\default\intermediates\router_map\default\loader-router-map.json cache.
[2026-07-28T09:41:34.968] [DEBUG] debug-file - Incremental task entry:default@ProcessRouterMap post-execution cost:1 ms .
[2026-07-28T09:41:34.969] [DEBUG] debug-file - Update task entry:default@ProcessShareConfig input file:D:\HW\UTDesign\cases\libuv\libuv-golden-demo\entry\oh-package.json5 cache by regenerate.
[2026-07-28T09:41:34.969] [DEBUG] debug-file - Update task entry:default@ProcessShareConfig input file:D:\HW\UTDesign\cases\libuv\libuv-golden-demo\oh-package.json5 cache by regenerate.
[2026-07-28T09:41:34.969] [DEBUG] debug-file - Update task entry:default@ProcessShareConfig input file:D:\HW\UTDesign\cases\libuv\libuv-golden-demo\entry\src\main\module.json5 cache by regenerate.
[2026-07-28T09:41:34.969] [DEBUG] debug-file - Update task entry:default@ProcessShareConfig output file:D:\HW\UTDesign\cases\libuv\libuv-golden-demo\entry\build\default\intermediates\share_config\default\temp-share-config.json cache.
[2026-07-28T09:41:34.969] [DEBUG] debug-file - Incremental task entry:default@ProcessShareConfig post-execution cost:1 ms .
[2026-07-28T09:41:34.969] [DEBUG] debug-file - Update task entry:default@ProcessStartupConfig output file:D:\HW\UTDesign\cases\libuv\libuv-golden-demo\entry\build\default\intermediates\startup\default\startup_config.json cache.
[2026-07-28T09:41:34.970] [DEBUG] debug-file - Incremental task entry:default@ProcessStartupConfig post-execution cost:1 ms .
[2026-07-28T09:41:34.970] [DEBUG] debug-file - Update task entry:default@ProcessResource output file:D:\HW\UTDesign\cases\libuv\libuv-golden-demo\entry\build\default\intermediates\res\default\resConfig.json cache.
[2026-07-28T09:41:34.970] [DEBUG] debug-file - Update task entry:default@ProcessResource output file:D:\HW\UTDesign\cases\libuv\libuv-golden-demo\entry\build\default\intermediates\res\default\opt-compression.json cache.
[2026-07-28T09:41:34.970] [DEBUG] debug-file - Incremental task entry:default@ProcessResource post-execution cost:1 ms .
[2026-07-28T09:41:34.971] [DEBUG] debug-file - Update task entry:default@GenerateLoaderJson input file:D:\HW\UTDesign\cases\libuv\libuv-golden-demo\entry\build\default\intermediates\router_map\default\temp-router-map.json cache from map.
[2026-07-28T09:41:34.971] [DEBUG] debug-file - Update task entry:default@GenerateLoaderJson output file:D:\HW\UTDesign\cases\libuv\libuv-golden-demo\entry\build\default\intermediates\loader\default\loader.json cache.
[2026-07-28T09:41:34.971] [DEBUG] debug-file - Incremental task entry:default@GenerateLoaderJson post-execution cost:2 ms .
[2026-07-28T09:41:34.972] [DEBUG] debug-file - Update task entry:default@CompileResource input file:D:\HW\UTDesign\cases\libuv\libuv-golden-demo\entry\src\main\resources cache by regenerate.
[2026-07-28T09:41:34.973] [DEBUG] debug-file - Update task entry:default@CompileResource input file:D:\HW\UTDesign\cases\libuv\libuv-golden-demo\AppScope\resources cache by regenerate.
[2026-07-28T09:41:34.973] [DEBUG] debug-file - Update task entry:default@CompileResource input file:D:\HW\UTDesign\cases\libuv\libuv-golden-demo\entry\build\default\intermediates\process_profile\default\module.json cache from map.
[2026-07-28T09:41:34.974] [DEBUG] debug-file - Update task entry:default@CompileResource input file:D:\HW\UTDesign\cases\libuv\libuv-golden-demo\entry\build\default\intermediates\res\default\resConfig.json cache by regenerate.
[2026-07-28T09:41:34.974] [DEBUG] debug-file - Update task entry:default@CompileResource output file:D:\HW\UTDesign\cases\libuv\libuv-golden-demo\entry\build\default\intermediates\res\default cache.
[2026-07-28T09:41:34.976] [DEBUG] debug-file - Update task entry:default@CompileResource output file:D:\HW\UTDesign\cases\libuv\libuv-golden-demo\entry\build\default\generated\r\default\ResourceTable.h cache.
[2026-07-28T09:41:34.976] [DEBUG] debug-file - Update task entry:default@CompileResource output file:D:\HW\UTDesign\cases\libuv\libuv-golden-demo\entry\build\default\generated\r\default\ResourceTable.ts cache.
[2026-07-28T09:41:34.976] [DEBUG] debug-file - Update task entry:default@CompileResource output file:D:\HW\UTDesign\cases\libuv\libuv-golden-demo\entry\build\default\generated\r\default cache.
[2026-07-28T09:41:34.977] [DEBUG] debug-file - Incremental task entry:default@CompileResource post-execution cost:6 ms .
[2026-07-28T09:41:34.978] [DEBUG] debug-file - Update task entry:default@CompileArkTS input file:D:\HW\UTDesign\cases\libuv\libuv-golden-demo\entry\build\default\intermediates\loader\default cache by regenerate.
[2026-07-28T09:41:34.978] [DEBUG] debug-file - Update task entry:default@CompileArkTS input file:D:\HW\UTDesign\cases\libuv\libuv-golden-demo\entry\build\default\intermediates\res\default\ResourceTable.txt cache by regenerate.
[2026-07-28T09:41:34.978] [DEBUG] debug-file - Update task entry:default@CompileArkTS input file:D:\HW\UTDesign\cases\libuv\libuv-golden-demo\entry\build\default\intermediates\res\default\ark_module.json cache by regenerate.
[2026-07-28T09:41:34.979] [DEBUG] debug-file - Update task entry:default@CompileArkTS input file:D:\HW\UTDesign\cases\libuv\libuv-golden-demo\entry\build\default\intermediates\res\default\resources\base\profile cache by regenerate.
[2026-07-28T09:41:34.979] [DEBUG] debug-file - Update task entry:default@CompileArkTS input file:D:\HW\UTDesign\cases\libuv\libuv-golden-demo\entry\src\main\ets cache by regenerate.
[2026-07-28T09:41:34.979] [DEBUG] debug-file - Update task entry:default@CompileArkTS input file:D:\HW\UTDesign\cases\libuv\libuv-golden-demo\entry\build\default\generated\profile\default\BuildProfile.ets cache by regenerate.
[2026-07-28T09:41:34.979] [DEBUG] debug-file - Update task entry:default@CompileArkTS input file:D:\HW\UTDesign\cases\libuv\libuv-golden-demo\entry\src\main\cpp\types cache by regenerate.
[2026-07-28T09:41:34.980] [DEBUG] debug-file - Update task entry:default@CompileArkTS output file:D:\HW\UTDesign\cases\libuv\libuv-golden-demo\entry\build\default\intermediates\loader_out\default\ets cache.
[2026-07-28T09:41:34.980] [DEBUG] debug-file - Incremental task entry:default@CompileArkTS post-execution cost:4 ms .
[2026-07-28T09:41:34.981] [DEBUG] debug-file - Update task entry:default@BuildJS input file:D:\HW\UTDesign\cases\libuv\libuv-golden-demo\entry\build\default\intermediates\loader\default cache by regenerate.
[2026-07-28T09:41:34.982] [DEBUG] debug-file - Update task entry:default@BuildJS input file:D:\HW\UTDesign\cases\libuv\libuv-golden-demo\entry\build\default\intermediates\res\default\ResourceTable.txt cache by regenerate.
[2026-07-28T09:41:34.982] [DEBUG] debug-file - Update task entry:default@BuildJS input file:D:\HW\UTDesign\cases\libuv\libuv-golden-demo\entry\build\default\intermediates\res\default\ark_module.json cache by regenerate.
[2026-07-28T09:41:34.982] [DEBUG] debug-file - Update task entry:default@BuildJS input file:D:\HW\UTDesign\cases\libuv\libuv-golden-demo\entry\build\default\intermediates\res\default\resources\base\profile cache by regenerate.
[2026-07-28T09:41:34.982] [DEBUG] debug-file - Update task entry:default@BuildJS output file:D:\HW\UTDesign\cases\libuv\libuv-golden-demo\entry\build\default\intermediates\loader_out\default\js cache.
[2026-07-28T09:41:34.982] [DEBUG] debug-file - Incremental task entry:default@BuildJS post-execution cost:2 ms .
[2026-07-28T09:41:34.983] [DEBUG] debug-file - Update task entry:default@ProcessLibs input file:D:\HW\UTDesign\cases\libuv\libuv-golden-demo\build-profile.json5 cache by regenerate.
[2026-07-28T09:41:34.983] [DEBUG] debug-file - Update task entry:default@ProcessLibs input file:D:\HW\UTDesign\cases\libuv\libuv-golden-demo\entry\build-profile.json5 cache by regenerate.
[2026-07-28T09:41:34.983] [DEBUG] debug-file - Update task entry:default@ProcessLibs output file:D:\HW\UTDesign\cases\libuv\libuv-golden-demo\entry\build\default\intermediates\libs\default cache.
[2026-07-28T09:41:34.983] [DEBUG] debug-file - Incremental task entry:default@ProcessLibs post-execution cost:1 ms .
[2026-07-28T09:41:34.983] [DEBUG] debug-file - Update task entry:default@DoNativeStrip input file:D:\HW\UTDesign\cases\libuv\libuv-golden-demo\entry\build\default\intermediates\libs\default cache by regenerate.
[2026-07-28T09:41:34.984] [DEBUG] debug-file - Update task entry:default@DoNativeStrip output file:D:\HW\UTDesign\cases\libuv\libuv-golden-demo\entry\build\default\intermediates\stripped_native_libs\default cache.
[2026-07-28T09:41:34.985] [DEBUG] debug-file - Incremental task entry:default@DoNativeStrip post-execution cost:2 ms .
[2026-07-28T09:41:34.985] [DEBUG] debug-file - Update task entry:default@CacheNativeLibs input file:D:\HW\UTDesign\cases\libuv\libuv-golden-demo\entry\build\default\intermediates\stripped_native_libs\default cache by regenerate.
[2026-07-28T09:41:34.985] [DEBUG] debug-file - Update task entry:default@CacheNativeLibs input file:D:\HW\UTDesign\cases\libuv\libuv-golden-demo\entry\build\default\intermediates\libs\default cache by regenerate.
[2026-07-28T09:41:34.986] [DEBUG] debug-file - Update task entry:default@CacheNativeLibs output file:D:\HW\UTDesign\cases\libuv\libuv-golden-demo\entry\build\default\intermediates\patch\default\base_native_libs.json cache.
[2026-07-28T09:41:34.986] [DEBUG] debug-file - Update task entry:default@CacheNativeLibs output file:D:\HW\UTDesign\cases\libuv\libuv-golden-demo\entry\build\default\intermediates\patch\default\binxo_native_libs.json cache.
[2026-07-28T09:41:34.986] [DEBUG] debug-file - Incremental task entry:default@CacheNativeLibs post-execution cost:2 ms .
[2026-07-28T09:41:34.987] [DEBUG] debug-file - Update task entry:default@GeneratePkgModuleJson input file:D:\HW\UTDesign\cases\libuv\libuv-golden-demo\entry\build\default\intermediates\res\default\module.json cache by regenerate.
[2026-07-28T09:41:34.987] [DEBUG] debug-file - Update task entry:default@GeneratePkgModuleJson output file:D:\HW\UTDesign\cases\libuv\libuv-golden-demo\entry\build\default\intermediates\package\default\module.json cache.
[2026-07-28T09:41:34.987] [DEBUG] debug-file - Incremental task entry:default@GeneratePkgModuleJson post-execution cost:1 ms .
[2026-07-28T09:41:34.987] [DEBUG] debug-file - Incremental task entry:default@ProcessCompiledResources post-execution cost:1 ms .
[2026-07-28T09:41:34.988] [DEBUG] debug-file - Update task entry:default@PackageHap input file:D:\HW\UTDesign\cases\libuv\libuv-golden-demo\entry\build\default\intermediates\stripped_native_libs\default cache by regenerate.
[2026-07-28T09:41:34.988] [DEBUG] debug-file - Update task entry:default@PackageHap input file:D:\HW\UTDesign\cases\libuv\libuv-golden-demo\entry\build\default\intermediates\res\default\module.json cache by regenerate.
[2026-07-28T09:41:34.988] [DEBUG] debug-file - Update task entry:default@PackageHap input file:D:\HW\UTDesign\cases\libuv\libuv-golden-demo\entry\build\default\intermediates\res\default\resources cache by regenerate.
[2026-07-28T09:41:34.989] [DEBUG] debug-file - Update task entry:default@PackageHap input file:D:\HW\UTDesign\cases\libuv\libuv-golden-demo\entry\build\default\intermediates\res\default\resources.index cache by regenerate.
[2026-07-28T09:41:34.989] [DEBUG] debug-file - Update task entry:default@PackageHap input file:D:\HW\UTDesign\cases\libuv\libuv-golden-demo\entry\build\default\outputs\default\pack.info cache by regenerate.
[2026-07-28T09:41:34.989] [DEBUG] debug-file - Update task entry:default@PackageHap input file:D:\HW\UTDesign\cases\libuv\libuv-golden-demo\entry\build\default\intermediates\loader_out\default\ets cache by regenerate.
[2026-07-28T09:41:34.990] [DEBUG] debug-file - Update task entry:default@PackageHap input file:D:\HW\UTDesign\cases\libuv\libuv-golden-demo\entry\build\default\intermediates\loader\default\pkgSdkInfo.json cache by regenerate.
[2026-07-28T09:41:34.990] [DEBUG] debug-file - Update task entry:default@PackageHap input file:D:\HW\UTDesign\cases\libuv\libuv-golden-demo\entry\build\default\intermediates\loader_out\default\ets\sourceMaps.map cache by regenerate.
[2026-07-28T09:41:34.990] [DEBUG] debug-file - Update task entry:default@PackageHap input file:D:\HW\UTDesign\cases\libuv\libuv-golden-demo\entry\build\default\generated\profile\default\BuildProfile.ets cache by regenerate.
[2026-07-28T09:41:34.990] [DEBUG] debug-file - Update task entry:default@PackageHap output file:D:\HW\UTDesign\cases\libuv\libuv-golden-demo\entry\build\default\outputs\default\entry-default-unsigned.hap cache.
[2026-07-28T09:41:34.990] [DEBUG] debug-file - Update task entry:default@PackageHap output file:D:\HW\UTDesign\cases\libuv\libuv-golden-demo\entry\build\default\intermediates\source_map\default\sourceMaps.map cache.
[2026-07-28T09:41:34.991] [DEBUG] debug-file - Update task entry:default@PackageHap output file:D:\HW\UTDesign\cases\libuv\libuv-golden-demo\entry\build\default\outputs\default\mapping\sourceMaps.map cache.
[2026-07-28T09:41:34.991] [DEBUG] debug-file - Incremental task entry:default@PackageHap post-execution cost:4 ms .
[2026-07-28T09:41:34.991] [DEBUG] debug-file - Update task entry:default@SignHap input file:D:\HW\UTDesign\cases\libuv\libuv-golden-demo\entry\build\default\outputs\default\entry-default-unsigned.hap cache by regenerate.
[2026-07-28T09:41:34.991] [DEBUG] debug-file - Update task entry:default@SignHap output file:D:\HW\UTDesign\cases\libuv\libuv-golden-demo\entry\build\default\outputs\default\entry-default-signed.hap cache.
[2026-07-28T09:41:34.991] [DEBUG] debug-file - Incremental task entry:default@SignHap post-execution cost:1 ms .
[2026-07-28T09:41:34.992] [DEBUG] debug-file - Update task entry:default@CollectDebugSymbol input file:D:\HW\UTDesign\cases\libuv\libuv-golden-demo\entry\build\default\intermediates\loader_out\default\ets\sourceMaps.map cache by regenerate.
[2026-07-28T09:41:34.992] [DEBUG] debug-file - Update task entry:default@CollectDebugSymbol input file:D:\HW\UTDesign\cases\libuv\libuv-golden-demo\entry\build\default\intermediates\libs\default cache by regenerate.
[2026-07-28T09:41:34.992] [DEBUG] debug-file - Update task entry:default@CollectDebugSymbol output file:D:\HW\UTDesign\cases\libuv\libuv-golden-demo\entry\build\default\outputs\default\symbol cache.
[2026-07-28T09:41:34.992] [DEBUG] debug-file - Incremental task entry:default@CollectDebugSymbol post-execution cost:2 ms .
[2026-07-28T09:41:35.024] [DEBUG] debug-file - Current worker pool is stopped or closed.
[2026-07-28T09:41:35.024] [DEBUG] debug-file - Clear worker 0.
[2026-07-28T09:41:35.024] [DEBUG] debug-file - Worker 0 has been cleared.
[2026-07-28T09:41:35.024] [DEBUG] debug-file - Current idle worker size: 4.
[2026-07-28T09:41:35.024] [DEBUG] debug-file - Current busy worker size: 0.
[2026-07-28T09:41:35.024] [DEBUG] debug-file - Clear worker 1.
[2026-07-28T09:41:35.024] [DEBUG] debug-file - Worker 1 has been cleared.
[2026-07-28T09:41:35.024] [DEBUG] debug-file - Current idle worker size: 3.
[2026-07-28T09:41:35.024] [DEBUG] debug-file - Current busy worker size: 0.
[2026-07-28T09:41:35.024] [DEBUG] debug-file - Clear worker 13.
[2026-07-28T09:41:35.024] [DEBUG] debug-file - Worker 13 has been cleared.
[2026-07-28T09:41:35.024] [DEBUG] debug-file - Current idle worker size: 2.
[2026-07-28T09:41:35.024] [DEBUG] debug-file - Current busy worker size: 0.
[2026-07-28T09:41:35.024] [DEBUG] debug-file - Clear worker 4.
[2026-07-28T09:41:35.024] [DEBUG] debug-file - Worker 4 has been cleared.
[2026-07-28T09:41:35.024] [DEBUG] debug-file - Current idle worker size: 1.
[2026-07-28T09:41:35.024] [DEBUG] debug-file - Current busy worker size: 0.
[2026-07-28T09:41:35.024] [DEBUG] debug-file - Clear worker 14.
[2026-07-28T09:41:35.024] [DEBUG] debug-file - Worker 14 has been cleared.
[2026-07-28T09:41:35.024] [DEBUG] debug-file - Current idle worker size: 0.
[2026-07-28T09:41:35.024] [DEBUG] debug-file - Current busy worker size: 0.
[2026-07-28T09:41:35.026] [DEBUG] debug-file - hvigor build process will be closed.
[2026-07-28T09:41:35.033] [DEBUG] debug-file - Current worker pool is terminated.
[2026-07-28T09:41:35.034] [DEBUG] debug-file - worker[1] exits with exit code 1.
[2026-07-28T09:41:35.035] [DEBUG] debug-file - worker[0] exits with exit code 1.
[2026-07-28T09:41:35.047] [DEBUG] debug-file - worker[13] exits with exit code 1.
[2026-07-28T09:41:35.048] [DEBUG] debug-file - worker[14] exits with exit code 1.
[2026-07-28T09:41:35.088] [DEBUG] debug-file - worker[4] exits with exit code 1.
[2026-07-28T09:43:58.417] [DEBUG] debug-file - env: nodejsVersion=v18.20.1
[2026-07-28T09:43:59.011] [DEBUG] debug-file - Hvigor init with startParameters:{
  hvigorfileTypeCheck: false,
  parallelExecution: true,
  incrementalExecution: true,
  printStackTrace: false,
  daemon: false,
  analyze: 0,
  logLevel: Level { level: 20000, levelStr: 'INFO', colour: 'green' },
  optimizationStrategy: 'memory',
  hotCompile: undefined,
  hotReloadBuild: undefined,
  customizedParam: undefined
}
[2026-07-28T09:44:01.681] [DEBUG] debug-file - hvigorfile, require result:  { default: { system: [Function: appTasks], plugins: [] } }
[2026-07-28T09:44:01.942] [DEBUG] debug-file - App plugin register hook start...
[2026-07-28T09:44:01.685] [DEBUG] debug-file - Starting plugin build process
[2026-07-28T09:44:01.945] [DEBUG] debug-file - Start initialize project's product build option map with build mode debug.
[2026-07-28T09:44:01.951] [DEBUG] debug-file - Obtain build option for product 'default'in this build.
[2026-07-28T09:44:01.964] [DEBUG] debug-file - Start recording SDK configuration permission data.
[2026-07-28T09:44:02.022] [DEBUG] debug-file - Project task initialization takes 10 ms 
[2026-07-28T09:44:02.036] [DEBUG] debug-file - failed to load cangjie to dynamically generate schemas: Error: Cannot find module '@ohos/cangjie-build-support/index'
Require stack:
- E:\DevEco Studio\tools\hvigor\hvigor-ohos-plugin\src\plugin\hooks\cangjie-register.js
- E:\DevEco Studio\tools\hvigor\hvigor-ohos-plugin\src\plugin\strategy\stage-init-strategy.js
- E:\DevEco Studio\tools\hvigor\hvigor-ohos-plugin\src\plugin\builder\abstract-plugin-builder.js
- E:\DevEco Studio\tools\hvigor\hvigor-ohos-plugin\src\plugin\builder\app-plugin-builder.js
- E:\DevEco Studio\tools\hvigor\hvigor-ohos-plugin\src\plugin\factory\plugin-factory.js
- E:\DevEco Studio\tools\hvigor\hvigor-ohos-plugin\index.js
- D:\HW\UTDesign\cases\libuv\libuv-golden-demo\hvigorfile.ts
- E:\DevEco Studio\tools\hvigor\hvigor\src\base\internal\lifecycle\configuration.js
- E:\DevEco Studio\tools\hvigor\hvigor\src\base\boot\index.js
- E:\DevEco Studio\tools\hvigor\hvigor\src\cli\main\cli.js
- E:\DevEco Studio\tools\hvigor\hvigor\bin\hvigor.js
[2026-07-28T09:44:02.066] [DEBUG] debug-file - start to load updatedOhPackageInfo to the disk
[2026-07-28T09:44:02.051] [DEBUG] debug-file - Start initialize module-target build option map, moduleName=entry, buildMode=debug
[2026-07-28T09:44:02.080] [DEBUG] debug-file - Start to initialize dependency information.
[2026-07-28T09:44:02.062] [DEBUG] debug-file - project has submodules:entry
[2026-07-28T09:43:58.419] [DEBUG] debug-file - env: hvigor-config.json5 content = {
  modelVersion: '6.1.0',
  dependencies: {},
  execution: {},
  logging: {},
  debugging: {},
  nodeOptions: {}
}
[2026-07-28T09:44:02.106] [DEBUG] debug-file - Executing task :entry:ohosTest@PreBuild
[2026-07-28T09:43:59.017] [DEBUG] debug-file - Cache service initialization finished in 5 ms 
[2026-07-28T09:44:02.278] [DEBUG] debug-file - Executing task :entry:ohosTest@GenerateMetadata
[2026-07-28T09:44:01.682] [DEBUG] debug-file - hvigorfile, binding system plugins [Function: appTasks]
[2026-07-28T09:44:01.942] [DEBUG] debug-file - App plugin register hook end...
[2026-07-28T09:44:01.945] [DEBUG] debug-file - Picking option from product 'default' with build mode 'debug'.
[2026-07-28T09:44:01.685] [DEBUG] debug-file - App plugin prepare start...
[2026-07-28T09:44:01.953] [DEBUG] debug-file - No signingConfig found, initRemoteHspCache failed.
[2026-07-28T09:44:02.010] [DEBUG] debug-file - Sdk init in 56 ms 
[2026-07-28T09:44:02.022] [DEBUG] debug-file - hvigorfile, begin to bind custom plugins...
[2026-07-28T09:44:02.071] [DEBUG] debug-file - load to the disk finished
[2026-07-28T09:44:02.051] [DEBUG] debug-file - Target 'default' config initialized
[2026-07-28T09:44:02.089] [DEBUG] debug-file - Module entry Collected Dependency: 
[2026-07-28T09:43:58.421] [DEBUG] debug-file - env: daemon=false
[2026-07-28T09:44:02.107] [DEBUG] debug-file - Task 'entry:ohosTest@PreBuild' cost while wrapping incremental declarations: 1 ms 
[2026-07-28T09:43:59.019] [DEBUG] debug-file - hvigorfile, resolving D:\HW\UTDesign\cases\libuv\libuv-golden-demo\hvigorfile.ts
[2026-07-28T09:44:02.279] [DEBUG] debug-file - Task 'entry:ohosTest@GenerateMetadata' cost while wrapping incremental declarations: 1 ms 
[2026-07-28T09:44:01.942] [DEBUG] debug-file - Plugin build process completed
[2026-07-28T09:44:01.945] [DEBUG] debug-file - Product 'default' build option initialized
[2026-07-28T09:44:01.685] [DEBUG] debug-file - App plugin prepare end...
[2026-07-28T09:44:01.956] [DEBUG] debug-file - Local scan or download HarmonyOS sdk components toolchains,ets,js,native,previewer
[2026-07-28T09:44:02.022] [DEBUG] debug-file - hvigorfile, no custom plugins were found in D:\HW\UTDesign\cases\libuv\libuv-golden-demo\hvigorfile.ts
[2026-07-28T09:44:02.072] [DEBUG] debug-file - Start to initialize dependency information.
[2026-07-28T09:44:02.089] [DEBUG] debug-file - Module entry's total dependency: 0
[2026-07-28T09:44:02.051] [DEBUG] debug-file - Target 'ohosTest' config initialized
[2026-07-28T09:43:58.422] [DEBUG] debug-file - no-daemon, use the parent process.execArgv --max-old-space-size=8192,--max-semi-space-size=16,--expose-gc
[2026-07-28T09:44:02.266] [DEBUG] debug-file - current product is not Atomic service.
[2026-07-28T09:44:02.281] [DEBUG] debug-file - entry : ohosTest@GenerateMetadata cost memory 0.124176025390625
[2026-07-28T09:44:01.945] [DEBUG] debug-file - End initialize project's product build option map with build mode 'debug'.
[2026-07-28T09:44:01.685] [DEBUG] debug-file - App plugin creating...
[2026-07-28T09:44:01.959] [DEBUG] debug-file - Local scan or download hmscore sdk components toolchains,ets,native
[2026-07-28T09:44:02.022] [DEBUG] debug-file - hvigorfile, resolve finished D:\HW\UTDesign\cases\libuv\libuv-golden-demo\hvigorfile.ts
[2026-07-28T09:44:02.077] [DEBUG] debug-file - Module libuv-golden-demo Collected Dependency: 
[2026-07-28T09:44:02.093] [DEBUG] debug-file - Configuration phase cost:3 s 76 ms 
[2026-07-28T09:44:02.052] [DEBUG] debug-file - Module 'entry' target 'default' build option initialized
[2026-07-28T09:44:02.266] [DEBUG] debug-file - Use tool [win32: JAVA_HOME, CLASSPATH]
 [ { JAVA_HOME: 'E:\\Java\\jdk-21.0.11' }, { CLASSPATH: undefined } ]
[2026-07-28T09:44:02.282] [DEBUG] debug-file - runTaskFromQueue task cost before running: 3 s 285 ms 
[2026-07-28T09:44:02.024] [DEBUG] debug-file - hvigorfile, resolving D:\HW\UTDesign\cases\libuv\libuv-golden-demo\entry\hvigorfile.ts
[2026-07-28T09:44:02.077] [DEBUG] debug-file - Module libuv-golden-demo's total dependency: 0
[2026-07-28T09:44:02.095] [DEBUG] debug-file - Configuration task cost before running: 3 s 98 ms 
[2026-07-28T09:44:02.052] [DEBUG] debug-file - Module 'entry' target 'ohosTest' build option initialized
[2026-07-28T09:44:02.266] [DEBUG] debug-file - Use tool [win32: NODE_HOME]
 [ { NODE_HOME: undefined } ]
[2026-07-28T09:44:02.282] [INFO] debug-file - Finished :entry:ohosTest@GenerateMetadata... after 4 ms 
[2026-07-28T09:44:02.033] [DEBUG] debug-file - hvigorfile, require result:  { default: { system: [Function: hapTasks], plugins: [] } }
[2026-07-28T09:44:02.267] [DEBUG] debug-file - entry : ohosTest@PreBuild cost memory 8.820533752441406
[2026-07-28T09:44:02.283] [DEBUG] debug-file - Executing task :entry:ohosTest@ConfigureCmake
[2026-07-28T09:44:02.052] [DEBUG] debug-file - End initialize module-target build option map, moduleName=entry
[2026-07-28T09:44:02.034] [DEBUG] debug-file - hvigorfile, binding system plugins [Function: hapTasks]
[2026-07-28T09:44:02.268] [DEBUG] debug-file - runTaskFromQueue task cost before running: 3 s 271 ms 
[2026-07-28T09:44:02.052] [DEBUG] debug-file - Start initialize module-target build option map, moduleName=entry, buildMode=release
[2026-07-28T09:44:02.034] [DEBUG] debug-file - Starting plugin build process
[2026-07-28T09:44:02.273] [INFO] debug-file - Finished :entry:ohosTest@PreBuild... after 162 ms 
[2026-07-28T09:44:02.052] [DEBUG] debug-file - Target 'default' config initialized
[2026-07-28T09:44:02.034] [DEBUG] debug-file - Hap plugin creating...
[2026-07-28T09:44:02.275] [DEBUG] debug-file - Executing task :entry:ohosTest@CreateModuleInfo
[2026-07-28T09:44:02.052] [DEBUG] debug-file - Target 'ohosTest' config initialized
[2026-07-28T09:44:02.052] [DEBUG] debug-file - Module 'entry' target 'default' build option initialized
[2026-07-28T09:44:02.275] [DEBUG] debug-file - Task 'entry:ohosTest@CreateModuleInfo' cost while wrapping incremental declarations: 1 ms 
[2026-07-28T09:44:02.052] [DEBUG] debug-file - Module 'entry' target 'ohosTest' build option initialized
[2026-07-28T09:44:02.275] [DEBUG] debug-file - entry : ohosTest@CreateModuleInfo cost memory 0.03791046142578125
[2026-07-28T09:44:02.053] [DEBUG] debug-file - End initialize module-target build option map, moduleName=entry
[2026-07-28T09:44:02.276] [DEBUG] debug-file - runTaskFromQueue task cost before running: 3 s 279 ms 
[2026-07-28T09:44:02.053] [DEBUG] debug-file - Start initialize module-target build option map, moduleName=entry, buildMode=debug
[2026-07-28T09:44:02.276] [INFO] debug-file - Finished :entry:ohosTest@CreateModuleInfo... after 1 ms 
[2026-07-28T09:44:02.053] [DEBUG] debug-file - Target 'default' config initialized
[2026-07-28T09:44:02.053] [DEBUG] debug-file - Target 'ohosTest' config initialized
[2026-07-28T09:44:02.053] [DEBUG] debug-file - Module 'entry' target 'default' build option initialized
[2026-07-28T09:44:02.053] [DEBUG] debug-file - Module 'entry' target 'ohosTest' build option initialized
[2026-07-28T09:44:02.053] [DEBUG] debug-file - End initialize module-target build option map, moduleName=entry
[2026-07-28T09:44:02.053] [DEBUG] debug-file - Obtain build option for module 'entry' target 'ohosTest'in this build.
[2026-07-28T09:44:02.060] [DEBUG] debug-file - Module entry task initialization takes 6 ms 
[2026-07-28T09:44:02.060] [DEBUG] debug-file - Hap plugin register hook start...
[2026-07-28T09:44:02.060] [DEBUG] debug-file - Hap plugin register hook end...
[2026-07-28T09:44:02.060] [DEBUG] debug-file - Plugin build process completed
[2026-07-28T09:44:02.060] [DEBUG] debug-file - hvigorfile, begin to bind custom plugins...
[2026-07-28T09:44:02.060] [DEBUG] debug-file - hvigorfile, no custom plugins were found in D:\HW\UTDesign\cases\libuv\libuv-golden-demo\entry\hvigorfile.ts
[2026-07-28T09:44:02.060] [DEBUG] debug-file - hvigorfile, resolve finished D:\HW\UTDesign\cases\libuv\libuv-golden-demo\entry\hvigorfile.ts
[2026-07-28T09:44:02.318] [DEBUG] debug-file - entry : ohosTest@ConfigureCmake cost memory 1.4654541015625
[2026-07-28T09:44:02.318] [DEBUG] debug-file - runTaskFromQueue task cost before running: 3 s 321 ms 
[2026-07-28T09:44:02.328] [DEBUG] debug-file - Executing task :entry:ohosTest@CreateBuildProfile
[2026-07-28T09:44:02.343] [DEBUG] debug-file - Executing task :entry:ohosTest@PreCheckSyscap
[2026-07-28T09:44:02.318] [INFO] debug-file - Finished :entry:ohosTest@ConfigureCmake... after 35 ms 
[2026-07-28T09:44:02.349] [DEBUG] debug-file - Executing task :entry:ohosTest@GeneratePkgContextInfo
[2026-07-28T09:44:02.329] [DEBUG] debug-file - Task 'entry:ohosTest@CreateBuildProfile' cost while wrapping incremental declarations: 1 ms 
[2026-07-28T09:44:02.426] [DEBUG] debug-file - Executing task :entry:ohosTest@BuildNativeWithCmake
[2026-07-28T09:44:02.421] [DEBUG] debug-file - Executing task :entry:ohosTest@ProcessIntegratedHsp
[2026-07-28T09:44:02.432] [DEBUG] debug-file - Use tool [Cmake]
 [
  'E:\\DevEco Studio\\sdk\\default\\openharmony\\native\\build-tools\\cmake\\bin\\cmake.exe',
  '-HD:\\HW\\UTDesign\\cases\\libuv\\libuv-golden-demo\\entry\\src\\ohosTest\\cpp',
  '-BD:\\HW\\UTDesign\\cases\\libuv\\libuv-golden-demo\\entry\\.cxx\\default\\ohosTest\\debug\\x86_64',
  '-DOHOS_ARCH=x86_64',
  '-DCMAKE_LIBRARY_OUTPUT_DIRECTORY=D:\\HW\\UTDesign\\cases\\libuv\\libuv-golden-demo\\entry\\build\\default\\intermediates\\cmake\\ohosTest\\obj\\x86_64',
  '-DCMAKE_BUILD_TYPE=Debug',
  '-DOHOS_SDK_NATIVE=E:\\DevEco Studio\\sdk\\default\\openharmony\\native',
  '-DCMAKE_SYSTEM_NAME=OHOS',
  '-DCMAKE_OHOS_ARCH_ABI=x86_64',
  '-DCMAKE_EXPORT_COMPILE_COMMANDS=ON',
  '-DCMAKE_TOOLCHAIN_FILE=E:\\DevEco Studio\\sdk\\default\\hms\\native\\build\\cmake\\hmos.toolchain.cmake',
  '-GNinja',
  '-DCMAKE_MAKE_PROGRAM=E:\\DevEco Studio\\sdk\\default\\openharmony\\native\\build-tools\\cmake\\bin\\ninja.exe',
  '-DCMAKE_FIND_ROOT_PATH=D:\\HW\\UTDesign\\cases\\libuv\\libuv-golden-demo\\entry\\.cxx\\default\\ohosTest\\debug\\hvigor\\x86_64',
  '-DPACKAGE_FIND_FILE=D:\\HW\\UTDesign\\cases\\libuv\\libuv-golden-demo\\entry\\.cxx\\default\\ohosTest\\debug\\hvigor\\x86_64\\summary.cmake',
  '--no-warn-unused-cli',
  '-DCMAKE_CXX_FLAGS=-std=c++17',
  '-DHMOS_SDK_NATIVE=E:\\DevEco Studio\\sdk\\default\\hms\\native',
  '-DOHOS_COMPATIBLE_SDK_VERSION=6.1.0(23)'
]
[2026-07-28T09:44:02.343] [DEBUG] debug-file - entry : ohosTest@PreCheckSyscap cost memory 0.01358795166015625
[2026-07-28T09:44:02.321] [DEBUG] debug-file - Executing task :entry:ohosTest@MergeProfile
[2026-07-28T09:44:02.390] [DEBUG] debug-file - Task 'entry:ohosTest@GeneratePkgContextInfo' cost while wrapping incremental declarations: 1 ms 
[2026-07-28T09:44:02.335] [DEBUG] debug-file - entry : ohosTest@CreateBuildProfile cost memory 0.07096099853515625
[2026-07-28T09:44:02.422] [DEBUG] debug-file - entry : ohosTest@ProcessIntegratedHsp cost memory 0.02896881103515625
[2026-07-28T09:44:02.344] [DEBUG] debug-file - runTaskFromQueue task cost before running: 3 s 347 ms 
[2026-07-28T09:44:02.321] [DEBUG] debug-file - Task 'entry:ohosTest@MergeProfile' cost while wrapping incremental declarations: 1 ms 
[2026-07-28T09:44:02.391] [DEBUG] debug-file - entry : ohosTest@GeneratePkgContextInfo cost memory 0.42833709716796875
[2026-07-28T09:44:02.335] [DEBUG] debug-file - runTaskFromQueue task cost before running: 3 s 339 ms 
[2026-07-28T09:44:02.422] [DEBUG] debug-file - runTaskFromQueue task cost before running: 3 s 426 ms 
[2026-07-28T09:44:02.473] [DEBUG] debug-file - Clean CMakeCache.txt due to outdated CMake configuration.
[2026-07-28T09:44:02.344] [INFO] debug-file - Finished :entry:ohosTest@PreCheckSyscap... after 1 ms 
[2026-07-28T09:44:02.322] [DEBUG] debug-file - Change app api release type with 'Release'
[2026-07-28T09:44:02.392] [DEBUG] debug-file - runTaskFromQueue task cost before running: 3 s 395 ms 
[2026-07-28T09:44:02.336] [INFO] debug-file - Finished :entry:ohosTest@CreateBuildProfile... after 8 ms 
[2026-07-28T09:44:02.423] [INFO] debug-file - Finished :entry:ohosTest@ProcessIntegratedHsp... after 2 ms 
[2026-07-28T09:44:02.323] [DEBUG] debug-file - Change app compile API version with '6.1.0.105'
[2026-07-28T09:44:02.392] [INFO] debug-file - Finished :entry:ohosTest@GeneratePkgContextInfo... after 43 ms 
[2026-07-28T09:44:02.478] [DEBUG] debug-file - - no fingerprint file, will remove stale cache CMakeCache.txt
[2026-07-28T09:44:02.323] [DEBUG] debug-file - Change app target API version with '60100023'
[2026-07-28T09:44:02.395] [DEBUG] debug-file - Executing task :entry:ohosTest@GeneratePkgSdkInfo
[2026-07-28T09:44:02.494] [DEBUG] debug-file - Since there is no instance or instance is terminated, create a new worker pool.
[2026-07-28T09:44:02.510] [DEBUG] debug-file - Create  resident worker with id: 0.
[2026-07-28T09:44:02.536] [DEBUG] debug-file - Executing task :entry:ohosTest@MakePackInfo
[2026-07-28T09:44:02.559] [DEBUG] debug-file - Executing task :entry:ohosTest@ProcessProfile
[2026-07-28T09:44:02.548] [DEBUG] debug-file - Executing task :entry:ohosTest@SyscapTransform
[2026-07-28T09:44:02.809] [DEBUG] debug-file - Executing task :entry:ohosTest@ProcessRouterMap
[2026-07-28T09:44:02.817] [DEBUG] debug-file - Executing task :entry:ohosTest@ProcessShareConfig
[2026-07-28T09:44:02.803] [DEBUG] debug-file - 13.0.1.0
[2026-07-28T09:44:02.323] [DEBUG] debug-file - Change app minimum API version with '60100023'
[2026-07-28T09:44:02.402] [DEBUG] debug-file - Task 'entry:ohosTest@GeneratePkgSdkInfo' cost while wrapping incremental declarations: 1 ms 
[2026-07-28T09:44:02.833] [DEBUG] debug-file - Executing task :entry:ohosTest@ProcessResource
[2026-07-28T09:44:02.522] [DEBUG] debug-file - Create  resident worker with id: 1.
[2026-07-28T09:44:02.824] [DEBUG] debug-file - Executing task :entry:ohosTest@ProcessStartupConfig
[2026-07-28T09:44:02.497] [DEBUG] debug-file - Worker pool is initialized with config:  {
  minPoolNum: 2,
  maxPoolNum: undefined,
  maxCoreSize: undefined,
  cacheCapacity: undefined,
  cacheTtl: undefined
}
[2026-07-28T09:44:02.539] [DEBUG] debug-file - Module Pack Info:  {
  summary: {
    app: { bundleName: 'c***n', bundleType: 'app', version: [Object] },
    modules: [ [Object], [Object] ]
  },
  packages: [
    {
      deviceType: [Array],
      moduleType: 'feature',
      deliveryWithInstall: true,
      name: 'entry-ohosTest'
    }
  ]
}
[2026-07-28T09:44:02.843] [DEBUG] debug-file - Executing task :entry:ohosTest@GenerateLoaderJson
[2026-07-28T09:44:02.561] [DEBUG] debug-file - Task 'entry:ohosTest@ProcessProfile' cost while wrapping incremental declarations: 1 ms 
[2026-07-28T09:44:02.871] [DEBUG] debug-file - current process  memoryUsage: {
  rss: 284839936,
  heapTotal: 166834176,
  heapUsed: 143611040,
  external: 3252156,
  arrayBuffers: 216756
} os memoryUsage :12.317996978759766
[2026-07-28T09:44:02.549] [DEBUG] debug-file - File: 'D:\HW\UTDesign\cases\libuv\libuv-golden-demo\entry\src\ohosTest\syscap.json' from 'sysCapJsonPath' is not exists, just ignore.
[2026-07-28T09:44:02.814] [DEBUG] debug-file - entry : ohosTest@ProcessRouterMap cost memory 0.0958709716796875
[2026-07-28T09:44:02.821] [DEBUG] debug-file - entry : ohosTest@ProcessShareConfig cost memory 0.074981689453125
[2026-07-28T09:44:02.323] [DEBUG] debug-file - Use cli appEnvironment
[2026-07-28T09:44:02.806] [DEBUG] debug-file - No need to add fake ui ability because of not in preview process.
[2026-07-28T09:44:02.834] [DEBUG] debug-file - Task 'entry:ohosTest@ProcessResource' cost while wrapping incremental declarations: 1 ms 
[2026-07-28T09:44:02.404] [DEBUG] debug-file - entry : ohosTest@GeneratePkgSdkInfo cost memory 0.5184249877929688
[2026-07-28T09:44:02.527] [DEBUG] debug-file - ohosTest@BuildNativeWithCmake work[0] is submitted.
[2026-07-28T09:44:02.824] [DEBUG] debug-file - Task 'entry:ohosTest@ProcessStartupConfig' cost while wrapping incremental declarations: 1 ms 
[2026-07-28T09:44:02.542] [DEBUG] debug-file - entry : ohosTest@MakePackInfo cost memory 0.105194091796875
[2026-07-28T09:44:02.844] [DEBUG] debug-file - Task 'entry:ohosTest@GenerateLoaderJson' cost while wrapping incremental declarations: 1 ms 
[2026-07-28T09:44:02.550] [DEBUG] debug-file - Task 'entry:ohosTest@SyscapTransform' cost while wrapping incremental declarations: 2 ms 
[2026-07-28T09:44:02.564] [DEBUG] debug-file - [
  'E:\\DevEco Studio\\tools\\node\\node.exe',
  'E:\\DevEco Studio\\sdk\\default\\openharmony\\ets\\build-tools\\ets-loader\\bin\\ark\\ts2abc.js',
  '--target-api-version',
  '23'
]
[2026-07-28T09:44:02.814] [DEBUG] debug-file - runTaskFromQueue task cost before running: 3 s 817 ms 
[2026-07-28T09:44:02.821] [DEBUG] debug-file - runTaskFromQueue task cost before running: 3 s 824 ms 
[2026-07-28T09:44:02.325] [DEBUG] debug-file - entry : ohosTest@MergeProfile cost memory 0.24691009521484375
[2026-07-28T09:44:02.807] [DEBUG] debug-file - entry : ohosTest@ProcessProfile cost memory 2.0091629028320312
[2026-07-28T09:44:02.837] [DEBUG] debug-file - entry : ohosTest@ProcessResource cost memory 0.1416778564453125
[2026-07-28T09:44:02.404] [DEBUG] debug-file - runTaskFromQueue task cost before running: 3 s 407 ms 
[2026-07-28T09:44:02.528] [DEBUG] debug-file - ohosTest@BuildNativeWithCmake work[0] is pushed to ready queue.
[2026-07-28T09:44:02.825] [DEBUG] debug-file - entry : ohosTest@ProcessStartupConfig cost memory 0.06410980224609375
[2026-07-28T09:44:02.542] [DEBUG] debug-file - runTaskFromQueue task cost before running: 3 s 545 ms 
[2026-07-28T09:44:02.551] [DEBUG] debug-file - entry : ohosTest@SyscapTransform cost memory 0.048492431640625
[2026-07-28T09:44:02.853] [DEBUG] debug-file - entry : ohosTest@GenerateLoaderJson cost memory 0.6222381591796875
[2026-07-28T09:44:02.859] [DEBUG] debug-file - Executing task :entry:ohosTest@CompileResource
[2026-07-28T09:44:02.325] [DEBUG] debug-file - runTaskFromQueue task cost before running: 3 s 328 ms 
[2026-07-28T09:44:02.807] [DEBUG] debug-file - runTaskFromQueue task cost before running: 3 s 810 ms 
[2026-07-28T09:44:02.815] [INFO] debug-file - Finished :entry:ohosTest@ProcessRouterMap... after 5 ms 
[2026-07-28T09:44:02.822] [INFO] debug-file - Finished :entry:ohosTest@ProcessShareConfig... after 4 ms 
[2026-07-28T09:44:02.838] [DEBUG] debug-file - runTaskFromQueue task cost before running: 3 s 841 ms 
[2026-07-28T09:44:02.405] [INFO] debug-file - Finished :entry:ohosTest@GeneratePkgSdkInfo... after 10 ms 
[2026-07-28T09:44:02.529] [DEBUG] debug-file - A work dispatched to worker[15] failed because unable to get work from ready queue.
[2026-07-28T09:44:02.543] [INFO] debug-file - Finished :entry:ohosTest@MakePackInfo... after 6 ms 
[2026-07-28T09:44:02.552] [DEBUG] debug-file - runTaskFromQueue task cost before running: 3 s 555 ms 
[2026-07-28T09:44:02.825] [DEBUG] debug-file - runTaskFromQueue task cost before running: 3 s 828 ms 
[2026-07-28T09:44:02.853] [DEBUG] debug-file - runTaskFromQueue task cost before running: 3 s 857 ms 
[2026-07-28T09:44:02.807] [INFO] debug-file - Finished :entry:ohosTest@ProcessProfile... after 249 ms 
[2026-07-28T09:44:02.866] [DEBUG] debug-file - Use tool [E:\DevEco Studio\sdk\default\openharmony\toolchains\restool.exe]
 [
  'E:\\DevEco Studio\\sdk\\default\\openharmony\\toolchains\\restool.exe',
  '-l',
  'D:\\HW\\UTDesign\\cases\\libuv\\libuv-golden-demo\\entry\\build\\default\\intermediates\\res\\ohosTest\\resConfig.json'
]
[2026-07-28T09:44:02.325] [INFO] debug-file - Finished :entry:ohosTest@MergeProfile... after 5 ms 
[2026-07-28T09:44:02.839] [INFO] debug-file - Finished :entry:ohosTest@ProcessResource... after 6 ms 
[2026-07-28T09:44:02.529] [DEBUG] debug-file - Create  resident worker with id: 14.
[2026-07-28T09:44:02.552] [INFO] debug-file - Finished :entry:ohosTest@SyscapTransform... after 5 ms 
[2026-07-28T09:44:02.825] [INFO] debug-file - Finished :entry:ohosTest@ProcessStartupConfig... after 2 ms 
[2026-07-28T09:44:02.856] [INFO] debug-file - Finished :entry:ohosTest@GenerateLoaderJson... after 11 ms 
[2026-07-28T09:44:02.533] [DEBUG] debug-file - ohosTest@BuildNativeWithCmake work[0] has been dispatched to worker[14].
[2026-07-28T09:44:02.827] [DEBUG] debug-file - restool module names: entry,entry_test; moduleName=entry, taskName=ohosTest@ProcessResource
[2026-07-28T09:44:02.857] [DEBUG] debug-file - restool module names: entry,entry_test; moduleName=entry, taskName=ohosTest@CompileResource
[2026-07-28T09:44:02.533] [DEBUG] debug-file - ohosTest@BuildNativeWithCmake work[0] is dispatched.
[2026-07-28T09:44:02.533] [DEBUG] debug-file - entry : ohosTest@BuildNativeWithCmake cost memory 1.0345382690429688
[2026-07-28T09:44:03.088] [DEBUG] debug-file - Info: Pack: normal pack mode

[2026-07-28T09:44:03.163] [DEBUG] debug-file - Info: hardware concurrency count is : 16
Info: thread count is : 16

[2026-07-28T09:44:03.163] [DEBUG] debug-file - Info: thread pool is started

[2026-07-28T09:44:03.164] [DEBUG] debug-file - Info: GenericCompiler::CompileFiles

[2026-07-28T09:44:03.169] [DEBUG] debug-file - Info: GenericCompiler::CompileFiles

[2026-07-28T09:44:03.172] [DEBUG] debug-file - Info: GenericCompiler::CompileFiles

[2026-07-28T09:44:03.179] [DEBUG] debug-file - 07-28 09:44:03.179 34940 32520 E C01400/ImageTranscoderUtils: DecodeToRGBA IN
07-28 09:44:03.179 34940 32520 E C01400/ImageTranscoderUtils: ImageFilter IN D:\HW\UTDesign\cases\libuv\libuv-golden-demo\AppScope\resources\base\media\app_icon.png

[2026-07-28T09:44:03.229] [DEBUG] debug-file - Info: restool resources compile success.

[2026-07-28T09:44:03.229] [DEBUG] debug-file - Info: thread pool is stopped

[2026-07-28T09:44:03.309] [DEBUG] debug-file - entry : ohosTest@CompileResource cost memory 0.7917022705078125
[2026-07-28T09:44:03.309] [DEBUG] debug-file - runTaskFromQueue task cost before running: 4 s 312 ms 
[2026-07-28T09:44:03.318] [DEBUG] debug-file - Executing task :entry:ohosTest@OhosTestCompileArkTS
[2026-07-28T09:44:03.311] [INFO] debug-file - Finished :entry:ohosTest@CompileResource... after 451 ms 
[2026-07-28T09:44:03.321] [DEBUG] debug-file - obfuscationOptions: undefined
[2026-07-28T09:44:03.333] [DEBUG] debug-file - Task 'entry:ohosTest@OhosTestCompileArkTS' cost while wrapping incremental declarations: 1 ms 
[2026-07-28T09:44:03.371] [DEBUG] debug-file - Executing task :entry:ohosTest@OhosTestBuildJS
[2026-07-28T09:44:03.361] [DEBUG] debug-file - build config:
[2026-07-28T09:44:03.372] [DEBUG] debug-file - Task 'entry:ohosTest@OhosTestBuildJS' cost while wrapping incremental declarations: 1 ms 
[2026-07-28T09:44:03.361] [DEBUG] debug-file - {
  moduleType: 'entry',
  perf: 0,
  targetName: '.ohosTest',
  packageManagerType: 'ohpm',
  localPropertiesPath: 'D:\\HW\\UTDesign\\cases\\libuv\\libuv-golden-demo\\local.properties',
  isPreview: false,
  isOhosTest: true,
  isLocalTest: false,
  buildMode: 'Debug',
  hotReloadBuild: undefined,
  watchMode: 'false',
  aceProfilePath: 'D:\\HW\\UTDesign\\cases\\libuv\\libuv-golden-demo\\entry\\build\\default\\intermediates\\res\\ohosTest\\resources\\base\\profile',
  etsLoaderPath: 'E:\\DevEco Studio\\sdk\\default\\openharmony\\ets\\build-tools\\ets-loader',
  modulePath: 'D:\\HW\\UTDesign\\cases\\libuv\\libuv-golden-demo\\entry',
  testFrameworkPar: {
    testMode: 'ohosTest',
    coveragePathFilter: undefined,
    coverageMode: undefined
  },
  needCoverageInsert: false,
  debugLine: false,
  projectTopDir: 'D:\\HW\\UTDesign\\cases\\libuv\\libuv-golden-demo',
  compileSdkVersion: 23,
  compatibleSdkVersion: 23,
  originCompatibleSdkVersion: '6.1.0(23)',
  compatibleSdkVersionStage: undefined,
  bundleName: 'c***n',
  etsLoaderVersion: '6.1.0.105',
  etsLoaderReleaseType: 'Release',
  aotCompileMode: 'type',
  apPath: 'D:\\HW\\UTDesign\\cases\\libuv\\libuv-golden-demo\\entry\\modules.ap',
  entryModuleName: 'entry',
  entryModuleVersion: '1.0.0',
  entryPackageName: 'entry',
  allModuleNameHash: '0c41aa2ce588995904699f5f36eceff65d12a57451948b947162a49d8fb4beee',
  externalApiPaths: [ 'E:\\DevEco Studio\\sdk\\default\\hms\\ets' ],
  compilerTypes: [],
  isCrossplatform: false,
  hvigorPluginFile: undefined,
  compilePluginPath: undefined,
  buildGeneratedProfilePath: 'D:\\HW\\UTDesign\\cases\\libuv\\libuv-golden-demo\\entry\\build\\default\\generated\\profile\\ohosTest',
  bundleType: 'app',
  arkTSVersion: undefined,
  apiVersion: 23,
  needCompleteSourcesMap: true,
  isFaMode: false,
  buildDir: 'D:\\HW\\UTDesign\\cases\\libuv\\libuv-golden-demo\\entry\\build',
  deviceTypes: [ '2in1' ],
  pkgContextInfo: undefined,
  ohPackagePathMap: {},
  dependencyAliasMap: {},
  permission: { requestPermissions: undefined, definePermissions: undefined },
  useGetCurrentBundleName: false,
  projectArkOption: undefined,
  sourceMapDir: undefined,
  branchElimination: false,
  transformLib: undefined,
  tsImportSendable: false,
  resolveConflictMode: true,
  depName2RootPath: {},
  depName2DepInfo: {},
  depName2OhExports: {},
  rootPathSet: [ 'D:\\HW\\UTDesign\\cases\\libuv\\libuv-golden-demo' ],
  useNativeResolver: true,
  shouldEmitJs: true,
  useTscResolve: false,
  singleFileEmit: false,
  userProjectConfig: {
    autoLazyImport: false,
    allowEmptyBundleName: false,
    reExportCheckMode: 'noCheck',
    executionMode: 'memory',
    usePathPlaceholder: false,
    writeRollupCache: true,
    isExpandImportEnabled: false,
    expandImportExclude: '',
    lazyImportExclude: '',
    lazyImportInclude: '',
    ignoreCrossplatformCheck: false,
    isHarDeduplicateEnabled: false,
    skipOhModulesLint: false,
    enableStrictCheckOHModule: false,
    disableSendableCheckRules: [],
    useDeclarationFileSignature: false,
    customizedOptions: undefined,
    integratedHsp: false,
    isPreloadSoEnabled: false
  },
  executionMode: 'memory',
  arkCompileCachePath: 'D:\\HW\\UTDesign\\cases\\libuv\\libuv-golden-demo\\entry\\build\\default\\cache\\ohosTest\\ohosTest@OhosTestCompileArkTS\\esmodule',
  autoLazyFilter: undefined,
  isHarDeduplicateEnabled: false,
  intermediateHarDuplicateDirPath: 'D:\\HW\\UTDesign\\cases\\libuv\\libuv-golden-demo\\entry\\build\\default\\intermediates\\har_duplicate\\ohosTest',
  autoLazyImport: false,
  allowEmptyBundleName: false,
  reExportCheckMode: 'noCheck',
  usePathPlaceholder: false,
  writeRollupCache: true,
  isExpandImportEnabled: false,
  expandImportExclude: '',
  lazyImportExclude: '',
  lazyImportInclude: '',
  ignoreCrossplatformCheck: false,
  skipOhModulesLint: false,
  enableStrictCheckOHModule: false,
  disableSendableCheckRules: [],
  useDeclarationFileSignature: false,
  customizedOptions: undefined,
  integratedHsp: false,
  isPreloadSoEnabled: false,
  strictMode: undefined,
  useNormalizedOHMUrl: false,
  caseSensitiveCheck: false,
  aceModuleJsonPath: 'D:\\HW\\UTDesign\\cases\\libuv\\libuv-golden-demo\\entry\\build\\default\\intermediates\\res\\ohosTest\\ark_module.json',
  appResource: 'D:\\HW\\UTDesign\\cases\\libuv\\libuv-golden-demo\\entry\\build\\default\\intermediates\\res\\ohosTest\\ResourceTable.txt',
  rawFileResource: 'D:\\HW\\UTDesign\\cases\\libuv\\libuv-golden-demo\\entry\\build\\default\\intermediates\\res\\ohosTest\\resources\\rawfile',
  resourceTableHash: 'ac7fc51dc1eb90c07d50ee0e8e349e385bb7ba12ae77cb4d1ca37b836b0d4675',
  runtimeOS: 'HarmonyOS',
  sdkInfo: 'false:23:6.1.0.105:Release',
  aceModuleRoot: 'D:\\HW\\UTDesign\\cases\\libuv\\libuv-golden-demo\\entry\\src\\ohosTest\\ets',
  compileMode: 'esmodule',
  aceSuperVisualPath: 'D:\\HW\\UTDesign\\cases\\libuv\\libuv-golden-demo\\entry\\src\\ohosTest\\supervisual',
  aceBuildJson: 'D:\\HW\\UTDesign\\cases\\libuv\\libuv-golden-demo\\entry\\build\\default\\intermediates\\loader\\ohosTest\\loader.json',
  cachePath: 'D:\\HW\\UTDesign\\cases\\libuv\\libuv-golden-demo\\entry\\build\\default\\cache\\ohosTest\\ohosTest@OhosTestCompileArkTS\\esmodule\\debug',
  aceModuleBuild: 'D:\\HW\\UTDesign\\cases\\libuv\\libuv-golden-demo\\entry\\build\\default\\intermediates\\loader_out\\ohosTest\\ets',
  supportChunks: false,
  declaredFilesPath: undefined,
  shouldCollectDirectImportees: false,
  isByteCodeHarOptimize: false,
  expandImportPath: undefined,
  resourceTableTs: 'D:\\HW\\UTDesign\\cases\\libuv\\libuv-golden-demo\\entry\\build\\default\\generated\\r\\ohosTest\\ResourceTable.ts',
  moduleMetaInfoFiles: [
    {
      filePath: 'D:\\HW\\UTDesign\\cases\\libuv\\libuv-golden-demo\\entry\\build\\default\\generated\\r\\ohosTest\\ResourceTable.ts',
      ohmurl: 'com.thirdparty.validation.libuv.golden/entry/build/generated/r/ResourceTable'
    }
  ],
  pkgNameToPkgBriefInfo: {
    entry: {
      pkgRoot: 'D:\\HW\\UTDesign\\cases\\libuv\\libuv-golden-demo\\entry',
      originalSourceRoots: undefined,
      sourceRoots: [Array],
      pkgName: 'entry'
    }
  },
  projectModel: {
    'D:\\HW\\UTDesign\\cases\\libuv\\libuv-golden-demo\\entry\\src\\main': {
      moduleName: 'entry',
      modulePkgPath: 'D:\\HW\\UTDesign\\cases\\libuv\\libuv-golden-demo\\entry',
      belongProjectPath: 'D:\\HW\\UTDesign\\cases\\libuv\\libuv-golden-demo'
    },
    'D:\\HW\\UTDesign\\cases\\libuv\\libuv-golden-demo\\entry\\src\\ohosTest': {
      moduleName: 'entry_test',
      modulePkgPath: 'D:\\HW\\UTDesign\\cases\\libuv\\libuv-golden-demo\\entry',
      belongProjectPath: 'D:\\HW\\UTDesign\\cases\\libuv\\libuv-golden-demo'
    },
    'D:\\HW\\UTDesign\\cases\\libuv\\libuv-golden-demo\\entry': {
      moduleName: 'entry',
      modulePkgPath: 'D:\\HW\\UTDesign\\cases\\libuv\\libuv-golden-demo\\entry',
      belongProjectPath: 'D:\\HW\\UTDesign\\cases\\libuv\\libuv-golden-demo'
    },
    'D:\\HW\\UTDesign\\cases\\libuv\\libuv-golden-demo': {
      moduleName: 'libuv-golden-demo',
      modulePkgPath: 'D:\\HW\\UTDesign\\cases\\libuv\\libuv-golden-demo',
      belongProjectPath: 'D:\\HW\\UTDesign\\cases\\libuv\\libuv-golden-demo'
    }
  },
  pkgJsonFileHash: 'c71d2661bcaea15ddf7e06a8d0054842d2f9d20842847d5adc14aac205427f87',
  allModulePaths: [ 'D:\\HW\\UTDesign\\cases\\libuv\\libuv-golden-demo\\entry' ],
  routerMap: {},
  obfuscationOptions: undefined,
  byteCodeHarToDependencyKeys: undefined,
  compileBlockPkg: [],
  mockParams: {
    decorator: '@MockSetup',
    packageName: '@ohos/hamock',
    etsSourceRootPath: 'src/main/ets',
    mockConfigPath: undefined,
    mockConfigKey2ModuleInfo: {},
    source2ModuleIdMap: {}
  },
  copyCodeResourceEnable: true,
  copyCodeResourceExcludes: [],
  copyCodeResourceIncludes: undefined,
  uiTransformOptimization: false,
  sdkPath: 'E:/DevEco Studio/sdk',
  needPreloadSoFileSet: {},
  preloadSoFilePath: 'D:\\HW\\UTDesign\\cases\\libuv\\libuv-golden-demo\\entry\\build\\default\\intermediates\\preload\\ohosTest\\preload.json',
  useSourceHash: false,
  localModuleParamMap: {},
  otherPaths: {
    'entry/*': [
      '..\\..\\main\\*',
      '..\\..\\..\\build\\default\\generated\\profile\\ohosTest\\*'
    ]
  },
  collectImportersConfig: undefined
}
[2026-07-28T09:44:03.376] [DEBUG] debug-file - entry : ohosTest@OhosTestBuildJS cost memory 0.16876983642578125
[2026-07-28T09:44:03.361] [DEBUG] debug-file - Compile arkts with external api path: E:\DevEco Studio\sdk\default\hms\ets
[2026-07-28T09:44:03.376] [DEBUG] debug-file - runTaskFromQueue task cost before running: 4 s 379 ms 
[2026-07-28T09:44:03.363] [DEBUG] debug-file - ohosTest@OhosTestCompileArkTS work[1] is submitted.
[2026-07-28T09:44:03.376] [INFO] debug-file - Finished :entry:ohosTest@OhosTestBuildJS... after 5 ms 
[2026-07-28T09:44:03.363] [DEBUG] debug-file - ohosTest@OhosTestCompileArkTS work[1] is pushed to ready queue.
[2026-07-28T09:44:03.363] [DEBUG] debug-file - A work dispatched to worker[15] failed because unable to get work from ready queue.
[2026-07-28T09:44:03.363] [DEBUG] debug-file - A work dispatched to worker[14] failed because of worker busy.
[2026-07-28T09:44:03.363] [DEBUG] debug-file - A work dispatched to worker[13] failed because unable to get work from ready queue.
[2026-07-28T09:44:03.363] [DEBUG] debug-file - A work dispatched to worker[12] failed because unable to get work from ready queue.
[2026-07-28T09:44:03.363] [DEBUG] debug-file - A work dispatched to worker[11] failed because unable to get work from ready queue.
[2026-07-28T09:44:03.363] [DEBUG] debug-file - A work dispatched to worker[10] failed because unable to get work from ready queue.
[2026-07-28T09:44:03.363] [DEBUG] debug-file - A work dispatched to worker[9] failed because unable to get work from ready queue.
[2026-07-28T09:44:03.363] [DEBUG] debug-file - A work dispatched to worker[8] failed because unable to get work from ready queue.
[2026-07-28T09:44:03.363] [DEBUG] debug-file - A work dispatched to worker[7] failed because unable to get work from ready queue.
[2026-07-28T09:44:03.363] [DEBUG] debug-file - A work dispatched to worker[6] failed because unable to get work from ready queue.
[2026-07-28T09:44:03.364] [DEBUG] debug-file - A work dispatched to worker[5] failed because unable to get work from ready queue.
[2026-07-28T09:44:03.364] [DEBUG] debug-file - Create  resident worker with id: 4.
[2026-07-28T09:44:03.365] [DEBUG] debug-file - ohosTest@OhosTestCompileArkTS work[1] has been dispatched to worker[4].
[2026-07-28T09:44:03.365] [DEBUG] debug-file - ohosTest@OhosTestCompileArkTS work[1] is dispatched.
[2026-07-28T09:44:03.365] [DEBUG] debug-file - CopyResources startTime: 970258256539600
[2026-07-28T09:44:03.365] [DEBUG] debug-file - ohosTest@OhosTestCompileArkTS work[2] is submitted.
[2026-07-28T09:44:03.366] [DEBUG] debug-file - ohosTest@OhosTestCompileArkTS work[2] is pushed to ready queue.
[2026-07-28T09:44:03.366] [DEBUG] debug-file - A work dispatched to worker[15] failed because unable to get work from ready queue.
[2026-07-28T09:44:03.366] [DEBUG] debug-file - A work dispatched to worker[14] failed because of worker busy.
[2026-07-28T09:44:03.366] [DEBUG] debug-file - Create  resident worker with id: 13.
[2026-07-28T09:44:03.367] [DEBUG] debug-file - ohosTest@OhosTestCompileArkTS work[2] has been dispatched to worker[13].
[2026-07-28T09:44:03.367] [DEBUG] debug-file - ohosTest@OhosTestCompileArkTS work[2] is dispatched.
[2026-07-28T09:44:03.368] [DEBUG] debug-file - entry : ohosTest@OhosTestCompileArkTS cost memory 3.3158493041992188
[2026-07-28T09:44:04.345] [DEBUG] debug-file - Not searching for unused variables given on the command line.

[2026-07-28T09:44:04.410] [DEBUG] debug-file - worker[13] has one work done.
[2026-07-28T09:44:04.410] [DEBUG] debug-file - CopyResources is end, endTime: 970259301425900
[2026-07-28T09:44:04.411] [DEBUG] debug-file - ohosTest@OhosTestCompileArkTS work[2] done.
[2026-07-28T09:44:04.411] [DEBUG] debug-file - A work dispatched to worker[13] failed because unable to get work from ready queue.
[2026-07-28T09:44:04.516] [DEBUG] debug-file - -- The C compiler identification is Clang 15.0.4

[2026-07-28T09:44:04.812] [DEBUG] debug-file - -- The CXX compiler identification is Clang 15.0.4

[2026-07-28T09:44:05.029] [DEBUG] debug-file - -- Detecting C compiler ABI info

[2026-07-28T09:44:05.768] [DEBUG] debug-file - -- Detecting C compiler ABI info - done

[2026-07-28T09:44:05.785] [DEBUG] debug-file - -- Check for working C compiler: E:/DevEco Studio/sdk/default/openharmony/native/llvm/bin/clang.exe - skipped

[2026-07-28T09:44:05.785] [DEBUG] debug-file - -- Detecting C compile features

[2026-07-28T09:44:05.786] [DEBUG] debug-file - -- Detecting C compile features - done

[2026-07-28T09:44:05.920] [DEBUG] debug-file - -- Detecting CXX compiler ABI info

[2026-07-28T09:44:06.566] [DEBUG] debug-file - -- Detecting CXX compiler ABI info - done

[2026-07-28T09:44:06.576] [DEBUG] debug-file - -- Check for working CXX compiler: E:/DevEco Studio/sdk/default/openharmony/native/llvm/bin/clang++.exe - skipped

[2026-07-28T09:44:06.577] [DEBUG] debug-file - -- Detecting CXX compile features

[2026-07-28T09:44:06.578] [DEBUG] debug-file - -- Detecting CXX compile features - done

[2026-07-28T09:44:06.595] [DEBUG] debug-file - -- Performing Test UV_LINT_W4

[2026-07-28T09:44:06.949] [DEBUG] debug-file - -- Performing Test UV_LINT_W4 - Failed

[2026-07-28T09:44:06.951] [DEBUG] debug-file - -- Performing Test UV_LINT_NO_UNUSED_PARAMETER_MSVC

[2026-07-28T09:44:07.392] [DEBUG] debug-file - -- Performing Test UV_LINT_NO_UNUSED_PARAMETER_MSVC - Failed

[2026-07-28T09:44:07.395] [DEBUG] debug-file - -- Performing Test UV_LINT_NO_CONDITIONAL_CONSTANT_MSVC

[2026-07-28T09:44:07.700] [DEBUG] debug-file - -- Performing Test UV_LINT_NO_CONDITIONAL_CONSTANT_MSVC - Failed

[2026-07-28T09:44:07.702] [DEBUG] debug-file - -- Performing Test UV_LINT_NO_NONSTANDARD_MSVC

[2026-07-28T09:44:08.026] [DEBUG] debug-file - -- Performing Test UV_LINT_NO_NONSTANDARD_MSVC - Failed

[2026-07-28T09:44:08.027] [DEBUG] debug-file - -- Performing Test UV_LINT_NO_NONSTANDARD_EMPTY_TU_MSVC

[2026-07-28T09:44:08.353] [DEBUG] debug-file - -- Performing Test UV_LINT_NO_NONSTANDARD_EMPTY_TU_MSVC - Failed

[2026-07-28T09:44:08.354] [DEBUG] debug-file - -- Performing Test UV_LINT_NO_NONSTANDARD_FILE_SCOPE_MSVC

[2026-07-28T09:44:08.716] [DEBUG] debug-file - -- Performing Test UV_LINT_NO_NONSTANDARD_FILE_SCOPE_MSVC - Failed

[2026-07-28T09:44:08.717] [DEBUG] debug-file - -- Performing Test UV_LINT_NO_NONSTANDARD_NONSTATIC_DLIMPORT_MSVC

[2026-07-28T09:44:08.992] [DEBUG] debug-file - -- Performing Test UV_LINT_NO_NONSTANDARD_NONSTATIC_DLIMPORT_MSVC - Failed

[2026-07-28T09:44:08.993] [DEBUG] debug-file - -- Performing Test UV_LINT_NO_HIDES_LOCAL

[2026-07-28T09:44:09.278] [DEBUG] debug-file - -- Performing Test UV_LINT_NO_HIDES_LOCAL - Failed

[2026-07-28T09:44:09.280] [DEBUG] debug-file - -- Performing Test UV_LINT_NO_HIDES_PARAM

[2026-07-28T09:44:09.554] [DEBUG] debug-file - -- Performing Test UV_LINT_NO_HIDES_PARAM - Failed

[2026-07-28T09:44:09.555] [DEBUG] debug-file - -- Performing Test UV_LINT_NO_HIDES_GLOBAL

[2026-07-28T09:44:09.871] [DEBUG] debug-file - -- Performing Test UV_LINT_NO_HIDES_GLOBAL - Failed

[2026-07-28T09:44:09.872] [DEBUG] debug-file - -- Performing Test UV_LINT_NO_CONDITIONAL_ASSIGNMENT_MSVC

[2026-07-28T09:44:10.158] [DEBUG] debug-file - -- Performing Test UV_LINT_NO_CONDITIONAL_ASSIGNMENT_MSVC - Failed

[2026-07-28T09:44:10.159] [DEBUG] debug-file - -- Performing Test UV_LINT_NO_UNSAFE_MSVC

[2026-07-28T09:44:10.489] [DEBUG] debug-file - -- Performing Test UV_LINT_NO_UNSAFE_MSVC - Failed

[2026-07-28T09:44:10.491] [DEBUG] debug-file - -- Performing Test UV_LINT_WALL

[2026-07-28T09:44:11.009] [DEBUG] debug-file - -- Performing Test UV_LINT_WALL - Success

[2026-07-28T09:44:11.011] [DEBUG] debug-file - -- Performing Test UV_LINT_NO_UNUSED_PARAMETER

[2026-07-28T09:44:11.526] [DEBUG] debug-file - -- Performing Test UV_LINT_NO_UNUSED_PARAMETER - Success

[2026-07-28T09:44:11.527] [DEBUG] debug-file - -- Performing Test UV_LINT_STRICT_PROTOTYPES

[2026-07-28T09:44:11.845] [DEBUG] debug-file - worker[4] has one work error.
[2026-07-28T09:44:11.845] [DEBUG] debug-file - Ark compile task finished.finished time is 970266735818200
[2026-07-28T09:44:12.040] [DEBUG] debug-file - -- Performing Test UV_LINT_STRICT_PROTOTYPES - Success

[2026-07-28T09:44:12.041] [DEBUG] debug-file - -- Performing Test UV_LINT_EXTRA

[2026-07-28T09:44:11.845] [DEBUG] debug-file - ohosTest@OhosTestCompileArkTS work[1] failed.
[2026-07-28T09:44:11.845] [ERROR] debug-file - Failed :entry:ohosTest@OhosTestCompileArkTS... 
[2026-07-28T09:44:11.845] [WARN] debug-file - 
[33m1 WARN: [33m[33mArkTS:WARN: For details about ArkTS syntax errors, see FAQs[39m[39m
[33m2 WARN: [33m[33mArkTS:WARN File: D:/HW/UTDesign/cases/libuv/libuv-golden-demo/entry/src/ohosTest/ets/test/LibuvLoadSuite.test.ets:2:23
 Currently module for 'libentry_test.so' is not verified. If you're importing napi, its verification will be enabled in later SDK version. Please make sure the corresponding .d.ts file is provided and the napis are correctly declared.
[39m[39m
[33m3 WARN: [33m[33mArkTS:WARN File: D:/HW/UTDesign/cases/libuv/libuv-golden-demo/entry/src/ohosTest/ets/test/LibuvCoreSuite.test.ets:2:23
 Currently module for 'libentry_test.so' is not verified. If you're importing napi, its verification will be enabled in later SDK version. Please make sure the corresponding .d.ts file is provided and the napis are correctly declared.
[39m[39m
[33m4 WARN: [33m[33mArkTS:WARN File: D:/HW/UTDesign/cases/libuv/libuv-golden-demo/entry/src/ohosTest/ets/test/LibuvAffinitySuite.test.ets:2:23
 Currently module for 'libentry_test.so' is not verified. If you're importing napi, its verification will be enabled in later SDK version. Please make sure the corresponding .d.ts file is provided and the napis are correctly declared.
[39m[39m
[2026-07-28T09:44:11.846] [DEBUG] debug-file - hvigor build process will be closed with an error.
[2026-07-28T09:44:12.002] [DEBUG] debug-file - ERROR: stacktrace = Error: ArkTS Compiler Error
[31m1 ERROR: [31m10605008 ArkTS Compiler Error
Error Message: Use explicit types instead of "any", "unknown" (arkts-no-any-unknown) At File: D:/HW/UTDesign/cases/libuv/libuv-golden-demo/entry/src/ohosTest/ets/test/LibuvLoadSuite.test.ets:7:13
[39m
[39m
[31m2 ERROR: [31m10605008 ArkTS Compiler Error
Error Message: Use explicit types instead of "any", "unknown" (arkts-no-any-unknown) At File: D:/HW/UTDesign/cases/libuv/libuv-golden-demo/entry/src/ohosTest/ets/test/LibuvCoreSuite.test.ets:7:13
[39m
[39m
[31m3 ERROR: [31m10605008 ArkTS Compiler Error
Error Message: Use explicit types instead of "any", "unknown" (arkts-no-any-unknown) At File: D:/HW/UTDesign/cases/libuv/libuv-golden-demo/entry/src/ohosTest/ets/test/LibuvAffinitySuite.test.ets:7:13
[39m
[39m
[31mCOMPILE RESULT:FAIL {ERROR:4 WARN:4}[39m
    at runArkPack (E:\DevEco Studio\tools\hvigor\hvigor-ohos-plugin\node_modules\@ohos\hvigor-arkts-compose\dist\src\arkts-pack.js:1:5076)
ArkTSCompilerError: ArkTS Compiler Error
    at throwArkTsCompilerError (E:\DevEco Studio\tools\hvigor\hvigor-ohos-plugin\node_modules\@ohos\hvigor-arkts-compose\dist\src\data\compose-error.js:1:423)
    at throwErrorIfHasErrorInfo (E:\DevEco Studio\tools\hvigor\hvigor-ohos-plugin\node_modules\@ohos\hvigor-arkts-compose\dist\src\plugins\common-plugin.js:1:4894)
    at Object.handler (E:\DevEco Studio\tools\hvigor\hvigor-ohos-plugin\node_modules\@ohos\hvigor-arkts-compose\dist\src\plugins\common-plugin.js:1:2989)
    at E:\DevEco Studio\tools\hvigor\hvigor-ohos-plugin\node_modules\@ohos\hvigor-arkts-base\node_modules\rollup\dist\shared\rollup.js:27864:40
[2026-07-28T09:44:12.002] [ERROR] debug-file - Error: ArkTS Compiler Error
[31m1 ERROR: [31m10605008 ArkTS Compiler Error
Error Message: Use explicit types instead of "any", "unknown" (arkts-no-any-unknown) At File: D:/HW/UTDesign/cases/libuv/libuv-golden-demo/entry/src/ohosTest/ets/test/LibuvLoadSuite.test.ets:7:13
[39m
[39m
[31m2 ERROR: [31m10605008 ArkTS Compiler Error
Error Message: Use explicit types instead of "any", "unknown" (arkts-no-any-unknown) At File: D:/HW/UTDesign/cases/libuv/libuv-golden-demo/entry/src/ohosTest/ets/test/LibuvCoreSuite.test.ets:7:13
[39m
[39m
[31m3 ERROR: [31m10605008 ArkTS Compiler Error
Error Message: Use explicit types instead of "any", "unknown" (arkts-no-any-unknown) At File: D:/HW/UTDesign/cases/libuv/libuv-golden-demo/entry/src/ohosTest/ets/test/LibuvAffinitySuite.test.ets:7:13
[39m
[39m
[31mCOMPILE RESULT:FAIL {ERROR:4 WARN:4}[39m
    at runArkPack (E:\DevEco Studio\tools\hvigor\hvigor-ohos-plugin\node_modules\@ohos\hvigor-arkts-compose\dist\src\arkts-pack.js:1:5076)
ArkTSCompilerError: ArkTS Compiler Error
    at throwArkTsCompilerError (E:\DevEco Studio\tools\hvigor\hvigor-ohos-plugin\node_modules\@ohos\hvigor-arkts-compose\dist\src\data\compose-error.js:1:423)
    at throwErrorIfHasErrorInfo (E:\DevEco Studio\tools\hvigor\hvigor-ohos-plugin\node_modules\@ohos\hvigor-arkts-compose\dist\src\plugins\common-plugin.js:1:4894)
    at Object.handler (E:\DevEco Studio\tools\hvigor\hvigor-ohos-plugin\node_modules\@ohos\hvigor-arkts-compose\dist\src\plugins\common-plugin.js:1:2989)
    at E:\DevEco Studio\tools\hvigor\hvigor-ohos-plugin\node_modules\@ohos\hvigor-arkts-base\node_modules\rollup\dist\shared\rollup.js:27864:40
[2026-07-28T09:44:12.020] [ERROR] debug-file - BUILD FAILED in 13 s 21 ms 
[2026-07-28T09:44:12.022] [DEBUG] debug-file - Update task entry:ohosTest@PreBuild input file:D:\HW\UTDesign\cases\libuv\libuv-golden-demo\AppScope\app.json5 cache by regenerate.
[2026-07-28T09:44:12.022] [DEBUG] debug-file - Update task entry:ohosTest@PreBuild input file:D:\HW\UTDesign\cases\libuv\libuv-golden-demo\entry\src\ohosTest\module.json5 cache by regenerate.
[2026-07-28T09:44:12.023] [DEBUG] debug-file - Update task entry:ohosTest@PreBuild input file:D:\HW\UTDesign\cases\libuv\libuv-golden-demo\build-profile.json5 cache by regenerate.
[2026-07-28T09:44:12.023] [DEBUG] debug-file - Update task entry:ohosTest@PreBuild input file:D:\HW\UTDesign\cases\libuv\libuv-golden-demo\entry\build-profile.json5 cache by regenerate.
[2026-07-28T09:44:12.023] [DEBUG] debug-file - Update task entry:ohosTest@PreBuild input file:D:\HW\UTDesign\cases\libuv\libuv-golden-demo\entry\src\ohosTest\resources\base\profile\test_pages.json cache by regenerate.
[2026-07-28T09:44:12.023] [DEBUG] debug-file - Update task entry:ohosTest@PreBuild input file:D:\HW\UTDesign\cases\libuv\libuv-golden-demo\hvigor\hvigor-config.json5 cache by regenerate.
[2026-07-28T09:44:12.023] [DEBUG] debug-file - Update task entry:ohosTest@PreBuild input file:D:\HW\UTDesign\cases\libuv\libuv-golden-demo\entry\oh-package.json5 cache by regenerate.
[2026-07-28T09:44:12.023] [DEBUG] debug-file - Update task entry:ohosTest@PreBuild input file:D:\HW\UTDesign\cases\libuv\libuv-golden-demo\oh-package.json5 cache by regenerate.
[2026-07-28T09:44:12.024] [DEBUG] debug-file - Incremental task entry:ohosTest@PreBuild post-execution cost:4 ms .
[2026-07-28T09:44:12.024] [DEBUG] debug-file - Update task entry:ohosTest@CreateModuleInfo output file:D:\HW\UTDesign\cases\libuv\libuv-golden-demo\entry\build\default\generated\profile\ohosTest\ModuleInfo.ts cache.
[2026-07-28T09:44:12.024] [DEBUG] debug-file - Incremental task entry:ohosTest@CreateModuleInfo post-execution cost:1 ms .
[2026-07-28T09:44:12.024] [DEBUG] debug-file - Update task entry:ohosTest@GenerateMetadata input file:D:\HW\UTDesign\cases\libuv\libuv-golden-demo\entry\src\ohosTest\module.json5 cache by regenerate.
[2026-07-28T09:44:12.024] [DEBUG] debug-file - Update task entry:ohosTest@GenerateMetadata output file:D:\HW\UTDesign\cases\libuv\libuv-golden-demo\entry\build\default\intermediates\hap_metadata\ohosTest\output_metadata.json cache.
[2026-07-28T09:44:12.024] [DEBUG] debug-file - Incremental task entry:ohosTest@GenerateMetadata post-execution cost:1 ms .
[2026-07-28T09:44:12.024] [DEBUG] debug-file - Update task entry:ohosTest@MergeProfile input file:D:\HW\UTDesign\cases\libuv\libuv-golden-demo\AppScope\app.json5 cache by regenerate.
[2026-07-28T09:44:12.025] [DEBUG] debug-file - Update task entry:ohosTest@MergeProfile input file:D:\HW\UTDesign\cases\libuv\libuv-golden-demo\build-profile.json5 cache by regenerate.
[2026-07-28T09:44:12.025] [DEBUG] debug-file - Update task entry:ohosTest@MergeProfile input file:D:\HW\UTDesign\cases\libuv\libuv-golden-demo\entry\src\ohosTest\module.json5 cache by regenerate.
[2026-07-28T09:44:12.025] [DEBUG] debug-file - Update task entry:ohosTest@MergeProfile output file:D:\HW\UTDesign\cases\libuv\libuv-golden-demo\entry\build\default\intermediates\merge_profile\ohosTest\module.json cache.
[2026-07-28T09:44:12.025] [DEBUG] debug-file - Incremental task entry:ohosTest@MergeProfile post-execution cost:1 ms .
[2026-07-28T09:44:12.025] [DEBUG] debug-file - Update task entry:ohosTest@CreateBuildProfile input file:D:\HW\UTDesign\cases\libuv\libuv-golden-demo\AppScope\app.json5 cache by regenerate.
[2026-07-28T09:44:12.026] [DEBUG] debug-file - Update task entry:ohosTest@CreateBuildProfile input file:D:\HW\UTDesign\cases\libuv\libuv-golden-demo\build-profile.json5 cache by regenerate.
[2026-07-28T09:44:12.026] [DEBUG] debug-file - Update task entry:ohosTest@CreateBuildProfile output file:D:\HW\UTDesign\cases\libuv\libuv-golden-demo\entry\build\default\generated\profile\ohosTest\BuildProfile.ets cache.
[2026-07-28T09:44:12.026] [DEBUG] debug-file - Incremental task entry:ohosTest@CreateBuildProfile post-execution cost:1 ms .
[2026-07-28T09:44:12.026] [DEBUG] debug-file - Update task entry:ohosTest@GeneratePkgContextInfo output file:D:\HW\UTDesign\cases\libuv\libuv-golden-demo\entry\build\default\intermediates\loader\ohosTest\pkgContextInfo.json cache.
[2026-07-28T09:44:12.026] [DEBUG] debug-file - Incremental task entry:ohosTest@GeneratePkgContextInfo post-execution cost:1 ms .
[2026-07-28T09:44:12.026] [DEBUG] debug-file - Update task entry:ohosTest@GeneratePkgSdkInfo output file:D:\HW\UTDesign\cases\libuv\libuv-golden-demo\entry\build\default\intermediates\loader\ohosTest\pkgSdkInfo.json cache.
[2026-07-28T09:44:12.026] [DEBUG] debug-file - Incremental task entry:ohosTest@GeneratePkgSdkInfo post-execution cost:1 ms .
[2026-07-28T09:44:12.026] [DEBUG] debug-file - Update task entry:ohosTest@ProcessIntegratedHsp output file:D:\HW\UTDesign\cases\libuv\libuv-golden-demo\build\cache\default\integrated_hsp\integratedHspCache.json cache.
[2026-07-28T09:44:12.027] [DEBUG] debug-file - Incremental task entry:ohosTest@ProcessIntegratedHsp post-execution cost:1 ms .
[2026-07-28T09:44:12.027] [DEBUG] debug-file - Update task entry:ohosTest@MakePackInfo input file:D:\HW\UTDesign\cases\libuv\libuv-golden-demo\AppScope\app.json5 cache by regenerate.
[2026-07-28T09:44:12.027] [DEBUG] debug-file - Update task entry:ohosTest@MakePackInfo input file:D:\HW\UTDesign\cases\libuv\libuv-golden-demo\entry\src\ohosTest\module.json5 cache by regenerate.
[2026-07-28T09:44:12.027] [DEBUG] debug-file - Update task entry:ohosTest@MakePackInfo input file:D:\HW\UTDesign\cases\libuv\libuv-golden-demo\build-profile.json5 cache by regenerate.
[2026-07-28T09:44:12.027] [DEBUG] debug-file - Update task entry:ohosTest@MakePackInfo output file:D:\HW\UTDesign\cases\libuv\libuv-golden-demo\entry\build\default\outputs\ohosTest\pack.info cache.
[2026-07-28T09:44:12.028] [DEBUG] debug-file - Incremental task entry:ohosTest@MakePackInfo post-execution cost:1 ms .
[2026-07-28T09:44:12.028] [DEBUG] debug-file - Update task entry:ohosTest@SyscapTransform input file:E:\DevEco Studio\sdk\default\openharmony\toolchains\syscap_tool.exe cache by regenerate.
[2026-07-28T09:44:12.028] [DEBUG] debug-file - Update task entry:ohosTest@SyscapTransform input file:E:\DevEco Studio\sdk\default\openharmony\ets\api\device-define cache by regenerate.
[2026-07-28T09:44:12.047] [DEBUG] debug-file - Update task entry:ohosTest@SyscapTransform output file:D:\HW\UTDesign\cases\libuv\libuv-golden-demo\entry\build\default\intermediates\syscap\ohosTest\rpcid.sc cache.
[2026-07-28T09:44:12.047] [DEBUG] debug-file - Incremental task entry:ohosTest@SyscapTransform post-execution cost:20 ms .
[2026-07-28T09:44:12.047] [DEBUG] debug-file - Update task entry:ohosTest@ProcessProfile input file:D:\HW\UTDesign\cases\libuv\libuv-golden-demo\entry\build\default\intermediates\merge_profile\ohosTest\module.json cache by regenerate.
[2026-07-28T09:44:12.047] [DEBUG] debug-file - Update task entry:ohosTest@ProcessProfile output file:D:\HW\UTDesign\cases\libuv\libuv-golden-demo\entry\build\default\intermediates\process_profile\ohosTest\module.json cache.
[2026-07-28T09:44:12.048] [DEBUG] debug-file - Incremental task entry:ohosTest@ProcessProfile post-execution cost:2 ms .
[2026-07-28T09:44:12.049] [DEBUG] debug-file - Update task entry:ohosTest@ProcessRouterMap input file:D:\HW\UTDesign\cases\libuv\libuv-golden-demo\entry\oh-package.json5 cache by regenerate.
[2026-07-28T09:44:12.050] [DEBUG] debug-file - Update task entry:ohosTest@ProcessRouterMap input file:D:\HW\UTDesign\cases\libuv\libuv-golden-demo\oh-package.json5 cache by regenerate.
[2026-07-28T09:44:12.050] [DEBUG] debug-file - Update task entry:ohosTest@ProcessRouterMap input file:D:\HW\UTDesign\cases\libuv\libuv-golden-demo\entry\src\ohosTest\module.json5 cache by regenerate.
[2026-07-28T09:44:12.050] [DEBUG] debug-file - Update task entry:ohosTest@ProcessRouterMap output file:D:\HW\UTDesign\cases\libuv\libuv-golden-demo\entry\build\default\intermediates\router_map\ohosTest\temp-router-map.json cache.
[2026-07-28T09:44:12.050] [DEBUG] debug-file - Update task entry:ohosTest@ProcessRouterMap output file:D:\HW\UTDesign\cases\libuv\libuv-golden-demo\entry\build\default\intermediates\router_map\ohosTest\loader-router-map.json cache.
[2026-07-28T09:44:12.051] [DEBUG] debug-file - Incremental task entry:ohosTest@ProcessRouterMap post-execution cost:2 ms .
[2026-07-28T09:44:12.051] [DEBUG] debug-file - Update task entry:ohosTest@ProcessShareConfig input file:D:\HW\UTDesign\cases\libuv\libuv-golden-demo\entry\oh-package.json5 cache by regenerate.
[2026-07-28T09:44:12.051] [DEBUG] debug-file - Update task entry:ohosTest@ProcessShareConfig input file:D:\HW\UTDesign\cases\libuv\libuv-golden-demo\oh-package.json5 cache by regenerate.
[2026-07-28T09:44:12.051] [DEBUG] debug-file - Update task entry:ohosTest@ProcessShareConfig input file:D:\HW\UTDesign\cases\libuv\libuv-golden-demo\entry\src\ohosTest\module.json5 cache by regenerate.
[2026-07-28T09:44:12.052] [DEBUG] debug-file - Update task entry:ohosTest@ProcessShareConfig output file:D:\HW\UTDesign\cases\libuv\libuv-golden-demo\entry\build\default\intermediates\share_config\ohosTest\temp-share-config.json cache.
[2026-07-28T09:44:12.052] [DEBUG] debug-file - Incremental task entry:ohosTest@ProcessShareConfig post-execution cost:2 ms .
[2026-07-28T09:44:12.052] [DEBUG] debug-file - Update task entry:ohosTest@ProcessStartupConfig output file:D:\HW\UTDesign\cases\libuv\libuv-golden-demo\entry\build\default\intermediates\startup\ohosTest\startup_config.json cache.
[2026-07-28T09:44:12.052] [DEBUG] debug-file - Incremental task entry:ohosTest@ProcessStartupConfig post-execution cost:1 ms .
[2026-07-28T09:44:12.052] [DEBUG] debug-file - Update task entry:ohosTest@ProcessResource output file:D:\HW\UTDesign\cases\libuv\libuv-golden-demo\entry\build\default\intermediates\res\ohosTest\resConfig.json cache.
[2026-07-28T09:44:12.052] [DEBUG] debug-file - Update task entry:ohosTest@ProcessResource output file:D:\HW\UTDesign\cases\libuv\libuv-golden-demo\entry\build\default\intermediates\res\ohosTest\opt-compression.json cache.
[2026-07-28T09:44:12.052] [DEBUG] debug-file - Incremental task entry:ohosTest@ProcessResource post-execution cost:1 ms .
[2026-07-28T09:44:12.053] [DEBUG] debug-file - Update task entry:ohosTest@GenerateLoaderJson input file:D:\HW\UTDesign\cases\libuv\libuv-golden-demo\entry\build\default\intermediates\router_map\ohosTest\temp-router-map.json cache by regenerate.
[2026-07-28T09:44:12.053] [DEBUG] debug-file - Update task entry:ohosTest@GenerateLoaderJson output file:D:\HW\UTDesign\cases\libuv\libuv-golden-demo\entry\build\default\intermediates\loader\ohosTest\loader.json cache.
[2026-07-28T09:44:12.053] [DEBUG] debug-file - Incremental task entry:ohosTest@GenerateLoaderJson post-execution cost:1 ms .
[2026-07-28T09:44:12.054] [DEBUG] debug-file - Update task entry:ohosTest@CompileResource input file:D:\HW\UTDesign\cases\libuv\libuv-golden-demo\entry\src\ohosTest\resources cache by regenerate.
[2026-07-28T09:44:12.055] [DEBUG] debug-file - Update task entry:ohosTest@CompileResource input file:D:\HW\UTDesign\cases\libuv\libuv-golden-demo\AppScope\resources cache by regenerate.
[2026-07-28T09:44:12.056] [DEBUG] debug-file - Update task entry:ohosTest@CompileResource input file:D:\HW\UTDesign\cases\libuv\libuv-golden-demo\entry\build\default\intermediates\process_profile\ohosTest\module.json cache by regenerate.
[2026-07-28T09:44:12.056] [DEBUG] debug-file - Update task entry:ohosTest@CompileResource input file:D:\HW\UTDesign\cases\libuv\libuv-golden-demo\entry\src\main\resources cache by regenerate.
[2026-07-28T09:44:12.057] [DEBUG] debug-file - Update task entry:ohosTest@CompileResource input file:D:\HW\UTDesign\cases\libuv\libuv-golden-demo\entry\build\default\intermediates\res\ohosTest\resConfig.json cache by regenerate.
[2026-07-28T09:44:12.057] [DEBUG] debug-file - Update task entry:ohosTest@CompileResource output file:D:\HW\UTDesign\cases\libuv\libuv-golden-demo\entry\build\default\intermediates\res\ohosTest cache.
[2026-07-28T09:44:12.060] [DEBUG] debug-file - Update task entry:ohosTest@CompileResource output file:D:\HW\UTDesign\cases\libuv\libuv-golden-demo\entry\build\default\generated\r\ohosTest\ResourceTable.h cache.
[2026-07-28T09:44:12.060] [DEBUG] debug-file - Update task entry:ohosTest@CompileResource output file:D:\HW\UTDesign\cases\libuv\libuv-golden-demo\entry\build\default\generated\r\ohosTest\ResourceTable.ts cache.
[2026-07-28T09:44:12.060] [DEBUG] debug-file - Update task entry:ohosTest@CompileResource output file:D:\HW\UTDesign\cases\libuv\libuv-golden-demo\entry\build\default\generated\r\ohosTest cache.
[2026-07-28T09:44:12.061] [DEBUG] debug-file - Incremental task entry:ohosTest@CompileResource post-execution cost:8 ms .
[2026-07-28T09:44:12.065] [DEBUG] debug-file - Update task entry:ohosTest@OhosTestCompileArkTS input file:D:\HW\UTDesign\cases\libuv\libuv-golden-demo\entry\build\default\intermediates\loader\ohosTest cache by regenerate.
[2026-07-28T09:44:12.066] [DEBUG] debug-file - Update task entry:ohosTest@OhosTestCompileArkTS input file:D:\HW\UTDesign\cases\libuv\libuv-golden-demo\entry\build\default\intermediates\res\ohosTest\ResourceTable.txt cache by regenerate.
[2026-07-28T09:44:12.067] [DEBUG] debug-file - Update task entry:ohosTest@OhosTestCompileArkTS input file:D:\HW\UTDesign\cases\libuv\libuv-golden-demo\entry\build\default\intermediates\res\ohosTest\ark_module.json cache by regenerate.
[2026-07-28T09:44:12.067] [DEBUG] debug-file - Update task entry:ohosTest@OhosTestCompileArkTS input file:D:\HW\UTDesign\cases\libuv\libuv-golden-demo\entry\build\default\intermediates\res\ohosTest\resources\base\profile cache by regenerate.
[2026-07-28T09:44:12.068] [DEBUG] debug-file - Update task entry:ohosTest@OhosTestCompileArkTS input file:D:\HW\UTDesign\cases\libuv\libuv-golden-demo\entry\src\ohosTest\ets cache by regenerate.
[2026-07-28T09:44:12.072] [DEBUG] debug-file - Update task entry:ohosTest@OhosTestCompileArkTS input file:D:\HW\UTDesign\cases\libuv\libuv-golden-demo\entry\src\ohosTest cache by regenerate.
[2026-07-28T09:44:12.079] [DEBUG] debug-file - Update task entry:ohosTest@OhosTestCompileArkTS input file:D:\HW\UTDesign\cases\libuv\libuv-golden-demo\entry\build\default\generated\profile\ohosTest\BuildProfile.ets cache by regenerate.
[2026-07-28T09:44:12.079] [DEBUG] debug-file - Update task entry:ohosTest@OhosTestCompileArkTS input file:D:\HW\UTDesign\cases\libuv\libuv-golden-demo\entry\src\main\cpp\types cache by regenerate.
[2026-07-28T09:44:12.080] [DEBUG] debug-file - Update task entry:ohosTest@OhosTestCompileArkTS input file:D:\HW\UTDesign\cases\libuv\libuv-golden-demo\entry\src\main\ets cache by regenerate.
[2026-07-28T09:44:12.081] [DEBUG] debug-file - Update task entry:ohosTest@OhosTestCompileArkTS output file:D:\HW\UTDesign\cases\libuv\libuv-golden-demo\entry\build\default\intermediates\loader_out\ohosTest\ets cache.
[2026-07-28T09:44:12.081] [DEBUG] debug-file - Incremental task entry:ohosTest@OhosTestCompileArkTS post-execution cost:21 ms .
[2026-07-28T09:44:12.083] [DEBUG] debug-file - Update task entry:ohosTest@OhosTestBuildJS input file:D:\HW\UTDesign\cases\libuv\libuv-golden-demo\entry\build\default\intermediates\loader\ohosTest cache by regenerate.
[2026-07-28T09:44:12.084] [DEBUG] debug-file - Update task entry:ohosTest@OhosTestBuildJS input file:D:\HW\UTDesign\cases\libuv\libuv-golden-demo\entry\build\default\intermediates\res\ohosTest\ResourceTable.txt cache by regenerate.
[2026-07-28T09:44:12.084] [DEBUG] debug-file - Update task entry:ohosTest@OhosTestBuildJS input file:D:\HW\UTDesign\cases\libuv\libuv-golden-demo\entry\build\default\intermediates\res\ohosTest\ark_module.json cache by regenerate.
[2026-07-28T09:44:12.085] [DEBUG] debug-file - Update task entry:ohosTest@OhosTestBuildJS input file:D:\HW\UTDesign\cases\libuv\libuv-golden-demo\entry\build\default\intermediates\res\ohosTest\resources\base\profile cache by regenerate.
[2026-07-28T09:44:12.085] [DEBUG] debug-file - Update task entry:ohosTest@OhosTestBuildJS input file:D:\HW\UTDesign\cases\libuv\libuv-golden-demo\entry\src\ohosTest cache by regenerate.
[2026-07-28T09:44:12.089] [DEBUG] debug-file - Update task entry:ohosTest@OhosTestBuildJS output file:D:\HW\UTDesign\cases\libuv\libuv-golden-demo\entry\build\default\intermediates\loader_out\ohosTest\js cache.
[2026-07-28T09:44:12.089] [DEBUG] debug-file - Incremental task entry:ohosTest@OhosTestBuildJS post-execution cost:8 ms .
[2026-07-28T09:44:12.130] [DEBUG] debug-file - Current worker pool is stopped or closed.
[2026-07-28T09:44:12.130] [DEBUG] debug-file - Clear worker 0.
[2026-07-28T09:44:12.130] [DEBUG] debug-file - Worker 0 has been cleared.
[2026-07-28T09:44:12.130] [DEBUG] debug-file - Current idle worker size: 3.
[2026-07-28T09:44:12.130] [DEBUG] debug-file - Current busy worker size: 1.
[2026-07-28T09:44:12.130] [DEBUG] debug-file - Clear worker 1.
[2026-07-28T09:44:12.130] [DEBUG] debug-file - Worker 1 has been cleared.
[2026-07-28T09:44:12.130] [DEBUG] debug-file - Current idle worker size: 2.
[2026-07-28T09:44:12.130] [DEBUG] debug-file - Current busy worker size: 1.
[2026-07-28T09:44:12.130] [DEBUG] debug-file - Clear worker 13.
[2026-07-28T09:44:12.130] [DEBUG] debug-file - Worker 13 has been cleared.
[2026-07-28T09:44:12.131] [DEBUG] debug-file - Current idle worker size: 1.
[2026-07-28T09:44:12.131] [DEBUG] debug-file - Current busy worker size: 1.
[2026-07-28T09:44:12.131] [DEBUG] debug-file - Clear worker 4.
[2026-07-28T09:44:12.131] [DEBUG] debug-file - Worker 4 has been cleared.
[2026-07-28T09:44:12.131] [DEBUG] debug-file - Current idle worker size: 0.
[2026-07-28T09:44:12.131] [DEBUG] debug-file - Current busy worker size: 1.
[2026-07-28T09:44:12.131] [DEBUG] debug-file - Clear worker 14.
[2026-07-28T09:44:12.131] [DEBUG] debug-file - Worker 14 has been cleared.
[2026-07-28T09:44:12.131] [DEBUG] debug-file - Current idle worker size: 0.
[2026-07-28T09:44:12.131] [DEBUG] debug-file - Current busy worker size: 0.
[2026-07-28T09:44:12.133] [DEBUG] debug-file - hvigor build process will be closed.
[2026-07-28T09:44:12.137] [DEBUG] debug-file - worker[1] exits with exit code 1.
[2026-07-28T09:44:12.139] [DEBUG] debug-file - worker[0] exits with exit code 1.
[2026-07-28T09:44:12.148] [DEBUG] debug-file - Current worker pool is terminated.
[2026-07-28T09:44:12.155] [DEBUG] debug-file - worker[13] exits with exit code 1.
[2026-07-28T09:44:12.163] [DEBUG] debug-file - worker[14] exits with exit code 1.
[2026-07-28T09:44:12.212] [DEBUG] debug-file - worker[4] exits with exit code 1.
[2026-07-28T09:45:05.880] [DEBUG] debug-file - env: nodejsVersion=v18.20.1
[2026-07-28T09:45:06.621] [DEBUG] debug-file - Hvigor init with startParameters:{
  hvigorfileTypeCheck: false,
  parallelExecution: true,
  incrementalExecution: true,
  printStackTrace: false,
  daemon: false,
  analyze: 0,
  logLevel: Level { level: 20000, levelStr: 'INFO', colour: 'green' },
  optimizationStrategy: 'memory',
  hotCompile: undefined,
  hotReloadBuild: undefined,
  customizedParam: undefined
}
[2026-07-28T09:45:09.419] [DEBUG] debug-file - hvigorfile, require result:  { default: { system: [Function: appTasks], plugins: [] } }
[2026-07-28T09:45:09.671] [DEBUG] debug-file - Start initialize project's product build option map with build mode debug.
[2026-07-28T09:45:09.423] [DEBUG] debug-file - Starting plugin build process
[2026-07-28T09:45:09.668] [DEBUG] debug-file - App plugin register hook start...
[2026-07-28T09:45:09.676] [DEBUG] debug-file - Obtain build option for product 'default'in this build.
[2026-07-28T09:45:09.688] [DEBUG] debug-file - Start recording SDK configuration permission data.
[2026-07-28T09:45:09.741] [DEBUG] debug-file - Project task initialization takes 8 ms 
[2026-07-28T09:45:09.755] [DEBUG] debug-file - failed to load cangjie to dynamically generate schemas: Error: Cannot find module '@ohos/cangjie-build-support/index'
Require stack:
- E:\DevEco Studio\tools\hvigor\hvigor-ohos-plugin\src\plugin\hooks\cangjie-register.js
- E:\DevEco Studio\tools\hvigor\hvigor-ohos-plugin\src\plugin\strategy\stage-init-strategy.js
- E:\DevEco Studio\tools\hvigor\hvigor-ohos-plugin\src\plugin\builder\abstract-plugin-builder.js
- E:\DevEco Studio\tools\hvigor\hvigor-ohos-plugin\src\plugin\builder\app-plugin-builder.js
- E:\DevEco Studio\tools\hvigor\hvigor-ohos-plugin\src\plugin\factory\plugin-factory.js
- E:\DevEco Studio\tools\hvigor\hvigor-ohos-plugin\index.js
- D:\HW\UTDesign\cases\libuv\libuv-golden-demo\hvigorfile.ts
- E:\DevEco Studio\tools\hvigor\hvigor\src\base\internal\lifecycle\configuration.js
- E:\DevEco Studio\tools\hvigor\hvigor\src\base\boot\index.js
- E:\DevEco Studio\tools\hvigor\hvigor\src\cli\main\cli.js
- E:\DevEco Studio\tools\hvigor\hvigor\bin\hvigor.js
[2026-07-28T09:45:09.771] [DEBUG] debug-file - Start initialize module-target build option map, moduleName=entry, buildMode=debug
[2026-07-28T09:45:09.784] [DEBUG] debug-file - project has submodules:entry
[2026-07-28T09:45:09.801] [DEBUG] debug-file - Start to initialize dependency information.
[2026-07-28T09:45:09.787] [DEBUG] debug-file - start to load updatedOhPackageInfo to the disk
[2026-07-28T09:45:09.841] [DEBUG] debug-file - Executing task :entry:ohosTest@GenerateMetadata
[2026-07-28T09:45:05.884] [DEBUG] debug-file - env: hvigor-config.json5 content = {
  modelVersion: '6.1.0',
  dependencies: {},
  execution: {},
  logging: {},
  debugging: {},
  nodeOptions: {}
}
[2026-07-28T09:45:09.821] [DEBUG] debug-file - Executing task :entry:ohosTest@PreBuild
[2026-07-28T09:45:06.636] [DEBUG] debug-file - Cache service initialization finished in 15 ms 
[2026-07-28T09:45:09.420] [DEBUG] debug-file - hvigorfile, binding system plugins [Function: appTasks]
[2026-07-28T09:45:09.671] [DEBUG] debug-file - Picking option from product 'default' with build mode 'debug'.
[2026-07-28T09:45:09.423] [DEBUG] debug-file - App plugin prepare start...
[2026-07-28T09:45:09.668] [DEBUG] debug-file - App plugin register hook end...
[2026-07-28T09:45:09.678] [DEBUG] debug-file - No signingConfig found, initRemoteHspCache failed.
[2026-07-28T09:45:09.732] [DEBUG] debug-file - Sdk init in 53 ms 
[2026-07-28T09:45:09.742] [DEBUG] debug-file - hvigorfile, begin to bind custom plugins...
[2026-07-28T09:45:09.771] [DEBUG] debug-file - Target 'default' config initialized
[2026-07-28T09:45:09.806] [DEBUG] debug-file - Module entry Collected Dependency: 
[2026-07-28T09:45:09.790] [DEBUG] debug-file - load to the disk finished
[2026-07-28T09:45:09.842] [DEBUG] debug-file - Task 'entry:ohosTest@GenerateMetadata' cost while wrapping incremental declarations: 1 ms 
[2026-07-28T09:45:05.889] [DEBUG] debug-file - env: daemon=false
[2026-07-28T09:45:09.823] [DEBUG] debug-file - Task 'entry:ohosTest@PreBuild' cost while wrapping incremental declarations: 1 ms 
[2026-07-28T09:45:06.641] [DEBUG] debug-file - hvigorfile, resolving D:\HW\UTDesign\cases\libuv\libuv-golden-demo\hvigorfile.ts
[2026-07-28T09:45:09.671] [DEBUG] debug-file - Product 'default' build option initialized
[2026-07-28T09:45:09.423] [DEBUG] debug-file - App plugin prepare end...
[2026-07-28T09:45:09.668] [DEBUG] debug-file - Plugin build process completed
[2026-07-28T09:45:09.680] [DEBUG] debug-file - Local scan or download HarmonyOS sdk components toolchains,ets,js,native,previewer
[2026-07-28T09:45:09.772] [DEBUG] debug-file - Target 'ohosTest' config initialized
[2026-07-28T09:45:09.806] [DEBUG] debug-file - Module entry's total dependency: 0
[2026-07-28T09:45:09.791] [DEBUG] debug-file - Start to initialize dependency information.
[2026-07-28T09:45:09.843] [DEBUG] debug-file - Incremental task entry:ohosTest@GenerateMetadata pre-execution cost: 1 ms .
[2026-07-28T09:45:09.742] [DEBUG] debug-file - hvigorfile, no custom plugins were found in D:\HW\UTDesign\cases\libuv\libuv-golden-demo\hvigorfile.ts
[2026-07-28T09:45:05.889] [DEBUG] debug-file - no-daemon, use the parent process.execArgv --max-old-space-size=8192,--max-semi-space-size=16,--expose-gc
[2026-07-28T09:45:09.832] [DEBUG] debug-file - Incremental task entry:ohosTest@PreBuild pre-execution cost: 7 ms .
[2026-07-28T09:45:09.671] [DEBUG] debug-file - End initialize project's product build option map with build mode 'debug'.
[2026-07-28T09:45:09.423] [DEBUG] debug-file - App plugin creating...
[2026-07-28T09:45:09.683] [DEBUG] debug-file - Local scan or download hmscore sdk components toolchains,ets,native
[2026-07-28T09:45:09.773] [DEBUG] debug-file - Module 'entry' target 'default' build option initialized
[2026-07-28T09:45:09.810] [DEBUG] debug-file - Configuration phase cost:3 s 173 ms 
[2026-07-28T09:45:09.799] [DEBUG] debug-file - Module libuv-golden-demo Collected Dependency: 
[2026-07-28T09:45:09.843] [DEBUG] debug-file - entry : ohosTest@GenerateMetadata cost memory 0.084259033203125
[2026-07-28T09:45:09.742] [DEBUG] debug-file - hvigorfile, resolve finished D:\HW\UTDesign\cases\libuv\libuv-golden-demo\hvigorfile.ts
[2026-07-28T09:45:09.895] [DEBUG] debug-file - Executing task :entry:ohosTest@PreCheckSyscap
[2026-07-28T09:45:09.891] [DEBUG] debug-file - Executing task :entry:ohosTest@CreateBuildProfile
[2026-07-28T09:45:09.933] [DEBUG] debug-file - Executing task :entry:ohosTest@ProcessIntegratedHsp
[2026-07-28T09:45:09.900] [DEBUG] debug-file - Executing task :entry:ohosTest@GeneratePkgContextInfo
[2026-07-28T09:45:09.946] [DEBUG] debug-file - Use tool [Cmake]
 [
  'E:\\DevEco Studio\\sdk\\default\\openharmony\\native\\build-tools\\cmake\\bin\\cmake.exe',
  '-HD:\\HW\\UTDesign\\cases\\libuv\\libuv-golden-demo\\entry\\src\\ohosTest\\cpp',
  '-BD:\\HW\\UTDesign\\cases\\libuv\\libuv-golden-demo\\entry\\.cxx\\default\\ohosTest\\debug\\x86_64',
  '-DOHOS_ARCH=x86_64',
  '-DCMAKE_LIBRARY_OUTPUT_DIRECTORY=D:\\HW\\UTDesign\\cases\\libuv\\libuv-golden-demo\\entry\\build\\default\\intermediates\\cmake\\ohosTest\\obj\\x86_64',
  '-DCMAKE_BUILD_TYPE=Debug',
  '-DOHOS_SDK_NATIVE=E:\\DevEco Studio\\sdk\\default\\openharmony\\native',
  '-DCMAKE_SYSTEM_NAME=OHOS',
  '-DCMAKE_OHOS_ARCH_ABI=x86_64',
  '-DCMAKE_EXPORT_COMPILE_COMMANDS=ON',
  '-DCMAKE_TOOLCHAIN_FILE=E:\\DevEco Studio\\sdk\\default\\hms\\native\\build\\cmake\\hmos.toolchain.cmake',
  '-GNinja',
  '-DCMAKE_MAKE_PROGRAM=E:\\DevEco Studio\\sdk\\default\\openharmony\\native\\build-tools\\cmake\\bin\\ninja.exe',
  '-DCMAKE_FIND_ROOT_PATH=D:\\HW\\UTDesign\\cases\\libuv\\libuv-golden-demo\\entry\\.cxx\\default\\ohosTest\\debug\\hvigor\\x86_64',
  '-DPACKAGE_FIND_FILE=D:\\HW\\UTDesign\\cases\\libuv\\libuv-golden-demo\\entry\\.cxx\\default\\ohosTest\\debug\\hvigor\\x86_64\\summary.cmake',
  '--no-warn-unused-cli',
  '-DCMAKE_CXX_FLAGS=-std=c++17',
  '-DHMOS_SDK_NATIVE=E:\\DevEco Studio\\sdk\\default\\hms\\native',
  '-DOHOS_COMPATIBLE_SDK_VERSION=6.1.0(23)'
]
[2026-07-28T09:45:09.833] [DEBUG] debug-file - entry : ohosTest@PreBuild cost memory 0.5889739990234375
[2026-07-28T09:45:09.939] [DEBUG] debug-file - Executing task :entry:ohosTest@BuildNativeWithCmake
[2026-07-28T09:45:09.773] [DEBUG] debug-file - Module 'entry' target 'ohosTest' build option initialized
[2026-07-28T09:45:09.813] [DEBUG] debug-file - Configuration task cost before running: 3 s 237 ms 
[2026-07-28T09:45:09.799] [DEBUG] debug-file - Module libuv-golden-demo's total dependency: 0
[2026-07-28T09:45:09.843] [INFO] debug-file - UP-TO-DATE :entry:ohosTest@GenerateMetadata...  
[2026-07-28T09:45:09.743] [DEBUG] debug-file - hvigorfile, resolving D:\HW\UTDesign\cases\libuv\libuv-golden-demo\entry\hvigorfile.ts
[2026-07-28T09:45:09.895] [DEBUG] debug-file - entry : ohosTest@PreCheckSyscap cost memory 0.0135650634765625
[2026-07-28T09:45:09.891] [DEBUG] debug-file - Task 'entry:ohosTest@CreateBuildProfile' cost while wrapping incremental declarations: 1 ms 
[2026-07-28T09:45:09.934] [DEBUG] debug-file - entry:ohosTest@ProcessIntegratedHsp is not up-to-date, since the output file 'D:\HW\UTDesign\cases\libuv\libuv-golden-demo\build\cache\default\integrated_hsp\integratedHspCache.json' does not exist.
[2026-07-28T09:45:09.916] [DEBUG] debug-file - Task 'entry:ohosTest@GeneratePkgContextInfo' cost while wrapping incremental declarations: 1 ms 
[2026-07-28T09:45:09.835] [INFO] debug-file - UP-TO-DATE :entry:ohosTest@PreBuild...  
[2026-07-28T09:45:09.773] [DEBUG] debug-file - End initialize module-target build option map, moduleName=entry
[2026-07-28T09:45:09.845] [DEBUG] debug-file - Executing task :entry:ohosTest@ConfigureCmake
[2026-07-28T09:45:09.753] [DEBUG] debug-file - hvigorfile, require result:  { default: { system: [Function: hapTasks], plugins: [] } }
[2026-07-28T09:45:09.895] [DEBUG] debug-file - runTaskFromQueue task cost before running: 3 s 319 ms 
[2026-07-28T09:45:09.893] [DEBUG] debug-file - Incremental task entry:ohosTest@CreateBuildProfile pre-execution cost: 1 ms .
[2026-07-28T09:45:09.934] [DEBUG] debug-file - Incremental task entry:ohosTest@ProcessIntegratedHsp pre-execution cost: 1 ms .
[2026-07-28T09:45:09.916] [DEBUG] debug-file - entry : ohosTest@GeneratePkgContextInfo cost memory 0.7989883422851562
[2026-07-28T09:45:09.836] [DEBUG] debug-file - Executing task :entry:ohosTest@CreateModuleInfo
[2026-07-28T09:45:09.773] [DEBUG] debug-file - Start initialize module-target build option map, moduleName=entry, buildMode=release
[2026-07-28T09:45:09.884] [DEBUG] debug-file - entry : ohosTest@ConfigureCmake cost memory -10.725120544433594
[2026-07-28T09:45:09.753] [DEBUG] debug-file - hvigorfile, binding system plugins [Function: hapTasks]
[2026-07-28T09:45:09.896] [INFO] debug-file - Finished :entry:ohosTest@PreCheckSyscap... after 1 ms 
[2026-07-28T09:45:09.893] [DEBUG] debug-file - entry : ohosTest@CreateBuildProfile cost memory 0.10292816162109375
[2026-07-28T09:45:09.953] [DEBUG] debug-file - Clean CMakeCache.txt due to outdated CMake configuration.
[2026-07-28T09:45:09.934] [DEBUG] debug-file - entry : ohosTest@ProcessIntegratedHsp cost memory 0.0496368408203125
[2026-07-28T09:45:09.916] [DEBUG] debug-file - runTaskFromQueue task cost before running: 3 s 340 ms 
[2026-07-28T09:45:09.837] [DEBUG] debug-file - Task 'entry:ohosTest@CreateModuleInfo' cost while wrapping incremental declarations: 1 ms 
[2026-07-28T09:45:09.773] [DEBUG] debug-file - Target 'default' config initialized
[2026-07-28T09:45:09.753] [DEBUG] debug-file - Starting plugin build process
[2026-07-28T09:45:09.884] [DEBUG] debug-file - runTaskFromQueue task cost before running: 3 s 308 ms 
[2026-07-28T09:45:09.893] [INFO] debug-file - UP-TO-DATE :entry:ohosTest@CreateBuildProfile...  
[2026-07-28T09:45:09.934] [DEBUG] debug-file - runTaskFromQueue task cost before running: 3 s 358 ms 
[2026-07-28T09:45:09.916] [INFO] debug-file - Finished :entry:ohosTest@GeneratePkgContextInfo... after 17 ms 
[2026-07-28T09:45:09.838] [DEBUG] debug-file - entry : ohosTest@CreateModuleInfo cost memory 0.0380706787109375
[2026-07-28T09:45:09.773] [DEBUG] debug-file - Target 'ohosTest' config initialized
[2026-07-28T09:45:09.753] [DEBUG] debug-file - Hap plugin creating...
[2026-07-28T09:45:09.884] [INFO] debug-file - Finished :entry:ohosTest@ConfigureCmake... after 40 ms 
[2026-07-28T09:45:09.935] [INFO] debug-file - Finished :entry:ohosTest@ProcessIntegratedHsp... after 2 ms 
[2026-07-28T09:45:09.955] [DEBUG] debug-file - - no fingerprint file, will remove stale cache CMakeCache.txt
[2026-07-28T09:45:09.918] [DEBUG] debug-file - Executing task :entry:ohosTest@GeneratePkgSdkInfo
[2026-07-28T09:45:09.838] [DEBUG] debug-file - runTaskFromQueue task cost before running: 3 s 262 ms 
[2026-07-28T09:45:09.773] [DEBUG] debug-file - Module 'entry' target 'default' build option initialized
[2026-07-28T09:45:09.886] [DEBUG] debug-file - Executing task :entry:ohosTest@MergeProfile
[2026-07-28T09:45:09.956] [DEBUG] debug-file - Since there is no instance or instance is terminated, create a new worker pool.
[2026-07-28T09:45:09.958] [DEBUG] debug-file - Create  resident worker with id: 0.
[2026-07-28T09:45:10.015] [DEBUG] debug-file - Executing task :entry:ohosTest@ProcessProfile
[2026-07-28T09:45:09.974] [DEBUG] debug-file - Executing task :entry:ohosTest@MakePackInfo
[2026-07-28T09:45:09.984] [DEBUG] debug-file - Executing task :entry:ohosTest@SyscapTransform
[2026-07-28T09:45:10.022] [DEBUG] debug-file - Executing task :entry:ohosTest@ProcessRouterMap
[2026-07-28T09:45:10.028] [DEBUG] debug-file - Executing task :entry:ohosTest@ProcessShareConfig
[2026-07-28T09:45:10.033] [DEBUG] debug-file - Executing task :entry:ohosTest@ProcessStartupConfig
[2026-07-28T09:45:10.040] [DEBUG] debug-file - Executing task :entry:ohosTest@ProcessResource
[2026-07-28T09:45:10.047] [DEBUG] debug-file - Executing task :entry:ohosTest@GenerateLoaderJson
[2026-07-28T09:45:09.921] [DEBUG] debug-file - Task 'entry:ohosTest@GeneratePkgSdkInfo' cost while wrapping incremental declarations: 1 ms 
[2026-07-28T09:45:09.838] [INFO] debug-file - Finished :entry:ohosTest@CreateModuleInfo... after 2 ms 
[2026-07-28T09:45:09.773] [DEBUG] debug-file - Module 'entry' target 'ohosTest' build option initialized
[2026-07-28T09:45:09.886] [DEBUG] debug-file - Task 'entry:ohosTest@MergeProfile' cost while wrapping incremental declarations: 1 ms 
[2026-07-28T09:45:10.068] [DEBUG] debug-file - Executing task :entry:ohosTest@CompileResource
[2026-07-28T09:45:10.082] [DEBUG] debug-file - Executing task :entry:ohosTest@OhosTestCompileArkTS
[2026-07-28T09:45:10.131] [DEBUG] debug-file - Executing task :entry:ohosTest@OhosTestBuildJS
[2026-07-28T09:45:09.956] [DEBUG] debug-file - Worker pool is initialized with config:  {
  minPoolNum: 2,
  maxPoolNum: undefined,
  maxCoreSize: undefined,
  cacheCapacity: undefined,
  cacheTtl: undefined
}
[2026-07-28T09:45:09.963] [DEBUG] debug-file - Create  resident worker with id: 1.
[2026-07-28T09:45:10.017] [DEBUG] debug-file - Task 'entry:ohosTest@ProcessProfile' cost while wrapping incremental declarations: 1 ms 
[2026-07-28T09:45:09.985] [DEBUG] debug-file - File: 'D:\HW\UTDesign\cases\libuv\libuv-golden-demo\entry\src\ohosTest\syscap.json' from 'sysCapJsonPath' is not exists, just ignore.
[2026-07-28T09:45:09.979] [DEBUG] debug-file - Incremental task entry:ohosTest@MakePackInfo pre-execution cost: 3 ms .
[2026-07-28T09:45:10.025] [DEBUG] debug-file - Incremental task entry:ohosTest@ProcessRouterMap pre-execution cost: 2 ms .
[2026-07-28T09:45:10.030] [DEBUG] debug-file - Incremental task entry:ohosTest@ProcessShareConfig pre-execution cost: 2 ms .
[2026-07-28T09:45:10.048] [DEBUG] debug-file - Task 'entry:ohosTest@GenerateLoaderJson' cost while wrapping incremental declarations: 1 ms 
[2026-07-28T09:45:09.922] [DEBUG] debug-file - Incremental task entry:ohosTest@GeneratePkgSdkInfo pre-execution cost: 1 ms .
[2026-07-28T09:45:09.773] [DEBUG] debug-file - End initialize module-target build option map, moduleName=entry
[2026-07-28T09:45:09.888] [DEBUG] debug-file - Incremental task entry:ohosTest@MergeProfile pre-execution cost: 2 ms .
[2026-07-28T09:45:10.033] [DEBUG] debug-file - Task 'entry:ohosTest@ProcessStartupConfig' cost while wrapping incremental declarations: 1 ms 
[2026-07-28T09:45:10.040] [DEBUG] debug-file - Task 'entry:ohosTest@ProcessResource' cost while wrapping incremental declarations: 1 ms 
[2026-07-28T09:45:10.083] [DEBUG] debug-file - obfuscationOptions: undefined
[2026-07-28T09:45:10.077] [DEBUG] debug-file - Incremental task entry:ohosTest@CompileResource pre-execution cost: 8 ms .
[2026-07-28T09:45:10.132] [DEBUG] debug-file - Task 'entry:ohosTest@OhosTestBuildJS' cost while wrapping incremental declarations: 1 ms 
[2026-07-28T09:45:09.967] [DEBUG] debug-file - ohosTest@BuildNativeWithCmake work[0] is submitted.
[2026-07-28T09:45:10.019] [DEBUG] debug-file - Incremental task entry:ohosTest@ProcessProfile pre-execution cost: 2 ms .
[2026-07-28T09:45:09.986] [DEBUG] debug-file - Task 'entry:ohosTest@SyscapTransform' cost while wrapping incremental declarations: 2 ms 
[2026-07-28T09:45:09.979] [DEBUG] debug-file - entry : ohosTest@MakePackInfo cost memory 0.113067626953125
[2026-07-28T09:45:10.025] [DEBUG] debug-file - entry : ohosTest@ProcessRouterMap cost memory 0.14647674560546875
[2026-07-28T09:45:10.030] [DEBUG] debug-file - entry : ohosTest@ProcessShareConfig cost memory 0.121368408203125
[2026-07-28T09:45:10.058] [DEBUG] debug-file - Incremental task entry:ohosTest@GenerateLoaderJson pre-execution cost: 7 ms .
[2026-07-28T09:45:09.922] [DEBUG] debug-file - entry : ohosTest@GeneratePkgSdkInfo cost memory 0.29082489013671875
[2026-07-28T09:45:09.773] [DEBUG] debug-file - Start initialize module-target build option map, moduleName=entry, buildMode=debug
[2026-07-28T09:45:09.889] [DEBUG] debug-file - entry : ohosTest@MergeProfile cost memory 0.12601470947265625
[2026-07-28T09:45:10.034] [DEBUG] debug-file - entry:ohosTest@ProcessStartupConfig is not up-to-date, since the output file 'D:\HW\UTDesign\cases\libuv\libuv-golden-demo\entry\build\default\intermediates\startup\ohosTest\startup_config.json' does not exist.
[2026-07-28T09:45:10.042] [DEBUG] debug-file - Incremental task entry:ohosTest@ProcessResource pre-execution cost: 1 ms .
[2026-07-28T09:45:10.091] [DEBUG] debug-file - Task 'entry:ohosTest@OhosTestCompileArkTS' cost while wrapping incremental declarations: 1 ms 
[2026-07-28T09:45:10.077] [DEBUG] debug-file - entry : ohosTest@CompileResource cost memory 0.6421127319335938
[2026-07-28T09:45:10.138] [DEBUG] debug-file - entry : ohosTest@OhosTestBuildJS cost memory 0.171173095703125
[2026-07-28T09:45:09.968] [DEBUG] debug-file - ohosTest@BuildNativeWithCmake work[0] is pushed to ready queue.
[2026-07-28T09:45:10.019] [DEBUG] debug-file - entry : ohosTest@ProcessProfile cost memory 0.124481201171875
[2026-07-28T09:45:10.009] [DEBUG] debug-file - entry:ohosTest@SyscapTransform is not up-to-date, since the output file 'D:\HW\UTDesign\cases\libuv\libuv-golden-demo\entry\build\default\intermediates\syscap\ohosTest\rpcid.sc' does not exist.
[2026-07-28T09:45:10.026] [INFO] debug-file - UP-TO-DATE :entry:ohosTest@ProcessRouterMap...  
[2026-07-28T09:45:09.980] [INFO] debug-file - UP-TO-DATE :entry:ohosTest@MakePackInfo...  
[2026-07-28T09:45:10.031] [INFO] debug-file - UP-TO-DATE :entry:ohosTest@ProcessShareConfig...  
[2026-07-28T09:45:10.058] [DEBUG] debug-file - entry : ohosTest@GenerateLoaderJson cost memory 0.39929962158203125
[2026-07-28T09:45:09.889] [INFO] debug-file - UP-TO-DATE :entry:ohosTest@MergeProfile...  
[2026-07-28T09:45:10.034] [DEBUG] debug-file - Incremental task entry:ohosTest@ProcessStartupConfig pre-execution cost: 1 ms .
[2026-07-28T09:45:09.923] [INFO] debug-file - UP-TO-DATE :entry:ohosTest@GeneratePkgSdkInfo...  
[2026-07-28T09:45:10.042] [DEBUG] debug-file - entry : ohosTest@ProcessResource cost memory 0.1539306640625
[2026-07-28T09:45:10.116] [DEBUG] debug-file - build config:
[2026-07-28T09:45:10.079] [INFO] debug-file - UP-TO-DATE :entry:ohosTest@CompileResource...  
[2026-07-28T09:45:10.138] [DEBUG] debug-file - runTaskFromQueue task cost before running: 3 s 561 ms 
[2026-07-28T09:45:09.774] [DEBUG] debug-file - Target 'default' config initialized
[2026-07-28T09:45:09.968] [DEBUG] debug-file - A work dispatched to worker[15] failed because unable to get work from ready queue.
[2026-07-28T09:45:10.063] [INFO] debug-file - UP-TO-DATE :entry:ohosTest@GenerateLoaderJson...  
[2026-07-28T09:45:10.019] [INFO] debug-file - UP-TO-DATE :entry:ohosTest@ProcessProfile...  
[2026-07-28T09:45:10.009] [DEBUG] debug-file - Incremental task entry:ohosTest@SyscapTransform pre-execution cost: 24 ms .
[2026-07-28T09:45:10.034] [DEBUG] debug-file - entry : ohosTest@ProcessStartupConfig cost memory 0.09111785888671875
[2026-07-28T09:45:10.044] [INFO] debug-file - UP-TO-DATE :entry:ohosTest@ProcessResource...  
[2026-07-28T09:45:10.117] [DEBUG] debug-file - {
  moduleType: 'entry',
  perf: 0,
  targetName: '.ohosTest',
  packageManagerType: 'ohpm',
  localPropertiesPath: 'D:\\HW\\UTDesign\\cases\\libuv\\libuv-golden-demo\\local.properties',
  isPreview: false,
  isOhosTest: true,
  isLocalTest: false,
  buildMode: 'Debug',
  hotReloadBuild: undefined,
  watchMode: 'false',
  aceProfilePath: 'D:\\HW\\UTDesign\\cases\\libuv\\libuv-golden-demo\\entry\\build\\default\\intermediates\\res\\ohosTest\\resources\\base\\profile',
  etsLoaderPath: 'E:\\DevEco Studio\\sdk\\default\\openharmony\\ets\\build-tools\\ets-loader',
  modulePath: 'D:\\HW\\UTDesign\\cases\\libuv\\libuv-golden-demo\\entry',
  testFrameworkPar: {
    testMode: 'ohosTest',
    coveragePathFilter: undefined,
    coverageMode: undefined
  },
  needCoverageInsert: false,
  debugLine: false,
  projectTopDir: 'D:\\HW\\UTDesign\\cases\\libuv\\libuv-golden-demo',
  compileSdkVersion: 23,
  compatibleSdkVersion: 23,
  originCompatibleSdkVersion: '6.1.0(23)',
  compatibleSdkVersionStage: undefined,
  bundleName: 'c***n',
  etsLoaderVersion: '6.1.0.105',
  etsLoaderReleaseType: 'Release',
  aotCompileMode: 'type',
  apPath: 'D:\\HW\\UTDesign\\cases\\libuv\\libuv-golden-demo\\entry\\modules.ap',
  entryModuleName: 'entry',
  entryModuleVersion: '1.0.0',
  entryPackageName: 'entry',
  allModuleNameHash: '0c41aa2ce588995904699f5f36eceff65d12a57451948b947162a49d8fb4beee',
  externalApiPaths: [ 'E:\\DevEco Studio\\sdk\\default\\hms\\ets' ],
  compilerTypes: [],
  isCrossplatform: false,
  hvigorPluginFile: undefined,
  compilePluginPath: undefined,
  buildGeneratedProfilePath: 'D:\\HW\\UTDesign\\cases\\libuv\\libuv-golden-demo\\entry\\build\\default\\generated\\profile\\ohosTest',
  bundleType: 'app',
  arkTSVersion: undefined,
  apiVersion: 23,
  needCompleteSourcesMap: true,
  isFaMode: false,
  buildDir: 'D:\\HW\\UTDesign\\cases\\libuv\\libuv-golden-demo\\entry\\build',
  deviceTypes: [ '2in1' ],
  pkgContextInfo: undefined,
  ohPackagePathMap: {},
  dependencyAliasMap: {},
  permission: { requestPermissions: undefined, definePermissions: undefined },
  useGetCurrentBundleName: false,
  projectArkOption: undefined,
  sourceMapDir: undefined,
  branchElimination: false,
  transformLib: undefined,
  tsImportSendable: false,
  resolveConflictMode: true,
  depName2RootPath: {},
  depName2DepInfo: {},
  depName2OhExports: {},
  rootPathSet: [ 'D:\\HW\\UTDesign\\cases\\libuv\\libuv-golden-demo' ],
  useNativeResolver: true,
  shouldEmitJs: true,
  useTscResolve: false,
  singleFileEmit: false,
  userProjectConfig: {
    autoLazyImport: false,
    allowEmptyBundleName: false,
    reExportCheckMode: 'noCheck',
    executionMode: 'memory',
    usePathPlaceholder: false,
    writeRollupCache: true,
    isExpandImportEnabled: false,
    expandImportExclude: '',
    lazyImportExclude: '',
    lazyImportInclude: '',
    ignoreCrossplatformCheck: false,
    isHarDeduplicateEnabled: false,
    skipOhModulesLint: false,
    enableStrictCheckOHModule: false,
    disableSendableCheckRules: [],
    useDeclarationFileSignature: false,
    customizedOptions: undefined,
    integratedHsp: false,
    isPreloadSoEnabled: false
  },
  executionMode: 'memory',
  arkCompileCachePath: 'D:\\HW\\UTDesign\\cases\\libuv\\libuv-golden-demo\\entry\\build\\default\\cache\\ohosTest\\ohosTest@OhosTestCompileArkTS\\esmodule',
  autoLazyFilter: undefined,
  isHarDeduplicateEnabled: false,
  intermediateHarDuplicateDirPath: 'D:\\HW\\UTDesign\\cases\\libuv\\libuv-golden-demo\\entry\\build\\default\\intermediates\\har_duplicate\\ohosTest',
  autoLazyImport: false,
  allowEmptyBundleName: false,
  reExportCheckMode: 'noCheck',
  usePathPlaceholder: false,
  writeRollupCache: true,
  isExpandImportEnabled: false,
  expandImportExclude: '',
  lazyImportExclude: '',
  lazyImportInclude: '',
  ignoreCrossplatformCheck: false,
  skipOhModulesLint: false,
  enableStrictCheckOHModule: false,
  disableSendableCheckRules: [],
  useDeclarationFileSignature: false,
  customizedOptions: undefined,
  integratedHsp: false,
  isPreloadSoEnabled: false,
  strictMode: undefined,
  useNormalizedOHMUrl: false,
  caseSensitiveCheck: false,
  aceModuleJsonPath: 'D:\\HW\\UTDesign\\cases\\libuv\\libuv-golden-demo\\entry\\build\\default\\intermediates\\res\\ohosTest\\ark_module.json',
  appResource: 'D:\\HW\\UTDesign\\cases\\libuv\\libuv-golden-demo\\entry\\build\\default\\intermediates\\res\\ohosTest\\ResourceTable.txt',
  rawFileResource: 'D:\\HW\\UTDesign\\cases\\libuv\\libuv-golden-demo\\entry\\build\\default\\intermediates\\res\\ohosTest\\resources\\rawfile',
  resourceTableHash: 'ac7fc51dc1eb90c07d50ee0e8e349e385bb7ba12ae77cb4d1ca37b836b0d4675',
  runtimeOS: 'HarmonyOS',
  sdkInfo: 'false:23:6.1.0.105:Release',
  aceModuleRoot: 'D:\\HW\\UTDesign\\cases\\libuv\\libuv-golden-demo\\entry\\src\\ohosTest\\ets',
  compileMode: 'esmodule',
  aceSuperVisualPath: 'D:\\HW\\UTDesign\\cases\\libuv\\libuv-golden-demo\\entry\\src\\ohosTest\\supervisual',
  aceBuildJson: 'D:\\HW\\UTDesign\\cases\\libuv\\libuv-golden-demo\\entry\\build\\default\\intermediates\\loader\\ohosTest\\loader.json',
  cachePath: 'D:\\HW\\UTDesign\\cases\\libuv\\libuv-golden-demo\\entry\\build\\default\\cache\\ohosTest\\ohosTest@OhosTestCompileArkTS\\esmodule\\debug',
  aceModuleBuild: 'D:\\HW\\UTDesign\\cases\\libuv\\libuv-golden-demo\\entry\\build\\default\\intermediates\\loader_out\\ohosTest\\ets',
  supportChunks: false,
  declaredFilesPath: undefined,
  shouldCollectDirectImportees: false,
  isByteCodeHarOptimize: false,
  expandImportPath: undefined,
  resourceTableTs: 'D:\\HW\\UTDesign\\cases\\libuv\\libuv-golden-demo\\entry\\build\\default\\generated\\r\\ohosTest\\ResourceTable.ts',
  moduleMetaInfoFiles: [
    {
      filePath: 'D:\\HW\\UTDesign\\cases\\libuv\\libuv-golden-demo\\entry\\build\\default\\generated\\r\\ohosTest\\ResourceTable.ts',
      ohmurl: 'com.thirdparty.validation.libuv.golden/entry/build/generated/r/ResourceTable'
    }
  ],
  pkgNameToPkgBriefInfo: {
    entry: {
      pkgRoot: 'D:\\HW\\UTDesign\\cases\\libuv\\libuv-golden-demo\\entry',
      originalSourceRoots: undefined,
      sourceRoots: [Array],
      pkgName: 'entry'
    }
  },
  projectModel: {
    'D:\\HW\\UTDesign\\cases\\libuv\\libuv-golden-demo\\entry\\src\\main': {
      moduleName: 'entry',
      modulePkgPath: 'D:\\HW\\UTDesign\\cases\\libuv\\libuv-golden-demo\\entry',
      belongProjectPath: 'D:\\HW\\UTDesign\\cases\\libuv\\libuv-golden-demo'
    },
    'D:\\HW\\UTDesign\\cases\\libuv\\libuv-golden-demo\\entry\\src\\ohosTest': {
      moduleName: 'entry_test',
      modulePkgPath: 'D:\\HW\\UTDesign\\cases\\libuv\\libuv-golden-demo\\entry',
      belongProjectPath: 'D:\\HW\\UTDesign\\cases\\libuv\\libuv-golden-demo'
    },
    'D:\\HW\\UTDesign\\cases\\libuv\\libuv-golden-demo\\entry': {
      moduleName: 'entry',
      modulePkgPath: 'D:\\HW\\UTDesign\\cases\\libuv\\libuv-golden-demo\\entry',
      belongProjectPath: 'D:\\HW\\UTDesign\\cases\\libuv\\libuv-golden-demo'
    },
    'D:\\HW\\UTDesign\\cases\\libuv\\libuv-golden-demo': {
      moduleName: 'libuv-golden-demo',
      modulePkgPath: 'D:\\HW\\UTDesign\\cases\\libuv\\libuv-golden-demo',
      belongProjectPath: 'D:\\HW\\UTDesign\\cases\\libuv\\libuv-golden-demo'
    }
  },
  pkgJsonFileHash: 'c71d2661bcaea15ddf7e06a8d0054842d2f9d20842847d5adc14aac205427f87',
  allModulePaths: [ 'D:\\HW\\UTDesign\\cases\\libuv\\libuv-golden-demo\\entry' ],
  routerMap: {},
  obfuscationOptions: undefined,
  byteCodeHarToDependencyKeys: undefined,
  compileBlockPkg: [],
  mockParams: {
    decorator: '@MockSetup',
    packageName: '@ohos/hamock',
    etsSourceRootPath: 'src/main/ets',
    mockConfigPath: undefined,
    mockConfigKey2ModuleInfo: {},
    source2ModuleIdMap: {}
  },
  copyCodeResourceEnable: true,
  copyCodeResourceExcludes: [],
  copyCodeResourceIncludes: undefined,
  uiTransformOptimization: false,
  sdkPath: 'E:/DevEco Studio/sdk',
  needPreloadSoFileSet: {},
  preloadSoFilePath: 'D:\\HW\\UTDesign\\cases\\libuv\\libuv-golden-demo\\entry\\build\\default\\intermediates\\preload\\ohosTest\\preload.json',
  useSourceHash: false,
  localModuleParamMap: {},
  otherPaths: {
    'entry/*': [
      '..\\..\\main\\*',
      '..\\..\\..\\build\\default\\generated\\profile\\ohosTest\\*'
    ]
  },
  collectImportersConfig: undefined
}
[2026-07-28T09:45:10.138] [INFO] debug-file - Finished :entry:ohosTest@OhosTestBuildJS... after 7 ms 
[2026-07-28T09:45:09.969] [DEBUG] debug-file - Create  resident worker with id: 14.
[2026-07-28T09:45:09.774] [DEBUG] debug-file - Target 'ohosTest' config initialized
[2026-07-28T09:45:10.065] [DEBUG] debug-file - restool module names: entry,entry_test; moduleName=entry, taskName=ohosTest@CompileResource
[2026-07-28T09:45:10.010] [DEBUG] debug-file - entry : ohosTest@SyscapTransform cost memory 0.1339111328125
[2026-07-28T09:45:10.035] [DEBUG] debug-file - runTaskFromQueue task cost before running: 3 s 458 ms 
[2026-07-28T09:45:10.119] [DEBUG] debug-file - Compile arkts with external api path: E:\DevEco Studio\sdk\default\hms\ets
[2026-07-28T09:45:09.971] [DEBUG] debug-file - ohosTest@BuildNativeWithCmake work[0] has been dispatched to worker[14].
[2026-07-28T09:45:09.774] [DEBUG] debug-file - Module 'entry' target 'default' build option initialized
[2026-07-28T09:45:10.010] [DEBUG] debug-file - runTaskFromQueue task cost before running: 3 s 434 ms 
[2026-07-28T09:45:10.035] [INFO] debug-file - Finished :entry:ohosTest@ProcessStartupConfig... after 2 ms 
[2026-07-28T09:45:10.122] [DEBUG] debug-file - ohosTest@OhosTestCompileArkTS work[1] is submitted.
[2026-07-28T09:45:09.971] [DEBUG] debug-file - ohosTest@BuildNativeWithCmake work[0] is dispatched.
[2026-07-28T09:45:09.774] [DEBUG] debug-file - Module 'entry' target 'ohosTest' build option initialized
[2026-07-28T09:45:10.010] [INFO] debug-file - Finished :entry:ohosTest@SyscapTransform... after 26 ms 
[2026-07-28T09:45:10.037] [DEBUG] debug-file - restool module names: entry,entry_test; moduleName=entry, taskName=ohosTest@ProcessResource
[2026-07-28T09:45:10.122] [DEBUG] debug-file - ohosTest@OhosTestCompileArkTS work[1] is pushed to ready queue.
[2026-07-28T09:45:09.971] [DEBUG] debug-file - entry : ohosTest@BuildNativeWithCmake cost memory 1.3481521606445312
[2026-07-28T09:45:09.774] [DEBUG] debug-file - End initialize module-target build option map, moduleName=entry
[2026-07-28T09:45:10.122] [DEBUG] debug-file - A work dispatched to worker[15] failed because unable to get work from ready queue.
[2026-07-28T09:45:09.774] [DEBUG] debug-file - Obtain build option for module 'entry' target 'ohosTest'in this build.
[2026-07-28T09:45:10.122] [DEBUG] debug-file - A work dispatched to worker[14] failed because of worker busy.
[2026-07-28T09:45:09.782] [DEBUG] debug-file - Module entry task initialization takes 7 ms 
[2026-07-28T09:45:10.122] [DEBUG] debug-file - A work dispatched to worker[13] failed because unable to get work from ready queue.
[2026-07-28T09:45:09.782] [DEBUG] debug-file - Hap plugin register hook start...
[2026-07-28T09:45:10.122] [DEBUG] debug-file - A work dispatched to worker[12] failed because unable to get work from ready queue.
[2026-07-28T09:45:09.782] [DEBUG] debug-file - Hap plugin register hook end...
[2026-07-28T09:45:10.122] [DEBUG] debug-file - A work dispatched to worker[11] failed because unable to get work from ready queue.
[2026-07-28T09:45:09.782] [DEBUG] debug-file - Plugin build process completed
[2026-07-28T09:45:10.122] [DEBUG] debug-file - A work dispatched to worker[10] failed because unable to get work from ready queue.
[2026-07-28T09:45:09.782] [DEBUG] debug-file - hvigorfile, begin to bind custom plugins...
[2026-07-28T09:45:10.122] [DEBUG] debug-file - A work dispatched to worker[9] failed because unable to get work from ready queue.
[2026-07-28T09:45:09.782] [DEBUG] debug-file - hvigorfile, no custom plugins were found in D:\HW\UTDesign\cases\libuv\libuv-golden-demo\entry\hvigorfile.ts
[2026-07-28T09:45:10.122] [DEBUG] debug-file - A work dispatched to worker[8] failed because unable to get work from ready queue.
[2026-07-28T09:45:09.782] [DEBUG] debug-file - hvigorfile, resolve finished D:\HW\UTDesign\cases\libuv\libuv-golden-demo\entry\hvigorfile.ts
[2026-07-28T09:45:10.122] [DEBUG] debug-file - A work dispatched to worker[7] failed because unable to get work from ready queue.
[2026-07-28T09:45:10.122] [DEBUG] debug-file - A work dispatched to worker[6] failed because unable to get work from ready queue.
[2026-07-28T09:45:10.122] [DEBUG] debug-file - A work dispatched to worker[5] failed because unable to get work from ready queue.
[2026-07-28T09:45:10.123] [DEBUG] debug-file - Create  resident worker with id: 4.
[2026-07-28T09:45:10.125] [DEBUG] debug-file - ohosTest@OhosTestCompileArkTS work[1] has been dispatched to worker[4].
[2026-07-28T09:45:10.125] [DEBUG] debug-file - ohosTest@OhosTestCompileArkTS work[1] is dispatched.
[2026-07-28T09:45:10.125] [DEBUG] debug-file - CopyResources startTime: 970325016342200
[2026-07-28T09:45:10.125] [DEBUG] debug-file - ohosTest@OhosTestCompileArkTS work[2] is submitted.
[2026-07-28T09:45:10.125] [DEBUG] debug-file - ohosTest@OhosTestCompileArkTS work[2] is pushed to ready queue.
[2026-07-28T09:45:10.125] [DEBUG] debug-file - A work dispatched to worker[15] failed because unable to get work from ready queue.
[2026-07-28T09:45:10.125] [DEBUG] debug-file - A work dispatched to worker[14] failed because of worker busy.
[2026-07-28T09:45:10.125] [DEBUG] debug-file - Create  resident worker with id: 13.
[2026-07-28T09:45:10.127] [DEBUG] debug-file - ohosTest@OhosTestCompileArkTS work[2] has been dispatched to worker[13].
[2026-07-28T09:45:10.127] [DEBUG] debug-file - ohosTest@OhosTestCompileArkTS work[2] is dispatched.
[2026-07-28T09:45:10.128] [DEBUG] debug-file - entry : ohosTest@OhosTestCompileArkTS cost memory 2.8136062622070312
[2026-07-28T09:45:11.322] [DEBUG] debug-file - worker[13] has one work done.
[2026-07-28T09:45:11.322] [DEBUG] debug-file - CopyResources is end, endTime: 970326213646300
[2026-07-28T09:45:11.323] [DEBUG] debug-file - ohosTest@OhosTestCompileArkTS work[2] done.
[2026-07-28T09:45:11.323] [DEBUG] debug-file - A work dispatched to worker[13] failed because unable to get work from ready queue.
[2026-07-28T09:45:11.819] [DEBUG] debug-file - Not searching for unused variables given on the command line.

[2026-07-28T09:45:12.049] [DEBUG] debug-file - -- The C compiler identification is Clang 15.0.4

[2026-07-28T09:45:12.366] [DEBUG] debug-file - -- The CXX compiler identification is Clang 15.0.4

[2026-07-28T09:45:12.687] [DEBUG] debug-file - -- Detecting C compiler ABI info

[2026-07-28T09:45:13.433] [DEBUG] debug-file - -- Detecting C compiler ABI info - done

[2026-07-28T09:45:13.447] [DEBUG] debug-file - -- Check for working C compiler: E:/DevEco Studio/sdk/default/openharmony/native/llvm/bin/clang.exe - skipped

[2026-07-28T09:45:13.447] [DEBUG] debug-file - -- Detecting C compile features

[2026-07-28T09:45:13.448] [DEBUG] debug-file - -- Detecting C compile features - done

[2026-07-28T09:45:13.619] [DEBUG] debug-file - -- Detecting CXX compiler ABI info

[2026-07-28T09:45:14.324] [DEBUG] debug-file - -- Detecting CXX compiler ABI info - done

[2026-07-28T09:45:14.336] [DEBUG] debug-file - -- Check for working CXX compiler: E:/DevEco Studio/sdk/default/openharmony/native/llvm/bin/clang++.exe - skipped

[2026-07-28T09:45:14.336] [DEBUG] debug-file - -- Detecting CXX compile features

[2026-07-28T09:45:14.337] [DEBUG] debug-file - -- Detecting CXX compile features - done

[2026-07-28T09:45:14.353] [DEBUG] debug-file - -- Performing Test UV_LINT_W4

[2026-07-28T09:45:14.664] [DEBUG] debug-file - -- Performing Test UV_LINT_W4 - Failed

[2026-07-28T09:45:14.666] [DEBUG] debug-file - -- Performing Test UV_LINT_NO_UNUSED_PARAMETER_MSVC

[2026-07-28T09:45:14.942] [DEBUG] debug-file - -- Performing Test UV_LINT_NO_UNUSED_PARAMETER_MSVC - Failed

[2026-07-28T09:45:14.943] [DEBUG] debug-file - -- Performing Test UV_LINT_NO_CONDITIONAL_CONSTANT_MSVC

[2026-07-28T09:45:15.267] [DEBUG] debug-file - -- Performing Test UV_LINT_NO_CONDITIONAL_CONSTANT_MSVC - Failed

[2026-07-28T09:45:15.269] [DEBUG] debug-file - -- Performing Test UV_LINT_NO_NONSTANDARD_MSVC

[2026-07-28T09:45:15.576] [DEBUG] debug-file - -- Performing Test UV_LINT_NO_NONSTANDARD_MSVC - Failed

[2026-07-28T09:45:15.577] [DEBUG] debug-file - -- Performing Test UV_LINT_NO_NONSTANDARD_EMPTY_TU_MSVC

[2026-07-28T09:45:15.883] [DEBUG] debug-file - -- Performing Test UV_LINT_NO_NONSTANDARD_EMPTY_TU_MSVC - Failed

[2026-07-28T09:45:15.884] [DEBUG] debug-file - -- Performing Test UV_LINT_NO_NONSTANDARD_FILE_SCOPE_MSVC

[2026-07-28T09:45:16.145] [DEBUG] debug-file - -- Performing Test UV_LINT_NO_NONSTANDARD_FILE_SCOPE_MSVC - Failed

[2026-07-28T09:45:16.148] [DEBUG] debug-file - -- Performing Test UV_LINT_NO_NONSTANDARD_NONSTATIC_DLIMPORT_MSVC

[2026-07-28T09:45:16.476] [DEBUG] debug-file - -- Performing Test UV_LINT_NO_NONSTANDARD_NONSTATIC_DLIMPORT_MSVC - Failed

[2026-07-28T09:45:16.477] [DEBUG] debug-file - -- Performing Test UV_LINT_NO_HIDES_LOCAL

[2026-07-28T09:45:16.769] [DEBUG] debug-file - -- Performing Test UV_LINT_NO_HIDES_LOCAL - Failed

[2026-07-28T09:45:16.770] [DEBUG] debug-file - -- Performing Test UV_LINT_NO_HIDES_PARAM

[2026-07-28T09:45:17.051] [DEBUG] debug-file - -- Performing Test UV_LINT_NO_HIDES_PARAM - Failed

[2026-07-28T09:45:17.053] [DEBUG] debug-file - -- Performing Test UV_LINT_NO_HIDES_GLOBAL

[2026-07-28T09:45:17.324] [DEBUG] debug-file - -- Performing Test UV_LINT_NO_HIDES_GLOBAL - Failed

[2026-07-28T09:45:17.326] [DEBUG] debug-file - -- Performing Test UV_LINT_NO_CONDITIONAL_ASSIGNMENT_MSVC

[2026-07-28T09:45:17.619] [DEBUG] debug-file - -- Performing Test UV_LINT_NO_CONDITIONAL_ASSIGNMENT_MSVC - Failed

[2026-07-28T09:45:17.621] [DEBUG] debug-file - -- Performing Test UV_LINT_NO_UNSAFE_MSVC

[2026-07-28T09:45:17.892] [DEBUG] debug-file - -- Performing Test UV_LINT_NO_UNSAFE_MSVC - Failed

[2026-07-28T09:45:17.893] [DEBUG] debug-file - -- Performing Test UV_LINT_WALL

[2026-07-28T09:45:18.408] [DEBUG] debug-file - -- Performing Test UV_LINT_WALL - Success

[2026-07-28T09:45:18.409] [DEBUG] debug-file - -- Performing Test UV_LINT_NO_UNUSED_PARAMETER

[2026-07-28T09:45:18.913] [DEBUG] debug-file - worker[4] has one work error.
[2026-07-28T09:45:18.915] [DEBUG] debug-file - Ark compile task finished.finished time is 970333804848800
[2026-07-28T09:45:19.015] [DEBUG] debug-file - -- Performing Test UV_LINT_NO_UNUSED_PARAMETER - Success

[2026-07-28T09:45:19.016] [DEBUG] debug-file - -- Performing Test UV_LINT_STRICT_PROTOTYPES

[2026-07-28T09:45:18.914] [DEBUG] debug-file - ohosTest@OhosTestCompileArkTS work[1] failed.
[2026-07-28T09:45:18.914] [ERROR] debug-file - Failed :entry:ohosTest@OhosTestCompileArkTS... 
[2026-07-28T09:45:18.914] [WARN] debug-file - 
[33m1 WARN: [33m[33mArkTS:WARN File: D:/HW/UTDesign/cases/libuv/libuv-golden-demo/entry/src/ohosTest/ets/test/LibuvLoadSuite.test.ets:2:45
 Currently module for 'libentry_test.so' is not verified. If you're importing napi, its verification will be enabled in later SDK version. Please make sure the corresponding .d.ts file is provided and the napis are correctly declared.
[39m[39m
[33m2 WARN: [33m[33mArkTS:WARN File: D:/HW/UTDesign/cases/libuv/libuv-golden-demo/entry/src/ohosTest/ets/test/LibuvCoreSuite.test.ets:2:45
 Currently module for 'libentry_test.so' is not verified. If you're importing napi, its verification will be enabled in later SDK version. Please make sure the corresponding .d.ts file is provided and the napis are correctly declared.
[39m[39m
[33m3 WARN: [33m[33mArkTS:WARN File: D:/HW/UTDesign/cases/libuv/libuv-golden-demo/entry/src/ohosTest/ets/test/LibuvAffinitySuite.test.ets:2:45
 Currently module for 'libentry_test.so' is not verified. If you're importing napi, its verification will be enabled in later SDK version. Please make sure the corresponding .d.ts file is provided and the napis are correctly declared.
[39m[39m
[2026-07-28T09:45:18.914] [DEBUG] debug-file - hvigor build process will be closed with an error.
[2026-07-28T09:45:19.099] [DEBUG] debug-file - ERROR: stacktrace = Error: ArkTS Compiler Error
[31m1 ERROR: [31m10311002 ArkTS: ERROR
Error Message: Failed to resolve OhmUrl. Failed to get a resolved OhmUrl for "@ohos/hypium" imported by "D:\HW\UTDesign\cases\libuv\libuv-golden-demo\entry\src\ohosTest\ets\test\LibuvAffinitySuite.test.ets".

* Try the following:
  > Check whether the module which @ohos/hypium belongs to is correctly configured.
  > Check if the corresponding file name "@ohos/hypium" is correct(including case-sensitivity).
[39m
[39m
[31m2 ERROR: [31m10311002 ArkTS: ERROR
Error Message: Failed to resolve OhmUrl. Failed to get a resolved OhmUrl for "@ohos/hypium" imported by "D:\HW\UTDesign\cases\libuv\libuv-golden-demo\entry\src\ohosTest\ets\test\LibuvCoreSuite.test.ets".

* Try the following:
  > Check whether the module which @ohos/hypium belongs to is correctly configured.
  > Check if the corresponding file name "@ohos/hypium" is correct(including case-sensitivity).
[39m
[39m
[31m3 ERROR: [31m10311002 ArkTS: ERROR
Error Message: Failed to resolve OhmUrl. Failed to get a resolved OhmUrl for "@ohos/hypium" imported by "D:\HW\UTDesign\cases\libuv\libuv-golden-demo\entry\src\ohosTest\ets\test\LibuvLoadSuite.test.ets".

* Try the following:
  > Check whether the module which @ohos/hypium belongs to is correctly configured.
  > Check if the corresponding file name "@ohos/hypium" is correct(including case-sensitivity).
[39m
[39m
[31m4 ERROR: [31m10311002 ArkTS: ERROR
Error Message: Failed to resolve OhmUrl. Failed to get a resolved OhmUrl for "@ohos/hypium" imported by "D:\HW\UTDesign\cases\libuv\libuv-golden-demo\entry\src\ohosTest\ets\testrunner\OpenHarmonyTestRunner.ets".

* Try the following:
  > Check whether the module which @ohos/hypium belongs to is correctly configured.
  > Check if the corresponding file name "@ohos/hypium" is correct(including case-sensitivity).
[39m
[39m
[31mCOMPILE RESULT:FAIL {ERROR:5 WARN:3}[39m
    at runArkPack (E:\DevEco Studio\tools\hvigor\hvigor-ohos-plugin\node_modules\@ohos\hvigor-arkts-compose\dist\src\arkts-pack.js:1:5076)
    at process.processTicksAndRejections (node:internal/process/task_queues:95:5)
ArkTSCompilerError: ArkTS Compiler Error
    at runArkPack (E:\DevEco Studio\tools\hvigor\hvigor-ohos-plugin\node_modules\@ohos\hvigor-arkts-compose\dist\src\arkts-pack.js:1:4835)
    at process.processTicksAndRejections (node:internal/process/task_queues:95:5)
[2026-07-28T09:45:19.099] [ERROR] debug-file - Error: ArkTS Compiler Error
[31m1 ERROR: [31m10311002 ArkTS: ERROR
Error Message: Failed to resolve OhmUrl. Failed to get a resolved OhmUrl for "@ohos/hypium" imported by "D:\HW\UTDesign\cases\libuv\libuv-golden-demo\entry\src\ohosTest\ets\test\LibuvAffinitySuite.test.ets".

* Try the following:
  > Check whether the module which @ohos/hypium belongs to is correctly configured.
  > Check if the corresponding file name "@ohos/hypium" is correct(including case-sensitivity).
[39m
[39m
[31m2 ERROR: [31m10311002 ArkTS: ERROR
Error Message: Failed to resolve OhmUrl. Failed to get a resolved OhmUrl for "@ohos/hypium" imported by "D:\HW\UTDesign\cases\libuv\libuv-golden-demo\entry\src\ohosTest\ets\test\LibuvCoreSuite.test.ets".

* Try the following:
  > Check whether the module which @ohos/hypium belongs to is correctly configured.
  > Check if the corresponding file name "@ohos/hypium" is correct(including case-sensitivity).
[39m
[39m
[31m3 ERROR: [31m10311002 ArkTS: ERROR
Error Message: Failed to resolve OhmUrl. Failed to get a resolved OhmUrl for "@ohos/hypium" imported by "D:\HW\UTDesign\cases\libuv\libuv-golden-demo\entry\src\ohosTest\ets\test\LibuvLoadSuite.test.ets".

* Try the following:
  > Check whether the module which @ohos/hypium belongs to is correctly configured.
  > Check if the corresponding file name "@ohos/hypium" is correct(including case-sensitivity).
[39m
[39m
[31m4 ERROR: [31m10311002 ArkTS: ERROR
Error Message: Failed to resolve OhmUrl. Failed to get a resolved OhmUrl for "@ohos/hypium" imported by "D:\HW\UTDesign\cases\libuv\libuv-golden-demo\entry\src\ohosTest\ets\testrunner\OpenHarmonyTestRunner.ets".

* Try the following:
  > Check whether the module which @ohos/hypium belongs to is correctly configured.
  > Check if the corresponding file name "@ohos/hypium" is correct(including case-sensitivity).
[39m
[39m
[31mCOMPILE RESULT:FAIL {ERROR:5 WARN:3}[39m
    at runArkPack (E:\DevEco Studio\tools\hvigor\hvigor-ohos-plugin\node_modules\@ohos\hvigor-arkts-compose\dist\src\arkts-pack.js:1:5076)
    at process.processTicksAndRejections (node:internal/process/task_queues:95:5)
ArkTSCompilerError: ArkTS Compiler Error
    at runArkPack (E:\DevEco Studio\tools\hvigor\hvigor-ohos-plugin\node_modules\@ohos\hvigor-arkts-compose\dist\src\arkts-pack.js:1:4835)
    at process.processTicksAndRejections (node:internal/process/task_queues:95:5)
[2026-07-28T09:45:19.123] [ERROR] debug-file - BUILD FAILED in 12 s 546 ms 
[2026-07-28T09:45:19.123] [DEBUG] debug-file - There is no need to refresh cache, since the incremental task entry:ohosTest@PreBuild is up-to-date.
[2026-07-28T09:45:19.123] [DEBUG] debug-file - Update task entry:ohosTest@CreateModuleInfo output file:D:\HW\UTDesign\cases\libuv\libuv-golden-demo\entry\build\default\generated\profile\ohosTest\ModuleInfo.ts cache.
[2026-07-28T09:45:19.124] [DEBUG] debug-file - Incremental task entry:ohosTest@CreateModuleInfo post-execution cost:1 ms .
[2026-07-28T09:45:19.124] [DEBUG] debug-file - There is no need to refresh cache, since the incremental task entry:ohosTest@GenerateMetadata is up-to-date.
[2026-07-28T09:45:19.124] [DEBUG] debug-file - There is no need to refresh cache, since the incremental task entry:ohosTest@MergeProfile is up-to-date.
[2026-07-28T09:45:19.124] [DEBUG] debug-file - There is no need to refresh cache, since the incremental task entry:ohosTest@CreateBuildProfile is up-to-date.
[2026-07-28T09:45:19.124] [DEBUG] debug-file - Update task entry:ohosTest@GeneratePkgContextInfo output file:D:\HW\UTDesign\cases\libuv\libuv-golden-demo\entry\build\default\intermediates\loader\ohosTest\pkgContextInfo.json cache.
[2026-07-28T09:45:19.124] [DEBUG] debug-file - Incremental task entry:ohosTest@GeneratePkgContextInfo post-execution cost:1 ms .
[2026-07-28T09:45:19.124] [DEBUG] debug-file - There is no need to refresh cache, since the incremental task entry:ohosTest@GeneratePkgSdkInfo is up-to-date.
[2026-07-28T09:45:19.124] [DEBUG] debug-file - Update task entry:ohosTest@ProcessIntegratedHsp output file:D:\HW\UTDesign\cases\libuv\libuv-golden-demo\build\cache\default\integrated_hsp\integratedHspCache.json cache.
[2026-07-28T09:45:19.124] [DEBUG] debug-file - Incremental task entry:ohosTest@ProcessIntegratedHsp post-execution cost:1 ms .
[2026-07-28T09:45:19.124] [DEBUG] debug-file - There is no need to refresh cache, since the incremental task entry:ohosTest@MakePackInfo is up-to-date.
[2026-07-28T09:45:19.125] [DEBUG] debug-file - Update task entry:ohosTest@SyscapTransform input file:E:\DevEco Studio\sdk\default\openharmony\toolchains\syscap_tool.exe cache by regenerate.
[2026-07-28T09:45:19.125] [DEBUG] debug-file - Update task entry:ohosTest@SyscapTransform input file:E:\DevEco Studio\sdk\default\openharmony\ets\api\device-define cache by regenerate.
[2026-07-28T09:45:19.126] [DEBUG] debug-file - Update task entry:ohosTest@SyscapTransform output file:D:\HW\UTDesign\cases\libuv\libuv-golden-demo\entry\build\default\intermediates\syscap\ohosTest\rpcid.sc cache.
[2026-07-28T09:45:19.126] [DEBUG] debug-file - Incremental task entry:ohosTest@SyscapTransform post-execution cost:2 ms .
[2026-07-28T09:45:19.126] [DEBUG] debug-file - There is no need to refresh cache, since the incremental task entry:ohosTest@ProcessProfile is up-to-date.
[2026-07-28T09:45:19.126] [DEBUG] debug-file - There is no need to refresh cache, since the incremental task entry:ohosTest@ProcessRouterMap is up-to-date.
[2026-07-28T09:45:19.126] [DEBUG] debug-file - There is no need to refresh cache, since the incremental task entry:ohosTest@ProcessShareConfig is up-to-date.
[2026-07-28T09:45:19.126] [DEBUG] debug-file - Update task entry:ohosTest@ProcessStartupConfig output file:D:\HW\UTDesign\cases\libuv\libuv-golden-demo\entry\build\default\intermediates\startup\ohosTest\startup_config.json cache.
[2026-07-28T09:45:19.126] [DEBUG] debug-file - Incremental task entry:ohosTest@ProcessStartupConfig post-execution cost:1 ms .
[2026-07-28T09:45:19.126] [DEBUG] debug-file - There is no need to refresh cache, since the incremental task entry:ohosTest@ProcessResource is up-to-date.
[2026-07-28T09:45:19.126] [DEBUG] debug-file - There is no need to refresh cache, since the incremental task entry:ohosTest@GenerateLoaderJson is up-to-date.
[2026-07-28T09:45:19.126] [DEBUG] debug-file - There is no need to refresh cache, since the incremental task entry:ohosTest@CompileResource is up-to-date.
[2026-07-28T09:45:19.128] [DEBUG] debug-file - Update task entry:ohosTest@OhosTestCompileArkTS input file:D:\HW\UTDesign\cases\libuv\libuv-golden-demo\entry\build\default\intermediates\loader\ohosTest cache by regenerate.
[2026-07-28T09:45:19.130] [DEBUG] debug-file - Update task entry:ohosTest@OhosTestCompileArkTS input file:D:\HW\UTDesign\cases\libuv\libuv-golden-demo\entry\build\default\intermediates\res\ohosTest\ResourceTable.txt cache by regenerate.
[2026-07-28T09:45:19.130] [DEBUG] debug-file - Update task entry:ohosTest@OhosTestCompileArkTS input file:D:\HW\UTDesign\cases\libuv\libuv-golden-demo\entry\build\default\intermediates\res\ohosTest\ark_module.json cache by regenerate.
[2026-07-28T09:45:19.130] [DEBUG] debug-file - Update task entry:ohosTest@OhosTestCompileArkTS input file:D:\HW\UTDesign\cases\libuv\libuv-golden-demo\entry\build\default\intermediates\res\ohosTest\resources\base\profile cache by regenerate.
[2026-07-28T09:45:19.131] [DEBUG] debug-file - Update task entry:ohosTest@OhosTestCompileArkTS input file:D:\HW\UTDesign\cases\libuv\libuv-golden-demo\entry\src\ohosTest\ets cache by regenerate.
[2026-07-28T09:45:19.134] [DEBUG] debug-file - Update task entry:ohosTest@OhosTestCompileArkTS input file:D:\HW\UTDesign\cases\libuv\libuv-golden-demo\entry\src\ohosTest cache by regenerate.
[2026-07-28T09:45:19.138] [DEBUG] debug-file - Update task entry:ohosTest@OhosTestCompileArkTS input file:D:\HW\UTDesign\cases\libuv\libuv-golden-demo\entry\build\default\generated\profile\ohosTest\BuildProfile.ets cache by regenerate.
[2026-07-28T09:45:19.138] [DEBUG] debug-file - Update task entry:ohosTest@OhosTestCompileArkTS input file:D:\HW\UTDesign\cases\libuv\libuv-golden-demo\entry\src\main\cpp\types cache by regenerate.
[2026-07-28T09:45:19.139] [DEBUG] debug-file - Update task entry:ohosTest@OhosTestCompileArkTS input file:D:\HW\UTDesign\cases\libuv\libuv-golden-demo\entry\src\main\ets cache by regenerate.
[2026-07-28T09:45:19.139] [DEBUG] debug-file - Update task entry:ohosTest@OhosTestCompileArkTS output file:D:\HW\UTDesign\cases\libuv\libuv-golden-demo\entry\build\default\intermediates\loader_out\ohosTest\ets cache.
[2026-07-28T09:45:19.140] [DEBUG] debug-file - Incremental task entry:ohosTest@OhosTestCompileArkTS post-execution cost:14 ms .
[2026-07-28T09:45:19.141] [DEBUG] debug-file - Update task entry:ohosTest@OhosTestBuildJS input file:D:\HW\UTDesign\cases\libuv\libuv-golden-demo\entry\build\default\intermediates\loader\ohosTest cache by regenerate.
[2026-07-28T09:45:19.141] [DEBUG] debug-file - Update task entry:ohosTest@OhosTestBuildJS input file:D:\HW\UTDesign\cases\libuv\libuv-golden-demo\entry\build\default\intermediates\res\ohosTest\ResourceTable.txt cache by regenerate.
[2026-07-28T09:45:19.142] [DEBUG] debug-file - Update task entry:ohosTest@OhosTestBuildJS input file:D:\HW\UTDesign\cases\libuv\libuv-golden-demo\entry\build\default\intermediates\res\ohosTest\ark_module.json cache by regenerate.
[2026-07-28T09:45:19.142] [DEBUG] debug-file - Update task entry:ohosTest@OhosTestBuildJS input file:D:\HW\UTDesign\cases\libuv\libuv-golden-demo\entry\build\default\intermediates\res\ohosTest\resources\base\profile cache by regenerate.
[2026-07-28T09:45:19.143] [DEBUG] debug-file - Update task entry:ohosTest@OhosTestBuildJS input file:D:\HW\UTDesign\cases\libuv\libuv-golden-demo\entry\src\ohosTest cache by regenerate.
[2026-07-28T09:45:19.146] [DEBUG] debug-file - Update task entry:ohosTest@OhosTestBuildJS output file:D:\HW\UTDesign\cases\libuv\libuv-golden-demo\entry\build\default\intermediates\loader_out\ohosTest\js cache.
[2026-07-28T09:45:19.146] [DEBUG] debug-file - Incremental task entry:ohosTest@OhosTestBuildJS post-execution cost:7 ms .
[2026-07-28T09:45:19.194] [DEBUG] debug-file - Current worker pool is stopped or closed.
[2026-07-28T09:45:19.194] [DEBUG] debug-file - Clear worker 0.
[2026-07-28T09:45:19.195] [DEBUG] debug-file - Worker 0 has been cleared.
[2026-07-28T09:45:19.195] [DEBUG] debug-file - Current idle worker size: 3.
[2026-07-28T09:45:19.195] [DEBUG] debug-file - Current busy worker size: 1.
[2026-07-28T09:45:19.195] [DEBUG] debug-file - Clear worker 1.
[2026-07-28T09:45:19.195] [DEBUG] debug-file - Worker 1 has been cleared.
[2026-07-28T09:45:19.196] [DEBUG] debug-file - Current idle worker size: 2.
[2026-07-28T09:45:19.196] [DEBUG] debug-file - Current busy worker size: 1.
[2026-07-28T09:45:19.196] [DEBUG] debug-file - Clear worker 13.
[2026-07-28T09:45:19.196] [DEBUG] debug-file - Worker 13 has been cleared.
[2026-07-28T09:45:19.196] [DEBUG] debug-file - Current idle worker size: 1.
[2026-07-28T09:45:19.196] [DEBUG] debug-file - Current busy worker size: 1.
[2026-07-28T09:45:19.196] [DEBUG] debug-file - Clear worker 4.
[2026-07-28T09:45:19.196] [DEBUG] debug-file - Worker 4 has been cleared.
[2026-07-28T09:45:19.196] [DEBUG] debug-file - Current idle worker size: 0.
[2026-07-28T09:45:19.196] [DEBUG] debug-file - Current busy worker size: 1.
[2026-07-28T09:45:19.196] [DEBUG] debug-file - Clear worker 14.
[2026-07-28T09:45:19.196] [DEBUG] debug-file - Worker 14 has been cleared.
[2026-07-28T09:45:19.196] [DEBUG] debug-file - Current idle worker size: 0.
[2026-07-28T09:45:19.196] [DEBUG] debug-file - Current busy worker size: 0.
[2026-07-28T09:45:19.201] [DEBUG] debug-file - hvigor build process will be closed.
[2026-07-28T09:45:19.211] [DEBUG] debug-file - Current worker pool is terminated.
[2026-07-28T09:45:19.212] [DEBUG] debug-file - worker[0] exits with exit code 1.
[2026-07-28T09:45:19.212] [DEBUG] debug-file - worker[1] exits with exit code 1.
[2026-07-28T09:45:19.225] [DEBUG] debug-file - worker[14] exits with exit code 1.
[2026-07-28T09:45:19.229] [DEBUG] debug-file - worker[13] exits with exit code 1.
[2026-07-28T09:45:19.306] [DEBUG] debug-file - worker[4] exits with exit code 1.
[2026-07-28T09:46:20.252] [DEBUG] debug-file - env: nodejsVersion=v18.20.1
[2026-07-28T09:46:20.996] [DEBUG] debug-file - Hvigor init with startParameters:{
  hvigorfileTypeCheck: false,
  parallelExecution: true,
  incrementalExecution: true,
  printStackTrace: false,
  daemon: false,
  analyze: 0,
  logLevel: Level { level: 20000, levelStr: 'INFO', colour: 'green' },
  optimizationStrategy: 'memory',
  hotCompile: undefined,
  hotReloadBuild: undefined,
  customizedParam: undefined
}
[2026-07-28T09:46:24.057] [DEBUG] debug-file - hvigorfile, require result:  { default: { system: [Function: appTasks], plugins: [] } }
[2026-07-28T09:46:24.062] [DEBUG] debug-file - Starting plugin build process
[2026-07-28T09:46:24.370] [DEBUG] debug-file - Start initialize project's product build option map with build mode debug.
[2026-07-28T09:46:24.368] [DEBUG] debug-file - App plugin register hook start...
[2026-07-28T09:46:24.375] [DEBUG] debug-file - Obtain build option for product 'default'in this build.
[2026-07-28T09:46:24.387] [DEBUG] debug-file - Start recording SDK configuration permission data.
[2026-07-28T09:46:24.466] [DEBUG] debug-file - failed to load cangjie to dynamically generate schemas: Error: Cannot find module '@ohos/cangjie-build-support/index'
Require stack:
- E:\DevEco Studio\tools\hvigor\hvigor-ohos-plugin\src\plugin\hooks\cangjie-register.js
- E:\DevEco Studio\tools\hvigor\hvigor-ohos-plugin\src\plugin\strategy\stage-init-strategy.js
- E:\DevEco Studio\tools\hvigor\hvigor-ohos-plugin\src\plugin\builder\abstract-plugin-builder.js
- E:\DevEco Studio\tools\hvigor\hvigor-ohos-plugin\src\plugin\builder\app-plugin-builder.js
- E:\DevEco Studio\tools\hvigor\hvigor-ohos-plugin\src\plugin\factory\plugin-factory.js
- E:\DevEco Studio\tools\hvigor\hvigor-ohos-plugin\index.js
- D:\HW\UTDesign\cases\libuv\libuv-golden-demo\hvigorfile.ts
- E:\DevEco Studio\tools\hvigor\hvigor\src\base\internal\lifecycle\configuration.js
- E:\DevEco Studio\tools\hvigor\hvigor\src\base\boot\index.js
- E:\DevEco Studio\tools\hvigor\hvigor\src\cli\main\cli.js
- E:\DevEco Studio\tools\hvigor\hvigor\bin\hvigor.js
[2026-07-28T09:46:24.454] [DEBUG] debug-file - Project task initialization takes 11 ms 
[2026-07-28T09:46:24.492] [DEBUG] debug-file - project has submodules:entry
[2026-07-28T09:46:24.482] [DEBUG] debug-file - Start initialize module-target build option map, moduleName=entry, buildMode=debug
[2026-07-28T09:46:24.566] [DEBUG] debug-file - Executing task :entry:ohosTest@PreBuild
[2026-07-28T09:46:24.498] [DEBUG] debug-file - start to load updatedOhPackageInfo to the disk
[2026-07-28T09:46:24.523] [DEBUG] debug-file - Start to initialize dependency information.
[2026-07-28T09:46:20.254] [DEBUG] debug-file - env: hvigor-config.json5 content = {
  modelVersion: '6.1.0',
  dependencies: {},
  execution: {},
  logging: {},
  debugging: {},
  nodeOptions: {}
}
[2026-07-28T09:46:24.755] [DEBUG] debug-file - Executing task :entry:ohosTest@GenerateMetadata
[2026-07-28T09:46:21.008] [DEBUG] debug-file - Cache service initialization finished in 11 ms 
[2026-07-28T09:46:24.057] [DEBUG] debug-file - hvigorfile, binding system plugins [Function: appTasks]
[2026-07-28T09:46:24.062] [DEBUG] debug-file - App plugin prepare start...
[2026-07-28T09:46:24.370] [DEBUG] debug-file - Picking option from product 'default' with build mode 'debug'.
[2026-07-28T09:46:24.368] [DEBUG] debug-file - App plugin register hook end...
[2026-07-28T09:46:24.377] [DEBUG] debug-file - No signingConfig found, initRemoteHspCache failed.
[2026-07-28T09:46:24.441] [DEBUG] debug-file - Sdk init in 63 ms 
[2026-07-28T09:46:24.455] [DEBUG] debug-file - hvigorfile, begin to bind custom plugins...
[2026-07-28T09:46:24.482] [DEBUG] debug-file - Target 'default' config initialized
[2026-07-28T09:46:24.569] [DEBUG] debug-file - Task 'entry:ohosTest@PreBuild' cost while wrapping incremental declarations: 1 ms 
[2026-07-28T09:46:24.501] [DEBUG] debug-file - load to the disk finished
[2026-07-28T09:46:24.534] [DEBUG] debug-file - Module entry Collected Dependency: D:\HW\UTDesign\cases\libuv\libuv-golden-demo\entry\src\main\cpp\types\libentry
[2026-07-28T09:46:20.256] [DEBUG] debug-file - env: daemon=false
[2026-07-28T09:46:24.755] [DEBUG] debug-file - Task 'entry:ohosTest@GenerateMetadata' cost while wrapping incremental declarations: 1 ms 
[2026-07-28T09:46:21.011] [DEBUG] debug-file - hvigorfile, resolving D:\HW\UTDesign\cases\libuv\libuv-golden-demo\hvigorfile.ts
[2026-07-28T09:46:24.062] [DEBUG] debug-file - App plugin prepare end...
[2026-07-28T09:46:24.371] [DEBUG] debug-file - Product 'default' build option initialized
[2026-07-28T09:46:24.368] [DEBUG] debug-file - Plugin build process completed
[2026-07-28T09:46:24.379] [DEBUG] debug-file - Local scan or download HarmonyOS sdk components toolchains,ets,js,native,previewer
[2026-07-28T09:46:24.455] [DEBUG] debug-file - hvigorfile, no custom plugins were found in D:\HW\UTDesign\cases\libuv\libuv-golden-demo\hvigorfile.ts
[2026-07-28T09:46:24.483] [DEBUG] debug-file - Target 'ohosTest' config initialized
[2026-07-28T09:46:24.534] [DEBUG] debug-file - Module entry's total dependency: 1
[2026-07-28T09:46:24.502] [DEBUG] debug-file - Start to initialize dependency information.
[2026-07-28T09:46:24.582] [DEBUG] debug-file - entry:ohosTest@PreBuild is not up-to-date, since the input file 'D:\HW\UTDesign\cases\libuv\libuv-golden-demo\oh-package.json5' has been changed.
[2026-07-28T09:46:20.256] [DEBUG] debug-file - no-daemon, use the parent process.execArgv --max-old-space-size=8192,--max-semi-space-size=16,--expose-gc
[2026-07-28T09:46:24.758] [DEBUG] debug-file - Incremental task entry:ohosTest@GenerateMetadata pre-execution cost: 3 ms .
[2026-07-28T09:46:24.062] [DEBUG] debug-file - App plugin creating...
[2026-07-28T09:46:24.371] [DEBUG] debug-file - End initialize project's product build option map with build mode 'debug'.
[2026-07-28T09:46:24.383] [DEBUG] debug-file - Local scan or download hmscore sdk components toolchains,ets,native
[2026-07-28T09:46:24.455] [DEBUG] debug-file - hvigorfile, resolve finished D:\HW\UTDesign\cases\libuv\libuv-golden-demo\hvigorfile.ts
[2026-07-28T09:46:24.483] [DEBUG] debug-file - Module 'entry' target 'default' build option initialized
[2026-07-28T09:46:24.539] [DEBUG] debug-file - Configuration phase cost:3 s 531 ms 
[2026-07-28T09:46:24.521] [DEBUG] debug-file - Module libuv-golden-demo Collected Dependency: 
[2026-07-28T09:46:24.582] [DEBUG] debug-file - Incremental task entry:ohosTest@PreBuild pre-execution cost: 8 ms .
[2026-07-28T09:46:24.808] [DEBUG] debug-file - Executing task :entry:ohosTest@CreateBuildProfile
[2026-07-28T09:46:24.814] [DEBUG] debug-file - Executing task :entry:ohosTest@PreCheckSyscap
[2026-07-28T09:46:24.819] [DEBUG] debug-file - Executing task :entry:ohosTest@GeneratePkgContextInfo
[2026-07-28T09:46:24.852] [DEBUG] debug-file - Executing task :entry:ohosTest@ProcessIntegratedHsp
[2026-07-28T09:46:24.758] [DEBUG] debug-file - entry : ohosTest@GenerateMetadata cost memory 0.08514404296875
[2026-07-28T09:46:24.856] [DEBUG] debug-file - Executing task :entry:ohosTest@BuildNativeWithCmake
[2026-07-28T09:46:24.863] [DEBUG] debug-file - Use tool [Cmake]
 [
  'E:\\DevEco Studio\\sdk\\default\\openharmony\\native\\build-tools\\cmake\\bin\\cmake.exe',
  '-HD:\\HW\\UTDesign\\cases\\libuv\\libuv-golden-demo\\entry\\src\\ohosTest\\cpp',
  '-BD:\\HW\\UTDesign\\cases\\libuv\\libuv-golden-demo\\entry\\.cxx\\default\\ohosTest\\debug\\x86_64',
  '-DOHOS_ARCH=x86_64',
  '-DCMAKE_LIBRARY_OUTPUT_DIRECTORY=D:\\HW\\UTDesign\\cases\\libuv\\libuv-golden-demo\\entry\\build\\default\\intermediates\\cmake\\ohosTest\\obj\\x86_64',
  '-DCMAKE_BUILD_TYPE=Debug',
  '-DOHOS_SDK_NATIVE=E:\\DevEco Studio\\sdk\\default\\openharmony\\native',
  '-DCMAKE_SYSTEM_NAME=OHOS',
  '-DCMAKE_OHOS_ARCH_ABI=x86_64',
  '-DCMAKE_EXPORT_COMPILE_COMMANDS=ON',
  '-DCMAKE_TOOLCHAIN_FILE=E:\\DevEco Studio\\sdk\\default\\hms\\native\\build\\cmake\\hmos.toolchain.cmake',
  '-GNinja',
  '-DCMAKE_MAKE_PROGRAM=E:\\DevEco Studio\\sdk\\default\\openharmony\\native\\build-tools\\cmake\\bin\\ninja.exe',
  '-DCMAKE_FIND_ROOT_PATH=D:\\HW\\UTDesign\\cases\\libuv\\libuv-golden-demo\\entry\\.cxx\\default\\ohosTest\\debug\\hvigor\\x86_64',
  '-DPACKAGE_FIND_FILE=D:\\HW\\UTDesign\\cases\\libuv\\libuv-golden-demo\\entry\\.cxx\\default\\ohosTest\\debug\\hvigor\\x86_64\\summary.cmake',
  '--no-warn-unused-cli',
  '-DCMAKE_CXX_FLAGS=-std=c++17',
  '-DHMOS_SDK_NATIVE=E:\\DevEco Studio\\sdk\\default\\hms\\native',
  '-DOHOS_COMPATIBLE_SDK_VERSION=6.1.0(23)'
]
[2026-07-28T09:46:24.455] [DEBUG] debug-file - hvigorfile, resolving D:\HW\UTDesign\cases\libuv\libuv-golden-demo\entry\hvigorfile.ts
[2026-07-28T09:46:24.483] [DEBUG] debug-file - Module 'entry' target 'ohosTest' build option initialized
[2026-07-28T09:46:24.547] [DEBUG] debug-file - Configuration task cost before running: 3 s 580 ms 
[2026-07-28T09:46:24.521] [DEBUG] debug-file - Module libuv-golden-demo's total dependency: 0
[2026-07-28T09:46:24.745] [DEBUG] debug-file - current product is not Atomic service.
[2026-07-28T09:46:24.809] [DEBUG] debug-file - Task 'entry:ohosTest@CreateBuildProfile' cost while wrapping incremental declarations: 1 ms 
[2026-07-28T09:46:24.814] [DEBUG] debug-file - entry : ohosTest@PreCheckSyscap cost memory 0.228057861328125
[2026-07-28T09:46:24.830] [DEBUG] debug-file - Task 'entry:ohosTest@GeneratePkgContextInfo' cost while wrapping incremental declarations: 1 ms 
[2026-07-28T09:46:24.852] [DEBUG] debug-file - entry:ohosTest@ProcessIntegratedHsp is not up-to-date, since the output file 'D:\HW\UTDesign\cases\libuv\libuv-golden-demo\build\cache\default\integrated_hsp\integratedHspCache.json' does not exist.
[2026-07-28T09:46:24.759] [INFO] debug-file - UP-TO-DATE :entry:ohosTest@GenerateMetadata...  
[2026-07-28T09:46:24.464] [DEBUG] debug-file - hvigorfile, require result:  { default: { system: [Function: hapTasks], plugins: [] } }
[2026-07-28T09:46:24.483] [DEBUG] debug-file - End initialize module-target build option map, moduleName=entry
[2026-07-28T09:46:24.745] [DEBUG] debug-file - Use tool [win32: JAVA_HOME, CLASSPATH]
 [ { JAVA_HOME: 'E:\\Java\\jdk-21.0.11' }, { CLASSPATH: undefined } ]
[2026-07-28T09:46:24.811] [DEBUG] debug-file - Incremental task entry:ohosTest@CreateBuildProfile pre-execution cost: 2 ms .
[2026-07-28T09:46:24.814] [DEBUG] debug-file - runTaskFromQueue task cost before running: 3 s 848 ms 
[2026-07-28T09:46:24.831] [DEBUG] debug-file - entry : ohosTest@GeneratePkgContextInfo cost memory 0.38470458984375
[2026-07-28T09:46:24.852] [DEBUG] debug-file - Incremental task entry:ohosTest@ProcessIntegratedHsp pre-execution cost: 1 ms .
[2026-07-28T09:46:24.761] [DEBUG] debug-file - Executing task :entry:ohosTest@ConfigureCmake
[2026-07-28T09:46:24.464] [DEBUG] debug-file - hvigorfile, binding system plugins [Function: hapTasks]
[2026-07-28T09:46:24.484] [DEBUG] debug-file - Start initialize module-target build option map, moduleName=entry, buildMode=release
[2026-07-28T09:46:24.745] [DEBUG] debug-file - Use tool [win32: NODE_HOME]
 [ { NODE_HOME: undefined } ]
[2026-07-28T09:46:24.883] [DEBUG] debug-file - Clean CMakeCache.txt due to outdated CMake configuration.
[2026-07-28T09:46:24.811] [DEBUG] debug-file - entry : ohosTest@CreateBuildProfile cost memory 0.1046142578125
[2026-07-28T09:46:24.815] [INFO] debug-file - Finished :entry:ohosTest@PreCheckSyscap... after 1 ms 
[2026-07-28T09:46:24.831] [DEBUG] debug-file - runTaskFromQueue task cost before running: 3 s 865 ms 
[2026-07-28T09:46:24.853] [DEBUG] debug-file - entry : ohosTest@ProcessIntegratedHsp cost memory 0.05129241943359375
[2026-07-28T09:46:24.798] [DEBUG] debug-file - entry : ohosTest@ConfigureCmake cost memory 1.1585159301757812
[2026-07-28T09:46:24.464] [DEBUG] debug-file - Starting plugin build process
[2026-07-28T09:46:24.484] [DEBUG] debug-file - Target 'default' config initialized
[2026-07-28T09:46:24.746] [DEBUG] debug-file - entry : ohosTest@PreBuild cost memory -1.8995132446289062
[2026-07-28T09:46:24.811] [INFO] debug-file - UP-TO-DATE :entry:ohosTest@CreateBuildProfile...  
[2026-07-28T09:46:24.831] [INFO] debug-file - Finished :entry:ohosTest@GeneratePkgContextInfo... after 13 ms 
[2026-07-28T09:46:24.853] [DEBUG] debug-file - runTaskFromQueue task cost before running: 3 s 887 ms 
[2026-07-28T09:46:24.798] [DEBUG] debug-file - runTaskFromQueue task cost before running: 3 s 832 ms 
[2026-07-28T09:46:24.464] [DEBUG] debug-file - Hap plugin creating...
[2026-07-28T09:46:24.484] [DEBUG] debug-file - Target 'ohosTest' config initialized
[2026-07-28T09:46:24.747] [DEBUG] debug-file - runTaskFromQueue task cost before running: 3 s 780 ms 
[2026-07-28T09:46:24.886] [DEBUG] debug-file - - no fingerprint file, will remove stale cache CMakeCache.txt
[2026-07-28T09:46:24.833] [DEBUG] debug-file - Executing task :entry:ohosTest@GeneratePkgSdkInfo
[2026-07-28T09:46:24.853] [INFO] debug-file - Finished :entry:ohosTest@ProcessIntegratedHsp... after 2 ms 
[2026-07-28T09:46:24.799] [INFO] debug-file - Finished :entry:ohosTest@ConfigureCmake... after 38 ms 
[2026-07-28T09:46:24.484] [DEBUG] debug-file - Module 'entry' target 'default' build option initialized
[2026-07-28T09:46:24.750] [INFO] debug-file - Finished :entry:ohosTest@PreBuild... after 181 ms 
[2026-07-28T09:46:24.888] [DEBUG] debug-file - Since there is no instance or instance is terminated, create a new worker pool.
[2026-07-28T09:46:24.893] [DEBUG] debug-file - Create  resident worker with id: 0.
[2026-07-28T09:46:24.910] [DEBUG] debug-file - Executing task :entry:ohosTest@MakePackInfo
[2026-07-28T09:46:24.918] [DEBUG] debug-file - Executing task :entry:ohosTest@SyscapTransform
[2026-07-28T09:46:24.949] [DEBUG] debug-file - Executing task :entry:ohosTest@ProcessProfile
[2026-07-28T09:46:24.972] [DEBUG] debug-file - Executing task :entry:ohosTest@ProcessShareConfig
[2026-07-28T09:46:24.955] [DEBUG] debug-file - Executing task :entry:ohosTest@ProcessRouterMap
[2026-07-28T09:46:24.980] [DEBUG] debug-file - Executing task :entry:ohosTest@ProcessStartupConfig
[2026-07-28T09:46:25.009] [DEBUG] debug-file - Executing task :entry:ohosTest@GenerateLoaderJson
[2026-07-28T09:46:24.991] [DEBUG] debug-file - Executing task :entry:ohosTest@ProcessResource
[2026-07-28T09:46:24.837] [DEBUG] debug-file - Task 'entry:ohosTest@GeneratePkgSdkInfo' cost while wrapping incremental declarations: 1 ms 
[2026-07-28T09:46:24.801] [DEBUG] debug-file - Executing task :entry:ohosTest@MergeProfile
[2026-07-28T09:46:24.484] [DEBUG] debug-file - Module 'entry' target 'ohosTest' build option initialized
[2026-07-28T09:46:25.031] [DEBUG] debug-file - Executing task :entry:ohosTest@CompileResource
[2026-07-28T09:46:25.097] [DEBUG] debug-file - Executing task :entry:ohosTest@OhosTestBuildJS
[2026-07-28T09:46:24.751] [DEBUG] debug-file - Executing task :entry:ohosTest@CreateModuleInfo
[2026-07-28T09:46:24.888] [DEBUG] debug-file - Worker pool is initialized with config:  {
  minPoolNum: 2,
  maxPoolNum: undefined,
  maxCoreSize: undefined,
  cacheCapacity: undefined,
  cacheTtl: undefined
}
[2026-07-28T09:46:24.898] [DEBUG] debug-file - Create  resident worker with id: 1.
[2026-07-28T09:46:25.046] [DEBUG] debug-file - Executing task :entry:ohosTest@OhosTestCompileArkTS
[2026-07-28T09:46:24.913] [DEBUG] debug-file - Incremental task entry:ohosTest@MakePackInfo pre-execution cost: 3 ms .
[2026-07-28T09:46:24.918] [DEBUG] debug-file - File: 'D:\HW\UTDesign\cases\libuv\libuv-golden-demo\entry\src\ohosTest\syscap.json' from 'sysCapJsonPath' is not exists, just ignore.
[2026-07-28T09:46:24.951] [DEBUG] debug-file - Task 'entry:ohosTest@ProcessProfile' cost while wrapping incremental declarations: 1 ms 
[2026-07-28T09:46:24.974] [DEBUG] debug-file - entry:ohosTest@ProcessShareConfig is not up-to-date, since the input file 'D:\HW\UTDesign\cases\libuv\libuv-golden-demo\oh-package.json5' has been changed.
[2026-07-28T09:46:24.960] [DEBUG] debug-file - entry:ohosTest@ProcessRouterMap is not up-to-date, since the input file 'D:\HW\UTDesign\cases\libuv\libuv-golden-demo\oh-package.json5' has been changed.
[2026-07-28T09:46:24.981] [DEBUG] debug-file - Task 'entry:ohosTest@ProcessStartupConfig' cost while wrapping incremental declarations: 1 ms 
[2026-07-28T09:46:25.011] [DEBUG] debug-file - Task 'entry:ohosTest@GenerateLoaderJson' cost while wrapping incremental declarations: 1 ms 
[2026-07-28T09:46:24.992] [DEBUG] debug-file - Task 'entry:ohosTest@ProcessResource' cost while wrapping incremental declarations: 1 ms 
[2026-07-28T09:46:24.838] [DEBUG] debug-file - entry:ohosTest@GeneratePkgSdkInfo is not up-to-date, since the task snapshots are different.
[2026-07-28T09:46:24.801] [DEBUG] debug-file - Task 'entry:ohosTest@MergeProfile' cost while wrapping incremental declarations: 1 ms 
[2026-07-28T09:46:24.484] [DEBUG] debug-file - End initialize module-target build option map, moduleName=entry
[2026-07-28T09:46:25.041] [DEBUG] debug-file - Incremental task entry:ohosTest@CompileResource pre-execution cost: 8 ms .
[2026-07-28T09:46:25.098] [DEBUG] debug-file - Task 'entry:ohosTest@OhosTestBuildJS' cost while wrapping incremental declarations: 1 ms 
[2026-07-28T09:46:24.751] [DEBUG] debug-file - Task 'entry:ohosTest@CreateModuleInfo' cost while wrapping incremental declarations: 1 ms 
[2026-07-28T09:46:24.902] [DEBUG] debug-file - ohosTest@BuildNativeWithCmake work[0] is submitted.
[2026-07-28T09:46:24.914] [DEBUG] debug-file - entry : ohosTest@MakePackInfo cost memory 0.11553192138671875
[2026-07-28T09:46:25.047] [DEBUG] debug-file - obfuscationOptions: undefined
[2026-07-28T09:46:24.920] [DEBUG] debug-file - Task 'entry:ohosTest@SyscapTransform' cost while wrapping incremental declarations: 2 ms 
[2026-07-28T09:46:24.952] [DEBUG] debug-file - Incremental task entry:ohosTest@ProcessProfile pre-execution cost: 1 ms .
[2026-07-28T09:46:24.974] [DEBUG] debug-file - Incremental task entry:ohosTest@ProcessShareConfig pre-execution cost: 2 ms .
[2026-07-28T09:46:24.961] [DEBUG] debug-file - Incremental task entry:ohosTest@ProcessRouterMap pre-execution cost: 4 ms .
[2026-07-28T09:46:24.982] [DEBUG] debug-file - entry:ohosTest@ProcessStartupConfig is not up-to-date, since the output file 'D:\HW\UTDesign\cases\libuv\libuv-golden-demo\entry\build\default\intermediates\startup\ohosTest\startup_config.json' does not exist.
[2026-07-28T09:46:25.021] [DEBUG] debug-file - entry:ohosTest@GenerateLoaderJson is not up-to-date, since the input file 'D:\HW\UTDesign\cases\libuv\libuv-golden-demo\entry\build\default\intermediates\router_map\ohosTest\temp-router-map.json' has been changed.
[2026-07-28T09:46:24.996] [DEBUG] debug-file - Incremental task entry:ohosTest@ProcessResource pre-execution cost: 3 ms .
[2026-07-28T09:46:24.838] [DEBUG] debug-file - Incremental task entry:ohosTest@GeneratePkgSdkInfo pre-execution cost: 1 ms .
[2026-07-28T09:46:24.804] [DEBUG] debug-file - Incremental task entry:ohosTest@MergeProfile pre-execution cost: 2 ms .
[2026-07-28T09:46:24.484] [DEBUG] debug-file - Start initialize module-target build option map, moduleName=entry, buildMode=debug
[2026-07-28T09:46:25.041] [DEBUG] debug-file - entry : ohosTest@CompileResource cost memory 0.6430587768554688
[2026-07-28T09:46:25.104] [DEBUG] debug-file - entry : ohosTest@OhosTestBuildJS cost memory 0.1779327392578125
[2026-07-28T09:46:24.752] [DEBUG] debug-file - entry : ohosTest@CreateModuleInfo cost memory 0.03803253173828125
[2026-07-28T09:46:24.903] [DEBUG] debug-file - ohosTest@BuildNativeWithCmake work[0] is pushed to ready queue.
[2026-07-28T09:46:24.914] [INFO] debug-file - UP-TO-DATE :entry:ohosTest@MakePackInfo...  
[2026-07-28T09:46:25.054] [DEBUG] debug-file - Task 'entry:ohosTest@OhosTestCompileArkTS' cost while wrapping incremental declarations: 1 ms 
[2026-07-28T09:46:24.942] [DEBUG] debug-file - entry:ohosTest@SyscapTransform is not up-to-date, since the output file 'D:\HW\UTDesign\cases\libuv\libuv-golden-demo\entry\build\default\intermediates\syscap\ohosTest\rpcid.sc' does not exist.
[2026-07-28T09:46:24.952] [DEBUG] debug-file - entry : ohosTest@ProcessProfile cost memory 0.1272430419921875
[2026-07-28T09:46:24.976] [DEBUG] debug-file - entry : ohosTest@ProcessShareConfig cost memory 0.105316162109375
[2026-07-28T09:46:24.966] [DEBUG] debug-file - entry : ohosTest@ProcessRouterMap cost memory 0.116729736328125
[2026-07-28T09:46:24.982] [DEBUG] debug-file - Incremental task entry:ohosTest@ProcessStartupConfig pre-execution cost: 1 ms .
[2026-07-28T09:46:25.021] [DEBUG] debug-file - Incremental task entry:ohosTest@GenerateLoaderJson pre-execution cost: 4 ms .
[2026-07-28T09:46:24.997] [DEBUG] debug-file - entry : ohosTest@ProcessResource cost memory 0.154541015625
[2026-07-28T09:46:24.840] [DEBUG] debug-file - entry : ohosTest@GeneratePkgSdkInfo cost memory 0.28765869140625
[2026-07-28T09:46:24.804] [DEBUG] debug-file - entry : ohosTest@MergeProfile cost memory 0.15639495849609375
[2026-07-28T09:46:24.484] [DEBUG] debug-file - Target 'default' config initialized
[2026-07-28T09:46:25.042] [INFO] debug-file - UP-TO-DATE :entry:ohosTest@CompileResource...  
[2026-07-28T09:46:25.105] [DEBUG] debug-file - runTaskFromQueue task cost before running: 4 s 138 ms 
[2026-07-28T09:46:24.752] [DEBUG] debug-file - runTaskFromQueue task cost before running: 3 s 786 ms 
[2026-07-28T09:46:24.904] [DEBUG] debug-file - A work dispatched to worker[15] failed because unable to get work from ready queue.
[2026-07-28T09:46:25.081] [DEBUG] debug-file - build config:
[2026-07-28T09:46:24.942] [DEBUG] debug-file - Incremental task entry:ohosTest@SyscapTransform pre-execution cost: 22 ms .
[2026-07-28T09:46:24.952] [INFO] debug-file - UP-TO-DATE :entry:ohosTest@ProcessProfile...  
[2026-07-28T09:46:24.977] [DEBUG] debug-file - runTaskFromQueue task cost before running: 4 s 11 ms 
[2026-07-28T09:46:24.966] [DEBUG] debug-file - runTaskFromQueue task cost before running: 3 s 1000 ms 
[2026-07-28T09:46:24.982] [DEBUG] debug-file - entry : ohosTest@ProcessStartupConfig cost memory 0.33887481689453125
[2026-07-28T09:46:25.025] [DEBUG] debug-file - entry : ohosTest@GenerateLoaderJson cost memory 0.43597412109375
[2026-07-28T09:46:25.004] [INFO] debug-file - UP-TO-DATE :entry:ohosTest@ProcessResource...  
[2026-07-28T09:46:24.840] [DEBUG] debug-file - runTaskFromQueue task cost before running: 3 s 874 ms 
[2026-07-28T09:46:24.804] [INFO] debug-file - UP-TO-DATE :entry:ohosTest@MergeProfile...  
[2026-07-28T09:46:24.485] [DEBUG] debug-file - Target 'ohosTest' config initialized
[2026-07-28T09:46:25.105] [INFO] debug-file - Finished :entry:ohosTest@OhosTestBuildJS... after 8 ms 
[2026-07-28T09:46:24.752] [INFO] debug-file - Finished :entry:ohosTest@CreateModuleInfo... after 1 ms 
[2026-07-28T09:46:24.904] [DEBUG] debug-file - Create  resident worker with id: 14.
[2026-07-28T09:46:25.082] [DEBUG] debug-file - {
  moduleType: 'entry',
  perf: 0,
  targetName: '.ohosTest',
  packageManagerType: 'ohpm',
  localPropertiesPath: 'D:\\HW\\UTDesign\\cases\\libuv\\libuv-golden-demo\\local.properties',
  isPreview: false,
  isOhosTest: true,
  isLocalTest: false,
  buildMode: 'Debug',
  hotReloadBuild: undefined,
  watchMode: 'false',
  aceProfilePath: 'D:\\HW\\UTDesign\\cases\\libuv\\libuv-golden-demo\\entry\\build\\default\\intermediates\\res\\ohosTest\\resources\\base\\profile',
  etsLoaderPath: 'E:\\DevEco Studio\\sdk\\default\\openharmony\\ets\\build-tools\\ets-loader',
  modulePath: 'D:\\HW\\UTDesign\\cases\\libuv\\libuv-golden-demo\\entry',
  testFrameworkPar: {
    testMode: 'ohosTest',
    coveragePathFilter: undefined,
    coverageMode: undefined
  },
  needCoverageInsert: false,
  debugLine: false,
  projectTopDir: 'D:\\HW\\UTDesign\\cases\\libuv\\libuv-golden-demo',
  compileSdkVersion: 23,
  compatibleSdkVersion: 23,
  originCompatibleSdkVersion: '6.1.0(23)',
  compatibleSdkVersionStage: undefined,
  bundleName: 'c***n',
  etsLoaderVersion: '6.1.0.105',
  etsLoaderReleaseType: 'Release',
  aotCompileMode: 'type',
  apPath: 'D:\\HW\\UTDesign\\cases\\libuv\\libuv-golden-demo\\entry\\modules.ap',
  entryModuleName: 'entry',
  entryModuleVersion: '1.0.0',
  entryPackageName: 'entry',
  allModuleNameHash: '0c41aa2ce588995904699f5f36eceff65d12a57451948b947162a49d8fb4beee',
  externalApiPaths: [ 'E:\\DevEco Studio\\sdk\\default\\hms\\ets' ],
  compilerTypes: [],
  isCrossplatform: false,
  hvigorPluginFile: undefined,
  compilePluginPath: undefined,
  buildGeneratedProfilePath: 'D:\\HW\\UTDesign\\cases\\libuv\\libuv-golden-demo\\entry\\build\\default\\generated\\profile\\ohosTest',
  bundleType: 'app',
  arkTSVersion: undefined,
  apiVersion: 23,
  needCompleteSourcesMap: true,
  isFaMode: false,
  buildDir: 'D:\\HW\\UTDesign\\cases\\libuv\\libuv-golden-demo\\entry\\build',
  deviceTypes: [ '2in1' ],
  pkgContextInfo: undefined,
  ohPackagePathMap: {},
  dependencyAliasMap: {},
  permission: { requestPermissions: undefined, definePermissions: undefined },
  useGetCurrentBundleName: false,
  projectArkOption: undefined,
  sourceMapDir: undefined,
  branchElimination: false,
  transformLib: undefined,
  tsImportSendable: false,
  resolveConflictMode: true,
  depName2RootPath: {},
  depName2DepInfo: {},
  depName2OhExports: {},
  rootPathSet: [ 'D:\\HW\\UTDesign\\cases\\libuv\\libuv-golden-demo' ],
  useNativeResolver: true,
  shouldEmitJs: true,
  useTscResolve: false,
  singleFileEmit: false,
  userProjectConfig: {
    autoLazyImport: false,
    allowEmptyBundleName: false,
    reExportCheckMode: 'noCheck',
    executionMode: 'memory',
    usePathPlaceholder: false,
    writeRollupCache: true,
    isExpandImportEnabled: false,
    expandImportExclude: '',
    lazyImportExclude: '',
    lazyImportInclude: '',
    ignoreCrossplatformCheck: false,
    isHarDeduplicateEnabled: false,
    skipOhModulesLint: false,
    enableStrictCheckOHModule: false,
    disableSendableCheckRules: [],
    useDeclarationFileSignature: false,
    customizedOptions: undefined,
    integratedHsp: false,
    isPreloadSoEnabled: false
  },
  executionMode: 'memory',
  arkCompileCachePath: 'D:\\HW\\UTDesign\\cases\\libuv\\libuv-golden-demo\\entry\\build\\default\\cache\\ohosTest\\ohosTest@OhosTestCompileArkTS\\esmodule',
  autoLazyFilter: undefined,
  isHarDeduplicateEnabled: false,
  intermediateHarDuplicateDirPath: 'D:\\HW\\UTDesign\\cases\\libuv\\libuv-golden-demo\\entry\\build\\default\\intermediates\\har_duplicate\\ohosTest',
  autoLazyImport: false,
  allowEmptyBundleName: false,
  reExportCheckMode: 'noCheck',
  usePathPlaceholder: false,
  writeRollupCache: true,
  isExpandImportEnabled: false,
  expandImportExclude: '',
  lazyImportExclude: '',
  lazyImportInclude: '',
  ignoreCrossplatformCheck: false,
  skipOhModulesLint: false,
  enableStrictCheckOHModule: false,
  disableSendableCheckRules: [],
  useDeclarationFileSignature: false,
  customizedOptions: undefined,
  integratedHsp: false,
  isPreloadSoEnabled: false,
  strictMode: undefined,
  useNormalizedOHMUrl: false,
  caseSensitiveCheck: false,
  aceModuleJsonPath: 'D:\\HW\\UTDesign\\cases\\libuv\\libuv-golden-demo\\entry\\build\\default\\intermediates\\res\\ohosTest\\ark_module.json',
  appResource: 'D:\\HW\\UTDesign\\cases\\libuv\\libuv-golden-demo\\entry\\build\\default\\intermediates\\res\\ohosTest\\ResourceTable.txt',
  rawFileResource: 'D:\\HW\\UTDesign\\cases\\libuv\\libuv-golden-demo\\entry\\build\\default\\intermediates\\res\\ohosTest\\resources\\rawfile',
  resourceTableHash: 'ac7fc51dc1eb90c07d50ee0e8e349e385bb7ba12ae77cb4d1ca37b836b0d4675',
  runtimeOS: 'HarmonyOS',
  sdkInfo: 'false:23:6.1.0.105:Release',
  aceModuleRoot: 'D:\\HW\\UTDesign\\cases\\libuv\\libuv-golden-demo\\entry\\src\\ohosTest\\ets',
  compileMode: 'esmodule',
  aceSuperVisualPath: 'D:\\HW\\UTDesign\\cases\\libuv\\libuv-golden-demo\\entry\\src\\ohosTest\\supervisual',
  aceBuildJson: 'D:\\HW\\UTDesign\\cases\\libuv\\libuv-golden-demo\\entry\\build\\default\\intermediates\\loader\\ohosTest\\loader.json',
  cachePath: 'D:\\HW\\UTDesign\\cases\\libuv\\libuv-golden-demo\\entry\\build\\default\\cache\\ohosTest\\ohosTest@OhosTestCompileArkTS\\esmodule\\debug',
  aceModuleBuild: 'D:\\HW\\UTDesign\\cases\\libuv\\libuv-golden-demo\\entry\\build\\default\\intermediates\\loader_out\\ohosTest\\ets',
  supportChunks: false,
  declaredFilesPath: undefined,
  shouldCollectDirectImportees: false,
  isByteCodeHarOptimize: false,
  expandImportPath: undefined,
  resourceTableTs: 'D:\\HW\\UTDesign\\cases\\libuv\\libuv-golden-demo\\entry\\build\\default\\generated\\r\\ohosTest\\ResourceTable.ts',
  moduleMetaInfoFiles: [
    {
      filePath: 'D:\\HW\\UTDesign\\cases\\libuv\\libuv-golden-demo\\entry\\build\\default\\generated\\r\\ohosTest\\ResourceTable.ts',
      ohmurl: 'com.thirdparty.validation.libuv.golden/entry/build/generated/r/ResourceTable'
    }
  ],
  pkgNameToPkgBriefInfo: {
    entry: {
      pkgRoot: 'D:\\HW\\UTDesign\\cases\\libuv\\libuv-golden-demo\\entry',
      originalSourceRoots: undefined,
      sourceRoots: [Array],
      pkgName: 'entry'
    }
  },
  projectModel: {
    'D:\\HW\\UTDesign\\cases\\libuv\\libuv-golden-demo\\entry\\src\\main': {
      moduleName: 'entry',
      modulePkgPath: 'D:\\HW\\UTDesign\\cases\\libuv\\libuv-golden-demo\\entry',
      belongProjectPath: 'D:\\HW\\UTDesign\\cases\\libuv\\libuv-golden-demo'
    },
    'D:\\HW\\UTDesign\\cases\\libuv\\libuv-golden-demo\\entry\\src\\ohosTest': {
      moduleName: 'entry_test',
      modulePkgPath: 'D:\\HW\\UTDesign\\cases\\libuv\\libuv-golden-demo\\entry',
      belongProjectPath: 'D:\\HW\\UTDesign\\cases\\libuv\\libuv-golden-demo'
    },
    'D:\\HW\\UTDesign\\cases\\libuv\\libuv-golden-demo\\entry': {
      moduleName: 'entry',
      modulePkgPath: 'D:\\HW\\UTDesign\\cases\\libuv\\libuv-golden-demo\\entry',
      belongProjectPath: 'D:\\HW\\UTDesign\\cases\\libuv\\libuv-golden-demo'
    },
    'D:\\HW\\UTDesign\\cases\\libuv\\libuv-golden-demo': {
      moduleName: 'libuv-golden-demo',
      modulePkgPath: 'D:\\HW\\UTDesign\\cases\\libuv\\libuv-golden-demo',
      belongProjectPath: 'D:\\HW\\UTDesign\\cases\\libuv\\libuv-golden-demo'
    }
  },
  pkgJsonFileHash: '846aabd2221e8e7e03b0807cf3d2906763b6f097e8759f4df63f5c14529f05f3',
  allModulePaths: [ 'D:\\HW\\UTDesign\\cases\\libuv\\libuv-golden-demo\\entry' ],
  routerMap: {},
  obfuscationOptions: undefined,
  byteCodeHarToDependencyKeys: undefined,
  compileBlockPkg: [],
  mockParams: {
    decorator: '@MockSetup',
    packageName: '@ohos/hamock',
    etsSourceRootPath: 'src/main/ets',
    mockConfigPath: undefined,
    mockConfigKey2ModuleInfo: {},
    source2ModuleIdMap: {}
  },
  copyCodeResourceEnable: true,
  copyCodeResourceExcludes: [],
  copyCodeResourceIncludes: undefined,
  uiTransformOptimization: false,
  sdkPath: 'E:/DevEco Studio/sdk',
  needPreloadSoFileSet: {},
  preloadSoFilePath: 'D:\\HW\\UTDesign\\cases\\libuv\\libuv-golden-demo\\entry\\build\\default\\intermediates\\preload\\ohosTest\\preload.json',
  useSourceHash: false,
  localModuleParamMap: {},
  otherPaths: {
    'entry/*': [
      '..\\..\\main\\*',
      '..\\..\\..\\build\\default\\generated\\profile\\ohosTest\\*'
    ]
  },
  collectImportersConfig: undefined
}
[2026-07-28T09:46:24.943] [DEBUG] debug-file - entry : ohosTest@SyscapTransform cost memory 0.13401031494140625
[2026-07-28T09:46:24.978] [INFO] debug-file - Finished :entry:ohosTest@ProcessShareConfig... after 6 ms 
[2026-07-28T09:46:24.967] [INFO] debug-file - Finished :entry:ohosTest@ProcessRouterMap... after 11 ms 
[2026-07-28T09:46:24.982] [DEBUG] debug-file - runTaskFromQueue task cost before running: 4 s 16 ms 
[2026-07-28T09:46:25.025] [DEBUG] debug-file - runTaskFromQueue task cost before running: 4 s 59 ms 
[2026-07-28T09:46:24.840] [INFO] debug-file - Finished :entry:ohosTest@GeneratePkgSdkInfo... after 8 ms 
[2026-07-28T09:46:24.485] [DEBUG] debug-file - Module 'entry' target 'default' build option initialized
[2026-07-28T09:46:24.906] [DEBUG] debug-file - ohosTest@BuildNativeWithCmake work[0] has been dispatched to worker[14].
[2026-07-28T09:46:25.083] [DEBUG] debug-file - Compile arkts with external api path: E:\DevEco Studio\sdk\default\hms\ets
[2026-07-28T09:46:24.944] [DEBUG] debug-file - runTaskFromQueue task cost before running: 3 s 978 ms 
[2026-07-28T09:46:25.028] [INFO] debug-file - Finished :entry:ohosTest@GenerateLoaderJson... after 17 ms 
[2026-07-28T09:46:24.982] [INFO] debug-file - Finished :entry:ohosTest@ProcessStartupConfig... after 2 ms 
[2026-07-28T09:46:24.485] [DEBUG] debug-file - Module 'entry' target 'ohosTest' build option initialized
[2026-07-28T09:46:24.906] [DEBUG] debug-file - ohosTest@BuildNativeWithCmake work[0] is dispatched.
[2026-07-28T09:46:25.086] [DEBUG] debug-file - ohosTest@OhosTestCompileArkTS work[1] is submitted.
[2026-07-28T09:46:24.944] [INFO] debug-file - Finished :entry:ohosTest@SyscapTransform... after 26 ms 
[2026-07-28T09:46:25.030] [DEBUG] debug-file - restool module names: entry,entry_test; moduleName=entry, taskName=ohosTest@CompileResource
[2026-07-28T09:46:24.984] [DEBUG] debug-file - restool module names: entry,entry_test; moduleName=entry, taskName=ohosTest@ProcessResource
[2026-07-28T09:46:24.485] [DEBUG] debug-file - End initialize module-target build option map, moduleName=entry
[2026-07-28T09:46:24.906] [DEBUG] debug-file - entry : ohosTest@BuildNativeWithCmake cost memory 1.2596893310546875
[2026-07-28T09:46:25.086] [DEBUG] debug-file - ohosTest@OhosTestCompileArkTS work[1] is pushed to ready queue.
[2026-07-28T09:46:24.485] [DEBUG] debug-file - Obtain build option for module 'entry' target 'ohosTest'in this build.
[2026-07-28T09:46:25.087] [DEBUG] debug-file - A work dispatched to worker[15] failed because unable to get work from ready queue.
[2026-07-28T09:46:24.490] [DEBUG] debug-file - Module entry task initialization takes 5 ms 
[2026-07-28T09:46:25.087] [DEBUG] debug-file - A work dispatched to worker[14] failed because of worker busy.
[2026-07-28T09:46:24.491] [DEBUG] debug-file - Hap plugin register hook start...
[2026-07-28T09:46:25.087] [DEBUG] debug-file - A work dispatched to worker[13] failed because unable to get work from ready queue.
[2026-07-28T09:46:24.491] [DEBUG] debug-file - Hap plugin register hook end...
[2026-07-28T09:46:25.087] [DEBUG] debug-file - A work dispatched to worker[12] failed because unable to get work from ready queue.
[2026-07-28T09:46:24.491] [DEBUG] debug-file - Plugin build process completed
[2026-07-28T09:46:25.087] [DEBUG] debug-file - A work dispatched to worker[11] failed because unable to get work from ready queue.
[2026-07-28T09:46:24.491] [DEBUG] debug-file - hvigorfile, begin to bind custom plugins...
[2026-07-28T09:46:25.087] [DEBUG] debug-file - A work dispatched to worker[10] failed because unable to get work from ready queue.
[2026-07-28T09:46:24.491] [DEBUG] debug-file - hvigorfile, no custom plugins were found in D:\HW\UTDesign\cases\libuv\libuv-golden-demo\entry\hvigorfile.ts
[2026-07-28T09:46:25.087] [DEBUG] debug-file - A work dispatched to worker[9] failed because unable to get work from ready queue.
[2026-07-28T09:46:24.491] [DEBUG] debug-file - hvigorfile, resolve finished D:\HW\UTDesign\cases\libuv\libuv-golden-demo\entry\hvigorfile.ts
[2026-07-28T09:46:25.087] [DEBUG] debug-file - A work dispatched to worker[8] failed because unable to get work from ready queue.
[2026-07-28T09:46:25.087] [DEBUG] debug-file - A work dispatched to worker[7] failed because unable to get work from ready queue.
[2026-07-28T09:46:25.087] [DEBUG] debug-file - A work dispatched to worker[6] failed because unable to get work from ready queue.
[2026-07-28T09:46:25.087] [DEBUG] debug-file - A work dispatched to worker[5] failed because unable to get work from ready queue.
[2026-07-28T09:46:25.088] [DEBUG] debug-file - Create  resident worker with id: 4.
[2026-07-28T09:46:25.089] [DEBUG] debug-file - ohosTest@OhosTestCompileArkTS work[1] has been dispatched to worker[4].
[2026-07-28T09:46:25.090] [DEBUG] debug-file - ohosTest@OhosTestCompileArkTS work[1] is dispatched.
[2026-07-28T09:46:25.090] [DEBUG] debug-file - CopyResources startTime: 970399981139200
[2026-07-28T09:46:25.090] [DEBUG] debug-file - ohosTest@OhosTestCompileArkTS work[2] is submitted.
[2026-07-28T09:46:25.090] [DEBUG] debug-file - ohosTest@OhosTestCompileArkTS work[2] is pushed to ready queue.
[2026-07-28T09:46:25.090] [DEBUG] debug-file - A work dispatched to worker[15] failed because unable to get work from ready queue.
[2026-07-28T09:46:25.091] [DEBUG] debug-file - A work dispatched to worker[14] failed because of worker busy.
[2026-07-28T09:46:25.091] [DEBUG] debug-file - Create  resident worker with id: 13.
[2026-07-28T09:46:25.092] [DEBUG] debug-file - ohosTest@OhosTestCompileArkTS work[2] has been dispatched to worker[13].
[2026-07-28T09:46:25.092] [DEBUG] debug-file - ohosTest@OhosTestCompileArkTS work[2] is dispatched.
[2026-07-28T09:46:25.093] [DEBUG] debug-file - entry : ohosTest@OhosTestCompileArkTS cost memory 3.036041259765625
[2026-07-28T09:46:26.316] [DEBUG] debug-file - worker[13] has one work done.
[2026-07-28T09:46:26.316] [DEBUG] debug-file - CopyResources is end, endTime: 970401207454600
[2026-07-28T09:46:26.317] [DEBUG] debug-file - ohosTest@OhosTestCompileArkTS work[2] done.
[2026-07-28T09:46:26.317] [DEBUG] debug-file - A work dispatched to worker[13] failed because unable to get work from ready queue.
[2026-07-28T09:46:26.879] [DEBUG] debug-file - Not searching for unused variables given on the command line.

[2026-07-28T09:46:27.059] [DEBUG] debug-file - -- The C compiler identification is Clang 15.0.4

[2026-07-28T09:46:27.329] [DEBUG] debug-file - -- The CXX compiler identification is Clang 15.0.4

[2026-07-28T09:46:27.580] [DEBUG] debug-file - -- Detecting C compiler ABI info

[2026-07-28T09:46:28.200] [DEBUG] debug-file - -- Detecting C compiler ABI info - done

[2026-07-28T09:46:28.212] [DEBUG] debug-file - -- Check for working C compiler: E:/DevEco Studio/sdk/default/openharmony/native/llvm/bin/clang.exe - skipped

[2026-07-28T09:46:28.213] [DEBUG] debug-file - -- Detecting C compile features

[2026-07-28T09:46:28.214] [DEBUG] debug-file - -- Detecting C compile features - done

[2026-07-28T09:46:28.333] [DEBUG] debug-file - -- Detecting CXX compiler ABI info

[2026-07-28T09:46:29.110] [DEBUG] debug-file - -- Detecting CXX compiler ABI info - done

[2026-07-28T09:46:29.121] [DEBUG] debug-file - -- Check for working CXX compiler: E:/DevEco Studio/sdk/default/openharmony/native/llvm/bin/clang++.exe - skipped

[2026-07-28T09:46:29.121] [DEBUG] debug-file - -- Detecting CXX compile features

[2026-07-28T09:46:29.122] [DEBUG] debug-file - -- Detecting CXX compile features - done

[2026-07-28T09:46:29.139] [DEBUG] debug-file - -- Performing Test UV_LINT_W4

[2026-07-28T09:46:29.457] [DEBUG] debug-file - -- Performing Test UV_LINT_W4 - Failed

[2026-07-28T09:46:29.458] [DEBUG] debug-file - -- Performing Test UV_LINT_NO_UNUSED_PARAMETER_MSVC

[2026-07-28T09:46:29.784] [DEBUG] debug-file - -- Performing Test UV_LINT_NO_UNUSED_PARAMETER_MSVC - Failed

[2026-07-28T09:46:29.786] [DEBUG] debug-file - -- Performing Test UV_LINT_NO_CONDITIONAL_CONSTANT_MSVC

[2026-07-28T09:46:30.110] [DEBUG] debug-file - -- Performing Test UV_LINT_NO_CONDITIONAL_CONSTANT_MSVC - Failed

[2026-07-28T09:46:30.111] [DEBUG] debug-file - -- Performing Test UV_LINT_NO_NONSTANDARD_MSVC

[2026-07-28T09:46:30.451] [DEBUG] debug-file - -- Performing Test UV_LINT_NO_NONSTANDARD_MSVC - Failed

[2026-07-28T09:46:30.452] [DEBUG] debug-file - -- Performing Test UV_LINT_NO_NONSTANDARD_EMPTY_TU_MSVC

[2026-07-28T09:46:30.753] [DEBUG] debug-file - -- Performing Test UV_LINT_NO_NONSTANDARD_EMPTY_TU_MSVC - Failed

[2026-07-28T09:46:30.754] [DEBUG] debug-file - -- Performing Test UV_LINT_NO_NONSTANDARD_FILE_SCOPE_MSVC

[2026-07-28T09:46:31.108] [DEBUG] debug-file - -- Performing Test UV_LINT_NO_NONSTANDARD_FILE_SCOPE_MSVC - Failed

[2026-07-28T09:46:31.109] [DEBUG] debug-file - -- Performing Test UV_LINT_NO_NONSTANDARD_NONSTATIC_DLIMPORT_MSVC

[2026-07-28T09:46:31.449] [DEBUG] debug-file - -- Performing Test UV_LINT_NO_NONSTANDARD_NONSTATIC_DLIMPORT_MSVC - Failed

[2026-07-28T09:46:31.450] [DEBUG] debug-file - -- Performing Test UV_LINT_NO_HIDES_LOCAL

[2026-07-28T09:46:31.817] [DEBUG] debug-file - -- Performing Test UV_LINT_NO_HIDES_LOCAL - Failed

[2026-07-28T09:46:31.818] [DEBUG] debug-file - -- Performing Test UV_LINT_NO_HIDES_PARAM

[2026-07-28T09:46:32.137] [DEBUG] debug-file - -- Performing Test UV_LINT_NO_HIDES_PARAM - Failed

[2026-07-28T09:46:32.138] [DEBUG] debug-file - -- Performing Test UV_LINT_NO_HIDES_GLOBAL

[2026-07-28T09:46:32.508] [DEBUG] debug-file - -- Performing Test UV_LINT_NO_HIDES_GLOBAL - Failed

[2026-07-28T09:46:32.510] [DEBUG] debug-file - -- Performing Test UV_LINT_NO_CONDITIONAL_ASSIGNMENT_MSVC

[2026-07-28T09:46:32.813] [DEBUG] debug-file - -- Performing Test UV_LINT_NO_CONDITIONAL_ASSIGNMENT_MSVC - Failed

[2026-07-28T09:46:32.814] [DEBUG] debug-file - -- Performing Test UV_LINT_NO_UNSAFE_MSVC

[2026-07-28T09:46:33.100] [DEBUG] debug-file - -- Performing Test UV_LINT_NO_UNSAFE_MSVC - Failed

[2026-07-28T09:46:33.101] [DEBUG] debug-file - -- Performing Test UV_LINT_WALL

[2026-07-28T09:46:33.624] [DEBUG] debug-file - -- Performing Test UV_LINT_WALL - Success

[2026-07-28T09:46:33.626] [DEBUG] debug-file - -- Performing Test UV_LINT_NO_UNUSED_PARAMETER

[2026-07-28T09:46:34.150] [DEBUG] debug-file - -- Performing Test UV_LINT_NO_UNUSED_PARAMETER - Success

[2026-07-28T09:46:34.153] [DEBUG] debug-file - -- Performing Test UV_LINT_STRICT_PROTOTYPES

[2026-07-28T09:46:34.381] [DEBUG] debug-file - Ark compile task finished.finished time is 970409271379700
[2026-07-28T09:46:34.380] [DEBUG] debug-file - worker[4] has one work done.
[2026-07-28T09:46:34.383] [DEBUG] debug-file - ohosTest@OhosTestCompileArkTS work[1] done.
[2026-07-28T09:46:34.383] [DEBUG] debug-file - A work dispatched to worker[4] failed because unable to get work from ready queue.
[2026-07-28T09:46:34.385] [INFO] debug-file - Finished :entry:ohosTest@OhosTestCompileArkTS... after 6 s 466 ms 
[2026-07-28T09:46:34.387] [DEBUG] debug-file - Executing task :entry:ohosTest@OhosTestCopyMockConfigJson
[2026-07-28T09:46:34.388] [DEBUG] debug-file - File: 'D:\HW\UTDesign\cases\libuv\libuv-golden-demo\entry\build\default\intermediates\res\ohosTest\mock-config.json' from 'mockConfigJsonFile' is not exists, just ignore.
[2026-07-28T09:46:34.388] [DEBUG] debug-file - Task 'entry:ohosTest@OhosTestCopyMockConfigJson' cost while wrapping incremental declarations: 1 ms 
[2026-07-28T09:46:34.388] [DEBUG] debug-file - Failed to generate mock-config.json during compilation.
[2026-07-28T09:46:34.388] [DEBUG] debug-file - entry : ohosTest@OhosTestCopyMockConfigJson cost memory 0.06972503662109375
[2026-07-28T09:46:34.388] [DEBUG] debug-file - runTaskFromQueue task cost before running: 13 s 422 ms 
[2026-07-28T09:46:34.388] [INFO] debug-file - Finished :entry:ohosTest@OhosTestCopyMockConfigJson... after 1 ms 
[2026-07-28T09:46:34.699] [DEBUG] debug-file - -- Performing Test UV_LINT_STRICT_PROTOTYPES - Success

[2026-07-28T09:46:34.701] [DEBUG] debug-file - -- Performing Test UV_LINT_EXTRA

[2026-07-28T09:46:35.327] [DEBUG] debug-file - -- Performing Test UV_LINT_EXTRA - Success

[2026-07-28T09:46:35.331] [DEBUG] debug-file - -- Performing Test UV_LINT_UTF8_MSVC

[2026-07-28T09:46:35.791] [DEBUG] debug-file - -- Performing Test UV_LINT_UTF8_MSVC - Failed

[2026-07-28T09:46:35.796] [DEBUG] debug-file - -- Performing Test UV_F_STRICT_ALIASING

[2026-07-28T09:46:36.421] [DEBUG] debug-file - -- Performing Test UV_F_STRICT_ALIASING - Success

[2026-07-28T09:46:36.431] [DEBUG] debug-file - -- summary of build options:
    Install prefix:  C:/Program Files (x86)/libuv_harmony_test
    Target system:   OHOS
    Compiler:
      C compiler:    E:/DevEco Studio/sdk/default/openharmony/native/llvm/bin/clang.exe (Clang)
      CFLAGS:         -fdata-sections -ffunction-sections -funwind-tables -fstack-protector-strong -no-canonical-prefixes -fno-addrsig -Wa,--noexecstack -Wformat -Werror=format-security -Wunguarded-availability  -D__MUSL__


[2026-07-28T09:46:36.432] [DEBUG] debug-file - -- Configuring done (9.6s)

[2026-07-28T09:46:36.559] [DEBUG] debug-file - -- Generating done (0.1s)

[2026-07-28T09:46:36.647] [DEBUG] debug-file - -- Build files have been written to: D:/HW/UTDesign/cases/libuv/libuv-golden-demo/entry/.cxx/default/ohosTest/debug/x86_64

[2026-07-28T09:46:36.664] [DEBUG] debug-file - worker[14] has one work done.
[2026-07-28T09:46:36.760] [DEBUG] debug-file - ohosTest@BuildNativeWithCmake work[0] done.
[2026-07-28T09:46:36.760] [DEBUG] debug-file - A work dispatched to worker[14] failed because unable to get work from ready queue.
[2026-07-28T09:46:36.761] [INFO] debug-file - Finished :entry:ohosTest@BuildNativeWithCmake... after 9 s 967 ms 
[2026-07-28T09:46:36.767] [DEBUG] debug-file - Executing task :entry:ohosTest@BuildNativeWithNinja
[2026-07-28T09:46:36.773] [DEBUG] debug-file - Use tool [Ninja]
 [
  'E:\\DevEco Studio\\sdk\\default\\openharmony\\native\\build-tools\\cmake\\bin\\ninja.exe',
  '-C',
  'D:\\HW\\UTDesign\\cases\\libuv\\libuv-golden-demo\\entry\\.cxx\\default\\ohosTest\\debug\\x86_64'
]
[2026-07-28T09:46:36.773] [DEBUG] debug-file - ohosTest@BuildNativeWithNinja work[3] is submitted.
[2026-07-28T09:46:36.773] [DEBUG] debug-file - ohosTest@BuildNativeWithNinja work[3] is pushed to ready queue.
[2026-07-28T09:46:36.773] [DEBUG] debug-file - A work dispatched to worker[15] failed because unable to get work from ready queue.
[2026-07-28T09:46:36.774] [DEBUG] debug-file - ohosTest@BuildNativeWithNinja work[3] has been dispatched to worker[14].
[2026-07-28T09:46:36.774] [DEBUG] debug-file - ohosTest@BuildNativeWithNinja work[3] is dispatched.
[2026-07-28T09:46:36.813] [DEBUG] debug-file - OHOS_STL is c++_shared
[2026-07-28T09:46:36.814] [DEBUG] debug-file - Copy STL libc++_shared.so to D:\HW\UTDesign\cases\libuv\libuv-golden-demo\entry\build\default\intermediates\cmake\ohosTest\obj\x86_64 due to OHOS_STL is 'c++_shared'
[2026-07-28T09:46:36.837] [DEBUG] debug-file - entry : ohosTest@BuildNativeWithNinja cost memory 1.7178955078125
[2026-07-28T09:46:38.122] [DEBUG] debug-file - ninja: Entering directory `D:\HW\UTDesign\cases\libuv\libuv-golden-demo\entry\.cxx\default\ohosTest\debug\x86_64'
[1/39] Building C object libuv-test-build/CMakeFiles/uv_a.dir/src/strtok.c.o

[2026-07-28T09:46:38.196] [DEBUG] debug-file - clang: warning: argument unused during compilation: '--gcc-toolchain=E:/DevEco Studio/sdk/default/openharmony/native/llvm' [-Wunused-command-line-argument]
[2/39] Building C object libuv-test-build/CMakeFiles/uv_a.dir/src/strscpy.c.o

[2026-07-28T09:46:38.255] [DEBUG] debug-file - clang: warning: argument unused during compilation: '--gcc-toolchain=E:/DevEco Studio/sdk/default/openharmony/native/llvm' [-Wunused-command-line-argument]
[3/39] Building C object libuv-test-build/CMakeFiles/uv_a.dir/src/version.c.o

[2026-07-28T09:46:38.304] [DEBUG] debug-file - clang: warning: argument unused during compilation: '--gcc-toolchain=E:/DevEco Studio/sdk/default/openharmony/native/llvm' [-Wunused-command-line-argument]
[4/39] Building C object libuv-test-build/CMakeFiles/uv_a.dir/src/uv-data-getter-setters.c.o

[2026-07-28T09:46:38.347] [DEBUG] debug-file - clang: warning: argument unused during compilation: '--gcc-toolchain=E:/DevEco Studio/sdk/default/openharmony/native/llvm' [-Wunused-command-line-argument]
[5/39] Building C object libuv-test-build/CMakeFiles/uv_a.dir/src/random.c.o

[2026-07-28T09:46:38.388] [DEBUG] debug-file - clang: warning: argument unused during compilation: '--gcc-toolchain=E:/DevEco Studio/sdk/default/openharmony/native/llvm' [-Wunused-command-line-argument]
[6/39] Building C object libuv-test-build/CMakeFiles/uv_a.dir/src/thread-common.c.o

[2026-07-28T09:46:38.454] [DEBUG] debug-file - clang: warning: argument unused during compilation: '--gcc-toolchain=E:/DevEco Studio/sdk/default/openharmony/native/llvm' [-Wunused-command-line-argument]
[7/39] Building C object libuv-test-build/CMakeFiles/uv_a.dir/src/inet.c.o

[2026-07-28T09:46:38.498] [DEBUG] debug-file - clang: warning: argument unused during compilation: '--gcc-toolchain=E:/DevEco Studio/sdk/default/openharmony/native/llvm' [-Wunused-command-line-argument]
[8/39] Building C object libuv-test-build/CMakeFiles/uv_a.dir/src/timer.c.o

[2026-07-28T09:46:38.559] [DEBUG] debug-file - clang: warning: argument unused during compilation: '--gcc-toolchain=E:/DevEco Studio/sdk/default/openharmony/native/llvm' [-Wunused-command-line-argument]
[9/39] Building C object libuv-test-build/CMakeFiles/uv_a.dir/src/idna.c.o

[2026-07-28T09:46:38.619] [DEBUG] debug-file - clang: warning: argument unused during compilation: '--gcc-toolchain=E:/DevEco Studio/sdk/default/openharmony/native/llvm' [-Wunused-command-line-argument]
[10/39] Building C object libuv-test-build/CMakeFiles/uv_a.dir/src/fs-poll.c.o

[2026-07-28T09:46:38.664] [DEBUG] debug-file - clang: warning: argument unused during compilation: '--gcc-toolchain=E:/DevEco Studio/sdk/default/openharmony/native/llvm' [-Wunused-command-line-argument]
[11/39] Building C object libuv-test-build/CMakeFiles/uv_a.dir/src/unix/dl.c.o

[2026-07-28T09:46:38.705] [DEBUG] debug-file - clang: warning: argument unused during compilation: '--gcc-toolchain=E:/DevEco Studio/sdk/default/openharmony/native/llvm' [-Wunused-command-line-argument]
[12/39] Building C object libuv-test-build/CMakeFiles/uv_a.dir/src/unix/getaddrinfo.c.o

[2026-07-28T09:46:38.753] [DEBUG] debug-file - clang: warning: argument unused during compilation: '--gcc-toolchain=E:/DevEco Studio/sdk/default/openharmony/native/llvm' [-Wunused-command-line-argument]
[13/39] Building C object libuv-test-build/CMakeFiles/uv_a.dir/src/threadpool.c.o

[2026-07-28T09:46:38.803] [DEBUG] debug-file - clang: warning: argument unused during compilation: '--gcc-toolchain=E:/DevEco Studio/sdk/default/openharmony/native/llvm' [-Wunused-command-line-argument]
[14/39] Building C object libuv-test-build/CMakeFiles/uv_a.dir/src/unix/async.c.o

[2026-07-28T09:46:38.841] [DEBUG] debug-file - clang: warning: argument unused during compilation: '--gcc-toolchain=E:/DevEco Studio/sdk/default/openharmony/native/llvm' [-Wunused-command-line-argument]
[15/39] Building C object libuv-test-build/CMakeFiles/uv_a.dir/src/unix/getnameinfo.c.o

[2026-07-28T09:46:38.892] [DEBUG] debug-file - clang: warning: argument unused during compilation: '--gcc-toolchain=E:/DevEco Studio/sdk/default/openharmony/native/llvm' [-Wunused-command-line-argument]
[16/39] Building C object libuv-test-build/CMakeFiles/uv_a.dir/src/uv-common.c.o

[2026-07-28T09:46:38.947] [DEBUG] debug-file - clang: warning: argument unused during compilation: '--gcc-toolchain=E:/DevEco Studio/sdk/default/openharmony/native/llvm' [-Wunused-command-line-argument]
[17/39] Building C object libuv-test-build/CMakeFiles/uv_a.dir/src/unix/core.c.o

[2026-07-28T09:46:38.995] [DEBUG] debug-file - clang: warning: argument unused during compilation: '--gcc-toolchain=E:/DevEco Studio/sdk/default/openharmony/native/llvm' [-Wunused-command-line-argument]
[18/39] Building C object libuv-test-build/CMakeFiles/uv_a.dir/src/unix/fs.c.o

[2026-07-28T09:46:39.214] [DEBUG] debug-file - clang: warning: argument unused during compilation: '--gcc-toolchain=E:/DevEco Studio/sdk/default/openharmony/native/llvm' [-Wunused-command-line-argument]
[19/39] Building C object libuv-test-build/CMakeFiles/uv_a.dir/src/unix/procfs-exepath.c.o

[2026-07-28T09:46:39.262] [DEBUG] debug-file - clang: warning: argument unused during compilation: '--gcc-toolchain=E:/DevEco Studio/sdk/default/openharmony/native/llvm' [-Wunused-command-line-argument]
[20/39] Building C object libuv-test-build/CMakeFiles/uv_a.dir/src/unix/loop.c.o

[2026-07-28T09:46:39.263] [DEBUG] debug-file - clang: warning: argument unused during compilation: '--gcc-toolchain=E:/DevEco Studio/sdk/default/openharmony/native/llvm' [-Wunused-command-line-argument]
[21/39] Building C object libuv-test-build/CMakeFiles/uv_a.dir/src/unix/random-getrandom.c.o

[2026-07-28T09:46:39.264] [DEBUG] debug-file - clang: warning: argument unused during compilation: '--gcc-toolchain=E:/DevEco Studio/sdk/default/openharmony/native/llvm' [-Wunused-command-line-argument]
[22/39] Building C object libuv-test-build/CMakeFiles/uv_a.dir/src/unix/proctitle.c.o

[2026-07-28T09:46:39.264] [DEBUG] debug-file - clang: warning: argument unused during compilation: '--gcc-toolchain=E:/DevEco Studio/sdk/default/openharmony/native/llvm' [-Wunused-command-line-argument]
[23/39] Building C object libuv-test-build/CMakeFiles/uv_a.dir/src/unix/loop-watcher.c.o

[2026-07-28T09:46:39.265] [DEBUG] debug-file - clang: warning: argument unused during compilation: '--gcc-toolchain=E:/DevEco Studio/sdk/default/openharmony/native/llvm' [-Wunused-command-line-argument]
[24/39] Building C object libuv-test-build/CMakeFiles/uv_a.dir/src/unix/tty.c.o

[2026-07-28T09:46:39.266] [DEBUG] debug-file - clang: warning: argument unused during compilation: '--gcc-toolchain=E:/DevEco Studio/sdk/default/openharmony/native/llvm' [-Wunused-command-line-argument]
[25/39] Building C object libuv-test-build/CMakeFiles/uv_a.dir/src/unix/random-devurandom.c.o

[2026-07-28T09:46:39.267] [DEBUG] debug-file - clang: warning: argument unused during compilation: '--gcc-toolchain=E:/DevEco Studio/sdk/default/openharmony/native/llvm' [-Wunused-command-line-argument]
[26/39] Building C object libuv-test-build/CMakeFiles/uv_a.dir/src/unix/random-sysctl-linux.c.o

[2026-07-28T09:46:39.267] [DEBUG] debug-file - clang: warning: argument unused during compilation: '--gcc-toolchain=E:/DevEco Studio/sdk/default/openharmony/native/llvm' [-Wunused-command-line-argument]
[27/39] Building C object libuv-test-build/CMakeFiles/uv_a.dir/src/unix/process.c.o

[2026-07-28T09:46:39.268] [DEBUG] debug-file - clang: warning: argument unused during compilation: '--gcc-toolchain=E:/DevEco Studio/sdk/default/openharmony/native/llvm' [-Wunused-command-line-argument]
[28/39] Building C object libuv-test-build/CMakeFiles/uv_a.dir/src/unix/poll.c.o

[2026-07-28T09:46:39.269] [DEBUG] debug-file - clang: warning: argument unused during compilation: '--gcc-toolchain=E:/DevEco Studio/sdk/default/openharmony/native/llvm' [-Wunused-command-line-argument]
[29/39] Building C object libuv-test-build/CMakeFiles/uv_a.dir/src/unix/thread.c.o

[2026-07-28T09:46:39.269] [DEBUG] debug-file - clang: warning: argument unused during compilation: '--gcc-toolchain=E:/DevEco Studio/sdk/default/openharmony/native/llvm' [-Wunused-command-line-argument]
[30/39] Building C object libuv-test-build/CMakeFiles/uv_a.dir/src/unix/pipe.c.o

[2026-07-28T09:46:39.270] [DEBUG] debug-file - clang: warning: argument unused during compilation: '--gcc-toolchain=E:/DevEco Studio/sdk/default/openharmony/native/llvm' [-Wunused-command-line-argument]
[31/39] Building C object libuv-test-build/CMakeFiles/uv_a.dir/src/unix/tcp.c.o

[2026-07-28T09:46:39.270] [DEBUG] debug-file - clang: warning: argument unused during compilation: '--gcc-toolchain=E:/DevEco Studio/sdk/default/openharmony/native/llvm' [-Wunused-command-line-argument]
[32/39] Building C object libuv-test-build/CMakeFiles/uv_a.dir/src/unix/signal.c.o

[2026-07-28T09:46:39.271] [DEBUG] debug-file - clang: warning: argument unused during compilation: '--gcc-toolchain=E:/DevEco Studio/sdk/default/openharmony/native/llvm' [-Wunused-command-line-argument]
[33/39] Building C object libuv-test-build/CMakeFiles/uv_a.dir/src/unix/udp.c.o

[2026-07-28T09:46:39.334] [DEBUG] debug-file - clang: warning: argument unused during compilation: '--gcc-toolchain=E:/DevEco Studio/sdk/default/openharmony/native/llvm' [-Wunused-command-line-argument]
[34/39] Building C object libuv-test-build/CMakeFiles/uv_a.dir/src/unix/stream.c.o
clang: warning: argument unused during compilation: '--gcc-toolchain=E:/DevEco Studio/sdk/default/openharmony/native/llvm' [-Wunused-command-line-argument]
D:/HW/UTDesign/cases/libuv/libuv-golden-demo/library/src/unix/stream.c:990:56: warning: comparison of integers of different signs: 'unsigned long' and 'long' [-Wsign-compare]
  for (cmsg = CMSG_FIRSTHDR(msg); cmsg != NULL; cmsg = CMSG_NXTHDR(msg, cmsg)) {
                                                       ^~~~~~~~~~~~~~~~~~~~~~
E:/DevEco Studio/sdk/default/openharmony/native/sysroot/usr/include/sys/socket.h:360:44: note: expanded from macro 'CMSG_NXTHDR'
        __CMSG_LEN(cmsg) + sizeof(struct cmsghdr) >= __MHDR_END(mhdr) - (unsigned char *)(cmsg) \
        ~~~~~~~~~~~~~~~~~~~~~~~~~~~~~~~~~~~~~~~~~ ^  ~~~~~~~~~~~~~~~~~~~~~~~~~~~~~~~~~~~~~~~~~~
1 warning generated.
[35/39] Building C object libuv-test-build/CMakeFiles/uv_a.dir/src/unix/linux.c.o

[2026-07-28T09:46:39.550] [DEBUG] debug-file - clang: warning: argument unused during compilation: '--gcc-toolchain=E:/DevEco Studio/sdk/default/openharmony/native/llvm' [-Wunused-command-line-argument]
[36/39] Linking C static library libuv-test-build\libuv.a

[2026-07-28T09:46:39.867] [DEBUG] debug-file - [37/39] Building CXX object CMakeFiles/entry_test.dir/native_test_napi.cpp.o

[2026-07-28T09:46:40.116] [DEBUG] debug-file - clang++: warning: argument unused during compilation: '--gcc-toolchain=E:/DevEco Studio/sdk/default/openharmony/native/llvm' [-Wunused-command-line-argument]
[38/39] Building CXX object CMakeFiles/entry_test.dir/D_/HW/UTDesign/cases/libuv/libuv-golden-demo/entry/src/main/cpp/libuv_checks.cpp.o

[2026-07-28T09:46:40.467] [DEBUG] debug-file - clang++: warning: argument unused during compilation: '--gcc-toolchain=E:/DevEco Studio/sdk/default/openharmony/native/llvm' [-Wunused-command-line-argument]
[39/39] Linking CXX shared library D:\HW\UTDesign\cases\libuv\libuv-golden-demo\entry\build\default\intermediates\cmake\ohosTest\obj\x86_64\libentry_test.so

[2026-07-28T09:46:40.474] [DEBUG] debug-file - worker[14] has one work done.
[2026-07-28T09:46:40.505] [DEBUG] debug-file - External build set its own library output location for libuv.a, which will be hard linked or copy to the expected location.
[2026-07-28T09:46:40.508] [DEBUG] debug-file - Link D:\HW\UTDesign\cases\libuv\libuv-golden-demo\entry\.cxx\default\ohosTest\debug\x86_64\libuv-test-build\libuv.a to D:\HW\UTDesign\cases\libuv\libuv-golden-demo\entry\build\default\intermediates\cmake\ohosTest\obj\x86_64\libuv.a successfully.
[2026-07-28T09:46:40.508] [DEBUG] debug-file - ohosTest@BuildNativeWithNinja work[3] done.
[2026-07-28T09:46:40.508] [DEBUG] debug-file - A work dispatched to worker[14] failed because unable to get work from ready queue.
[2026-07-28T09:46:40.509] [INFO] debug-file - Finished :entry:ohosTest@BuildNativeWithNinja... after 3 s 707 ms 
[2026-07-28T09:46:40.513] [DEBUG] debug-file - Executing task :entry:ohosTest@ProcessLibs
[2026-07-28T09:46:40.534] [DEBUG] debug-file - Check content hash for D:\HW\UTDesign\cases\libuv\libuv-golden-demo\entry\build\default\intermediates\cmake\ohosTest\obj\x86_64\libuv.a
[2026-07-28T09:46:40.550] [DEBUG] debug-file - Check content hash for D:\HW\UTDesign\cases\libuv\libuv-golden-demo\entry\build\default\intermediates\cmake\ohosTest\obj\x86_64\libentry_test.so
[2026-07-28T09:46:40.555] [DEBUG] debug-file - Check content hash for D:\HW\UTDesign\cases\libuv\libuv-golden-demo\entry\build\default\intermediates\cmake\ohosTest\obj\x86_64\libc++_shared.so
[2026-07-28T09:46:40.571] [DEBUG] debug-file - Worker dispatch failed, running processLibs on main thread.
[2026-07-28T09:46:40.577] [DEBUG] debug-file - Link D:\HW\UTDesign\cases\libuv\libuv-golden-demo\entry\build\default\intermediates\cmake\ohosTest\obj\x86_64\libentry_test.so to D:\HW\UTDesign\cases\libuv\libuv-golden-demo\entry\build\default\intermediates\libs\ohosTest\x86_64\libentry_test.so successfully.
[2026-07-28T09:46:40.580] [DEBUG] debug-file - Link D:\HW\UTDesign\cases\libuv\libuv-golden-demo\entry\build\default\intermediates\cmake\ohosTest\obj\x86_64\libc++_shared.so to D:\HW\UTDesign\cases\libuv\libuv-golden-demo\entry\build\default\intermediates\libs\ohosTest\x86_64\libc++_shared.so successfully.
[2026-07-28T09:46:40.580] [DEBUG] debug-file - entry : ohosTest@ProcessLibs cost memory -7.2149810791015625
[2026-07-28T09:46:40.580] [DEBUG] debug-file - runTaskFromQueue task cost before running: 19 s 614 ms 
[2026-07-28T09:46:40.582] [INFO] debug-file - Finished :entry:ohosTest@ProcessLibs... after 68 ms 
[2026-07-28T09:46:40.586] [DEBUG] debug-file - Executing task :entry:ohosTest@DoNativeStrip
[2026-07-28T09:46:40.586] [DEBUG] debug-file - File: 'D:\HW\UTDesign\cases\libuv\libuv-golden-demo\entry\build\default\intermediates\binxo\ohosTest' from 'doBinxoNativeLibs' is not exists, just ignore.
[2026-07-28T09:46:40.587] [DEBUG] debug-file - Task 'entry:ohosTest@DoNativeStrip' cost while wrapping incremental declarations: 1 ms 
[2026-07-28T09:46:40.594] [DEBUG] debug-file - ohosTest@DoNativeStrip work[4] is submitted.
[2026-07-28T09:46:40.594] [DEBUG] debug-file - ohosTest@DoNativeStrip work[4] is pushed to ready queue.
[2026-07-28T09:46:40.594] [DEBUG] debug-file - A work dispatched to worker[15] failed because unable to get work from ready queue.
[2026-07-28T09:46:40.594] [DEBUG] debug-file - ohosTest@DoNativeStrip work[4] has been dispatched to worker[14].
[2026-07-28T09:46:40.595] [DEBUG] debug-file - ohosTest@DoNativeStrip work[4] is dispatched.
[2026-07-28T09:46:40.595] [DEBUG] debug-file - entry : ohosTest@DoNativeStrip cost memory 0.159393310546875
[2026-07-28T09:46:40.631] [DEBUG] debug-file - current process  memoryUsage: {
  rss: 696422400,
  heapTotal: 56811520,
  heapUsed: 53619344,
  external: 4054658,
  arrayBuffers: 58928
} os memoryUsage :12.956157684326172
[2026-07-28T09:46:40.675] [DEBUG] debug-file - current process  memoryUsage: {
  rss: 696512512,
  heapTotal: 56811520,
  heapUsed: 53705784,
  external: 4047018,
  arrayBuffers: 58928
} os memoryUsage :12.936752319335938
[2026-07-28T09:46:40.766] [DEBUG] debug-file - worker[14] has one work done.
[2026-07-28T09:46:40.767] [DEBUG] debug-file - ohosTest@DoNativeStrip work[4] done.
[2026-07-28T09:46:40.767] [DEBUG] debug-file - A work dispatched to worker[14] failed because unable to get work from ready queue.
[2026-07-28T09:46:40.767] [INFO] debug-file - Finished :entry:ohosTest@DoNativeStrip... after 168 ms 
[2026-07-28T09:46:40.769] [DEBUG] debug-file - Executing task :entry:ohosTest@CacheNativeLibs
[2026-07-28T09:46:40.770] [DEBUG] debug-file - File: 'D:\HW\UTDesign\cases\libuv\libuv-golden-demo\entry\build\default\intermediates\binxo\ohosTest' from 'cacheBinxoNativeLibs' is not exists, just ignore.
[2026-07-28T09:46:40.770] [DEBUG] debug-file - Task 'entry:ohosTest@CacheNativeLibs' cost while wrapping incremental declarations: 1 ms 
[2026-07-28T09:46:40.770] [DEBUG] debug-file - ohosTest@CacheNativeLibs work[5] is submitted.
[2026-07-28T09:46:40.770] [DEBUG] debug-file - ohosTest@CacheNativeLibs work[5] is pushed to ready queue.
[2026-07-28T09:46:40.770] [DEBUG] debug-file - A work dispatched to worker[15] failed because unable to get work from ready queue.
[2026-07-28T09:46:40.771] [DEBUG] debug-file - ohosTest@CacheNativeLibs work[5] has been dispatched to worker[14].
[2026-07-28T09:46:40.771] [DEBUG] debug-file - ohosTest@CacheNativeLibs work[5] is dispatched.
[2026-07-28T09:46:40.771] [DEBUG] debug-file - entry : ohosTest@CacheNativeLibs cost memory 0.0844573974609375
[2026-07-28T09:46:40.780] [DEBUG] debug-file - worker[14] has one work done.
[2026-07-28T09:46:40.780] [DEBUG] debug-file - ohosTest@CacheNativeLibs work[5] done.
[2026-07-28T09:46:40.780] [DEBUG] debug-file - A work dispatched to worker[14] failed because unable to get work from ready queue.
[2026-07-28T09:46:40.780] [INFO] debug-file - Finished :entry:ohosTest@CacheNativeLibs... after 10 ms 
[2026-07-28T09:46:40.782] [DEBUG] debug-file - Executing task :entry:ohosTest@GeneratePkgModuleJson
[2026-07-28T09:46:40.782] [DEBUG] debug-file - File: 'D:\HW\UTDesign\cases\libuv\libuv-golden-demo\entry\build\default\intermediates\preload\ohosTest\preload.json' from 'preloadSoJsonPath' is not exists, just ignore.
[2026-07-28T09:46:40.782] [DEBUG] debug-file - Error occurs while handling @Input 'shouldDeduplicateHar': The "data" argument must be of type string or an instance of Buffer, TypedArray, or DataView. Received undefined
[2026-07-28T09:46:40.783] [DEBUG] debug-file - Task 'entry:ohosTest@GeneratePkgModuleJson' cost while wrapping incremental declarations: 1 ms 
[2026-07-28T09:46:40.795] [DEBUG] debug-file - Executing task :entry:ohosTest@PackageHap
[2026-07-28T09:46:40.801] [DEBUG] debug-file - ohosTest@PackageHap work[6] is submitted.
[2026-07-28T09:46:40.785] [DEBUG] debug-file - entry : ohosTest@GeneratePkgModuleJson cost memory 0.1364593505859375
[2026-07-28T09:46:40.799] [DEBUG] debug-file - Use tool [E:\DevEco Studio\sdk\default\openharmony\toolchains\lib\app_packing_tool.jar]
 [
  'java',
  '-Dfile.encoding=GBK',
  '-jar',
  'E:\\DevEco Studio\\sdk\\default\\openharmony\\toolchains\\lib\\app_packing_tool.jar',
  '--mode',
  'hap',
  '--force',
  'true',
  '--lib-path',
  'D:\\HW\\UTDesign\\cases\\libuv\\libuv-golden-demo\\entry\\build\\default\\intermediates\\stripped_native_libs\\ohosTest',
  '--json-path',
  'D:\\HW\\UTDesign\\cases\\libuv\\libuv-golden-demo\\entry\\build\\default\\intermediates\\package\\ohosTest\\module.json',
  '--resources-path',
  'D:\\HW\\UTDesign\\cases\\libuv\\libuv-golden-demo\\entry\\build\\default\\intermediates\\res\\ohosTest\\resources',
  '--index-path',
  'D:\\HW\\UTDesign\\cases\\libuv\\libuv-golden-demo\\entry\\build\\default\\intermediates\\res\\ohosTest\\resources.index',
  '--pack-info-path',
  'D:\\HW\\UTDesign\\cases\\libuv\\libuv-golden-demo\\entry\\build\\default\\outputs\\ohosTest\\pack.info',
  '--out-path',
  'D:\\HW\\UTDesign\\cases\\libuv\\libuv-golden-demo\\entry\\build\\default\\outputs\\ohosTest\\entry-ohosTest-unsigned.hap',
  '--ets-path',
  'D:\\HW\\UTDesign\\cases\\libuv\\libuv-golden-demo\\entry\\build\\default\\intermediates\\loader_out\\ohosTest\\ets',
  '--pkg-sdk-info-path',
  'D:\\HW\\UTDesign\\cases\\libuv\\libuv-golden-demo\\entry\\build\\default\\intermediates\\loader\\ohosTest\\pkgSdkInfo.json'
]
[2026-07-28T09:46:40.801] [DEBUG] debug-file - ohosTest@PackageHap work[6] is pushed to ready queue.
[2026-07-28T09:46:40.785] [DEBUG] debug-file - runTaskFromQueue task cost before running: 19 s 819 ms 
[2026-07-28T09:46:40.801] [DEBUG] debug-file - A work dispatched to worker[15] failed because unable to get work from ready queue.
[2026-07-28T09:46:40.787] [INFO] debug-file - Finished :entry:ohosTest@GeneratePkgModuleJson... after 4 ms 
[2026-07-28T09:46:40.801] [DEBUG] debug-file - ohosTest@PackageHap work[6] has been dispatched to worker[14].
[2026-07-28T09:46:40.788] [DEBUG] debug-file - Executing task :entry:ohosTest@ProcessCompiledResources
[2026-07-28T09:46:40.801] [DEBUG] debug-file - ohosTest@PackageHap work[6] is dispatched.
[2026-07-28T09:46:40.789] [DEBUG] debug-file - File: 'D:\HW\UTDesign\cases\libuv\libuv-golden-demo\entry\build\default\intermediates\preload\ohosTest\preload.json' from 'preloadSoJsonPath' is not exists, just ignore.
[2026-07-28T09:46:40.807] [DEBUG] debug-file - entry : ohosTest@PackageHap cost memory 0.39357757568359375
[2026-07-28T09:46:40.789] [DEBUG] debug-file - Task 'entry:ohosTest@ProcessCompiledResources' cost while wrapping incremental declarations: 1 ms 
[2026-07-28T09:46:40.789] [DEBUG] debug-file - entry : ohosTest@ProcessCompiledResources cost memory 0.0498046875
[2026-07-28T09:46:40.789] [DEBUG] debug-file - runTaskFromQueue task cost before running: 19 s 823 ms 
[2026-07-28T09:46:40.790] [INFO] debug-file - Finished :entry:ohosTest@ProcessCompiledResources... after 1 ms 
[2026-07-28T09:46:40.803] [DEBUG] debug-file - current process  memoryUsage: {
  rss: 699256832,
  heapTotal: 56811520,
  heapUsed: 54103136,
  external: 4055210,
  arrayBuffers: 67120
} os memoryUsage :12.945320129394531
[2026-07-28T09:46:41.562] [DEBUG] debug-file - worker[14] has one work done.
[2026-07-28T09:46:41.563] [DEBUG] debug-file - ohosTest@PackageHap work[6] done.
[2026-07-28T09:46:41.574] [DEBUG] debug-file - Executing task :entry:ohosTest@PackingCheck
[2026-07-28T09:46:41.618] [DEBUG] debug-file - Executing task :entry:ohosTest@CollectDebugSymbol
[2026-07-28T09:46:41.606] [DEBUG] debug-file - Executing task :entry:ohosTest@SignHap
[2026-07-28T09:46:41.564] [DEBUG] debug-file - A work dispatched to worker[14] failed because unable to get work from ready queue.
[2026-07-28T09:46:41.599] [DEBUG] debug-file - entry : ohosTest@PackingCheck cost memory 0.5519485473632812
[2026-07-28T09:46:41.622] [DEBUG] debug-file - entry : ohosTest@CollectDebugSymbol cost memory -0.7095718383789062
[2026-07-28T09:46:41.607] [WARN] debug-file - No signingConfig found for product default
[2026-07-28T09:46:41.568] [INFO] debug-file - Finished :entry:ohosTest@PackageHap... after 767 ms 
[2026-07-28T09:46:41.599] [DEBUG] debug-file - runTaskFromQueue task cost before running: 20 s 633 ms 
[2026-07-28T09:46:41.622] [DEBUG] debug-file - runTaskFromQueue task cost before running: 20 s 656 ms 
[2026-07-28T09:46:41.610] [DEBUG] debug-file - entry : ohosTest@SignHap cost memory 0.05035400390625
[2026-07-28T09:46:41.600] [INFO] debug-file - Finished :entry:ohosTest@PackingCheck... after 25 ms 
[2026-07-28T09:46:41.623] [INFO] debug-file - Finished :entry:ohosTest@CollectDebugSymbol... after 5 ms 
[2026-07-28T09:46:41.610] [DEBUG] debug-file - runTaskFromQueue task cost before running: 20 s 644 ms 
[2026-07-28T09:46:41.624] [DEBUG] debug-file - Executing task :entry:assembleHap
[2026-07-28T09:46:41.611] [INFO] debug-file - Finished :entry:ohosTest@SignHap... after 4 ms 
[2026-07-28T09:46:41.624] [DEBUG] debug-file - entry : assembleHap cost memory 0.0104522705078125
[2026-07-28T09:46:41.624] [DEBUG] debug-file - runTaskFromQueue task cost before running: 20 s 658 ms 
[2026-07-28T09:46:41.625] [INFO] debug-file - Finished :entry:assembleHap... after 1 ms 
[2026-07-28T09:46:41.649] [INFO] debug-file - BUILD SUCCESSFUL in 20 s 683 ms 
[2026-07-28T09:46:41.652] [DEBUG] debug-file - Update task entry:ohosTest@PreBuild input file:D:\HW\UTDesign\cases\libuv\libuv-golden-demo\AppScope\app.json5 cache by regenerate.
[2026-07-28T09:46:41.652] [DEBUG] debug-file - Update task entry:ohosTest@PreBuild input file:D:\HW\UTDesign\cases\libuv\libuv-golden-demo\entry\src\ohosTest\module.json5 cache by regenerate.
[2026-07-28T09:46:41.653] [DEBUG] debug-file - Update task entry:ohosTest@PreBuild input file:D:\HW\UTDesign\cases\libuv\libuv-golden-demo\build-profile.json5 cache by regenerate.
[2026-07-28T09:46:41.653] [DEBUG] debug-file - Update task entry:ohosTest@PreBuild input file:D:\HW\UTDesign\cases\libuv\libuv-golden-demo\entry\build-profile.json5 cache by regenerate.
[2026-07-28T09:46:41.653] [DEBUG] debug-file - Update task entry:ohosTest@PreBuild input file:D:\HW\UTDesign\cases\libuv\libuv-golden-demo\entry\src\ohosTest\resources\base\profile\test_pages.json cache by regenerate.
[2026-07-28T09:46:41.653] [DEBUG] debug-file - Update task entry:ohosTest@PreBuild input file:D:\HW\UTDesign\cases\libuv\libuv-golden-demo\hvigor\hvigor-config.json5 cache by regenerate.
[2026-07-28T09:46:41.654] [DEBUG] debug-file - Update task entry:ohosTest@PreBuild input file:D:\HW\UTDesign\cases\libuv\libuv-golden-demo\entry\oh-package.json5 cache by regenerate.
[2026-07-28T09:46:41.654] [DEBUG] debug-file - Update task entry:ohosTest@PreBuild input file:D:\HW\UTDesign\cases\libuv\libuv-golden-demo\oh-package.json5 cache from map.
[2026-07-28T09:46:41.654] [DEBUG] debug-file - Incremental task entry:ohosTest@PreBuild post-execution cost:5 ms .
[2026-07-28T09:46:41.655] [DEBUG] debug-file - Update task entry:ohosTest@CreateModuleInfo output file:D:\HW\UTDesign\cases\libuv\libuv-golden-demo\entry\build\default\generated\profile\ohosTest\ModuleInfo.ts cache.
[2026-07-28T09:46:41.655] [DEBUG] debug-file - Incremental task entry:ohosTest@CreateModuleInfo post-execution cost:1 ms .
[2026-07-28T09:46:41.655] [DEBUG] debug-file - There is no need to refresh cache, since the incremental task entry:ohosTest@GenerateMetadata is up-to-date.
[2026-07-28T09:46:41.655] [DEBUG] debug-file - There is no need to refresh cache, since the incremental task entry:ohosTest@MergeProfile is up-to-date.
[2026-07-28T09:46:41.655] [DEBUG] debug-file - There is no need to refresh cache, since the incremental task entry:ohosTest@CreateBuildProfile is up-to-date.
[2026-07-28T09:46:41.655] [DEBUG] debug-file - Update task entry:ohosTest@GeneratePkgContextInfo output file:D:\HW\UTDesign\cases\libuv\libuv-golden-demo\entry\build\default\intermediates\loader\ohosTest\pkgContextInfo.json cache.
[2026-07-28T09:46:41.656] [DEBUG] debug-file - Incremental task entry:ohosTest@GeneratePkgContextInfo post-execution cost:1 ms .
[2026-07-28T09:46:41.656] [DEBUG] debug-file - Update task entry:ohosTest@GeneratePkgSdkInfo output file:D:\HW\UTDesign\cases\libuv\libuv-golden-demo\entry\build\default\intermediates\loader\ohosTest\pkgSdkInfo.json cache.
[2026-07-28T09:46:41.656] [DEBUG] debug-file - Incremental task entry:ohosTest@GeneratePkgSdkInfo post-execution cost:1 ms .
[2026-07-28T09:46:41.656] [DEBUG] debug-file - Update task entry:ohosTest@ProcessIntegratedHsp output file:D:\HW\UTDesign\cases\libuv\libuv-golden-demo\build\cache\default\integrated_hsp\integratedHspCache.json cache.
[2026-07-28T09:46:41.657] [DEBUG] debug-file - Incremental task entry:ohosTest@ProcessIntegratedHsp post-execution cost:1 ms .
[2026-07-28T09:46:41.657] [DEBUG] debug-file - There is no need to refresh cache, since the incremental task entry:ohosTest@MakePackInfo is up-to-date.
[2026-07-28T09:46:41.657] [DEBUG] debug-file - Update task entry:ohosTest@SyscapTransform input file:E:\DevEco Studio\sdk\default\openharmony\toolchains\syscap_tool.exe cache by regenerate.
[2026-07-28T09:46:41.657] [DEBUG] debug-file - Update task entry:ohosTest@SyscapTransform input file:E:\DevEco Studio\sdk\default\openharmony\ets\api\device-define cache by regenerate.
[2026-07-28T09:46:41.658] [DEBUG] debug-file - Update task entry:ohosTest@SyscapTransform output file:D:\HW\UTDesign\cases\libuv\libuv-golden-demo\entry\build\default\intermediates\syscap\ohosTest\rpcid.sc cache.
[2026-07-28T09:46:41.660] [DEBUG] debug-file - Incremental task entry:ohosTest@SyscapTransform post-execution cost:3 ms .
[2026-07-28T09:46:41.660] [DEBUG] debug-file - There is no need to refresh cache, since the incremental task entry:ohosTest@ProcessProfile is up-to-date.
[2026-07-28T09:46:41.661] [DEBUG] debug-file - Update task entry:ohosTest@ProcessRouterMap input file:D:\HW\UTDesign\cases\libuv\libuv-golden-demo\entry\oh-package.json5 cache by regenerate.
[2026-07-28T09:46:41.662] [DEBUG] debug-file - Update task entry:ohosTest@ProcessRouterMap input file:D:\HW\UTDesign\cases\libuv\libuv-golden-demo\oh-package.json5 cache from map.
[2026-07-28T09:46:41.662] [DEBUG] debug-file - Update task entry:ohosTest@ProcessRouterMap input file:D:\HW\UTDesign\cases\libuv\libuv-golden-demo\entry\src\ohosTest\module.json5 cache by regenerate.
[2026-07-28T09:46:41.663] [DEBUG] debug-file - Update task entry:ohosTest@ProcessRouterMap output file:D:\HW\UTDesign\cases\libuv\libuv-golden-demo\entry\build\default\intermediates\router_map\ohosTest\temp-router-map.json cache.
[2026-07-28T09:46:41.663] [DEBUG] debug-file - Update task entry:ohosTest@ProcessRouterMap output file:D:\HW\UTDesign\cases\libuv\libuv-golden-demo\entry\build\default\intermediates\router_map\ohosTest\loader-router-map.json cache.
[2026-07-28T09:46:41.663] [DEBUG] debug-file - Incremental task entry:ohosTest@ProcessRouterMap post-execution cost:4 ms .
[2026-07-28T09:46:41.664] [DEBUG] debug-file - Update task entry:ohosTest@ProcessShareConfig input file:D:\HW\UTDesign\cases\libuv\libuv-golden-demo\entry\oh-package.json5 cache by regenerate.
[2026-07-28T09:46:41.664] [DEBUG] debug-file - Update task entry:ohosTest@ProcessShareConfig input file:D:\HW\UTDesign\cases\libuv\libuv-golden-demo\oh-package.json5 cache from map.
[2026-07-28T09:46:41.664] [DEBUG] debug-file - Update task entry:ohosTest@ProcessShareConfig input file:D:\HW\UTDesign\cases\libuv\libuv-golden-demo\entry\src\ohosTest\module.json5 cache by regenerate.
[2026-07-28T09:46:41.665] [DEBUG] debug-file - Update task entry:ohosTest@ProcessShareConfig output file:D:\HW\UTDesign\cases\libuv\libuv-golden-demo\entry\build\default\intermediates\share_config\ohosTest\temp-share-config.json cache.
[2026-07-28T09:46:41.665] [DEBUG] debug-file - Incremental task entry:ohosTest@ProcessShareConfig post-execution cost:2 ms .
[2026-07-28T09:46:41.665] [DEBUG] debug-file - Update task entry:ohosTest@ProcessStartupConfig output file:D:\HW\UTDesign\cases\libuv\libuv-golden-demo\entry\build\default\intermediates\startup\ohosTest\startup_config.json cache.
[2026-07-28T09:46:41.666] [DEBUG] debug-file - Incremental task entry:ohosTest@ProcessStartupConfig post-execution cost:1 ms .
[2026-07-28T09:46:41.666] [DEBUG] debug-file - There is no need to refresh cache, since the incremental task entry:ohosTest@ProcessResource is up-to-date.
[2026-07-28T09:46:41.669] [DEBUG] debug-file - Update task entry:ohosTest@GenerateLoaderJson input file:D:\HW\UTDesign\cases\libuv\libuv-golden-demo\entry\build\default\intermediates\router_map\ohosTest\temp-router-map.json cache from map.
[2026-07-28T09:46:41.669] [DEBUG] debug-file - Update task entry:ohosTest@GenerateLoaderJson output file:D:\HW\UTDesign\cases\libuv\libuv-golden-demo\entry\build\default\intermediates\loader\ohosTest\loader.json cache.
[2026-07-28T09:46:41.669] [DEBUG] debug-file - Incremental task entry:ohosTest@GenerateLoaderJson post-execution cost:4 ms .
[2026-07-28T09:46:41.670] [DEBUG] debug-file - There is no need to refresh cache, since the incremental task entry:ohosTest@CompileResource is up-to-date.
[2026-07-28T09:46:41.672] [DEBUG] debug-file - Update task entry:ohosTest@OhosTestCompileArkTS input file:D:\HW\UTDesign\cases\libuv\libuv-golden-demo\entry\build\default\intermediates\loader\ohosTest cache by regenerate.
[2026-07-28T09:46:41.673] [DEBUG] debug-file - Update task entry:ohosTest@OhosTestCompileArkTS input file:D:\HW\UTDesign\cases\libuv\libuv-golden-demo\entry\build\default\intermediates\res\ohosTest\ResourceTable.txt cache by regenerate.
[2026-07-28T09:46:41.673] [DEBUG] debug-file - Update task entry:ohosTest@OhosTestCompileArkTS input file:D:\HW\UTDesign\cases\libuv\libuv-golden-demo\entry\build\default\intermediates\res\ohosTest\ark_module.json cache by regenerate.
[2026-07-28T09:46:41.673] [DEBUG] debug-file - Update task entry:ohosTest@OhosTestCompileArkTS input file:D:\HW\UTDesign\cases\libuv\libuv-golden-demo\entry\build\default\intermediates\res\ohosTest\resources\base\profile cache by regenerate.
[2026-07-28T09:46:41.673] [DEBUG] debug-file - Update task entry:ohosTest@OhosTestCompileArkTS input file:D:\HW\UTDesign\cases\libuv\libuv-golden-demo\entry\src\ohosTest\ets cache by regenerate.
[2026-07-28T09:46:41.679] [DEBUG] debug-file - Update task entry:ohosTest@OhosTestCompileArkTS input file:D:\HW\UTDesign\cases\libuv\libuv-golden-demo\entry\src\ohosTest cache by regenerate.
[2026-07-28T09:46:41.688] [DEBUG] debug-file - Update task entry:ohosTest@OhosTestCompileArkTS input file:D:\HW\UTDesign\cases\libuv\libuv-golden-demo\entry\build\default\generated\profile\ohosTest\BuildProfile.ets cache by regenerate.
[2026-07-28T09:46:41.688] [DEBUG] debug-file - Update task entry:ohosTest@OhosTestCompileArkTS input file:D:\HW\UTDesign\cases\libuv\libuv-golden-demo\entry\src\main\cpp\types cache by regenerate.
[2026-07-28T09:46:41.690] [DEBUG] debug-file - Update task entry:ohosTest@OhosTestCompileArkTS input file:D:\HW\UTDesign\cases\libuv\libuv-golden-demo\entry\src\main\ets cache by regenerate.
[2026-07-28T09:46:41.692] [DEBUG] debug-file - Update task entry:ohosTest@OhosTestCompileArkTS output file:D:\HW\UTDesign\cases\libuv\libuv-golden-demo\entry\build\default\intermediates\loader_out\ohosTest\ets cache.
[2026-07-28T09:46:41.694] [DEBUG] debug-file - Incremental task entry:ohosTest@OhosTestCompileArkTS post-execution cost:25 ms .
[2026-07-28T09:46:41.696] [DEBUG] debug-file - Update task entry:ohosTest@OhosTestBuildJS input file:D:\HW\UTDesign\cases\libuv\libuv-golden-demo\entry\build\default\intermediates\loader\ohosTest cache by regenerate.
[2026-07-28T09:46:41.697] [DEBUG] debug-file - Update task entry:ohosTest@OhosTestBuildJS input file:D:\HW\UTDesign\cases\libuv\libuv-golden-demo\entry\build\default\intermediates\res\ohosTest\ResourceTable.txt cache by regenerate.
[2026-07-28T09:46:41.697] [DEBUG] debug-file - Update task entry:ohosTest@OhosTestBuildJS input file:D:\HW\UTDesign\cases\libuv\libuv-golden-demo\entry\build\default\intermediates\res\ohosTest\ark_module.json cache by regenerate.
[2026-07-28T09:46:41.697] [DEBUG] debug-file - Update task entry:ohosTest@OhosTestBuildJS input file:D:\HW\UTDesign\cases\libuv\libuv-golden-demo\entry\build\default\intermediates\res\ohosTest\resources\base\profile cache by regenerate.
[2026-07-28T09:46:41.698] [DEBUG] debug-file - Update task entry:ohosTest@OhosTestBuildJS input file:D:\HW\UTDesign\cases\libuv\libuv-golden-demo\entry\src\ohosTest cache by regenerate.
[2026-07-28T09:46:41.704] [DEBUG] debug-file - Update task entry:ohosTest@OhosTestBuildJS output file:D:\HW\UTDesign\cases\libuv\libuv-golden-demo\entry\build\default\intermediates\loader_out\ohosTest\js cache.
[2026-07-28T09:46:41.704] [DEBUG] debug-file - Incremental task entry:ohosTest@OhosTestBuildJS post-execution cost:10 ms .
[2026-07-28T09:46:41.704] [DEBUG] debug-file - Update task entry:ohosTest@OhosTestCopyMockConfigJson output file:D:\HW\UTDesign\cases\libuv\libuv-golden-demo\entry\build\default\intermediates\res\ohosTest\resources\rawfile\mock\mock-config.json cache.
[2026-07-28T09:46:41.705] [DEBUG] debug-file - Incremental task entry:ohosTest@OhosTestCopyMockConfigJson post-execution cost:1 ms .
[2026-07-28T09:46:41.706] [DEBUG] debug-file - Update task entry:ohosTest@ProcessLibs input file:D:\HW\UTDesign\cases\libuv\libuv-golden-demo\build-profile.json5 cache by regenerate.
[2026-07-28T09:46:41.706] [DEBUG] debug-file - Update task entry:ohosTest@ProcessLibs input file:D:\HW\UTDesign\cases\libuv\libuv-golden-demo\entry\build-profile.json5 cache by regenerate.
[2026-07-28T09:46:41.707] [DEBUG] debug-file - Update task entry:ohosTest@ProcessLibs output file:D:\HW\UTDesign\cases\libuv\libuv-golden-demo\entry\build\default\intermediates\libs\ohosTest cache.
[2026-07-28T09:46:41.709] [DEBUG] debug-file - Incremental task entry:ohosTest@ProcessLibs post-execution cost:4 ms .
[2026-07-28T09:46:41.710] [DEBUG] debug-file - Update task entry:ohosTest@DoNativeStrip input file:D:\HW\UTDesign\cases\libuv\libuv-golden-demo\entry\build\default\intermediates\libs\ohosTest cache by regenerate.
[2026-07-28T09:46:41.712] [DEBUG] debug-file - Update task entry:ohosTest@DoNativeStrip output file:D:\HW\UTDesign\cases\libuv\libuv-golden-demo\entry\build\default\intermediates\stripped_native_libs\ohosTest cache.
[2026-07-28T09:46:41.715] [DEBUG] debug-file - Incremental task entry:ohosTest@DoNativeStrip post-execution cost:6 ms .
[2026-07-28T09:46:41.715] [DEBUG] debug-file - Update task entry:ohosTest@CacheNativeLibs input file:D:\HW\UTDesign\cases\libuv\libuv-golden-demo\entry\build\default\intermediates\stripped_native_libs\ohosTest cache by regenerate.
[2026-07-28T09:46:41.717] [DEBUG] debug-file - Update task entry:ohosTest@CacheNativeLibs input file:D:\HW\UTDesign\cases\libuv\libuv-golden-demo\entry\build\default\intermediates\libs\ohosTest cache by regenerate.
[2026-07-28T09:46:41.719] [DEBUG] debug-file - Update task entry:ohosTest@CacheNativeLibs output file:D:\HW\UTDesign\cases\libuv\libuv-golden-demo\entry\build\default\intermediates\patch\ohosTest\base_native_libs.json cache.
[2026-07-28T09:46:41.719] [DEBUG] debug-file - Update task entry:ohosTest@CacheNativeLibs output file:D:\HW\UTDesign\cases\libuv\libuv-golden-demo\entry\build\default\intermediates\patch\ohosTest\binxo_native_libs.json cache.
[2026-07-28T09:46:41.720] [DEBUG] debug-file - Incremental task entry:ohosTest@CacheNativeLibs post-execution cost:5 ms .
[2026-07-28T09:46:41.720] [DEBUG] debug-file - Update task entry:ohosTest@GeneratePkgModuleJson input file:D:\HW\UTDesign\cases\libuv\libuv-golden-demo\entry\build\default\intermediates\res\ohosTest\module.json cache by regenerate.
[2026-07-28T09:46:41.720] [DEBUG] debug-file - Update task entry:ohosTest@GeneratePkgModuleJson output file:D:\HW\UTDesign\cases\libuv\libuv-golden-demo\entry\build\default\intermediates\package\ohosTest\module.json cache.
[2026-07-28T09:46:41.721] [DEBUG] debug-file - Incremental task entry:ohosTest@GeneratePkgModuleJson post-execution cost:2 ms .
[2026-07-28T09:46:41.721] [DEBUG] debug-file - Incremental task entry:ohosTest@ProcessCompiledResources post-execution cost:1 ms .
[2026-07-28T09:46:41.722] [DEBUG] debug-file - Update task entry:ohosTest@PackageHap input file:D:\HW\UTDesign\cases\libuv\libuv-golden-demo\entry\build\default\intermediates\stripped_native_libs\ohosTest cache by regenerate.
[2026-07-28T09:46:41.724] [DEBUG] debug-file - Update task entry:ohosTest@PackageHap input file:D:\HW\UTDesign\cases\libuv\libuv-golden-demo\entry\build\default\intermediates\res\ohosTest\module.json cache by regenerate.
[2026-07-28T09:46:41.725] [DEBUG] debug-file - Update task entry:ohosTest@PackageHap input file:D:\HW\UTDesign\cases\libuv\libuv-golden-demo\entry\build\default\intermediates\res\ohosTest\resources cache by regenerate.
[2026-07-28T09:46:41.730] [DEBUG] debug-file - Update task entry:ohosTest@PackageHap input file:D:\HW\UTDesign\cases\libuv\libuv-golden-demo\entry\build\default\intermediates\res\ohosTest\resources.index cache by regenerate.
[2026-07-28T09:46:41.731] [DEBUG] debug-file - Update task entry:ohosTest@PackageHap input file:D:\HW\UTDesign\cases\libuv\libuv-golden-demo\entry\build\default\outputs\ohosTest\pack.info cache by regenerate.
[2026-07-28T09:46:41.731] [DEBUG] debug-file - Update task entry:ohosTest@PackageHap input file:D:\HW\UTDesign\cases\libuv\libuv-golden-demo\entry\build\default\intermediates\loader_out\ohosTest\ets cache by regenerate.
[2026-07-28T09:46:41.732] [DEBUG] debug-file - Update task entry:ohosTest@PackageHap input file:D:\HW\UTDesign\cases\libuv\libuv-golden-demo\entry\build\default\intermediates\loader\ohosTest\pkgSdkInfo.json cache by regenerate.
[2026-07-28T09:46:41.733] [DEBUG] debug-file - Update task entry:ohosTest@PackageHap input file:D:\HW\UTDesign\cases\libuv\libuv-golden-demo\entry\build\default\intermediates\loader_out\ohosTest\ets\sourceMaps.map cache by regenerate.
[2026-07-28T09:46:41.733] [DEBUG] debug-file - Update task entry:ohosTest@PackageHap input file:D:\HW\UTDesign\cases\libuv\libuv-golden-demo\entry\build\default\generated\profile\ohosTest\BuildProfile.ets cache by regenerate.
[2026-07-28T09:46:41.733] [DEBUG] debug-file - Update task entry:ohosTest@PackageHap output file:D:\HW\UTDesign\cases\libuv\libuv-golden-demo\entry\build\default\outputs\ohosTest\entry-ohosTest-unsigned.hap cache.
[2026-07-28T09:46:41.734] [DEBUG] debug-file - Update task entry:ohosTest@PackageHap output file:D:\HW\UTDesign\cases\libuv\libuv-golden-demo\entry\build\default\intermediates\source_map\ohosTest\sourceMaps.map cache.
[2026-07-28T09:46:41.734] [DEBUG] debug-file - Update task entry:ohosTest@PackageHap output file:D:\HW\UTDesign\cases\libuv\libuv-golden-demo\entry\build\default\outputs\ohosTest\mapping\sourceMaps.map cache.
[2026-07-28T09:46:41.734] [DEBUG] debug-file - Incremental task entry:ohosTest@PackageHap post-execution cost:14 ms .
[2026-07-28T09:46:41.734] [DEBUG] debug-file - Update task entry:ohosTest@SignHap input file:D:\HW\UTDesign\cases\libuv\libuv-golden-demo\entry\build\default\outputs\ohosTest\entry-ohosTest-unsigned.hap cache by regenerate.
[2026-07-28T09:46:41.735] [DEBUG] debug-file - Update task entry:ohosTest@SignHap output file:D:\HW\UTDesign\cases\libuv\libuv-golden-demo\entry\build\default\outputs\ohosTest\entry-ohosTest-signed.hap cache.
[2026-07-28T09:46:41.735] [DEBUG] debug-file - Incremental task entry:ohosTest@SignHap post-execution cost:1 ms .
[2026-07-28T09:46:41.735] [DEBUG] debug-file - Update task entry:ohosTest@CollectDebugSymbol input file:D:\HW\UTDesign\cases\libuv\libuv-golden-demo\entry\build\default\intermediates\loader_out\ohosTest\ets\sourceMaps.map cache by regenerate.
[2026-07-28T09:46:41.735] [DEBUG] debug-file - Update task entry:ohosTest@CollectDebugSymbol input file:D:\HW\UTDesign\cases\libuv\libuv-golden-demo\entry\build\default\intermediates\libs\ohosTest cache by regenerate.
[2026-07-28T09:46:41.736] [DEBUG] debug-file - Update task entry:ohosTest@CollectDebugSymbol output file:D:\HW\UTDesign\cases\libuv\libuv-golden-demo\entry\build\default\outputs\ohosTest\symbol cache.
[2026-07-28T09:46:41.736] [DEBUG] debug-file - Incremental task entry:ohosTest@CollectDebugSymbol post-execution cost:2 ms .
[2026-07-28T09:46:41.788] [DEBUG] debug-file - Current worker pool is stopped or closed.
[2026-07-28T09:46:41.788] [DEBUG] debug-file - Clear worker 0.
[2026-07-28T09:46:41.788] [DEBUG] debug-file - Worker 0 has been cleared.
[2026-07-28T09:46:41.789] [DEBUG] debug-file - Current idle worker size: 4.
[2026-07-28T09:46:41.789] [DEBUG] debug-file - Current busy worker size: 0.
[2026-07-28T09:46:41.789] [DEBUG] debug-file - Clear worker 1.
[2026-07-28T09:46:41.789] [DEBUG] debug-file - Worker 1 has been cleared.
[2026-07-28T09:46:41.789] [DEBUG] debug-file - Current idle worker size: 3.
[2026-07-28T09:46:41.789] [DEBUG] debug-file - Current busy worker size: 0.
[2026-07-28T09:46:41.789] [DEBUG] debug-file - Clear worker 13.
[2026-07-28T09:46:41.789] [DEBUG] debug-file - Worker 13 has been cleared.
[2026-07-28T09:46:41.789] [DEBUG] debug-file - Current idle worker size: 2.
[2026-07-28T09:46:41.789] [DEBUG] debug-file - Current busy worker size: 0.
[2026-07-28T09:46:41.789] [DEBUG] debug-file - Clear worker 4.
[2026-07-28T09:46:41.789] [DEBUG] debug-file - Worker 4 has been cleared.
[2026-07-28T09:46:41.789] [DEBUG] debug-file - Current idle worker size: 1.
[2026-07-28T09:46:41.789] [DEBUG] debug-file - Current busy worker size: 0.
[2026-07-28T09:46:41.789] [DEBUG] debug-file - Clear worker 14.
[2026-07-28T09:46:41.790] [DEBUG] debug-file - Worker 14 has been cleared.
[2026-07-28T09:46:41.790] [DEBUG] debug-file - Current idle worker size: 0.
[2026-07-28T09:46:41.790] [DEBUG] debug-file - Current busy worker size: 0.
[2026-07-28T09:46:41.791] [DEBUG] debug-file - hvigor build process will be closed.
[2026-07-28T09:46:41.799] [DEBUG] debug-file - Current worker pool is terminated.
[2026-07-28T09:46:41.801] [DEBUG] debug-file - worker[1] exits with exit code 1.
[2026-07-28T09:46:41.802] [DEBUG] debug-file - worker[0] exits with exit code 1.
[2026-07-28T09:46:41.809] [DEBUG] debug-file - worker[13] exits with exit code 1.
[2026-07-28T09:46:41.822] [DEBUG] debug-file - worker[14] exits with exit code 1.
[2026-07-28T09:46:41.894] [DEBUG] debug-file - worker[4] exits with exit code 1.
[2026-07-28T09:52:12.898] [DEBUG] debug-file - env: nodejsVersion=v18.20.1
[2026-07-28T09:52:13.419] [DEBUG] debug-file - Hvigor init with startParameters:{
  hvigorfileTypeCheck: false,
  parallelExecution: true,
  incrementalExecution: true,
  printStackTrace: false,
  daemon: false,
  analyze: 0,
  logLevel: Level { level: 20000, levelStr: 'INFO', colour: 'green' },
  optimizationStrategy: 'memory',
  hotCompile: undefined,
  hotReloadBuild: undefined,
  customizedParam: undefined
}
[2026-07-28T09:52:16.422] [DEBUG] debug-file - hvigorfile, require result:  { default: { system: [Function: appTasks], plugins: [] } }
[2026-07-28T09:52:16.424] [DEBUG] debug-file - Starting plugin build process
[2026-07-28T09:52:16.649] [DEBUG] debug-file - Obtain build option for product 'default'in this build.
[2026-07-28T09:52:16.643] [DEBUG] debug-file - Start initialize project's product build option map with build mode debug.
[2026-07-28T09:52:16.640] [DEBUG] debug-file - App plugin register hook start...
[2026-07-28T09:52:16.661] [DEBUG] debug-file - Start recording SDK configuration permission data.
[2026-07-28T09:52:16.714] [DEBUG] debug-file - Project task initialization takes 11 ms 
[2026-07-28T09:52:16.725] [DEBUG] debug-file - failed to load cangjie to dynamically generate schemas: Error: Cannot find module '@ohos/cangjie-build-support/index'
Require stack:
- E:\DevEco Studio\tools\hvigor\hvigor-ohos-plugin\src\plugin\hooks\cangjie-register.js
- E:\DevEco Studio\tools\hvigor\hvigor-ohos-plugin\src\plugin\strategy\stage-init-strategy.js
- E:\DevEco Studio\tools\hvigor\hvigor-ohos-plugin\src\plugin\builder\abstract-plugin-builder.js
- E:\DevEco Studio\tools\hvigor\hvigor-ohos-plugin\src\plugin\builder\app-plugin-builder.js
- E:\DevEco Studio\tools\hvigor\hvigor-ohos-plugin\src\plugin\factory\plugin-factory.js
- E:\DevEco Studio\tools\hvigor\hvigor-ohos-plugin\index.js
- D:\HW\UTDesign\cases\libuv\libuv-golden-demo\hvigorfile.ts
- E:\DevEco Studio\tools\hvigor\hvigor\src\base\internal\lifecycle\configuration.js
- E:\DevEco Studio\tools\hvigor\hvigor\src\base\boot\index.js
- E:\DevEco Studio\tools\hvigor\hvigor\src\cli\main\cli.js
- E:\DevEco Studio\tools\hvigor\hvigor\bin\hvigor.js
[2026-07-28T09:52:16.742] [DEBUG] debug-file - Start initialize module-target build option map, moduleName=entry, buildMode=debug
[2026-07-28T09:52:16.755] [DEBUG] debug-file - project has submodules:entry
[2026-07-28T09:52:16.758] [DEBUG] debug-file - start to load updatedOhPackageInfo to the disk
[2026-07-28T09:52:16.780] [DEBUG] debug-file - Start to initialize dependency information.
[2026-07-28T09:52:16.820] [DEBUG] debug-file - Executing task :entry:default@PreBuild
[2026-07-28T09:52:17.008] [DEBUG] debug-file - Executing task :entry:default@GenerateMetadata
[2026-07-28T09:52:12.900] [DEBUG] debug-file - env: hvigor-config.json5 content = {
  modelVersion: '6.1.0',
  dependencies: {},
  execution: {},
  logging: {},
  debugging: {},
  nodeOptions: {}
}
[2026-07-28T09:52:13.427] [DEBUG] debug-file - Cache service initialization finished in 7 ms 
[2026-07-28T09:52:16.422] [DEBUG] debug-file - hvigorfile, binding system plugins [Function: appTasks]
[2026-07-28T09:52:16.424] [DEBUG] debug-file - App plugin prepare start...
[2026-07-28T09:52:16.643] [DEBUG] debug-file - Picking option from product 'default' with build mode 'debug'.
[2026-07-28T09:52:16.651] [DEBUG] debug-file - No signingConfig found, initRemoteHspCache failed.
[2026-07-28T09:52:16.641] [DEBUG] debug-file - App plugin register hook end...
[2026-07-28T09:52:16.702] [DEBUG] debug-file - Sdk init in 50 ms 
[2026-07-28T09:52:16.715] [DEBUG] debug-file - hvigorfile, begin to bind custom plugins...
[2026-07-28T09:52:16.743] [DEBUG] debug-file - Target 'default' config initialized
[2026-07-28T09:52:16.762] [DEBUG] debug-file - load to the disk finished
[2026-07-28T09:52:16.791] [DEBUG] debug-file - Module entry Collected Dependency: D:\HW\UTDesign\cases\libuv\libuv-golden-demo\entry\src\main\cpp\types\libentry
[2026-07-28T09:52:17.008] [DEBUG] debug-file - Task 'entry:default@GenerateMetadata' cost while wrapping incremental declarations: 1 ms 
[2026-07-28T09:52:16.823] [DEBUG] debug-file - Task 'entry:default@PreBuild' cost while wrapping incremental declarations: 1 ms 
[2026-07-28T09:52:12.902] [DEBUG] debug-file - env: daemon=false
[2026-07-28T09:52:13.429] [DEBUG] debug-file - hvigorfile, resolving D:\HW\UTDesign\cases\libuv\libuv-golden-demo\hvigorfile.ts
[2026-07-28T09:52:16.424] [DEBUG] debug-file - App plugin prepare end...
[2026-07-28T09:52:16.643] [DEBUG] debug-file - Product 'default' build option initialized
[2026-07-28T09:52:16.654] [DEBUG] debug-file - Local scan or download HarmonyOS sdk components toolchains,ets,js,native,previewer
[2026-07-28T09:52:16.641] [DEBUG] debug-file - Plugin build process completed
[2026-07-28T09:52:16.715] [DEBUG] debug-file - hvigorfile, no custom plugins were found in D:\HW\UTDesign\cases\libuv\libuv-golden-demo\hvigorfile.ts
[2026-07-28T09:52:16.744] [DEBUG] debug-file - Target 'ohosTest' config initialized
[2026-07-28T09:52:16.763] [DEBUG] debug-file - Start to initialize dependency information.
[2026-07-28T09:52:16.792] [DEBUG] debug-file - Module entry's total dependency: 1
[2026-07-28T09:52:17.010] [DEBUG] debug-file - Incremental task entry:default@GenerateMetadata pre-execution cost: 2 ms .
[2026-07-28T09:52:12.903] [DEBUG] debug-file - no-daemon, use the parent process.execArgv --max-old-space-size=8192,--max-semi-space-size=16,--expose-gc
[2026-07-28T09:52:16.842] [DEBUG] debug-file - entry:default@PreBuild is not up-to-date, since the task snapshots are different.
[2026-07-28T09:52:16.424] [DEBUG] debug-file - App plugin creating...
[2026-07-28T09:52:16.643] [DEBUG] debug-file - End initialize project's product build option map with build mode 'debug'.
[2026-07-28T09:52:16.657] [DEBUG] debug-file - Local scan or download hmscore sdk components toolchains,ets,native
[2026-07-28T09:52:16.715] [DEBUG] debug-file - hvigorfile, resolve finished D:\HW\UTDesign\cases\libuv\libuv-golden-demo\hvigorfile.ts
[2026-07-28T09:52:16.744] [DEBUG] debug-file - Module 'entry' target 'default' build option initialized
[2026-07-28T09:52:16.777] [DEBUG] debug-file - Module libuv-golden-demo Collected Dependency: 
[2026-07-28T09:52:16.800] [DEBUG] debug-file - Configuration phase cost:3 s 373 ms 
[2026-07-28T09:52:17.010] [DEBUG] debug-file - entry : default@GenerateMetadata cost memory 0.0833740234375
[2026-07-28T09:52:16.842] [DEBUG] debug-file - Incremental task entry:default@PreBuild pre-execution cost: 13 ms .
[2026-07-28T09:52:17.057] [DEBUG] debug-file - Executing task :entry:default@CreateBuildProfile
[2026-07-28T09:52:17.063] [DEBUG] debug-file - Executing task :entry:default@PreCheckSyscap
[2026-07-28T09:52:17.092] [DEBUG] debug-file - Executing task :entry:default@ProcessIntegratedHsp
[2026-07-28T09:52:17.102] [DEBUG] debug-file - Use tool [Cmake]
 [
  'E:\\DevEco Studio\\sdk\\default\\openharmony\\native\\build-tools\\cmake\\bin\\cmake.exe',
  '-HD:\\HW\\UTDesign\\cases\\libuv\\libuv-golden-demo\\entry\\src\\main\\cpp',
  '-BD:\\HW\\UTDesign\\cases\\libuv\\libuv-golden-demo\\entry\\.cxx\\default\\default\\debug\\x86_64',
  '-DOHOS_ARCH=x86_64',
  '-DCMAKE_LIBRARY_OUTPUT_DIRECTORY=D:\\HW\\UTDesign\\cases\\libuv\\libuv-golden-demo\\entry\\build\\default\\intermediates\\cmake\\default\\obj\\x86_64',
  '-DCMAKE_BUILD_TYPE=Debug',
  '-DOHOS_SDK_NATIVE=E:\\DevEco Studio\\sdk\\default\\openharmony\\native',
  '-DCMAKE_SYSTEM_NAME=OHOS',
  '-DCMAKE_OHOS_ARCH_ABI=x86_64',
  '-DCMAKE_EXPORT_COMPILE_COMMANDS=ON',
  '-DCMAKE_TOOLCHAIN_FILE=E:\\DevEco Studio\\sdk\\default\\hms\\native\\build\\cmake\\hmos.toolchain.cmake',
  '-GNinja',
  '-DCMAKE_MAKE_PROGRAM=E:\\DevEco Studio\\sdk\\default\\openharmony\\native\\build-tools\\cmake\\bin\\ninja.exe',
  '-DCMAKE_FIND_ROOT_PATH=D:\\HW\\UTDesign\\cases\\libuv\\libuv-golden-demo\\entry\\.cxx\\default\\default\\debug\\hvigor\\x86_64',
  '-DPACKAGE_FIND_FILE=D:\\HW\\UTDesign\\cases\\libuv\\libuv-golden-demo\\entry\\.cxx\\default\\default\\debug\\hvigor\\x86_64\\summary.cmake',
  '--no-warn-unused-cli',
  '-DCMAKE_CXX_FLAGS=-std=c++17',
  '-DHMOS_SDK_NATIVE=E:\\DevEco Studio\\sdk\\default\\hms\\native',
  '-DOHOS_COMPATIBLE_SDK_VERSION=6.1.0(23)'
]
[2026-07-28T09:52:16.744] [DEBUG] debug-file - Module 'entry' target 'ohosTest' build option initialized
[2026-07-28T09:52:16.716] [DEBUG] debug-file - hvigorfile, resolving D:\HW\UTDesign\cases\libuv\libuv-golden-demo\entry\hvigorfile.ts
[2026-07-28T09:52:16.777] [DEBUG] debug-file - Module libuv-golden-demo's total dependency: 0
[2026-07-28T09:52:17.097] [DEBUG] debug-file - Executing task :entry:default@BuildNativeWithCmake
[2026-07-28T09:52:16.804] [DEBUG] debug-file - Configuration task cost before running: 3 s 398 ms 
[2026-07-28T09:52:17.010] [INFO] debug-file - UP-TO-DATE :entry:default@GenerateMetadata...  
[2026-07-28T09:52:17.066] [DEBUG] debug-file - Executing task :entry:default@GeneratePkgContextInfo
[2026-07-28T09:52:16.999] [DEBUG] debug-file - current product is not Atomic service.
[2026-07-28T09:52:17.058] [DEBUG] debug-file - Task 'entry:default@CreateBuildProfile' cost while wrapping incremental declarations: 1 ms 
[2026-07-28T09:52:17.063] [DEBUG] debug-file - entry : default@PreCheckSyscap cost memory 0.01354217529296875
[2026-07-28T09:52:17.093] [DEBUG] debug-file - entry:default@ProcessIntegratedHsp is not up-to-date, since the output file 'D:\HW\UTDesign\cases\libuv\libuv-golden-demo\build\cache\default\integrated_hsp\integratedHspCache.json' does not exist.
[2026-07-28T09:52:16.744] [DEBUG] debug-file - End initialize module-target build option map, moduleName=entry
[2026-07-28T09:52:16.723] [DEBUG] debug-file - hvigorfile, require result:  { default: { system: [Function: hapTasks], plugins: [] } }
[2026-07-28T09:52:16.999] [DEBUG] debug-file - Use tool [win32: JAVA_HOME, CLASSPATH]
 [ { JAVA_HOME: 'E:\\Java\\jdk-21.0.11' }, { CLASSPATH: undefined } ]
[2026-07-28T09:52:17.014] [DEBUG] debug-file - Executing task :entry:default@ConfigureCmake
[2026-07-28T09:52:17.059] [DEBUG] debug-file - Incremental task entry:default@CreateBuildProfile pre-execution cost: 2 ms .
[2026-07-28T09:52:17.076] [DEBUG] debug-file - Task 'entry:default@GeneratePkgContextInfo' cost while wrapping incremental declarations: 1 ms 
[2026-07-28T09:52:17.063] [DEBUG] debug-file - runTaskFromQueue task cost before running: 3 s 658 ms 
[2026-07-28T09:52:16.744] [DEBUG] debug-file - Start initialize module-target build option map, moduleName=entry, buildMode=release
[2026-07-28T09:52:17.093] [DEBUG] debug-file - Incremental task entry:default@ProcessIntegratedHsp pre-execution cost: 1 ms .
[2026-07-28T09:52:16.723] [DEBUG] debug-file - hvigorfile, binding system plugins [Function: hapTasks]
[2026-07-28T09:52:16.999] [DEBUG] debug-file - Use tool [win32: NODE_HOME]
 [ { NODE_HOME: undefined } ]
[2026-07-28T09:52:17.050] [DEBUG] debug-file - entry : default@ConfigureCmake cost memory 1.1633834838867188
[2026-07-28T09:52:17.060] [DEBUG] debug-file - entry : default@CreateBuildProfile cost memory 0.19945526123046875
[2026-07-28T09:52:17.077] [DEBUG] debug-file - entry : default@GeneratePkgContextInfo cost memory 0.5123214721679688
[2026-07-28T09:52:17.063] [INFO] debug-file - Finished :entry:default@PreCheckSyscap... after 1 ms 
[2026-07-28T09:52:17.093] [DEBUG] debug-file - entry : default@ProcessIntegratedHsp cost memory 0.05107879638671875
[2026-07-28T09:52:16.724] [DEBUG] debug-file - Starting plugin build process
[2026-07-28T09:52:16.744] [DEBUG] debug-file - Target 'default' config initialized
[2026-07-28T09:52:17.000] [DEBUG] debug-file - entry : default@PreBuild cost memory -1.7558059692382812
[2026-07-28T09:52:17.051] [DEBUG] debug-file - runTaskFromQueue task cost before running: 3 s 645 ms 
[2026-07-28T09:52:17.060] [INFO] debug-file - UP-TO-DATE :entry:default@CreateBuildProfile...  
[2026-07-28T09:52:17.077] [DEBUG] debug-file - runTaskFromQueue task cost before running: 3 s 671 ms 
[2026-07-28T09:52:17.093] [DEBUG] debug-file - runTaskFromQueue task cost before running: 3 s 688 ms 
[2026-07-28T09:52:16.724] [DEBUG] debug-file - Hap plugin creating...
[2026-07-28T09:52:17.000] [DEBUG] debug-file - runTaskFromQueue task cost before running: 3 s 594 ms 
[2026-07-28T09:52:16.745] [DEBUG] debug-file - Target 'ohosTest' config initialized
[2026-07-28T09:52:17.051] [INFO] debug-file - Finished :entry:default@ConfigureCmake... after 38 ms 
[2026-07-28T09:52:17.077] [INFO] debug-file - Finished :entry:default@GeneratePkgContextInfo... after 11 ms 
[2026-07-28T09:52:17.093] [INFO] debug-file - Finished :entry:default@ProcessIntegratedHsp... after 1 ms 
[2026-07-28T09:52:17.003] [INFO] debug-file - Finished :entry:default@PreBuild... after 180 ms 
[2026-07-28T09:52:16.745] [DEBUG] debug-file - Module 'entry' target 'default' build option initialized
[2026-07-28T09:52:17.052] [DEBUG] debug-file - Executing task :entry:default@MergeProfile
[2026-07-28T09:52:17.079] [DEBUG] debug-file - Executing task :entry:default@GeneratePkgSdkInfo
[2026-07-28T09:52:17.004] [DEBUG] debug-file - Executing task :entry:default@CreateModuleInfo
[2026-07-28T09:52:16.745] [DEBUG] debug-file - Module 'entry' target 'ohosTest' build option initialized
[2026-07-28T09:52:17.053] [DEBUG] debug-file - Task 'entry:default@MergeProfile' cost while wrapping incremental declarations: 1 ms 
[2026-07-28T09:52:17.005] [DEBUG] debug-file - Task 'entry:default@CreateModuleInfo' cost while wrapping incremental declarations: 1 ms 
[2026-07-28T09:52:17.083] [DEBUG] debug-file - Task 'entry:default@GeneratePkgSdkInfo' cost while wrapping incremental declarations: 1 ms 
[2026-07-28T09:52:16.745] [DEBUG] debug-file - End initialize module-target build option map, moduleName=entry
[2026-07-28T09:52:17.055] [DEBUG] debug-file - Incremental task entry:default@MergeProfile pre-execution cost: 2 ms .
[2026-07-28T09:52:17.005] [DEBUG] debug-file - entry : default@CreateModuleInfo cost memory 0.17617034912109375
[2026-07-28T09:52:17.083] [DEBUG] debug-file - entry:default@GeneratePkgSdkInfo is not up-to-date, since the task snapshots are different.
[2026-07-28T09:52:16.745] [DEBUG] debug-file - Start initialize module-target build option map, moduleName=entry, buildMode=debug
[2026-07-28T09:52:17.055] [DEBUG] debug-file - entry : default@MergeProfile cost memory 0.12398529052734375
[2026-07-28T09:52:17.005] [DEBUG] debug-file - runTaskFromQueue task cost before running: 3 s 600 ms 
[2026-07-28T09:52:17.083] [DEBUG] debug-file - Incremental task entry:default@GeneratePkgSdkInfo pre-execution cost: 1 ms .
[2026-07-28T09:52:16.745] [DEBUG] debug-file - Target 'default' config initialized
[2026-07-28T09:52:17.055] [INFO] debug-file - UP-TO-DATE :entry:default@MergeProfile...  
[2026-07-28T09:52:17.006] [INFO] debug-file - Finished :entry:default@CreateModuleInfo... after 2 ms 
[2026-07-28T09:52:17.085] [DEBUG] debug-file - entry : default@GeneratePkgSdkInfo cost memory 0.28766632080078125
[2026-07-28T09:52:16.746] [DEBUG] debug-file - Target 'ohosTest' config initialized
[2026-07-28T09:52:17.085] [DEBUG] debug-file - runTaskFromQueue task cost before running: 3 s 680 ms 
[2026-07-28T09:52:17.112] [DEBUG] debug-file - CMake configuration was up-to-date
[2026-07-28T09:52:16.746] [DEBUG] debug-file - Module 'entry' target 'default' build option initialized
[2026-07-28T09:52:17.086] [INFO] debug-file - Finished :entry:default@GeneratePkgSdkInfo... after 7 ms 
[2026-07-28T09:52:16.746] [DEBUG] debug-file - Module 'entry' target 'ohosTest' build option initialized
[2026-07-28T09:52:16.746] [DEBUG] debug-file - End initialize module-target build option map, moduleName=entry
[2026-07-28T09:52:16.747] [DEBUG] debug-file - Obtain build option for module 'entry' target 'default'in this build.
[2026-07-28T09:52:16.753] [DEBUG] debug-file - Module entry task initialization takes 5 ms 
[2026-07-28T09:52:16.753] [DEBUG] debug-file - Hap plugin register hook start...
[2026-07-28T09:52:16.753] [DEBUG] debug-file - Hap plugin register hook end...
[2026-07-28T09:52:16.753] [DEBUG] debug-file - Plugin build process completed
[2026-07-28T09:52:16.753] [DEBUG] debug-file - hvigorfile, begin to bind custom plugins...
[2026-07-28T09:52:16.753] [DEBUG] debug-file - hvigorfile, no custom plugins were found in D:\HW\UTDesign\cases\libuv\libuv-golden-demo\entry\hvigorfile.ts
[2026-07-28T09:52:16.753] [DEBUG] debug-file - hvigorfile, resolve finished D:\HW\UTDesign\cases\libuv\libuv-golden-demo\entry\hvigorfile.ts
[2026-07-28T09:52:17.117] [DEBUG] debug-file - entry : default@BuildNativeWithCmake cost memory 1.1812591552734375
[2026-07-28T09:52:17.117] [DEBUG] debug-file - runTaskFromQueue task cost before running: 3 s 712 ms 
[2026-07-28T09:52:17.124] [DEBUG] debug-file - Executing task :entry:default@SyscapTransform
[2026-07-28T09:52:17.119] [DEBUG] debug-file - Executing task :entry:default@MakePackInfo
[2026-07-28T09:52:17.118] [INFO] debug-file - Finished :entry:default@BuildNativeWithCmake... after 21 ms 
[2026-07-28T09:52:17.148] [DEBUG] debug-file - Executing task :entry:default@ProcessRouterMap
[2026-07-28T09:52:17.143] [DEBUG] debug-file - Executing task :entry:default@ProcessProfile
[2026-07-28T09:52:17.168] [DEBUG] debug-file - Executing task :entry:default@BuildNativeWithNinja
[2026-07-28T09:52:17.155] [DEBUG] debug-file - Executing task :entry:default@ProcessShareConfig
[2026-07-28T09:52:17.160] [DEBUG] debug-file - Executing task :entry:default@ProcessStartupConfig
[2026-07-28T09:52:17.173] [DEBUG] debug-file - Create  resident worker with id: 0.
[2026-07-28T09:52:17.210] [DEBUG] debug-file - Executing task :entry:default@ProcessResource
[2026-07-28T09:52:17.200] [DEBUG] debug-file - OHOS_STL is c++_shared
[2026-07-28T09:52:17.220] [DEBUG] debug-file - Executing task :entry:default@GenerateLoaderJson
[2026-07-28T09:52:17.241] [DEBUG] debug-file - Executing task :entry:default@CompileResource
[2026-07-28T09:52:17.124] [DEBUG] debug-file - File: 'D:\HW\UTDesign\cases\libuv\libuv-golden-demo\entry\src\main\syscap.json' from 'sysCapJsonPath' is not exists, just ignore.
[2026-07-28T09:52:17.262] [DEBUG] debug-file - Executing task :entry:default@CompileArkTS
[2026-07-28T09:52:17.122] [DEBUG] debug-file - Incremental task entry:default@MakePackInfo pre-execution cost: 2 ms .
[2026-07-28T09:52:17.320] [DEBUG] debug-file - Executing task :entry:default@BuildJS
[2026-07-28T09:52:17.150] [DEBUG] debug-file - entry:default@ProcessRouterMap is not up-to-date, since the task snapshots are different.
[2026-07-28T09:52:17.170] [DEBUG] debug-file - Use tool [Ninja]
 [
  'E:\\DevEco Studio\\sdk\\default\\openharmony\\native\\build-tools\\cmake\\bin\\ninja.exe',
  '-C',
  'D:\\HW\\UTDesign\\cases\\libuv\\libuv-golden-demo\\entry\\.cxx\\default\\default\\debug\\x86_64'
]
[2026-07-28T09:52:17.157] [DEBUG] debug-file - entry:default@ProcessShareConfig is not up-to-date, since the task snapshots are different.
[2026-07-28T09:52:17.161] [DEBUG] debug-file - Task 'entry:default@ProcessStartupConfig' cost while wrapping incremental declarations: 1 ms 
[2026-07-28T09:52:17.176] [DEBUG] debug-file - Create  resident worker with id: 1.
[2026-07-28T09:52:17.200] [DEBUG] debug-file - Copy STL libc++_shared.so to D:\HW\UTDesign\cases\libuv\libuv-golden-demo\entry\build\default\intermediates\cmake\default\obj\x86_64 due to OHOS_STL is 'c++_shared'
[2026-07-28T09:52:17.210] [DEBUG] debug-file - Task 'entry:default@ProcessResource' cost while wrapping incremental declarations: 1 ms 
[2026-07-28T09:52:17.221] [DEBUG] debug-file - Task 'entry:default@GenerateLoaderJson' cost while wrapping incremental declarations: 1 ms 
[2026-07-28T09:52:17.255] [DEBUG] debug-file - Incremental task entry:default@CompileResource pre-execution cost: 11 ms .
[2026-07-28T09:52:17.144] [DEBUG] debug-file - Task 'entry:default@ProcessProfile' cost while wrapping incremental declarations: 1 ms 
[2026-07-28T09:52:17.125] [DEBUG] debug-file - Task 'entry:default@SyscapTransform' cost while wrapping incremental declarations: 1 ms 
[2026-07-28T09:52:17.263] [DEBUG] debug-file - obfuscationOptions: undefined
[2026-07-28T09:52:17.122] [DEBUG] debug-file - entry : default@MakePackInfo cost memory 0.1116485595703125
[2026-07-28T09:52:17.320] [DEBUG] debug-file - Task 'entry:default@BuildJS' cost while wrapping incremental declarations: 1 ms 
[2026-07-28T09:52:17.150] [DEBUG] debug-file - Incremental task entry:default@ProcessRouterMap pre-execution cost: 2 ms .
[2026-07-28T09:52:17.171] [DEBUG] debug-file - Since there is no instance or instance is terminated, create a new worker pool.
[2026-07-28T09:52:17.157] [DEBUG] debug-file - Incremental task entry:default@ProcessShareConfig pre-execution cost: 2 ms .
[2026-07-28T09:52:17.179] [DEBUG] debug-file - default@BuildNativeWithNinja work[0] is submitted.
[2026-07-28T09:52:17.162] [DEBUG] debug-file - entry:default@ProcessStartupConfig is not up-to-date, since the output file 'D:\HW\UTDesign\cases\libuv\libuv-golden-demo\entry\build\default\intermediates\startup\default\startup_config.json' does not exist.
[2026-07-28T09:52:17.201] [DEBUG] debug-file - entry : default@BuildNativeWithNinja cost memory 2.3376693725585938
[2026-07-28T09:52:17.213] [DEBUG] debug-file - Incremental task entry:default@ProcessResource pre-execution cost: 2 ms .
[2026-07-28T09:52:17.229] [DEBUG] debug-file - entry:default@GenerateLoaderJson is not up-to-date, since the input file 'D:\HW\UTDesign\cases\libuv\libuv-golden-demo\entry\build\default\intermediates\router_map\default\temp-router-map.json' has been changed.
[2026-07-28T09:52:17.139] [DEBUG] debug-file - entry:default@SyscapTransform is not up-to-date, since the output file 'D:\HW\UTDesign\cases\libuv\libuv-golden-demo\entry\build\default\intermediates\syscap\default\rpcid.sc' does not exist.
[2026-07-28T09:52:17.270] [DEBUG] debug-file - Task 'entry:default@CompileArkTS' cost while wrapping incremental declarations: 1 ms 
[2026-07-28T09:52:17.122] [INFO] debug-file - UP-TO-DATE :entry:default@MakePackInfo...  
[2026-07-28T09:52:17.145] [DEBUG] debug-file - Incremental task entry:default@ProcessProfile pre-execution cost: 2 ms .
[2026-07-28T09:52:17.255] [DEBUG] debug-file - entry : default@CompileResource cost memory 0.560943603515625
[2026-07-28T09:52:17.324] [DEBUG] debug-file - entry : default@BuildJS cost memory 0.160186767578125
[2026-07-28T09:52:17.153] [DEBUG] debug-file - entry : default@ProcessRouterMap cost memory 0.1625213623046875
[2026-07-28T09:52:17.171] [DEBUG] debug-file - Worker pool is initialized with config:  {
  minPoolNum: 2,
  maxPoolNum: undefined,
  maxCoreSize: undefined,
  cacheCapacity: undefined,
  cacheTtl: undefined
}
[2026-07-28T09:52:17.158] [DEBUG] debug-file - entry : default@ProcessShareConfig cost memory 0.13321685791015625
[2026-07-28T09:52:17.179] [DEBUG] debug-file - default@BuildNativeWithNinja work[0] is pushed to ready queue.
[2026-07-28T09:52:17.162] [DEBUG] debug-file - Incremental task entry:default@ProcessStartupConfig pre-execution cost: 1 ms .
[2026-07-28T09:52:17.204] [DEBUG] debug-file - restool module names: entry; moduleName=entry, taskName=default@ProcessResource
[2026-07-28T09:52:17.213] [DEBUG] debug-file - entry : default@ProcessResource cost memory 0.141571044921875
[2026-07-28T09:52:17.229] [DEBUG] debug-file - Incremental task entry:default@GenerateLoaderJson pre-execution cost: 6 ms .
[2026-07-28T09:52:17.139] [DEBUG] debug-file - Incremental task entry:default@SyscapTransform pre-execution cost: 15 ms .
[2026-07-28T09:52:17.279] [DEBUG] debug-file - entry:default@CompileArkTS is not up-to-date, since the input file 'D:\HW\UTDesign\cases\libuv\libuv-golden-demo\entry\build\default\intermediates\loader\default' has been changed.
[2026-07-28T09:52:17.145] [DEBUG] debug-file - entry : default@ProcessProfile cost memory 0.13007354736328125
[2026-07-28T09:52:17.256] [INFO] debug-file - UP-TO-DATE :entry:default@CompileResource...  
[2026-07-28T09:52:17.324] [DEBUG] debug-file - runTaskFromQueue task cost before running: 3 s 918 ms 
[2026-07-28T09:52:17.153] [DEBUG] debug-file - runTaskFromQueue task cost before running: 3 s 747 ms 
[2026-07-28T09:52:17.158] [DEBUG] debug-file - runTaskFromQueue task cost before running: 3 s 752 ms 
[2026-07-28T09:52:17.179] [DEBUG] debug-file - A work dispatched to worker[15] failed because unable to get work from ready queue.
[2026-07-28T09:52:17.163] [DEBUG] debug-file - entry : default@ProcessStartupConfig cost memory 0.09120941162109375
[2026-07-28T09:52:17.216] [INFO] debug-file - UP-TO-DATE :entry:default@ProcessResource...  
[2026-07-28T09:52:17.234] [DEBUG] debug-file - entry : default@GenerateLoaderJson cost memory 0.42841339111328125
[2026-07-28T09:52:17.140] [DEBUG] debug-file - entry : default@SyscapTransform cost memory 0.13278961181640625
[2026-07-28T09:52:17.279] [DEBUG] debug-file - Incremental task entry:default@CompileArkTS pre-execution cost: 6 ms .
[2026-07-28T09:52:17.145] [INFO] debug-file - UP-TO-DATE :entry:default@ProcessProfile...  
[2026-07-28T09:52:17.324] [INFO] debug-file - Finished :entry:default@BuildJS... after 5 ms 
[2026-07-28T09:52:17.153] [INFO] debug-file - Finished :entry:default@ProcessRouterMap... after 5 ms 
[2026-07-28T09:52:17.158] [INFO] debug-file - Finished :entry:default@ProcessShareConfig... after 3 ms 
[2026-07-28T09:52:17.163] [DEBUG] debug-file - runTaskFromQueue task cost before running: 3 s 758 ms 
[2026-07-28T09:52:17.180] [DEBUG] debug-file - Create  resident worker with id: 14.
[2026-07-28T09:52:17.234] [DEBUG] debug-file - runTaskFromQueue task cost before running: 3 s 828 ms 
[2026-07-28T09:52:17.140] [DEBUG] debug-file - runTaskFromQueue task cost before running: 3 s 734 ms 
[2026-07-28T09:52:17.307] [DEBUG] debug-file - build config:
[2026-07-28T09:52:17.164] [INFO] debug-file - Finished :entry:default@ProcessStartupConfig... after 4 ms 
[2026-07-28T09:52:17.182] [DEBUG] debug-file - default@BuildNativeWithNinja work[0] has been dispatched to worker[14].
[2026-07-28T09:52:17.238] [INFO] debug-file - Finished :entry:default@GenerateLoaderJson... after 15 ms 
[2026-07-28T09:52:17.140] [INFO] debug-file - Finished :entry:default@SyscapTransform... after 17 ms 
[2026-07-28T09:52:17.308] [DEBUG] debug-file - {
  moduleType: 'entry',
  perf: 0,
  targetName: '.default',
  packageManagerType: 'ohpm',
  localPropertiesPath: 'D:\\HW\\UTDesign\\cases\\libuv\\libuv-golden-demo\\local.properties',
  isPreview: false,
  isOhosTest: false,
  isLocalTest: false,
  buildMode: 'Debug',
  hotReloadBuild: undefined,
  watchMode: 'false',
  aceProfilePath: 'D:\\HW\\UTDesign\\cases\\libuv\\libuv-golden-demo\\entry\\build\\default\\intermediates\\res\\default\\resources\\base\\profile',
  etsLoaderPath: 'E:\\DevEco Studio\\sdk\\default\\openharmony\\ets\\build-tools\\ets-loader',
  modulePath: 'D:\\HW\\UTDesign\\cases\\libuv\\libuv-golden-demo\\entry',
  testFrameworkPar: {
    testMode: undefined,
    coveragePathFilter: undefined,
    coverageMode: undefined
  },
  needCoverageInsert: false,
  debugLine: false,
  projectTopDir: 'D:\\HW\\UTDesign\\cases\\libuv\\libuv-golden-demo',
  compileSdkVersion: 23,
  compatibleSdkVersion: 23,
  originCompatibleSdkVersion: '6.1.0(23)',
  compatibleSdkVersionStage: undefined,
  bundleName: 'c***n',
  etsLoaderVersion: '6.1.0.105',
  etsLoaderReleaseType: 'Release',
  aotCompileMode: 'type',
  apPath: 'D:\\HW\\UTDesign\\cases\\libuv\\libuv-golden-demo\\entry\\modules.ap',
  entryModuleName: 'entry',
  entryModuleVersion: '1.0.0',
  entryPackageName: 'entry',
  allModuleNameHash: '0c41aa2ce588995904699f5f36eceff65d12a57451948b947162a49d8fb4beee',
  externalApiPaths: [ 'E:\\DevEco Studio\\sdk\\default\\hms\\ets' ],
  compilerTypes: [],
  isCrossplatform: false,
  hvigorPluginFile: undefined,
  compilePluginPath: undefined,
  buildGeneratedProfilePath: 'D:\\HW\\UTDesign\\cases\\libuv\\libuv-golden-demo\\entry\\build\\default\\generated\\profile\\default',
  bundleType: 'app',
  arkTSVersion: undefined,
  apiVersion: 23,
  needCompleteSourcesMap: false,
  isFaMode: false,
  buildDir: 'D:\\HW\\UTDesign\\cases\\libuv\\libuv-golden-demo\\entry\\build',
  deviceTypes: [ '2in1' ],
  pkgContextInfo: undefined,
  ohPackagePathMap: {},
  dependencyAliasMap: {},
  permission: { requestPermissions: undefined, definePermissions: undefined },
  useGetCurrentBundleName: false,
  projectArkOption: undefined,
  sourceMapDir: undefined,
  branchElimination: false,
  transformLib: undefined,
  tsImportSendable: false,
  resolveConflictMode: true,
  depName2RootPath: {},
  depName2DepInfo: {},
  depName2OhExports: {},
  rootPathSet: [ 'D:\\HW\\UTDesign\\cases\\libuv\\libuv-golden-demo' ],
  useNativeResolver: true,
  shouldEmitJs: true,
  useTscResolve: false,
  singleFileEmit: false,
  userProjectConfig: {
    autoLazyImport: false,
    allowEmptyBundleName: false,
    reExportCheckMode: 'noCheck',
    executionMode: 'memory',
    usePathPlaceholder: false,
    writeRollupCache: true,
    isExpandImportEnabled: false,
    expandImportExclude: '',
    lazyImportExclude: '',
    lazyImportInclude: '',
    ignoreCrossplatformCheck: false,
    isHarDeduplicateEnabled: false,
    skipOhModulesLint: false,
    enableStrictCheckOHModule: false,
    disableSendableCheckRules: [],
    useDeclarationFileSignature: false,
    customizedOptions: undefined,
    integratedHsp: false,
    isPreloadSoEnabled: false
  },
  executionMode: 'memory',
  arkCompileCachePath: 'D:\\HW\\UTDesign\\cases\\libuv\\libuv-golden-demo\\entry\\build\\default\\cache\\default\\default@CompileArkTS\\esmodule',
  autoLazyFilter: undefined,
  isHarDeduplicateEnabled: false,
  intermediateHarDuplicateDirPath: 'D:\\HW\\UTDesign\\cases\\libuv\\libuv-golden-demo\\entry\\build\\default\\intermediates\\har_duplicate\\default',
  autoLazyImport: false,
  allowEmptyBundleName: false,
  reExportCheckMode: 'noCheck',
  usePathPlaceholder: false,
  writeRollupCache: true,
  isExpandImportEnabled: false,
  expandImportExclude: '',
  lazyImportExclude: '',
  lazyImportInclude: '',
  ignoreCrossplatformCheck: false,
  skipOhModulesLint: false,
  enableStrictCheckOHModule: false,
  disableSendableCheckRules: [],
  useDeclarationFileSignature: false,
  customizedOptions: undefined,
  integratedHsp: false,
  isPreloadSoEnabled: false,
  strictMode: undefined,
  useNormalizedOHMUrl: false,
  caseSensitiveCheck: false,
  aceModuleJsonPath: 'D:\\HW\\UTDesign\\cases\\libuv\\libuv-golden-demo\\entry\\build\\default\\intermediates\\res\\default\\ark_module.json',
  appResource: 'D:\\HW\\UTDesign\\cases\\libuv\\libuv-golden-demo\\entry\\build\\default\\intermediates\\res\\default\\ResourceTable.txt',
  rawFileResource: 'D:\\HW\\UTDesign\\cases\\libuv\\libuv-golden-demo\\entry\\build\\default\\intermediates\\res\\default\\resources\\rawfile',
  resourceTableHash: '0f09b429b371a6f162359917e8bf68f1d1a81abfb007e38c000dadae708d7c6a',
  runtimeOS: 'HarmonyOS',
  sdkInfo: 'false:23:6.1.0.105:Release',
  aceModuleRoot: 'D:\\HW\\UTDesign\\cases\\libuv\\libuv-golden-demo\\entry\\src\\main\\ets',
  compileMode: 'esmodule',
  aceSuperVisualPath: 'D:\\HW\\UTDesign\\cases\\libuv\\libuv-golden-demo\\entry\\src\\main\\supervisual',
  aceBuildJson: 'D:\\HW\\UTDesign\\cases\\libuv\\libuv-golden-demo\\entry\\build\\default\\intermediates\\loader\\default\\loader.json',
  cachePath: 'D:\\HW\\UTDesign\\cases\\libuv\\libuv-golden-demo\\entry\\build\\default\\cache\\default\\default@CompileArkTS\\esmodule\\debug',
  aceModuleBuild: 'D:\\HW\\UTDesign\\cases\\libuv\\libuv-golden-demo\\entry\\build\\default\\intermediates\\loader_out\\default\\ets',
  supportChunks: true,
  declaredFilesPath: undefined,
  shouldCollectDirectImportees: false,
  isByteCodeHarOptimize: false,
  expandImportPath: undefined,
  resourceTableTs: 'D:\\HW\\UTDesign\\cases\\libuv\\libuv-golden-demo\\entry\\build\\default\\generated\\r\\default\\ResourceTable.ts',
  moduleMetaInfoFiles: [
    {
      filePath: 'D:\\HW\\UTDesign\\cases\\libuv\\libuv-golden-demo\\entry\\build\\default\\generated\\r\\default\\ResourceTable.ts',
      ohmurl: 'com.thirdparty.validation.libuv.golden/entry/build/generated/r/ResourceTable'
    }
  ],
  pkgNameToPkgBriefInfo: {
    entry: {
      pkgRoot: 'D:\\HW\\UTDesign\\cases\\libuv\\libuv-golden-demo\\entry',
      originalSourceRoots: undefined,
      sourceRoots: [Array],
      pkgName: 'entry'
    }
  },
  projectModel: {
    'D:\\HW\\UTDesign\\cases\\libuv\\libuv-golden-demo\\entry\\src\\main': {
      moduleName: 'entry',
      modulePkgPath: 'D:\\HW\\UTDesign\\cases\\libuv\\libuv-golden-demo\\entry',
      belongProjectPath: 'D:\\HW\\UTDesign\\cases\\libuv\\libuv-golden-demo'
    },
    'D:\\HW\\UTDesign\\cases\\libuv\\libuv-golden-demo\\entry\\src\\ohosTest': {
      moduleName: 'entry_test',
      modulePkgPath: 'D:\\HW\\UTDesign\\cases\\libuv\\libuv-golden-demo\\entry',
      belongProjectPath: 'D:\\HW\\UTDesign\\cases\\libuv\\libuv-golden-demo'
    },
    'D:\\HW\\UTDesign\\cases\\libuv\\libuv-golden-demo\\entry': {
      moduleName: 'entry',
      modulePkgPath: 'D:\\HW\\UTDesign\\cases\\libuv\\libuv-golden-demo\\entry',
      belongProjectPath: 'D:\\HW\\UTDesign\\cases\\libuv\\libuv-golden-demo'
    },
    'D:\\HW\\UTDesign\\cases\\libuv\\libuv-golden-demo': {
      moduleName: 'libuv-golden-demo',
      modulePkgPath: 'D:\\HW\\UTDesign\\cases\\libuv\\libuv-golden-demo',
      belongProjectPath: 'D:\\HW\\UTDesign\\cases\\libuv\\libuv-golden-demo'
    }
  },
  pkgJsonFileHash: '846aabd2221e8e7e03b0807cf3d2906763b6f097e8759f4df63f5c14529f05f3',
  allModulePaths: [ 'D:\\HW\\UTDesign\\cases\\libuv\\libuv-golden-demo\\entry' ],
  routerMap: {},
  obfuscationOptions: undefined,
  byteCodeHarToDependencyKeys: undefined,
  compileBlockPkg: [],
  mockParams: {
    decorator: '@MockSetup',
    packageName: '@ohos/hamock',
    etsSourceRootPath: 'src/main/ets',
    mockConfigPath: undefined,
    mockConfigKey2ModuleInfo: {},
    source2ModuleIdMap: {}
  },
  copyCodeResourceEnable: true,
  copyCodeResourceExcludes: [],
  copyCodeResourceIncludes: undefined,
  uiTransformOptimization: false,
  sdkPath: 'E:/DevEco Studio/sdk',
  needPreloadSoFileSet: {},
  preloadSoFilePath: 'D:\\HW\\UTDesign\\cases\\libuv\\libuv-golden-demo\\entry\\build\\default\\intermediates\\preload\\default\\preload.json',
  useSourceHash: false,
  localModuleParamMap: {},
  otherPaths: {
    'entry/*': [
      '..\\*',
      '..\\..\\..\\build\\default\\generated\\profile\\default\\*'
    ]
  },
  collectImportersConfig: undefined
}
[2026-07-28T09:52:17.239] [DEBUG] debug-file - restool module names: entry; moduleName=entry, taskName=default@CompileResource
[2026-07-28T09:52:17.182] [DEBUG] debug-file - default@BuildNativeWithNinja work[0] is dispatched.
[2026-07-28T09:52:17.309] [DEBUG] debug-file - Compile arkts with external api path: E:\DevEco Studio\sdk\default\hms\ets
[2026-07-28T09:52:17.312] [DEBUG] debug-file - default@CompileArkTS work[1] is submitted.
[2026-07-28T09:52:17.312] [DEBUG] debug-file - default@CompileArkTS work[1] is pushed to ready queue.
[2026-07-28T09:52:17.312] [DEBUG] debug-file - A work dispatched to worker[15] failed because unable to get work from ready queue.
[2026-07-28T09:52:17.312] [DEBUG] debug-file - A work dispatched to worker[14] failed because of worker busy.
[2026-07-28T09:52:17.312] [DEBUG] debug-file - A work dispatched to worker[13] failed because unable to get work from ready queue.
[2026-07-28T09:52:17.312] [DEBUG] debug-file - A work dispatched to worker[12] failed because unable to get work from ready queue.
[2026-07-28T09:52:17.312] [DEBUG] debug-file - A work dispatched to worker[11] failed because unable to get work from ready queue.
[2026-07-28T09:52:17.312] [DEBUG] debug-file - A work dispatched to worker[10] failed because unable to get work from ready queue.
[2026-07-28T09:52:17.312] [DEBUG] debug-file - A work dispatched to worker[9] failed because unable to get work from ready queue.
[2026-07-28T09:52:17.312] [DEBUG] debug-file - A work dispatched to worker[8] failed because unable to get work from ready queue.
[2026-07-28T09:52:17.312] [DEBUG] debug-file - A work dispatched to worker[7] failed because unable to get work from ready queue.
[2026-07-28T09:52:17.312] [DEBUG] debug-file - A work dispatched to worker[6] failed because unable to get work from ready queue.
[2026-07-28T09:52:17.312] [DEBUG] debug-file - A work dispatched to worker[5] failed because unable to get work from ready queue.
[2026-07-28T09:52:17.312] [DEBUG] debug-file - Create  resident worker with id: 4.
[2026-07-28T09:52:17.314] [DEBUG] debug-file - default@CompileArkTS work[1] has been dispatched to worker[4].
[2026-07-28T09:52:17.314] [DEBUG] debug-file - default@CompileArkTS work[1] is dispatched.
[2026-07-28T09:52:17.314] [DEBUG] debug-file - CopyResources startTime: 970752205827400
[2026-07-28T09:52:17.314] [DEBUG] debug-file - default@CompileArkTS work[2] is submitted.
[2026-07-28T09:52:17.314] [DEBUG] debug-file - default@CompileArkTS work[2] is pushed to ready queue.
[2026-07-28T09:52:17.315] [DEBUG] debug-file - A work dispatched to worker[15] failed because unable to get work from ready queue.
[2026-07-28T09:52:17.315] [DEBUG] debug-file - A work dispatched to worker[14] failed because of worker busy.
[2026-07-28T09:52:17.315] [DEBUG] debug-file - Create  resident worker with id: 13.
[2026-07-28T09:52:17.316] [DEBUG] debug-file - default@CompileArkTS work[2] has been dispatched to worker[13].
[2026-07-28T09:52:17.316] [DEBUG] debug-file - default@CompileArkTS work[2] is dispatched.
[2026-07-28T09:52:17.316] [DEBUG] debug-file - entry : default@CompileArkTS cost memory 2.8673324584960938
[2026-07-28T09:52:18.477] [DEBUG] debug-file - worker[13] has one work done.
[2026-07-28T09:52:18.478] [DEBUG] debug-file - CopyResources is end, endTime: 970753369152900
[2026-07-28T09:52:18.478] [DEBUG] debug-file - default@CompileArkTS work[2] done.
[2026-07-28T09:52:18.478] [DEBUG] debug-file - A work dispatched to worker[13] failed because unable to get work from ready queue.
[2026-07-28T09:52:19.945] [DEBUG] debug-file - ninja: Entering directory `D:\HW\UTDesign\cases\libuv\libuv-golden-demo\entry\.cxx\default\default\debug\x86_64'
[1/2] Building CXX object CMakeFiles/entry.dir/libuv_checks.cpp.o

[2026-07-28T09:52:20.209] [DEBUG] debug-file - clang++: warning: argument unused during compilation: '--gcc-toolchain=E:/DevEco Studio/sdk/default/openharmony/native/llvm' [-Wunused-command-line-argument]
[2/2] Linking CXX shared library D:\HW\UTDesign\cases\libuv\libuv-golden-demo\entry\build\default\intermediates\cmake\default\obj\x86_64\libentry.so

[2026-07-28T09:52:20.215] [DEBUG] debug-file - worker[14] has one work done.
[2026-07-28T09:52:20.232] [DEBUG] debug-file - default@BuildNativeWithNinja work[0] done.
[2026-07-28T09:52:20.232] [DEBUG] debug-file - A work dispatched to worker[14] failed because unable to get work from ready queue.
[2026-07-28T09:52:20.239] [DEBUG] debug-file - Executing task :entry:default@ProcessLibs
[2026-07-28T09:52:20.233] [INFO] debug-file - Finished :entry:default@BuildNativeWithNinja... after 1 s 349 ms 
[2026-07-28T09:52:20.259] [DEBUG] debug-file - Check content hash for D:\HW\UTDesign\cases\libuv\libuv-golden-demo\entry\build\default\intermediates\cmake\default\obj\x86_64\libuv.a
[2026-07-28T09:52:20.269] [DEBUG] debug-file - Check content hash for D:\HW\UTDesign\cases\libuv\libuv-golden-demo\entry\build\default\intermediates\cmake\default\obj\x86_64\libentry.so
[2026-07-28T09:52:20.272] [DEBUG] debug-file - Check content hash for D:\HW\UTDesign\cases\libuv\libuv-golden-demo\entry\build\default\intermediates\cmake\default\obj\x86_64\libc++_shared.so
[2026-07-28T09:52:20.281] [DEBUG] debug-file - entry:default@ProcessLibs is not up-to-date, since the task snapshots are different.
[2026-07-28T09:52:20.281] [DEBUG] debug-file - Incremental task entry:default@ProcessLibs pre-execution cost: 4 ms .
[2026-07-28T09:52:20.287] [DEBUG] debug-file - Worker dispatch failed, running processLibs on main thread.
[2026-07-28T09:52:20.292] [DEBUG] debug-file - Link D:\HW\UTDesign\cases\libuv\libuv-golden-demo\entry\build\default\intermediates\cmake\default\obj\x86_64\libentry.so to D:\HW\UTDesign\cases\libuv\libuv-golden-demo\entry\build\default\intermediates\libs\default\x86_64\libentry.so successfully.
[2026-07-28T09:52:20.294] [DEBUG] debug-file - Link D:\HW\UTDesign\cases\libuv\libuv-golden-demo\entry\build\default\intermediates\cmake\default\obj\x86_64\libc++_shared.so to D:\HW\UTDesign\cases\libuv\libuv-golden-demo\entry\build\default\intermediates\libs\default\x86_64\libc++_shared.so successfully.
[2026-07-28T09:52:20.294] [DEBUG] debug-file - entry : default@ProcessLibs cost memory 2.6053924560546875
[2026-07-28T09:52:20.294] [DEBUG] debug-file - runTaskFromQueue task cost before running: 6 s 889 ms 
[2026-07-28T09:52:20.300] [DEBUG] debug-file - Executing task :entry:default@DoNativeStrip
[2026-07-28T09:52:20.296] [INFO] debug-file - Finished :entry:default@ProcessLibs... after 57 ms 
[2026-07-28T09:52:20.301] [DEBUG] debug-file - File: 'D:\HW\UTDesign\cases\libuv\libuv-golden-demo\entry\build\default\intermediates\binxo\default' from 'doBinxoNativeLibs' is not exists, just ignore.
[2026-07-28T09:52:20.301] [DEBUG] debug-file - Task 'entry:default@DoNativeStrip' cost while wrapping incremental declarations: 1 ms 
[2026-07-28T09:52:20.302] [DEBUG] debug-file - entry:default@DoNativeStrip is not up-to-date, since the input file 'D:\HW\UTDesign\cases\libuv\libuv-golden-demo\entry\build\default\intermediates\libs\default' has been changed.
[2026-07-28T09:52:20.302] [DEBUG] debug-file - Incremental task entry:default@DoNativeStrip pre-execution cost: 1 ms .
[2026-07-28T09:52:20.306] [DEBUG] debug-file - default@DoNativeStrip work[3] is submitted.
[2026-07-28T09:52:20.306] [DEBUG] debug-file - default@DoNativeStrip work[3] is pushed to ready queue.
[2026-07-28T09:52:20.306] [DEBUG] debug-file - A work dispatched to worker[15] failed because unable to get work from ready queue.
[2026-07-28T09:52:20.306] [DEBUG] debug-file - default@DoNativeStrip work[3] has been dispatched to worker[14].
[2026-07-28T09:52:20.306] [DEBUG] debug-file - default@DoNativeStrip work[3] is dispatched.
[2026-07-28T09:52:20.306] [DEBUG] debug-file - entry : default@DoNativeStrip cost memory 0.272613525390625
[2026-07-28T09:52:20.375] [DEBUG] debug-file - current process  memoryUsage: {
  rss: 585605120,
  heapTotal: 89841664,
  heapUsed: 58527904,
  external: 4104956,
  arrayBuffers: 106049
} os memoryUsage :12.81869125366211
[2026-07-28T09:52:20.531] [DEBUG] debug-file - worker[14] has one work done.
[2026-07-28T09:52:20.531] [DEBUG] debug-file - default@DoNativeStrip work[3] done.
[2026-07-28T09:52:20.531] [DEBUG] debug-file - A work dispatched to worker[14] failed because unable to get work from ready queue.
[2026-07-28T09:52:20.534] [DEBUG] debug-file - Executing task :entry:default@CacheNativeLibs
[2026-07-28T09:52:20.532] [INFO] debug-file - Finished :entry:default@DoNativeStrip... after 207 ms 
[2026-07-28T09:52:20.535] [DEBUG] debug-file - File: 'D:\HW\UTDesign\cases\libuv\libuv-golden-demo\entry\build\default\intermediates\binxo\default' from 'cacheBinxoNativeLibs' is not exists, just ignore.
[2026-07-28T09:52:20.535] [DEBUG] debug-file - Task 'entry:default@CacheNativeLibs' cost while wrapping incremental declarations: 1 ms 
[2026-07-28T09:52:20.536] [DEBUG] debug-file - entry:default@CacheNativeLibs is not up-to-date, since the input file 'D:\HW\UTDesign\cases\libuv\libuv-golden-demo\entry\build\default\intermediates\stripped_native_libs\default' has been changed.
[2026-07-28T09:52:20.536] [DEBUG] debug-file - Incremental task entry:default@CacheNativeLibs pre-execution cost: 1 ms .
[2026-07-28T09:52:20.537] [DEBUG] debug-file - default@CacheNativeLibs work[4] is submitted.
[2026-07-28T09:52:20.537] [DEBUG] debug-file - default@CacheNativeLibs work[4] is pushed to ready queue.
[2026-07-28T09:52:20.537] [DEBUG] debug-file - A work dispatched to worker[15] failed because unable to get work from ready queue.
[2026-07-28T09:52:20.537] [DEBUG] debug-file - default@CacheNativeLibs work[4] has been dispatched to worker[14].
[2026-07-28T09:52:20.537] [DEBUG] debug-file - default@CacheNativeLibs work[4] is dispatched.
[2026-07-28T09:52:20.537] [DEBUG] debug-file - entry : default@CacheNativeLibs cost memory 0.14675140380859375
[2026-07-28T09:52:20.543] [DEBUG] debug-file - worker[14] has one work done.
[2026-07-28T09:52:20.544] [DEBUG] debug-file - default@CacheNativeLibs work[4] done.
[2026-07-28T09:52:20.544] [DEBUG] debug-file - A work dispatched to worker[14] failed because unable to get work from ready queue.
[2026-07-28T09:52:20.544] [INFO] debug-file - Finished :entry:default@CacheNativeLibs... after 8 ms 
[2026-07-28T09:52:25.026] [DEBUG] debug-file - Ark compile task finished.finished time is 970759916411200
[2026-07-28T09:52:25.025] [DEBUG] debug-file - worker[4] has one work done.
[2026-07-28T09:52:25.028] [DEBUG] debug-file - default@CompileArkTS work[1] done.
[2026-07-28T09:52:25.028] [DEBUG] debug-file - A work dispatched to worker[4] failed because unable to get work from ready queue.
[2026-07-28T09:52:25.034] [INFO] debug-file - Finished :entry:default@CompileArkTS... after 5 s 8 ms 
[2026-07-28T09:52:25.036] [DEBUG] debug-file - Executing task :entry:default@GeneratePkgModuleJson
[2026-07-28T09:52:25.036] [DEBUG] debug-file - File: 'D:\HW\UTDesign\cases\libuv\libuv-golden-demo\entry\build\default\intermediates\preload\default\preload.json' from 'preloadSoJsonPath' is not exists, just ignore.
[2026-07-28T09:52:25.047] [DEBUG] debug-file - Executing task :entry:default@PackageHap
[2026-07-28T09:52:25.037] [DEBUG] debug-file - Error occurs while handling @Input 'shouldDeduplicateHar': The "data" argument must be of type string or an instance of Buffer, TypedArray, or DataView. Received undefined
[2026-07-28T09:52:25.051] [DEBUG] debug-file - entry:default@PackageHap is not up-to-date, since the input file 'D:\HW\UTDesign\cases\libuv\libuv-golden-demo\entry\build\default\intermediates\stripped_native_libs\default' has been changed.
[2026-07-28T09:52:25.038] [DEBUG] debug-file - Task 'entry:default@GeneratePkgModuleJson' cost while wrapping incremental declarations: 2 ms 
[2026-07-28T09:52:25.051] [DEBUG] debug-file - Incremental task entry:default@PackageHap pre-execution cost: 3 ms .
[2026-07-28T09:52:25.039] [DEBUG] debug-file - Incremental task entry:default@GeneratePkgModuleJson pre-execution cost: 1 ms .
[2026-07-28T09:52:25.054] [DEBUG] debug-file - default@PackageHap work[5] is submitted.
[2026-07-28T09:52:25.039] [DEBUG] debug-file - entry : default@GeneratePkgModuleJson cost memory 0.08905792236328125
[2026-07-28T09:52:25.053] [DEBUG] debug-file - Use tool [E:\DevEco Studio\sdk\default\openharmony\toolchains\lib\app_packing_tool.jar]
 [
  'java',
  '-Dfile.encoding=GBK',
  '-jar',
  'E:\\DevEco Studio\\sdk\\default\\openharmony\\toolchains\\lib\\app_packing_tool.jar',
  '--mode',
  'hap',
  '--force',
  'true',
  '--lib-path',
  'D:\\HW\\UTDesign\\cases\\libuv\\libuv-golden-demo\\entry\\build\\default\\intermediates\\stripped_native_libs\\default',
  '--json-path',
  'D:\\HW\\UTDesign\\cases\\libuv\\libuv-golden-demo\\entry\\build\\default\\intermediates\\package\\default\\module.json',
  '--resources-path',
  'D:\\HW\\UTDesign\\cases\\libuv\\libuv-golden-demo\\entry\\build\\default\\intermediates\\res\\default\\resources',
  '--index-path',
  'D:\\HW\\UTDesign\\cases\\libuv\\libuv-golden-demo\\entry\\build\\default\\intermediates\\res\\default\\resources.index',
  '--pack-info-path',
  'D:\\HW\\UTDesign\\cases\\libuv\\libuv-golden-demo\\entry\\build\\default\\outputs\\default\\pack.info',
  '--out-path',
  'D:\\HW\\UTDesign\\cases\\libuv\\libuv-golden-demo\\entry\\build\\default\\outputs\\default\\entry-default-unsigned.hap',
  '--ets-path',
  'D:\\HW\\UTDesign\\cases\\libuv\\libuv-golden-demo\\entry\\build\\default\\intermediates\\loader_out\\default\\ets',
  '--pkg-sdk-info-path',
  'D:\\HW\\UTDesign\\cases\\libuv\\libuv-golden-demo\\entry\\build\\default\\intermediates\\loader\\default\\pkgSdkInfo.json'
]
[2026-07-28T09:52:25.054] [DEBUG] debug-file - default@PackageHap work[5] is pushed to ready queue.
[2026-07-28T09:52:25.039] [INFO] debug-file - UP-TO-DATE :entry:default@GeneratePkgModuleJson...  
[2026-07-28T09:52:25.054] [DEBUG] debug-file - A work dispatched to worker[15] failed because unable to get work from ready queue.
[2026-07-28T09:52:25.041] [DEBUG] debug-file - Executing task :entry:default@ProcessCompiledResources
[2026-07-28T09:52:25.054] [DEBUG] debug-file - default@PackageHap work[5] has been dispatched to worker[14].
[2026-07-28T09:52:25.041] [DEBUG] debug-file - File: 'D:\HW\UTDesign\cases\libuv\libuv-golden-demo\entry\build\default\intermediates\preload\default\preload.json' from 'preloadSoJsonPath' is not exists, just ignore.
[2026-07-28T09:52:25.054] [DEBUG] debug-file - default@PackageHap work[5] is dispatched.
[2026-07-28T09:52:25.041] [DEBUG] debug-file - Task 'entry:default@ProcessCompiledResources' cost while wrapping incremental declarations: 1 ms 
[2026-07-28T09:52:25.057] [DEBUG] debug-file - entry : default@PackageHap cost memory 0.480316162109375
[2026-07-28T09:52:25.042] [DEBUG] debug-file - entry : default@ProcessCompiledResources cost memory 0.04985809326171875
[2026-07-28T09:52:25.042] [DEBUG] debug-file - runTaskFromQueue task cost before running: 11 s 636 ms 
[2026-07-28T09:52:25.042] [INFO] debug-file - Finished :entry:default@ProcessCompiledResources... after 1 ms 
[2026-07-28T09:52:25.056] [DEBUG] debug-file - current process  memoryUsage: {
  rss: 761081856,
  heapTotal: 89841664,
  heapUsed: 58940976,
  external: 4113188,
  arrayBuffers: 114241
} os memoryUsage :12.966552734375
[2026-07-28T09:52:25.639] [DEBUG] debug-file - worker[14] has one work done.
[2026-07-28T09:52:25.639] [DEBUG] debug-file - default@PackageHap work[5] done.
[2026-07-28T09:52:25.659] [DEBUG] debug-file - Executing task :entry:default@SignHap
[2026-07-28T09:52:25.644] [DEBUG] debug-file - Executing task :entry:default@PackingCheck
[2026-07-28T09:52:25.667] [DEBUG] debug-file - Executing task :entry:default@CollectDebugSymbol
[2026-07-28T09:52:25.639] [DEBUG] debug-file - A work dispatched to worker[14] failed because unable to get work from ready queue.
[2026-07-28T09:52:25.659] [WARN] debug-file - No signingConfig found for product default
[2026-07-28T09:52:25.655] [DEBUG] debug-file - entry : default@PackingCheck cost memory 0.7512664794921875
[2026-07-28T09:52:25.669] [DEBUG] debug-file - entry : default@CollectDebugSymbol cost memory 0.10052490234375
[2026-07-28T09:52:25.641] [INFO] debug-file - Finished :entry:default@PackageHap... after 592 ms 
[2026-07-28T09:52:25.661] [DEBUG] debug-file - entry:default@SignHap is not up-to-date, since the input file 'D:\HW\UTDesign\cases\libuv\libuv-golden-demo\entry\build\default\outputs\default\entry-default-unsigned.hap' has been changed.
[2026-07-28T09:52:25.655] [DEBUG] debug-file - runTaskFromQueue task cost before running: 12 s 249 ms 
[2026-07-28T09:52:25.669] [DEBUG] debug-file - runTaskFromQueue task cost before running: 12 s 263 ms 
[2026-07-28T09:52:25.661] [DEBUG] debug-file - Incremental task entry:default@SignHap pre-execution cost: 1 ms .
[2026-07-28T09:52:25.655] [INFO] debug-file - Finished :entry:default@PackingCheck... after 11 ms 
[2026-07-28T09:52:25.669] [INFO] debug-file - Finished :entry:default@CollectDebugSymbol... after 2 ms 
[2026-07-28T09:52:25.670] [DEBUG] debug-file - Executing task :entry:assembleHap
[2026-07-28T09:52:25.662] [DEBUG] debug-file - entry : default@SignHap cost memory 0.14661407470703125
[2026-07-28T09:52:25.670] [DEBUG] debug-file - entry : assembleHap cost memory 0.010406494140625
[2026-07-28T09:52:25.662] [DEBUG] debug-file - runTaskFromQueue task cost before running: 12 s 256 ms 
[2026-07-28T09:52:25.670] [DEBUG] debug-file - runTaskFromQueue task cost before running: 12 s 264 ms 
[2026-07-28T09:52:25.663] [INFO] debug-file - Finished :entry:default@SignHap... after 4 ms 
[2026-07-28T09:52:25.670] [INFO] debug-file - Finished :entry:assembleHap... after 1 ms 
[2026-07-28T09:52:25.690] [INFO] debug-file - BUILD SUCCESSFUL in 12 s 284 ms 
[2026-07-28T09:52:25.693] [DEBUG] debug-file - Update task entry:default@PreBuild input file:D:\HW\UTDesign\cases\libuv\libuv-golden-demo\AppScope\app.json5 cache by regenerate.
[2026-07-28T09:52:25.693] [DEBUG] debug-file - Update task entry:default@PreBuild input file:D:\HW\UTDesign\cases\libuv\libuv-golden-demo\entry\src\main\module.json5 cache by regenerate.
[2026-07-28T09:52:25.693] [DEBUG] debug-file - Update task entry:default@PreBuild input file:D:\HW\UTDesign\cases\libuv\libuv-golden-demo\build-profile.json5 cache by regenerate.
[2026-07-28T09:52:25.693] [DEBUG] debug-file - Update task entry:default@PreBuild input file:D:\HW\UTDesign\cases\libuv\libuv-golden-demo\entry\build-profile.json5 cache by regenerate.
[2026-07-28T09:52:25.694] [DEBUG] debug-file - Update task entry:default@PreBuild input file:D:\HW\UTDesign\cases\libuv\libuv-golden-demo\entry\src\main\resources\base\profile\main_pages.json cache by regenerate.
[2026-07-28T09:52:25.694] [DEBUG] debug-file - Update task entry:default@PreBuild input file:D:\HW\UTDesign\cases\libuv\libuv-golden-demo\hvigor\hvigor-config.json5 cache by regenerate.
[2026-07-28T09:52:25.695] [DEBUG] debug-file - Update task entry:default@PreBuild input file:D:\HW\UTDesign\cases\libuv\libuv-golden-demo\entry\oh-package.json5 cache by regenerate.
[2026-07-28T09:52:25.695] [DEBUG] debug-file - Update task entry:default@PreBuild input file:D:\HW\UTDesign\cases\libuv\libuv-golden-demo\oh-package.json5 cache by regenerate.
[2026-07-28T09:52:25.696] [DEBUG] debug-file - Incremental task entry:default@PreBuild post-execution cost:5 ms .
[2026-07-28T09:52:25.696] [DEBUG] debug-file - Update task entry:default@CreateModuleInfo output file:D:\HW\UTDesign\cases\libuv\libuv-golden-demo\entry\build\default\generated\profile\default\ModuleInfo.ts cache.
[2026-07-28T09:52:25.697] [DEBUG] debug-file - Incremental task entry:default@CreateModuleInfo post-execution cost:1 ms .
[2026-07-28T09:52:25.697] [DEBUG] debug-file - There is no need to refresh cache, since the incremental task entry:default@GenerateMetadata is up-to-date.
[2026-07-28T09:52:25.697] [DEBUG] debug-file - There is no need to refresh cache, since the incremental task entry:default@MergeProfile is up-to-date.
[2026-07-28T09:52:25.697] [DEBUG] debug-file - There is no need to refresh cache, since the incremental task entry:default@CreateBuildProfile is up-to-date.
[2026-07-28T09:52:25.697] [DEBUG] debug-file - Update task entry:default@GeneratePkgContextInfo output file:D:\HW\UTDesign\cases\libuv\libuv-golden-demo\entry\build\default\intermediates\loader\default\pkgContextInfo.json cache.
[2026-07-28T09:52:25.697] [DEBUG] debug-file - Incremental task entry:default@GeneratePkgContextInfo post-execution cost:1 ms .
[2026-07-28T09:52:25.697] [DEBUG] debug-file - Update task entry:default@GeneratePkgSdkInfo output file:D:\HW\UTDesign\cases\libuv\libuv-golden-demo\entry\build\default\intermediates\loader\default\pkgSdkInfo.json cache.
[2026-07-28T09:52:25.697] [DEBUG] debug-file - Incremental task entry:default@GeneratePkgSdkInfo post-execution cost:1 ms .
[2026-07-28T09:52:25.697] [DEBUG] debug-file - Update task entry:default@ProcessIntegratedHsp output file:D:\HW\UTDesign\cases\libuv\libuv-golden-demo\build\cache\default\integrated_hsp\integratedHspCache.json cache.
[2026-07-28T09:52:25.698] [DEBUG] debug-file - Incremental task entry:default@ProcessIntegratedHsp post-execution cost:1 ms .
[2026-07-28T09:52:25.698] [DEBUG] debug-file - There is no need to refresh cache, since the incremental task entry:default@MakePackInfo is up-to-date.
[2026-07-28T09:52:25.698] [DEBUG] debug-file - Update task entry:default@SyscapTransform input file:E:\DevEco Studio\sdk\default\openharmony\toolchains\syscap_tool.exe cache by regenerate.
[2026-07-28T09:52:25.698] [DEBUG] debug-file - Update task entry:default@SyscapTransform input file:E:\DevEco Studio\sdk\default\openharmony\ets\api\device-define cache by regenerate.
[2026-07-28T09:52:25.699] [DEBUG] debug-file - Update task entry:default@SyscapTransform output file:D:\HW\UTDesign\cases\libuv\libuv-golden-demo\entry\build\default\intermediates\syscap\default\rpcid.sc cache.
[2026-07-28T09:52:25.699] [DEBUG] debug-file - Incremental task entry:default@SyscapTransform post-execution cost:2 ms .
[2026-07-28T09:52:25.699] [DEBUG] debug-file - There is no need to refresh cache, since the incremental task entry:default@ProcessProfile is up-to-date.
[2026-07-28T09:52:25.699] [DEBUG] debug-file - Update task entry:default@ProcessRouterMap input file:D:\HW\UTDesign\cases\libuv\libuv-golden-demo\entry\oh-package.json5 cache by regenerate.
[2026-07-28T09:52:25.699] [DEBUG] debug-file - Update task entry:default@ProcessRouterMap input file:D:\HW\UTDesign\cases\libuv\libuv-golden-demo\oh-package.json5 cache by regenerate.
[2026-07-28T09:52:25.700] [DEBUG] debug-file - Update task entry:default@ProcessRouterMap input file:D:\HW\UTDesign\cases\libuv\libuv-golden-demo\entry\src\main\module.json5 cache by regenerate.
[2026-07-28T09:52:25.700] [DEBUG] debug-file - Update task entry:default@ProcessRouterMap output file:D:\HW\UTDesign\cases\libuv\libuv-golden-demo\entry\build\default\intermediates\router_map\default\temp-router-map.json cache.
[2026-07-28T09:52:25.700] [DEBUG] debug-file - Update task entry:default@ProcessRouterMap output file:D:\HW\UTDesign\cases\libuv\libuv-golden-demo\entry\build\default\intermediates\router_map\default\loader-router-map.json cache.
[2026-07-28T09:52:25.700] [DEBUG] debug-file - Incremental task entry:default@ProcessRouterMap post-execution cost:2 ms .
[2026-07-28T09:52:25.700] [DEBUG] debug-file - Update task entry:default@ProcessShareConfig input file:D:\HW\UTDesign\cases\libuv\libuv-golden-demo\entry\oh-package.json5 cache by regenerate.
[2026-07-28T09:52:25.700] [DEBUG] debug-file - Update task entry:default@ProcessShareConfig input file:D:\HW\UTDesign\cases\libuv\libuv-golden-demo\oh-package.json5 cache by regenerate.
[2026-07-28T09:52:25.701] [DEBUG] debug-file - Update task entry:default@ProcessShareConfig input file:D:\HW\UTDesign\cases\libuv\libuv-golden-demo\entry\src\main\module.json5 cache by regenerate.
[2026-07-28T09:52:25.701] [DEBUG] debug-file - Update task entry:default@ProcessShareConfig output file:D:\HW\UTDesign\cases\libuv\libuv-golden-demo\entry\build\default\intermediates\share_config\default\temp-share-config.json cache.
[2026-07-28T09:52:25.701] [DEBUG] debug-file - Incremental task entry:default@ProcessShareConfig post-execution cost:1 ms .
[2026-07-28T09:52:25.701] [DEBUG] debug-file - Update task entry:default@ProcessStartupConfig output file:D:\HW\UTDesign\cases\libuv\libuv-golden-demo\entry\build\default\intermediates\startup\default\startup_config.json cache.
[2026-07-28T09:52:25.701] [DEBUG] debug-file - Incremental task entry:default@ProcessStartupConfig post-execution cost:1 ms .
[2026-07-28T09:52:25.701] [DEBUG] debug-file - There is no need to refresh cache, since the incremental task entry:default@ProcessResource is up-to-date.
[2026-07-28T09:52:25.702] [DEBUG] debug-file - Update task entry:default@GenerateLoaderJson input file:D:\HW\UTDesign\cases\libuv\libuv-golden-demo\entry\build\default\intermediates\router_map\default\temp-router-map.json cache from map.
[2026-07-28T09:52:25.702] [DEBUG] debug-file - Update task entry:default@GenerateLoaderJson output file:D:\HW\UTDesign\cases\libuv\libuv-golden-demo\entry\build\default\intermediates\loader\default\loader.json cache.
[2026-07-28T09:52:25.702] [DEBUG] debug-file - Incremental task entry:default@GenerateLoaderJson post-execution cost:1 ms .
[2026-07-28T09:52:25.702] [DEBUG] debug-file - There is no need to refresh cache, since the incremental task entry:default@CompileResource is up-to-date.
[2026-07-28T09:52:25.703] [DEBUG] debug-file - Update task entry:default@CompileArkTS input file:D:\HW\UTDesign\cases\libuv\libuv-golden-demo\entry\build\default\intermediates\loader\default cache from map.
[2026-07-28T09:52:25.703] [DEBUG] debug-file - Update task entry:default@CompileArkTS input file:D:\HW\UTDesign\cases\libuv\libuv-golden-demo\entry\build\default\intermediates\res\default\ResourceTable.txt cache by regenerate.
[2026-07-28T09:52:25.703] [DEBUG] debug-file - Update task entry:default@CompileArkTS input file:D:\HW\UTDesign\cases\libuv\libuv-golden-demo\entry\build\default\intermediates\res\default\ark_module.json cache by regenerate.
[2026-07-28T09:52:25.703] [DEBUG] debug-file - Update task entry:default@CompileArkTS input file:D:\HW\UTDesign\cases\libuv\libuv-golden-demo\entry\build\default\intermediates\res\default\resources\base\profile cache by regenerate.
[2026-07-28T09:52:25.704] [DEBUG] debug-file - Update task entry:default@CompileArkTS input file:D:\HW\UTDesign\cases\libuv\libuv-golden-demo\entry\src\main\ets cache by regenerate.
[2026-07-28T09:52:25.704] [DEBUG] debug-file - Update task entry:default@CompileArkTS input file:D:\HW\UTDesign\cases\libuv\libuv-golden-demo\entry\build\default\generated\profile\default\BuildProfile.ets cache by regenerate.
[2026-07-28T09:52:25.704] [DEBUG] debug-file - Update task entry:default@CompileArkTS input file:D:\HW\UTDesign\cases\libuv\libuv-golden-demo\entry\src\main\cpp\types cache by regenerate.
[2026-07-28T09:52:25.705] [DEBUG] debug-file - Update task entry:default@CompileArkTS output file:D:\HW\UTDesign\cases\libuv\libuv-golden-demo\entry\build\default\intermediates\loader_out\default\ets cache.
[2026-07-28T09:52:25.705] [DEBUG] debug-file - Incremental task entry:default@CompileArkTS post-execution cost:3 ms .
[2026-07-28T09:52:25.706] [DEBUG] debug-file - Update task entry:default@BuildJS input file:D:\HW\UTDesign\cases\libuv\libuv-golden-demo\entry\build\default\intermediates\loader\default cache by regenerate.
[2026-07-28T09:52:25.706] [DEBUG] debug-file - Update task entry:default@BuildJS input file:D:\HW\UTDesign\cases\libuv\libuv-golden-demo\entry\build\default\intermediates\res\default\ResourceTable.txt cache by regenerate.
[2026-07-28T09:52:25.706] [DEBUG] debug-file - Update task entry:default@BuildJS input file:D:\HW\UTDesign\cases\libuv\libuv-golden-demo\entry\build\default\intermediates\res\default\ark_module.json cache by regenerate.
[2026-07-28T09:52:25.707] [DEBUG] debug-file - Update task entry:default@BuildJS input file:D:\HW\UTDesign\cases\libuv\libuv-golden-demo\entry\build\default\intermediates\res\default\resources\base\profile cache by regenerate.
[2026-07-28T09:52:25.707] [DEBUG] debug-file - Update task entry:default@BuildJS output file:D:\HW\UTDesign\cases\libuv\libuv-golden-demo\entry\build\default\intermediates\loader_out\default\js cache.
[2026-07-28T09:52:25.707] [DEBUG] debug-file - Incremental task entry:default@BuildJS post-execution cost:2 ms .
[2026-07-28T09:52:25.707] [DEBUG] debug-file - Update task entry:default@ProcessLibs input file:D:\HW\UTDesign\cases\libuv\libuv-golden-demo\build-profile.json5 cache by regenerate.
[2026-07-28T09:52:25.707] [DEBUG] debug-file - Update task entry:default@ProcessLibs input file:D:\HW\UTDesign\cases\libuv\libuv-golden-demo\entry\build-profile.json5 cache by regenerate.
[2026-07-28T09:52:25.708] [DEBUG] debug-file - Update task entry:default@ProcessLibs output file:D:\HW\UTDesign\cases\libuv\libuv-golden-demo\entry\build\default\intermediates\libs\default cache.
[2026-07-28T09:52:25.708] [DEBUG] debug-file - Incremental task entry:default@ProcessLibs post-execution cost:2 ms .
[2026-07-28T09:52:25.708] [DEBUG] debug-file - Update task entry:default@DoNativeStrip input file:D:\HW\UTDesign\cases\libuv\libuv-golden-demo\entry\build\default\intermediates\libs\default cache from map.
[2026-07-28T09:52:25.708] [DEBUG] debug-file - Update task entry:default@DoNativeStrip output file:D:\HW\UTDesign\cases\libuv\libuv-golden-demo\entry\build\default\intermediates\stripped_native_libs\default cache.
[2026-07-28T09:52:25.709] [DEBUG] debug-file - Incremental task entry:default@DoNativeStrip post-execution cost:1 ms .
[2026-07-28T09:52:25.709] [DEBUG] debug-file - Update task entry:default@CacheNativeLibs input file:D:\HW\UTDesign\cases\libuv\libuv-golden-demo\entry\build\default\intermediates\stripped_native_libs\default cache from map.
[2026-07-28T09:52:25.709] [DEBUG] debug-file - Update task entry:default@CacheNativeLibs input file:D:\HW\UTDesign\cases\libuv\libuv-golden-demo\entry\build\default\intermediates\libs\default cache by regenerate.
[2026-07-28T09:52:25.709] [DEBUG] debug-file - Update task entry:default@CacheNativeLibs output file:D:\HW\UTDesign\cases\libuv\libuv-golden-demo\entry\build\default\intermediates\patch\default\base_native_libs.json cache.
[2026-07-28T09:52:25.709] [DEBUG] debug-file - Update task entry:default@CacheNativeLibs output file:D:\HW\UTDesign\cases\libuv\libuv-golden-demo\entry\build\default\intermediates\patch\default\binxo_native_libs.json cache.
[2026-07-28T09:52:25.709] [DEBUG] debug-file - Incremental task entry:default@CacheNativeLibs post-execution cost:1 ms .
[2026-07-28T09:52:25.709] [DEBUG] debug-file - There is no need to refresh cache, since the incremental task entry:default@GeneratePkgModuleJson is up-to-date.
[2026-07-28T09:52:25.709] [DEBUG] debug-file - Incremental task entry:default@ProcessCompiledResources post-execution cost:1 ms .
[2026-07-28T09:52:25.710] [DEBUG] debug-file - Update task entry:default@PackageHap input file:D:\HW\UTDesign\cases\libuv\libuv-golden-demo\entry\build\default\intermediates\stripped_native_libs\default cache from map.
[2026-07-28T09:52:25.710] [DEBUG] debug-file - Update task entry:default@PackageHap input file:D:\HW\UTDesign\cases\libuv\libuv-golden-demo\entry\build\default\intermediates\res\default\module.json cache by regenerate.
[2026-07-28T09:52:25.710] [DEBUG] debug-file - Update task entry:default@PackageHap input file:D:\HW\UTDesign\cases\libuv\libuv-golden-demo\entry\build\default\intermediates\res\default\resources cache by regenerate.
[2026-07-28T09:52:25.711] [DEBUG] debug-file - Update task entry:default@PackageHap input file:D:\HW\UTDesign\cases\libuv\libuv-golden-demo\entry\build\default\intermediates\res\default\resources.index cache by regenerate.
[2026-07-28T09:52:25.711] [DEBUG] debug-file - Update task entry:default@PackageHap input file:D:\HW\UTDesign\cases\libuv\libuv-golden-demo\entry\build\default\outputs\default\pack.info cache by regenerate.
[2026-07-28T09:52:25.711] [DEBUG] debug-file - Update task entry:default@PackageHap input file:D:\HW\UTDesign\cases\libuv\libuv-golden-demo\entry\build\default\intermediates\loader_out\default\ets cache by regenerate.
[2026-07-28T09:52:25.711] [DEBUG] debug-file - Update task entry:default@PackageHap input file:D:\HW\UTDesign\cases\libuv\libuv-golden-demo\entry\build\default\intermediates\loader\default\pkgSdkInfo.json cache by regenerate.
[2026-07-28T09:52:25.711] [DEBUG] debug-file - Update task entry:default@PackageHap input file:D:\HW\UTDesign\cases\libuv\libuv-golden-demo\entry\build\default\intermediates\loader_out\default\ets\sourceMaps.map cache by regenerate.
[2026-07-28T09:52:25.711] [DEBUG] debug-file - Update task entry:default@PackageHap input file:D:\HW\UTDesign\cases\libuv\libuv-golden-demo\entry\build\default\generated\profile\default\BuildProfile.ets cache by regenerate.
[2026-07-28T09:52:25.712] [DEBUG] debug-file - Update task entry:default@PackageHap output file:D:\HW\UTDesign\cases\libuv\libuv-golden-demo\entry\build\default\outputs\default\entry-default-unsigned.hap cache.
[2026-07-28T09:52:25.712] [DEBUG] debug-file - Update task entry:default@PackageHap output file:D:\HW\UTDesign\cases\libuv\libuv-golden-demo\entry\build\default\intermediates\source_map\default\sourceMaps.map cache.
[2026-07-28T09:52:25.712] [DEBUG] debug-file - Update task entry:default@PackageHap output file:D:\HW\UTDesign\cases\libuv\libuv-golden-demo\entry\build\default\outputs\default\mapping\sourceMaps.map cache.
[2026-07-28T09:52:25.712] [DEBUG] debug-file - Incremental task entry:default@PackageHap post-execution cost:3 ms .
[2026-07-28T09:52:25.712] [DEBUG] debug-file - Update task entry:default@SignHap input file:D:\HW\UTDesign\cases\libuv\libuv-golden-demo\entry\build\default\outputs\default\entry-default-unsigned.hap cache from map.
[2026-07-28T09:52:25.712] [DEBUG] debug-file - Update task entry:default@SignHap output file:D:\HW\UTDesign\cases\libuv\libuv-golden-demo\entry\build\default\outputs\default\entry-default-signed.hap cache.
[2026-07-28T09:52:25.713] [DEBUG] debug-file - Incremental task entry:default@SignHap post-execution cost:1 ms .
[2026-07-28T09:52:25.713] [DEBUG] debug-file - Update task entry:default@CollectDebugSymbol input file:D:\HW\UTDesign\cases\libuv\libuv-golden-demo\entry\build\default\intermediates\loader_out\default\ets\sourceMaps.map cache by regenerate.
[2026-07-28T09:52:25.713] [DEBUG] debug-file - Update task entry:default@CollectDebugSymbol input file:D:\HW\UTDesign\cases\libuv\libuv-golden-demo\entry\build\default\intermediates\libs\default cache by regenerate.
[2026-07-28T09:52:25.713] [DEBUG] debug-file - Update task entry:default@CollectDebugSymbol output file:D:\HW\UTDesign\cases\libuv\libuv-golden-demo\entry\build\default\outputs\default\symbol cache.
[2026-07-28T09:52:25.714] [DEBUG] debug-file - Incremental task entry:default@CollectDebugSymbol post-execution cost:2 ms .
[2026-07-28T09:52:25.764] [DEBUG] debug-file - Current worker pool is stopped or closed.
[2026-07-28T09:52:25.768] [DEBUG] debug-file - Clear worker 0.
[2026-07-28T09:52:25.768] [DEBUG] debug-file - Worker 0 has been cleared.
[2026-07-28T09:52:25.768] [DEBUG] debug-file - Current idle worker size: 4.
[2026-07-28T09:52:25.768] [DEBUG] debug-file - Current busy worker size: 0.
[2026-07-28T09:52:25.768] [DEBUG] debug-file - Clear worker 1.
[2026-07-28T09:52:25.768] [DEBUG] debug-file - Worker 1 has been cleared.
[2026-07-28T09:52:25.768] [DEBUG] debug-file - Current idle worker size: 3.
[2026-07-28T09:52:25.768] [DEBUG] debug-file - Current busy worker size: 0.
[2026-07-28T09:52:25.768] [DEBUG] debug-file - Clear worker 13.
[2026-07-28T09:52:25.768] [DEBUG] debug-file - Worker 13 has been cleared.
[2026-07-28T09:52:25.768] [DEBUG] debug-file - Current idle worker size: 2.
[2026-07-28T09:52:25.768] [DEBUG] debug-file - Current busy worker size: 0.
[2026-07-28T09:52:25.768] [DEBUG] debug-file - Clear worker 4.
[2026-07-28T09:52:25.769] [DEBUG] debug-file - Worker 4 has been cleared.
[2026-07-28T09:52:25.769] [DEBUG] debug-file - Current idle worker size: 1.
[2026-07-28T09:52:25.769] [DEBUG] debug-file - Current busy worker size: 0.
[2026-07-28T09:52:25.769] [DEBUG] debug-file - Clear worker 14.
[2026-07-28T09:52:25.769] [DEBUG] debug-file - Worker 14 has been cleared.
[2026-07-28T09:52:25.769] [DEBUG] debug-file - Current idle worker size: 0.
[2026-07-28T09:52:25.769] [DEBUG] debug-file - Current busy worker size: 0.
[2026-07-28T09:52:25.773] [DEBUG] debug-file - hvigor build process will be closed.
[2026-07-28T09:52:25.782] [DEBUG] debug-file - Current worker pool is terminated.
[2026-07-28T09:52:25.785] [DEBUG] debug-file - worker[0] exits with exit code 1.
[2026-07-28T09:52:25.786] [DEBUG] debug-file - worker[1] exits with exit code 1.
[2026-07-28T09:52:25.808] [DEBUG] debug-file - worker[13] exits with exit code 1.
[2026-07-28T09:52:25.815] [DEBUG] debug-file - worker[14] exits with exit code 1.
[2026-07-28T09:52:25.873] [DEBUG] debug-file - worker[4] exits with exit code 1.
[2026-07-28T09:52:27.235] [DEBUG] debug-file - env: nodejsVersion=v18.20.1
[2026-07-28T09:52:27.915] [DEBUG] debug-file - Hvigor init with startParameters:{
  hvigorfileTypeCheck: false,
  parallelExecution: true,
  incrementalExecution: true,
  printStackTrace: false,
  daemon: false,
  analyze: 0,
  logLevel: Level { level: 20000, levelStr: 'INFO', colour: 'green' },
  optimizationStrategy: 'memory',
  hotCompile: undefined,
  hotReloadBuild: undefined,
  customizedParam: undefined
}
[2026-07-28T09:52:30.651] [DEBUG] debug-file - hvigorfile, require result:  { default: { system: [Function: appTasks], plugins: [] } }
[2026-07-28T09:52:30.653] [DEBUG] debug-file - Starting plugin build process
[2026-07-28T09:52:30.866] [DEBUG] debug-file - Start initialize project's product build option map with build mode debug.
[2026-07-28T09:52:30.863] [DEBUG] debug-file - App plugin register hook start...
[2026-07-28T09:52:30.870] [DEBUG] debug-file - Obtain build option for product 'default'in this build.
[2026-07-28T09:52:30.882] [DEBUG] debug-file - Start recording SDK configuration permission data.
[2026-07-28T09:52:30.958] [DEBUG] debug-file - failed to load cangjie to dynamically generate schemas: Error: Cannot find module '@ohos/cangjie-build-support/index'
Require stack:
- E:\DevEco Studio\tools\hvigor\hvigor-ohos-plugin\src\plugin\hooks\cangjie-register.js
- E:\DevEco Studio\tools\hvigor\hvigor-ohos-plugin\src\plugin\strategy\stage-init-strategy.js
- E:\DevEco Studio\tools\hvigor\hvigor-ohos-plugin\src\plugin\builder\abstract-plugin-builder.js
- E:\DevEco Studio\tools\hvigor\hvigor-ohos-plugin\src\plugin\builder\app-plugin-builder.js
- E:\DevEco Studio\tools\hvigor\hvigor-ohos-plugin\src\plugin\factory\plugin-factory.js
- E:\DevEco Studio\tools\hvigor\hvigor-ohos-plugin\index.js
- D:\HW\UTDesign\cases\libuv\libuv-golden-demo\hvigorfile.ts
- E:\DevEco Studio\tools\hvigor\hvigor\src\base\internal\lifecycle\configuration.js
- E:\DevEco Studio\tools\hvigor\hvigor\src\base\boot\index.js
- E:\DevEco Studio\tools\hvigor\hvigor\src\cli\main\cli.js
- E:\DevEco Studio\tools\hvigor\hvigor\bin\hvigor.js
[2026-07-28T09:52:30.942] [DEBUG] debug-file - Project task initialization takes 9 ms 
[2026-07-28T09:52:30.976] [DEBUG] debug-file - Start initialize module-target build option map, moduleName=entry, buildMode=debug
[2026-07-28T09:52:30.992] [DEBUG] debug-file - start to load updatedOhPackageInfo to the disk
[2026-07-28T09:52:31.012] [DEBUG] debug-file - Start to initialize dependency information.
[2026-07-28T09:52:31.036] [DEBUG] debug-file - Executing task :entry:ohosTest@PreBuild
[2026-07-28T09:52:27.237] [DEBUG] debug-file - env: hvigor-config.json5 content = {
  modelVersion: '6.1.0',
  dependencies: {},
  execution: {},
  logging: {},
  debugging: {},
  nodeOptions: {}
}
[2026-07-28T09:52:31.059] [DEBUG] debug-file - Executing task :entry:ohosTest@GenerateMetadata
[2026-07-28T09:52:30.990] [DEBUG] debug-file - project has submodules:entry
[2026-07-28T09:52:27.931] [DEBUG] debug-file - Cache service initialization finished in 16 ms 
[2026-07-28T09:52:30.651] [DEBUG] debug-file - hvigorfile, binding system plugins [Function: appTasks]
[2026-07-28T09:52:30.653] [DEBUG] debug-file - App plugin prepare start...
[2026-07-28T09:52:30.866] [DEBUG] debug-file - Picking option from product 'default' with build mode 'debug'.
[2026-07-28T09:52:30.863] [DEBUG] debug-file - App plugin register hook end...
[2026-07-28T09:52:30.872] [DEBUG] debug-file - No signingConfig found, initRemoteHspCache failed.
[2026-07-28T09:52:30.927] [DEBUG] debug-file - Sdk init in 54 ms 
[2026-07-28T09:52:30.942] [DEBUG] debug-file - hvigorfile, begin to bind custom plugins...
[2026-07-28T09:52:30.976] [DEBUG] debug-file - Target 'default' config initialized
[2026-07-28T09:52:30.995] [DEBUG] debug-file - load to the disk finished
[2026-07-28T09:52:31.021] [DEBUG] debug-file - Module entry Collected Dependency: D:\HW\UTDesign\cases\libuv\libuv-golden-demo\entry\src\main\cpp\types\libentry
[2026-07-28T09:52:31.037] [DEBUG] debug-file - Task 'entry:ohosTest@PreBuild' cost while wrapping incremental declarations: 1 ms 
[2026-07-28T09:52:27.239] [DEBUG] debug-file - env: daemon=false
[2026-07-28T09:52:31.060] [DEBUG] debug-file - Task 'entry:ohosTest@GenerateMetadata' cost while wrapping incremental declarations: 1 ms 
[2026-07-28T09:52:27.935] [DEBUG] debug-file - hvigorfile, resolving D:\HW\UTDesign\cases\libuv\libuv-golden-demo\hvigorfile.ts
[2026-07-28T09:52:30.653] [DEBUG] debug-file - App plugin prepare end...
[2026-07-28T09:52:30.866] [DEBUG] debug-file - Product 'default' build option initialized
[2026-07-28T09:52:30.863] [DEBUG] debug-file - Plugin build process completed
[2026-07-28T09:52:30.874] [DEBUG] debug-file - Local scan or download HarmonyOS sdk components toolchains,ets,js,native,previewer
[2026-07-28T09:52:30.942] [DEBUG] debug-file - hvigorfile, no custom plugins were found in D:\HW\UTDesign\cases\libuv\libuv-golden-demo\hvigorfile.ts
[2026-07-28T09:52:30.977] [DEBUG] debug-file - Target 'ohosTest' config initialized
[2026-07-28T09:52:31.021] [DEBUG] debug-file - Module entry's total dependency: 1
[2026-07-28T09:52:30.996] [DEBUG] debug-file - Start to initialize dependency information.
[2026-07-28T09:52:31.049] [DEBUG] debug-file - Incremental task entry:ohosTest@PreBuild pre-execution cost: 9 ms .
[2026-07-28T09:52:27.239] [DEBUG] debug-file - no-daemon, use the parent process.execArgv --max-old-space-size=8192,--max-semi-space-size=16,--expose-gc
[2026-07-28T09:52:31.063] [DEBUG] debug-file - Incremental task entry:ohosTest@GenerateMetadata pre-execution cost: 2 ms .
[2026-07-28T09:52:30.653] [DEBUG] debug-file - App plugin creating...
[2026-07-28T09:52:30.866] [DEBUG] debug-file - End initialize project's product build option map with build mode 'debug'.
[2026-07-28T09:52:30.878] [DEBUG] debug-file - Local scan or download hmscore sdk components toolchains,ets,native
[2026-07-28T09:52:30.942] [DEBUG] debug-file - hvigorfile, resolve finished D:\HW\UTDesign\cases\libuv\libuv-golden-demo\hvigorfile.ts
[2026-07-28T09:52:30.978] [DEBUG] debug-file - Module 'entry' target 'default' build option initialized
[2026-07-28T09:52:31.025] [DEBUG] debug-file - Configuration phase cost:3 s 93 ms 
[2026-07-28T09:52:31.010] [DEBUG] debug-file - Module libuv-golden-demo Collected Dependency: 
[2026-07-28T09:52:31.049] [DEBUG] debug-file - entry : ohosTest@PreBuild cost memory 0.342529296875
[2026-07-28T09:52:31.118] [DEBUG] debug-file - Executing task :entry:ohosTest@CreateBuildProfile
[2026-07-28T09:52:31.063] [DEBUG] debug-file - entry : ohosTest@GenerateMetadata cost memory 0.33148956298828125
[2026-07-28T09:52:31.121] [DEBUG] debug-file - Executing task :entry:ohosTest@PreCheckSyscap
[2026-07-28T09:52:31.124] [DEBUG] debug-file - Executing task :entry:ohosTest@GeneratePkgContextInfo
[2026-07-28T09:52:31.156] [DEBUG] debug-file - Use tool [Cmake]
 [
  'E:\\DevEco Studio\\sdk\\default\\openharmony\\native\\build-tools\\cmake\\bin\\cmake.exe',
  '-HD:\\HW\\UTDesign\\cases\\libuv\\libuv-golden-demo\\entry\\src\\ohosTest\\cpp',
  '-BD:\\HW\\UTDesign\\cases\\libuv\\libuv-golden-demo\\entry\\.cxx\\default\\ohosTest\\debug\\x86_64',
  '-DOHOS_ARCH=x86_64',
  '-DCMAKE_LIBRARY_OUTPUT_DIRECTORY=D:\\HW\\UTDesign\\cases\\libuv\\libuv-golden-demo\\entry\\build\\default\\intermediates\\cmake\\ohosTest\\obj\\x86_64',
  '-DCMAKE_BUILD_TYPE=Debug',
  '-DOHOS_SDK_NATIVE=E:\\DevEco Studio\\sdk\\default\\openharmony\\native',
  '-DCMAKE_SYSTEM_NAME=OHOS',
  '-DCMAKE_OHOS_ARCH_ABI=x86_64',
  '-DCMAKE_EXPORT_COMPILE_COMMANDS=ON',
  '-DCMAKE_TOOLCHAIN_FILE=E:\\DevEco Studio\\sdk\\default\\hms\\native\\build\\cmake\\hmos.toolchain.cmake',
  '-GNinja',
  '-DCMAKE_MAKE_PROGRAM=E:\\DevEco Studio\\sdk\\default\\openharmony\\native\\build-tools\\cmake\\bin\\ninja.exe',
  '-DCMAKE_FIND_ROOT_PATH=D:\\HW\\UTDesign\\cases\\libuv\\libuv-golden-demo\\entry\\.cxx\\default\\ohosTest\\debug\\hvigor\\x86_64',
  '-DPACKAGE_FIND_FILE=D:\\HW\\UTDesign\\cases\\libuv\\libuv-golden-demo\\entry\\.cxx\\default\\ohosTest\\debug\\hvigor\\x86_64\\summary.cmake',
  '--no-warn-unused-cli',
  '-DCMAKE_CXX_FLAGS=-std=c++17',
  '-DHMOS_SDK_NATIVE=E:\\DevEco Studio\\sdk\\default\\hms\\native',
  '-DOHOS_COMPATIBLE_SDK_VERSION=6.1.0(23)'
]
[2026-07-28T09:52:31.148] [DEBUG] debug-file - Executing task :entry:ohosTest@ProcessIntegratedHsp
[2026-07-28T09:52:31.027] [DEBUG] debug-file - Configuration task cost before running: 3 s 134 ms 
[2026-07-28T09:52:31.010] [DEBUG] debug-file - Module libuv-golden-demo's total dependency: 0
[2026-07-28T09:52:30.978] [DEBUG] debug-file - Module 'entry' target 'ohosTest' build option initialized
[2026-07-28T09:52:31.053] [INFO] debug-file - UP-TO-DATE :entry:ohosTest@PreBuild...  
[2026-07-28T09:52:30.944] [DEBUG] debug-file - hvigorfile, resolving D:\HW\UTDesign\cases\libuv\libuv-golden-demo\entry\hvigorfile.ts
[2026-07-28T09:52:31.118] [DEBUG] debug-file - Task 'entry:ohosTest@CreateBuildProfile' cost while wrapping incremental declarations: 1 ms 
[2026-07-28T09:52:31.121] [DEBUG] debug-file - entry : ohosTest@PreCheckSyscap cost memory 0.01354217529296875
[2026-07-28T09:52:31.135] [DEBUG] debug-file - Task 'entry:ohosTest@GeneratePkgContextInfo' cost while wrapping incremental declarations: 1 ms 
[2026-07-28T09:52:31.063] [INFO] debug-file - UP-TO-DATE :entry:ohosTest@GenerateMetadata...  
[2026-07-28T09:52:31.151] [DEBUG] debug-file - Executing task :entry:ohosTest@BuildNativeWithCmake
[2026-07-28T09:52:31.148] [DEBUG] debug-file - entry:ohosTest@ProcessIntegratedHsp is not up-to-date, since the output file 'D:\HW\UTDesign\cases\libuv\libuv-golden-demo\build\cache\default\integrated_hsp\integratedHspCache.json' does not exist.
[2026-07-28T09:52:30.978] [DEBUG] debug-file - End initialize module-target build option map, moduleName=entry
[2026-07-28T09:52:31.054] [DEBUG] debug-file - Executing task :entry:ohosTest@CreateModuleInfo
[2026-07-28T09:52:30.955] [DEBUG] debug-file - hvigorfile, require result:  { default: { system: [Function: hapTasks], plugins: [] } }
[2026-07-28T09:52:31.122] [DEBUG] debug-file - runTaskFromQueue task cost before running: 3 s 229 ms 
[2026-07-28T09:52:31.119] [DEBUG] debug-file - Incremental task entry:ohosTest@CreateBuildProfile pre-execution cost: 1 ms .
[2026-07-28T09:52:31.136] [DEBUG] debug-file - entry : ohosTest@GeneratePkgContextInfo cost memory 0.8544845581054688
[2026-07-28T09:52:31.065] [DEBUG] debug-file - Executing task :entry:ohosTest@ConfigureCmake
[2026-07-28T09:52:31.055] [DEBUG] debug-file - Task 'entry:ohosTest@CreateModuleInfo' cost while wrapping incremental declarations: 1 ms 
[2026-07-28T09:52:31.148] [DEBUG] debug-file - Incremental task entry:ohosTest@ProcessIntegratedHsp pre-execution cost: 1 ms .
[2026-07-28T09:52:30.978] [DEBUG] debug-file - Start initialize module-target build option map, moduleName=entry, buildMode=release
[2026-07-28T09:52:30.955] [DEBUG] debug-file - hvigorfile, binding system plugins [Function: hapTasks]
[2026-07-28T09:52:31.122] [INFO] debug-file - Finished :entry:ohosTest@PreCheckSyscap... after 1 ms 
[2026-07-28T09:52:31.119] [DEBUG] debug-file - entry : ohosTest@CreateBuildProfile cost memory 0.1028289794921875
[2026-07-28T09:52:31.136] [DEBUG] debug-file - runTaskFromQueue task cost before running: 3 s 243 ms 
[2026-07-28T09:52:31.149] [DEBUG] debug-file - entry : ohosTest@ProcessIntegratedHsp cost memory 0.04926300048828125
[2026-07-28T09:52:30.978] [DEBUG] debug-file - Target 'default' config initialized
[2026-07-28T09:52:31.055] [DEBUG] debug-file - entry : ohosTest@CreateModuleInfo cost memory 0.03802490234375
[2026-07-28T09:52:31.108] [DEBUG] debug-file - entry : ohosTest@ConfigureCmake cost memory -10.77294921875
[2026-07-28T09:52:31.136] [INFO] debug-file - Finished :entry:ohosTest@GeneratePkgContextInfo... after 12 ms 
[2026-07-28T09:52:31.119] [INFO] debug-file - UP-TO-DATE :entry:ohosTest@CreateBuildProfile...  
[2026-07-28T09:52:30.955] [DEBUG] debug-file - Starting plugin build process
[2026-07-28T09:52:30.979] [DEBUG] debug-file - Target 'ohosTest' config initialized
[2026-07-28T09:52:31.056] [DEBUG] debug-file - runTaskFromQueue task cost before running: 3 s 163 ms 
[2026-07-28T09:52:31.149] [DEBUG] debug-file - runTaskFromQueue task cost before running: 3 s 256 ms 
[2026-07-28T09:52:31.108] [DEBUG] debug-file - runTaskFromQueue task cost before running: 3 s 215 ms 
[2026-07-28T09:52:31.137] [DEBUG] debug-file - Executing task :entry:ohosTest@GeneratePkgSdkInfo
[2026-07-28T09:52:30.956] [DEBUG] debug-file - Hap plugin creating...
[2026-07-28T09:52:30.979] [DEBUG] debug-file - Module 'entry' target 'default' build option initialized
[2026-07-28T09:52:31.056] [INFO] debug-file - Finished :entry:ohosTest@CreateModuleInfo... after 2 ms 
[2026-07-28T09:52:31.149] [INFO] debug-file - Finished :entry:ohosTest@ProcessIntegratedHsp... after 1 ms 
[2026-07-28T09:52:31.109] [INFO] debug-file - Finished :entry:ohosTest@ConfigureCmake... after 43 ms 
[2026-07-28T09:52:31.141] [DEBUG] debug-file - Task 'entry:ohosTest@GeneratePkgSdkInfo' cost while wrapping incremental declarations: 1 ms 
[2026-07-28T09:52:30.979] [DEBUG] debug-file - Module 'entry' target 'ohosTest' build option initialized
[2026-07-28T09:52:31.112] [DEBUG] debug-file - Executing task :entry:ohosTest@MergeProfile
[2026-07-28T09:52:31.141] [DEBUG] debug-file - Incremental task entry:ohosTest@GeneratePkgSdkInfo pre-execution cost: 1 ms .
[2026-07-28T09:52:30.979] [DEBUG] debug-file - End initialize module-target build option map, moduleName=entry
[2026-07-28T09:52:31.113] [DEBUG] debug-file - Task 'entry:ohosTest@MergeProfile' cost while wrapping incremental declarations: 1 ms 
[2026-07-28T09:52:31.141] [DEBUG] debug-file - entry : ohosTest@GeneratePkgSdkInfo cost memory 0.26512908935546875
[2026-07-28T09:52:30.979] [DEBUG] debug-file - Start initialize module-target build option map, moduleName=entry, buildMode=debug
[2026-07-28T09:52:31.115] [DEBUG] debug-file - Incremental task entry:ohosTest@MergeProfile pre-execution cost: 2 ms .
[2026-07-28T09:52:31.142] [INFO] debug-file - UP-TO-DATE :entry:ohosTest@GeneratePkgSdkInfo...  
[2026-07-28T09:52:31.115] [DEBUG] debug-file - entry : ohosTest@MergeProfile cost memory 0.12545013427734375
[2026-07-28T09:52:30.979] [DEBUG] debug-file - Target 'default' config initialized
[2026-07-28T09:52:31.116] [INFO] debug-file - UP-TO-DATE :entry:ohosTest@MergeProfile...  
[2026-07-28T09:52:31.170] [DEBUG] debug-file - CMake configuration was up-to-date
[2026-07-28T09:52:30.980] [DEBUG] debug-file - Target 'ohosTest' config initialized
[2026-07-28T09:52:30.980] [DEBUG] debug-file - Module 'entry' target 'default' build option initialized
[2026-07-28T09:52:30.980] [DEBUG] debug-file - Module 'entry' target 'ohosTest' build option initialized
[2026-07-28T09:52:30.980] [DEBUG] debug-file - End initialize module-target build option map, moduleName=entry
[2026-07-28T09:52:30.981] [DEBUG] debug-file - Obtain build option for module 'entry' target 'ohosTest'in this build.
[2026-07-28T09:52:30.988] [DEBUG] debug-file - Module entry task initialization takes 6 ms 
[2026-07-28T09:52:30.988] [DEBUG] debug-file - Hap plugin register hook start...
[2026-07-28T09:52:30.988] [DEBUG] debug-file - Hap plugin register hook end...
[2026-07-28T09:52:30.988] [DEBUG] debug-file - Plugin build process completed
[2026-07-28T09:52:30.989] [DEBUG] debug-file - hvigorfile, begin to bind custom plugins...
[2026-07-28T09:52:30.989] [DEBUG] debug-file - hvigorfile, no custom plugins were found in D:\HW\UTDesign\cases\libuv\libuv-golden-demo\entry\hvigorfile.ts
[2026-07-28T09:52:30.989] [DEBUG] debug-file - hvigorfile, resolve finished D:\HW\UTDesign\cases\libuv\libuv-golden-demo\entry\hvigorfile.ts
[2026-07-28T09:52:31.175] [DEBUG] debug-file - entry : ohosTest@BuildNativeWithCmake cost memory 0.9308624267578125
[2026-07-28T09:52:31.175] [DEBUG] debug-file - runTaskFromQueue task cost before running: 3 s 282 ms 
[2026-07-28T09:52:31.177] [DEBUG] debug-file - Executing task :entry:ohosTest@MakePackInfo
[2026-07-28T09:52:31.215] [DEBUG] debug-file - Executing task :entry:ohosTest@ProcessRouterMap
[2026-07-28T09:52:31.209] [DEBUG] debug-file - Executing task :entry:ohosTest@ProcessProfile
[2026-07-28T09:52:31.183] [DEBUG] debug-file - Executing task :entry:ohosTest@SyscapTransform
[2026-07-28T09:52:31.175] [INFO] debug-file - Finished :entry:ohosTest@BuildNativeWithCmake... after 24 ms 
[2026-07-28T09:52:31.221] [DEBUG] debug-file - Executing task :entry:ohosTest@ProcessShareConfig
[2026-07-28T09:52:31.225] [DEBUG] debug-file - Executing task :entry:ohosTest@ProcessStartupConfig
[2026-07-28T09:52:31.232] [DEBUG] debug-file - Create  resident worker with id: 0.
[2026-07-28T09:52:31.228] [DEBUG] debug-file - Executing task :entry:ohosTest@BuildNativeWithNinja
[2026-07-28T09:52:31.279] [DEBUG] debug-file - OHOS_STL is c++_shared
[2026-07-28T09:52:31.298] [DEBUG] debug-file - Executing task :entry:ohosTest@GenerateLoaderJson
[2026-07-28T09:52:31.289] [DEBUG] debug-file - Executing task :entry:ohosTest@ProcessResource
[2026-07-28T09:52:31.179] [DEBUG] debug-file - Incremental task entry:ohosTest@MakePackInfo pre-execution cost: 2 ms .
[2026-07-28T09:52:31.218] [DEBUG] debug-file - Incremental task entry:ohosTest@ProcessRouterMap pre-execution cost: 2 ms .
[2026-07-28T09:52:31.211] [DEBUG] debug-file - Task 'entry:ohosTest@ProcessProfile' cost while wrapping incremental declarations: 1 ms 
[2026-07-28T09:52:31.183] [DEBUG] debug-file - File: 'D:\HW\UTDesign\cases\libuv\libuv-golden-demo\entry\src\ohosTest\syscap.json' from 'sysCapJsonPath' is not exists, just ignore.
[2026-07-28T09:52:31.329] [DEBUG] debug-file - Executing task :entry:ohosTest@OhosTestCompileArkTS
[2026-07-28T09:52:31.223] [DEBUG] debug-file - Incremental task entry:ohosTest@ProcessShareConfig pre-execution cost: 2 ms .
[2026-07-28T09:52:31.315] [DEBUG] debug-file - Executing task :entry:ohosTest@CompileResource
[2026-07-28T09:52:31.234] [DEBUG] debug-file - Create  resident worker with id: 1.
[2026-07-28T09:52:31.225] [DEBUG] debug-file - Task 'entry:ohosTest@ProcessStartupConfig' cost while wrapping incremental declarations: 1 ms 
[2026-07-28T09:52:31.229] [DEBUG] debug-file - Use tool [Ninja]
 [
  'E:\\DevEco Studio\\sdk\\default\\openharmony\\native\\build-tools\\cmake\\bin\\ninja.exe',
  '-C',
  'D:\\HW\\UTDesign\\cases\\libuv\\libuv-golden-demo\\entry\\.cxx\\default\\ohosTest\\debug\\x86_64'
]
[2026-07-28T09:52:31.351] [DEBUG] debug-file - Executing task :entry:ohosTest@OhosTestBuildJS
[2026-07-28T09:52:31.279] [DEBUG] debug-file - Copy STL libc++_shared.so to D:\HW\UTDesign\cases\libuv\libuv-golden-demo\entry\build\default\intermediates\cmake\ohosTest\obj\x86_64 due to OHOS_STL is 'c++_shared'
[2026-07-28T09:52:31.298] [DEBUG] debug-file - Task 'entry:ohosTest@GenerateLoaderJson' cost while wrapping incremental declarations: 1 ms 
[2026-07-28T09:52:31.290] [DEBUG] debug-file - Task 'entry:ohosTest@ProcessResource' cost while wrapping incremental declarations: 1 ms 
[2026-07-28T09:52:31.179] [DEBUG] debug-file - entry : ohosTest@MakePackInfo cost memory 0.11292266845703125
[2026-07-28T09:52:31.218] [DEBUG] debug-file - entry : ohosTest@ProcessRouterMap cost memory 0.146453857421875
[2026-07-28T09:52:31.184] [DEBUG] debug-file - Task 'entry:ohosTest@SyscapTransform' cost while wrapping incremental declarations: 1 ms 
[2026-07-28T09:52:31.212] [DEBUG] debug-file - Incremental task entry:ohosTest@ProcessProfile pre-execution cost: 2 ms .
[2026-07-28T09:52:31.357] [DEBUG] debug-file - Executing task :entry:ohosTest@OhosTestCopyMockConfigJson
[2026-07-28T09:52:31.330] [DEBUG] debug-file - obfuscationOptions: undefined
[2026-07-28T09:52:31.223] [DEBUG] debug-file - entry : ohosTest@ProcessShareConfig cost memory 0.1213226318359375
[2026-07-28T09:52:31.325] [DEBUG] debug-file - Incremental task entry:ohosTest@CompileResource pre-execution cost: 8 ms .
[2026-07-28T09:52:31.237] [DEBUG] debug-file - ohosTest@BuildNativeWithNinja work[0] is submitted.
[2026-07-28T09:52:31.226] [DEBUG] debug-file - entry:ohosTest@ProcessStartupConfig is not up-to-date, since the output file 'D:\HW\UTDesign\cases\libuv\libuv-golden-demo\entry\build\default\intermediates\startup\ohosTest\startup_config.json' does not exist.
[2026-07-28T09:52:31.230] [DEBUG] debug-file - Since there is no instance or instance is terminated, create a new worker pool.
[2026-07-28T09:52:31.351] [DEBUG] debug-file - Task 'entry:ohosTest@OhosTestBuildJS' cost while wrapping incremental declarations: 1 ms 
[2026-07-28T09:52:31.281] [DEBUG] debug-file - entry : ohosTest@BuildNativeWithNinja cost memory 2.4267654418945312
[2026-07-28T09:52:31.308] [DEBUG] debug-file - Incremental task entry:ohosTest@GenerateLoaderJson pre-execution cost: 5 ms .
[2026-07-28T09:52:31.291] [DEBUG] debug-file - Incremental task entry:ohosTest@ProcessResource pre-execution cost: 1 ms .
[2026-07-28T09:52:31.180] [INFO] debug-file - UP-TO-DATE :entry:ohosTest@MakePackInfo...  
[2026-07-28T09:52:31.219] [INFO] debug-file - UP-TO-DATE :entry:ohosTest@ProcessRouterMap...  
[2026-07-28T09:52:31.203] [DEBUG] debug-file - entry:ohosTest@SyscapTransform is not up-to-date, since the output file 'D:\HW\UTDesign\cases\libuv\libuv-golden-demo\entry\build\default\intermediates\syscap\ohosTest\rpcid.sc' does not exist.
[2026-07-28T09:52:31.212] [DEBUG] debug-file - entry : ohosTest@ProcessProfile cost memory 0.12457275390625
[2026-07-28T09:52:31.357] [DEBUG] debug-file - File: 'D:\HW\UTDesign\cases\libuv\libuv-golden-demo\entry\build\default\intermediates\res\ohosTest\mock-config.json' from 'mockConfigJsonFile' is not exists, just ignore.
[2026-07-28T09:52:31.334] [DEBUG] debug-file - Task 'entry:ohosTest@OhosTestCompileArkTS' cost while wrapping incremental declarations: 1 ms 
[2026-07-28T09:52:31.223] [INFO] debug-file - UP-TO-DATE :entry:ohosTest@ProcessShareConfig...  
[2026-07-28T09:52:31.325] [DEBUG] debug-file - entry : ohosTest@CompileResource cost memory 0.7340240478515625
[2026-07-28T09:52:31.237] [DEBUG] debug-file - ohosTest@BuildNativeWithNinja work[0] is pushed to ready queue.
[2026-07-28T09:52:31.226] [DEBUG] debug-file - Incremental task entry:ohosTest@ProcessStartupConfig pre-execution cost: 1 ms .
[2026-07-28T09:52:31.230] [DEBUG] debug-file - Worker pool is initialized with config:  {
  minPoolNum: 2,
  maxPoolNum: undefined,
  maxCoreSize: undefined,
  cacheCapacity: undefined,
  cacheTtl: undefined
}
[2026-07-28T09:52:31.354] [DEBUG] debug-file - entry : ohosTest@OhosTestBuildJS cost memory 0.17116546630859375
[2026-07-28T09:52:31.285] [DEBUG] debug-file - restool module names: entry,entry_test; moduleName=entry, taskName=ohosTest@ProcessResource
[2026-07-28T09:52:31.308] [DEBUG] debug-file - entry : ohosTest@GenerateLoaderJson cost memory 0.4003143310546875
[2026-07-28T09:52:31.291] [DEBUG] debug-file - entry : ohosTest@ProcessResource cost memory 0.15392303466796875
[2026-07-28T09:52:31.204] [DEBUG] debug-file - Incremental task entry:ohosTest@SyscapTransform pre-execution cost: 20 ms .
[2026-07-28T09:52:31.212] [INFO] debug-file - UP-TO-DATE :entry:ohosTest@ProcessProfile...  
[2026-07-28T09:52:31.357] [DEBUG] debug-file - Task 'entry:ohosTest@OhosTestCopyMockConfigJson' cost while wrapping incremental declarations: 1 ms 
[2026-07-28T09:52:31.347] [DEBUG] debug-file - Incremental task entry:ohosTest@OhosTestCompileArkTS pre-execution cost: 11 ms .
[2026-07-28T09:52:31.326] [INFO] debug-file - UP-TO-DATE :entry:ohosTest@CompileResource...  
[2026-07-28T09:52:31.238] [DEBUG] debug-file - A work dispatched to worker[15] failed because unable to get work from ready queue.
[2026-07-28T09:52:31.226] [DEBUG] debug-file - entry : ohosTest@ProcessStartupConfig cost memory 0.09105682373046875
[2026-07-28T09:52:31.354] [DEBUG] debug-file - runTaskFromQueue task cost before running: 3 s 461 ms 
[2026-07-28T09:52:31.311] [INFO] debug-file - UP-TO-DATE :entry:ohosTest@GenerateLoaderJson...  
[2026-07-28T09:52:31.293] [INFO] debug-file - UP-TO-DATE :entry:ohosTest@ProcessResource...  
[2026-07-28T09:52:31.204] [DEBUG] debug-file - entry : ohosTest@SyscapTransform cost memory 0.13347625732421875
[2026-07-28T09:52:31.357] [DEBUG] debug-file - entry:ohosTest@OhosTestCopyMockConfigJson is not up-to-date, since the output file 'D:\HW\UTDesign\cases\libuv\libuv-golden-demo\entry\build\default\intermediates\res\ohosTest\resources\rawfile\mock\mock-config.json' does not exist.
[2026-07-28T09:52:31.347] [DEBUG] debug-file - entry : ohosTest@OhosTestCompileArkTS cost memory 1.2205581665039062
[2026-07-28T09:52:31.238] [DEBUG] debug-file - Create  resident worker with id: 14.
[2026-07-28T09:52:31.226] [DEBUG] debug-file - runTaskFromQueue task cost before running: 3 s 333 ms 
[2026-07-28T09:52:31.313] [DEBUG] debug-file - restool module names: entry,entry_test; moduleName=entry, taskName=ohosTest@CompileResource
[2026-07-28T09:52:31.354] [INFO] debug-file - Finished :entry:ohosTest@OhosTestBuildJS... after 4 ms 
[2026-07-28T09:52:31.204] [DEBUG] debug-file - runTaskFromQueue task cost before running: 3 s 311 ms 
[2026-07-28T09:52:31.357] [DEBUG] debug-file - Incremental task entry:ohosTest@OhosTestCopyMockConfigJson pre-execution cost: 1 ms .
[2026-07-28T09:52:31.226] [INFO] debug-file - Finished :entry:ohosTest@ProcessStartupConfig... after 2 ms 
[2026-07-28T09:52:31.349] [INFO] debug-file - UP-TO-DATE :entry:ohosTest@OhosTestCompileArkTS...  
[2026-07-28T09:52:31.239] [DEBUG] debug-file - ohosTest@BuildNativeWithNinja work[0] has been dispatched to worker[14].
[2026-07-28T09:52:31.204] [INFO] debug-file - Finished :entry:ohosTest@SyscapTransform... after 22 ms 
[2026-07-28T09:52:31.357] [DEBUG] debug-file - Failed to generate mock-config.json during compilation.
[2026-07-28T09:52:31.239] [DEBUG] debug-file - ohosTest@BuildNativeWithNinja work[0] is dispatched.
[2026-07-28T09:52:31.357] [DEBUG] debug-file - entry : ohosTest@OhosTestCopyMockConfigJson cost memory 0.0870819091796875
[2026-07-28T09:52:31.357] [DEBUG] debug-file - runTaskFromQueue task cost before running: 3 s 465 ms 
[2026-07-28T09:52:31.358] [INFO] debug-file - Finished :entry:ohosTest@OhosTestCopyMockConfigJson... after 1 ms 
[2026-07-28T09:52:34.255] [DEBUG] debug-file - ninja: Entering directory `D:\HW\UTDesign\cases\libuv\libuv-golden-demo\entry\.cxx\default\ohosTest\debug\x86_64'
[1/2] Building CXX object CMakeFiles/entry_test.dir/D_/HW/UTDesign/cases/libuv/libuv-golden-demo/entry/src/main/cpp/libuv_checks.cpp.o

[2026-07-28T09:52:34.518] [DEBUG] debug-file - clang++: warning: argument unused during compilation: '--gcc-toolchain=E:/DevEco Studio/sdk/default/openharmony/native/llvm' [-Wunused-command-line-argument]
[2/2] Linking CXX shared library D:\HW\UTDesign\cases\libuv\libuv-golden-demo\entry\build\default\intermediates\cmake\ohosTest\obj\x86_64\libentry_test.so

[2026-07-28T09:52:34.523] [DEBUG] debug-file - worker[14] has one work done.
[2026-07-28T09:52:34.546] [DEBUG] debug-file - ohosTest@BuildNativeWithNinja work[0] done.
[2026-07-28T09:52:34.546] [DEBUG] debug-file - A work dispatched to worker[14] failed because unable to get work from ready queue.
[2026-07-28T09:52:34.547] [INFO] debug-file - Finished :entry:ohosTest@BuildNativeWithNinja... after 1 s 529 ms 
[2026-07-28T09:52:34.549] [DEBUG] debug-file - Executing task :entry:ohosTest@ProcessLibs
[2026-07-28T09:52:34.570] [DEBUG] debug-file - Check content hash for D:\HW\UTDesign\cases\libuv\libuv-golden-demo\entry\build\default\intermediates\cmake\ohosTest\obj\x86_64\libuv.a
[2026-07-28T09:52:34.582] [DEBUG] debug-file - Check content hash for D:\HW\UTDesign\cases\libuv\libuv-golden-demo\entry\build\default\intermediates\cmake\ohosTest\obj\x86_64\libentry_test.so
[2026-07-28T09:52:34.589] [DEBUG] debug-file - Check content hash for D:\HW\UTDesign\cases\libuv\libuv-golden-demo\entry\build\default\intermediates\cmake\ohosTest\obj\x86_64\libc++_shared.so
[2026-07-28T09:52:34.601] [DEBUG] debug-file - entry:ohosTest@ProcessLibs is not up-to-date, since the task snapshots are different.
[2026-07-28T09:52:34.601] [DEBUG] debug-file - Incremental task entry:ohosTest@ProcessLibs pre-execution cost: 4 ms .
[2026-07-28T09:52:34.610] [DEBUG] debug-file - Worker dispatch failed, running processLibs on main thread.
[2026-07-28T09:52:34.620] [DEBUG] debug-file - Link D:\HW\UTDesign\cases\libuv\libuv-golden-demo\entry\build\default\intermediates\cmake\ohosTest\obj\x86_64\libentry_test.so to D:\HW\UTDesign\cases\libuv\libuv-golden-demo\entry\build\default\intermediates\libs\ohosTest\x86_64\libentry_test.so successfully.
[2026-07-28T09:52:34.622] [DEBUG] debug-file - Link D:\HW\UTDesign\cases\libuv\libuv-golden-demo\entry\build\default\intermediates\cmake\ohosTest\obj\x86_64\libc++_shared.so to D:\HW\UTDesign\cases\libuv\libuv-golden-demo\entry\build\default\intermediates\libs\ohosTest\x86_64\libc++_shared.so successfully.
[2026-07-28T09:52:34.623] [DEBUG] debug-file - entry : ohosTest@ProcessLibs cost memory 2.9522857666015625
[2026-07-28T09:52:34.623] [DEBUG] debug-file - runTaskFromQueue task cost before running: 6 s 730 ms 
[2026-07-28T09:52:34.623] [INFO] debug-file - Finished :entry:ohosTest@ProcessLibs... after 74 ms 
[2026-07-28T09:52:34.627] [DEBUG] debug-file - Executing task :entry:ohosTest@DoNativeStrip
[2026-07-28T09:52:34.627] [DEBUG] debug-file - File: 'D:\HW\UTDesign\cases\libuv\libuv-golden-demo\entry\build\default\intermediates\binxo\ohosTest' from 'doBinxoNativeLibs' is not exists, just ignore.
[2026-07-28T09:52:34.628] [DEBUG] debug-file - Task 'entry:ohosTest@DoNativeStrip' cost while wrapping incremental declarations: 1 ms 
[2026-07-28T09:52:34.630] [DEBUG] debug-file - entry:ohosTest@DoNativeStrip is not up-to-date, since the input file 'D:\HW\UTDesign\cases\libuv\libuv-golden-demo\entry\build\default\intermediates\libs\ohosTest' has been changed.
[2026-07-28T09:52:34.630] [DEBUG] debug-file - Incremental task entry:ohosTest@DoNativeStrip pre-execution cost: 2 ms .
[2026-07-28T09:52:34.636] [DEBUG] debug-file - ohosTest@DoNativeStrip work[1] is submitted.
[2026-07-28T09:52:34.636] [DEBUG] debug-file - ohosTest@DoNativeStrip work[1] is pushed to ready queue.
[2026-07-28T09:52:34.637] [DEBUG] debug-file - A work dispatched to worker[15] failed because unable to get work from ready queue.
[2026-07-28T09:52:34.637] [DEBUG] debug-file - ohosTest@DoNativeStrip work[1] has been dispatched to worker[14].
[2026-07-28T09:52:34.637] [DEBUG] debug-file - ohosTest@DoNativeStrip work[1] is dispatched.
[2026-07-28T09:52:34.637] [DEBUG] debug-file - entry : ohosTest@DoNativeStrip cost memory 0.2733612060546875
[2026-07-28T09:52:34.669] [DEBUG] debug-file - current process  memoryUsage: {
  rss: 359940096,
  heapTotal: 90103808,
  heapUsed: 58157304,
  external: 4064830,
  arrayBuffers: 65923
} os memoryUsage :12.534530639648438
[2026-07-28T09:52:34.754] [DEBUG] debug-file - worker[14] has one work done.
[2026-07-28T09:52:34.755] [DEBUG] debug-file - ohosTest@DoNativeStrip work[1] done.
[2026-07-28T09:52:34.755] [DEBUG] debug-file - A work dispatched to worker[14] failed because unable to get work from ready queue.
[2026-07-28T09:52:34.755] [INFO] debug-file - Finished :entry:ohosTest@DoNativeStrip... after 118 ms 
[2026-07-28T09:52:34.757] [DEBUG] debug-file - Executing task :entry:ohosTest@CacheNativeLibs
[2026-07-28T09:52:34.757] [DEBUG] debug-file - File: 'D:\HW\UTDesign\cases\libuv\libuv-golden-demo\entry\build\default\intermediates\binxo\ohosTest' from 'cacheBinxoNativeLibs' is not exists, just ignore.
[2026-07-28T09:52:34.757] [DEBUG] debug-file - Task 'entry:ohosTest@CacheNativeLibs' cost while wrapping incremental declarations: 1 ms 
[2026-07-28T09:52:34.758] [DEBUG] debug-file - entry:ohosTest@CacheNativeLibs is not up-to-date, since the input file 'D:\HW\UTDesign\cases\libuv\libuv-golden-demo\entry\build\default\intermediates\stripped_native_libs\ohosTest' has been changed.
[2026-07-28T09:52:34.758] [DEBUG] debug-file - Incremental task entry:ohosTest@CacheNativeLibs pre-execution cost: 1 ms .
[2026-07-28T09:52:34.759] [DEBUG] debug-file - ohosTest@CacheNativeLibs work[2] is submitted.
[2026-07-28T09:52:34.759] [DEBUG] debug-file - ohosTest@CacheNativeLibs work[2] is pushed to ready queue.
[2026-07-28T09:52:34.759] [DEBUG] debug-file - A work dispatched to worker[15] failed because unable to get work from ready queue.
[2026-07-28T09:52:34.759] [DEBUG] debug-file - ohosTest@CacheNativeLibs work[2] has been dispatched to worker[14].
[2026-07-28T09:52:34.759] [DEBUG] debug-file - ohosTest@CacheNativeLibs work[2] is dispatched.
[2026-07-28T09:52:34.759] [DEBUG] debug-file - entry : ohosTest@CacheNativeLibs cost memory 0.14589691162109375
[2026-07-28T09:52:34.766] [DEBUG] debug-file - worker[14] has one work done.
[2026-07-28T09:52:34.766] [DEBUG] debug-file - ohosTest@CacheNativeLibs work[2] done.
[2026-07-28T09:52:34.766] [DEBUG] debug-file - A work dispatched to worker[14] failed because unable to get work from ready queue.
[2026-07-28T09:52:34.766] [INFO] debug-file - Finished :entry:ohosTest@CacheNativeLibs... after 9 ms 
[2026-07-28T09:52:34.768] [DEBUG] debug-file - Executing task :entry:ohosTest@GeneratePkgModuleJson
[2026-07-28T09:52:34.768] [DEBUG] debug-file - File: 'D:\HW\UTDesign\cases\libuv\libuv-golden-demo\entry\build\default\intermediates\preload\ohosTest\preload.json' from 'preloadSoJsonPath' is not exists, just ignore.
[2026-07-28T09:52:34.769] [DEBUG] debug-file - Error occurs while handling @Input 'shouldDeduplicateHar': The "data" argument must be of type string or an instance of Buffer, TypedArray, or DataView. Received undefined
[2026-07-28T09:52:34.769] [DEBUG] debug-file - Task 'entry:ohosTest@GeneratePkgModuleJson' cost while wrapping incremental declarations: 1 ms 
[2026-07-28T09:52:34.770] [DEBUG] debug-file - Incremental task entry:ohosTest@GeneratePkgModuleJson pre-execution cost: 1 ms .
[2026-07-28T09:52:34.776] [DEBUG] debug-file - Executing task :entry:ohosTest@PackageHap
[2026-07-28T09:52:34.785] [DEBUG] debug-file - ohosTest@PackageHap work[3] is submitted.
[2026-07-28T09:52:34.770] [DEBUG] debug-file - entry : ohosTest@GeneratePkgModuleJson cost memory 0.3216094970703125
[2026-07-28T09:52:34.782] [DEBUG] debug-file - entry:ohosTest@PackageHap is not up-to-date, since the input file 'D:\HW\UTDesign\cases\libuv\libuv-golden-demo\entry\build\default\intermediates\stripped_native_libs\ohosTest' has been changed.
[2026-07-28T09:52:34.786] [DEBUG] debug-file - ohosTest@PackageHap work[3] is pushed to ready queue.
[2026-07-28T09:52:34.770] [INFO] debug-file - UP-TO-DATE :entry:ohosTest@GeneratePkgModuleJson...  
[2026-07-28T09:52:34.782] [DEBUG] debug-file - Incremental task entry:ohosTest@PackageHap pre-execution cost: 4 ms .
[2026-07-28T09:52:34.786] [DEBUG] debug-file - A work dispatched to worker[15] failed because unable to get work from ready queue.
[2026-07-28T09:52:34.771] [DEBUG] debug-file - Executing task :entry:ohosTest@ProcessCompiledResources
[2026-07-28T09:52:34.784] [DEBUG] debug-file - Use tool [E:\DevEco Studio\sdk\default\openharmony\toolchains\lib\app_packing_tool.jar]
 [
  'java',
  '-Dfile.encoding=GBK',
  '-jar',
  'E:\\DevEco Studio\\sdk\\default\\openharmony\\toolchains\\lib\\app_packing_tool.jar',
  '--mode',
  'hap',
  '--force',
  'true',
  '--lib-path',
  'D:\\HW\\UTDesign\\cases\\libuv\\libuv-golden-demo\\entry\\build\\default\\intermediates\\stripped_native_libs\\ohosTest',
  '--json-path',
  'D:\\HW\\UTDesign\\cases\\libuv\\libuv-golden-demo\\entry\\build\\default\\intermediates\\package\\ohosTest\\module.json',
  '--resources-path',
  'D:\\HW\\UTDesign\\cases\\libuv\\libuv-golden-demo\\entry\\build\\default\\intermediates\\res\\ohosTest\\resources',
  '--index-path',
  'D:\\HW\\UTDesign\\cases\\libuv\\libuv-golden-demo\\entry\\build\\default\\intermediates\\res\\ohosTest\\resources.index',
  '--pack-info-path',
  'D:\\HW\\UTDesign\\cases\\libuv\\libuv-golden-demo\\entry\\build\\default\\outputs\\ohosTest\\pack.info',
  '--out-path',
  'D:\\HW\\UTDesign\\cases\\libuv\\libuv-golden-demo\\entry\\build\\default\\outputs\\ohosTest\\entry-ohosTest-unsigned.hap',
  '--ets-path',
  'D:\\HW\\UTDesign\\cases\\libuv\\libuv-golden-demo\\entry\\build\\default\\intermediates\\loader_out\\ohosTest\\ets',
  '--pkg-sdk-info-path',
  'D:\\HW\\UTDesign\\cases\\libuv\\libuv-golden-demo\\entry\\build\\default\\intermediates\\loader\\ohosTest\\pkgSdkInfo.json'
]
[2026-07-28T09:52:34.771] [DEBUG] debug-file - File: 'D:\HW\UTDesign\cases\libuv\libuv-golden-demo\entry\build\default\intermediates\preload\ohosTest\preload.json' from 'preloadSoJsonPath' is not exists, just ignore.
[2026-07-28T09:52:34.786] [DEBUG] debug-file - ohosTest@PackageHap work[3] has been dispatched to worker[14].
[2026-07-28T09:52:34.772] [DEBUG] debug-file - Task 'entry:ohosTest@ProcessCompiledResources' cost while wrapping incremental declarations: 1 ms 
[2026-07-28T09:52:34.786] [DEBUG] debug-file - ohosTest@PackageHap work[3] is dispatched.
[2026-07-28T09:52:34.772] [DEBUG] debug-file - entry : ohosTest@ProcessCompiledResources cost memory 0.050384521484375
[2026-07-28T09:52:34.791] [DEBUG] debug-file - entry : ohosTest@PackageHap cost memory 0.4810028076171875
[2026-07-28T09:52:34.772] [DEBUG] debug-file - runTaskFromQueue task cost before running: 6 s 879 ms 
[2026-07-28T09:52:34.772] [INFO] debug-file - Finished :entry:ohosTest@ProcessCompiledResources... after 1 ms 
[2026-07-28T09:52:34.789] [DEBUG] debug-file - current process  memoryUsage: {
  rss: 360222720,
  heapTotal: 90103808,
  heapUsed: 58534192,
  external: 4073062,
  arrayBuffers: 74115
} os memoryUsage :12.55483627319336
[2026-07-28T09:52:35.405] [DEBUG] debug-file - worker[14] has one work done.
[2026-07-28T09:52:35.405] [DEBUG] debug-file - ohosTest@PackageHap work[3] done.
[2026-07-28T09:52:35.422] [DEBUG] debug-file - Executing task :entry:ohosTest@SignHap
[2026-07-28T09:52:35.410] [DEBUG] debug-file - Executing task :entry:ohosTest@PackingCheck
[2026-07-28T09:52:35.430] [DEBUG] debug-file - Executing task :entry:ohosTest@CollectDebugSymbol
[2026-07-28T09:52:35.405] [DEBUG] debug-file - A work dispatched to worker[14] failed because unable to get work from ready queue.
[2026-07-28T09:52:35.423] [WARN] debug-file - No signingConfig found for product default
[2026-07-28T09:52:35.418] [DEBUG] debug-file - entry : ohosTest@PackingCheck cost memory 0.26876068115234375
[2026-07-28T09:52:35.432] [DEBUG] debug-file - entry : ohosTest@CollectDebugSymbol cost memory 0.100982666015625
[2026-07-28T09:52:35.407] [INFO] debug-file - Finished :entry:ohosTest@PackageHap... after 629 ms 
[2026-07-28T09:52:35.425] [DEBUG] debug-file - entry:ohosTest@SignHap is not up-to-date, since the input file 'D:\HW\UTDesign\cases\libuv\libuv-golden-demo\entry\build\default\outputs\ohosTest\entry-ohosTest-unsigned.hap' has been changed.
[2026-07-28T09:52:35.418] [DEBUG] debug-file - runTaskFromQueue task cost before running: 7 s 525 ms 
[2026-07-28T09:52:35.432] [DEBUG] debug-file - runTaskFromQueue task cost before running: 7 s 539 ms 
[2026-07-28T09:52:35.425] [DEBUG] debug-file - Incremental task entry:ohosTest@SignHap pre-execution cost: 1 ms .
[2026-07-28T09:52:35.418] [INFO] debug-file - Finished :entry:ohosTest@PackingCheck... after 9 ms 
[2026-07-28T09:52:35.432] [INFO] debug-file - Finished :entry:ohosTest@CollectDebugSymbol... after 3 ms 
[2026-07-28T09:52:35.426] [DEBUG] debug-file - entry : ohosTest@SignHap cost memory 0.0764312744140625
[2026-07-28T09:52:35.433] [DEBUG] debug-file - Executing task :entry:assembleHap
[2026-07-28T09:52:35.426] [DEBUG] debug-file - runTaskFromQueue task cost before running: 7 s 533 ms 
[2026-07-28T09:52:35.433] [DEBUG] debug-file - entry : assembleHap cost memory 0.010406494140625
[2026-07-28T09:52:35.426] [INFO] debug-file - Finished :entry:ohosTest@SignHap... after 4 ms 
[2026-07-28T09:52:35.433] [DEBUG] debug-file - runTaskFromQueue task cost before running: 7 s 540 ms 
[2026-07-28T09:52:35.433] [INFO] debug-file - Finished :entry:assembleHap... after 1 ms 
[2026-07-28T09:52:35.454] [INFO] debug-file - BUILD SUCCESSFUL in 7 s 561 ms 
[2026-07-28T09:52:35.456] [DEBUG] debug-file - There is no need to refresh cache, since the incremental task entry:ohosTest@PreBuild is up-to-date.
[2026-07-28T09:52:35.456] [DEBUG] debug-file - Update task entry:ohosTest@CreateModuleInfo output file:D:\HW\UTDesign\cases\libuv\libuv-golden-demo\entry\build\default\generated\profile\ohosTest\ModuleInfo.ts cache.
[2026-07-28T09:52:35.457] [DEBUG] debug-file - Incremental task entry:ohosTest@CreateModuleInfo post-execution cost:2 ms .
[2026-07-28T09:52:35.457] [DEBUG] debug-file - There is no need to refresh cache, since the incremental task entry:ohosTest@GenerateMetadata is up-to-date.
[2026-07-28T09:52:35.457] [DEBUG] debug-file - There is no need to refresh cache, since the incremental task entry:ohosTest@MergeProfile is up-to-date.
[2026-07-28T09:52:35.458] [DEBUG] debug-file - There is no need to refresh cache, since the incremental task entry:ohosTest@CreateBuildProfile is up-to-date.
[2026-07-28T09:52:35.458] [DEBUG] debug-file - Update task entry:ohosTest@GeneratePkgContextInfo output file:D:\HW\UTDesign\cases\libuv\libuv-golden-demo\entry\build\default\intermediates\loader\ohosTest\pkgContextInfo.json cache.
[2026-07-28T09:52:35.458] [DEBUG] debug-file - Incremental task entry:ohosTest@GeneratePkgContextInfo post-execution cost:1 ms .
[2026-07-28T09:52:35.458] [DEBUG] debug-file - There is no need to refresh cache, since the incremental task entry:ohosTest@GeneratePkgSdkInfo is up-to-date.
[2026-07-28T09:52:35.458] [DEBUG] debug-file - Update task entry:ohosTest@ProcessIntegratedHsp output file:D:\HW\UTDesign\cases\libuv\libuv-golden-demo\build\cache\default\integrated_hsp\integratedHspCache.json cache.
[2026-07-28T09:52:35.458] [DEBUG] debug-file - Incremental task entry:ohosTest@ProcessIntegratedHsp post-execution cost:1 ms .
[2026-07-28T09:52:35.458] [DEBUG] debug-file - There is no need to refresh cache, since the incremental task entry:ohosTest@MakePackInfo is up-to-date.
[2026-07-28T09:52:35.458] [DEBUG] debug-file - Update task entry:ohosTest@SyscapTransform input file:E:\DevEco Studio\sdk\default\openharmony\toolchains\syscap_tool.exe cache by regenerate.
[2026-07-28T09:52:35.459] [DEBUG] debug-file - Update task entry:ohosTest@SyscapTransform input file:E:\DevEco Studio\sdk\default\openharmony\ets\api\device-define cache by regenerate.
[2026-07-28T09:52:35.460] [DEBUG] debug-file - Update task entry:ohosTest@SyscapTransform output file:D:\HW\UTDesign\cases\libuv\libuv-golden-demo\entry\build\default\intermediates\syscap\ohosTest\rpcid.sc cache.
[2026-07-28T09:52:35.461] [DEBUG] debug-file - Incremental task entry:ohosTest@SyscapTransform post-execution cost:3 ms .
[2026-07-28T09:52:35.461] [DEBUG] debug-file - There is no need to refresh cache, since the incremental task entry:ohosTest@ProcessProfile is up-to-date.
[2026-07-28T09:52:35.461] [DEBUG] debug-file - There is no need to refresh cache, since the incremental task entry:ohosTest@ProcessRouterMap is up-to-date.
[2026-07-28T09:52:35.462] [DEBUG] debug-file - There is no need to refresh cache, since the incremental task entry:ohosTest@ProcessShareConfig is up-to-date.
[2026-07-28T09:52:35.462] [DEBUG] debug-file - Update task entry:ohosTest@ProcessStartupConfig output file:D:\HW\UTDesign\cases\libuv\libuv-golden-demo\entry\build\default\intermediates\startup\ohosTest\startup_config.json cache.
[2026-07-28T09:52:35.463] [DEBUG] debug-file - Incremental task entry:ohosTest@ProcessStartupConfig post-execution cost:1 ms .
[2026-07-28T09:52:35.463] [DEBUG] debug-file - There is no need to refresh cache, since the incremental task entry:ohosTest@ProcessResource is up-to-date.
[2026-07-28T09:52:35.463] [DEBUG] debug-file - There is no need to refresh cache, since the incremental task entry:ohosTest@GenerateLoaderJson is up-to-date.
[2026-07-28T09:52:35.463] [DEBUG] debug-file - There is no need to refresh cache, since the incremental task entry:ohosTest@CompileResource is up-to-date.
[2026-07-28T09:52:35.463] [DEBUG] debug-file - There is no need to refresh cache, since the incremental task entry:ohosTest@OhosTestCompileArkTS is up-to-date.
[2026-07-28T09:52:35.465] [DEBUG] debug-file - Update task entry:ohosTest@OhosTestBuildJS input file:D:\HW\UTDesign\cases\libuv\libuv-golden-demo\entry\build\default\intermediates\loader\ohosTest cache by regenerate.
[2026-07-28T09:52:35.466] [DEBUG] debug-file - Update task entry:ohosTest@OhosTestBuildJS input file:D:\HW\UTDesign\cases\libuv\libuv-golden-demo\entry\build\default\intermediates\res\ohosTest\ResourceTable.txt cache by regenerate.
[2026-07-28T09:52:35.466] [DEBUG] debug-file - Update task entry:ohosTest@OhosTestBuildJS input file:D:\HW\UTDesign\cases\libuv\libuv-golden-demo\entry\build\default\intermediates\res\ohosTest\ark_module.json cache by regenerate.
[2026-07-28T09:52:35.466] [DEBUG] debug-file - Update task entry:ohosTest@OhosTestBuildJS input file:D:\HW\UTDesign\cases\libuv\libuv-golden-demo\entry\build\default\intermediates\res\ohosTest\resources\base\profile cache by regenerate.
[2026-07-28T09:52:35.467] [DEBUG] debug-file - Update task entry:ohosTest@OhosTestBuildJS input file:D:\HW\UTDesign\cases\libuv\libuv-golden-demo\entry\src\ohosTest cache by regenerate.
[2026-07-28T09:52:35.472] [DEBUG] debug-file - Update task entry:ohosTest@OhosTestBuildJS output file:D:\HW\UTDesign\cases\libuv\libuv-golden-demo\entry\build\default\intermediates\loader_out\ohosTest\js cache.
[2026-07-28T09:52:35.473] [DEBUG] debug-file - Incremental task entry:ohosTest@OhosTestBuildJS post-execution cost:10 ms .
[2026-07-28T09:52:35.473] [DEBUG] debug-file - Update task entry:ohosTest@OhosTestCopyMockConfigJson output file:D:\HW\UTDesign\cases\libuv\libuv-golden-demo\entry\build\default\intermediates\res\ohosTest\resources\rawfile\mock\mock-config.json cache.
[2026-07-28T09:52:35.473] [DEBUG] debug-file - Incremental task entry:ohosTest@OhosTestCopyMockConfigJson post-execution cost:1 ms .
[2026-07-28T09:52:35.474] [DEBUG] debug-file - Update task entry:ohosTest@ProcessLibs input file:D:\HW\UTDesign\cases\libuv\libuv-golden-demo\build-profile.json5 cache by regenerate.
[2026-07-28T09:52:35.474] [DEBUG] debug-file - Update task entry:ohosTest@ProcessLibs input file:D:\HW\UTDesign\cases\libuv\libuv-golden-demo\entry\build-profile.json5 cache by regenerate.
[2026-07-28T09:52:35.474] [DEBUG] debug-file - Update task entry:ohosTest@ProcessLibs output file:D:\HW\UTDesign\cases\libuv\libuv-golden-demo\entry\build\default\intermediates\libs\ohosTest cache.
[2026-07-28T09:52:35.475] [DEBUG] debug-file - Incremental task entry:ohosTest@ProcessLibs post-execution cost:3 ms .
[2026-07-28T09:52:35.475] [DEBUG] debug-file - Update task entry:ohosTest@DoNativeStrip input file:D:\HW\UTDesign\cases\libuv\libuv-golden-demo\entry\build\default\intermediates\libs\ohosTest cache from map.
[2026-07-28T09:52:35.475] [DEBUG] debug-file - Update task entry:ohosTest@DoNativeStrip output file:D:\HW\UTDesign\cases\libuv\libuv-golden-demo\entry\build\default\intermediates\stripped_native_libs\ohosTest cache.
[2026-07-28T09:52:35.476] [DEBUG] debug-file - Incremental task entry:ohosTest@DoNativeStrip post-execution cost:2 ms .
[2026-07-28T09:52:35.477] [DEBUG] debug-file - Update task entry:ohosTest@CacheNativeLibs input file:D:\HW\UTDesign\cases\libuv\libuv-golden-demo\entry\build\default\intermediates\stripped_native_libs\ohosTest cache from map.
[2026-07-28T09:52:35.477] [DEBUG] debug-file - Update task entry:ohosTest@CacheNativeLibs input file:D:\HW\UTDesign\cases\libuv\libuv-golden-demo\entry\build\default\intermediates\libs\ohosTest cache by regenerate.
[2026-07-28T09:52:35.479] [DEBUG] debug-file - Update task entry:ohosTest@CacheNativeLibs output file:D:\HW\UTDesign\cases\libuv\libuv-golden-demo\entry\build\default\intermediates\patch\ohosTest\base_native_libs.json cache.
[2026-07-28T09:52:35.480] [DEBUG] debug-file - Update task entry:ohosTest@CacheNativeLibs output file:D:\HW\UTDesign\cases\libuv\libuv-golden-demo\entry\build\default\intermediates\patch\ohosTest\binxo_native_libs.json cache.
[2026-07-28T09:52:35.480] [DEBUG] debug-file - Incremental task entry:ohosTest@CacheNativeLibs post-execution cost:4 ms .
[2026-07-28T09:52:35.480] [DEBUG] debug-file - There is no need to refresh cache, since the incremental task entry:ohosTest@GeneratePkgModuleJson is up-to-date.
[2026-07-28T09:52:35.480] [DEBUG] debug-file - Incremental task entry:ohosTest@ProcessCompiledResources post-execution cost:1 ms .
[2026-07-28T09:52:35.481] [DEBUG] debug-file - Update task entry:ohosTest@PackageHap input file:D:\HW\UTDesign\cases\libuv\libuv-golden-demo\entry\build\default\intermediates\stripped_native_libs\ohosTest cache from map.
[2026-07-28T09:52:35.481] [DEBUG] debug-file - Update task entry:ohosTest@PackageHap input file:D:\HW\UTDesign\cases\libuv\libuv-golden-demo\entry\build\default\intermediates\res\ohosTest\module.json cache by regenerate.
[2026-07-28T09:52:35.481] [DEBUG] debug-file - Update task entry:ohosTest@PackageHap input file:D:\HW\UTDesign\cases\libuv\libuv-golden-demo\entry\build\default\intermediates\res\ohosTest\resources cache by regenerate.
[2026-07-28T09:52:35.482] [DEBUG] debug-file - Update task entry:ohosTest@PackageHap input file:D:\HW\UTDesign\cases\libuv\libuv-golden-demo\entry\build\default\intermediates\res\ohosTest\resources.index cache by regenerate.
[2026-07-28T09:52:35.483] [DEBUG] debug-file - Update task entry:ohosTest@PackageHap input file:D:\HW\UTDesign\cases\libuv\libuv-golden-demo\entry\build\default\outputs\ohosTest\pack.info cache by regenerate.
[2026-07-28T09:52:35.483] [DEBUG] debug-file - Update task entry:ohosTest@PackageHap input file:D:\HW\UTDesign\cases\libuv\libuv-golden-demo\entry\build\default\intermediates\loader_out\ohosTest\ets cache by regenerate.
[2026-07-28T09:52:35.483] [DEBUG] debug-file - Update task entry:ohosTest@PackageHap input file:D:\HW\UTDesign\cases\libuv\libuv-golden-demo\entry\build\default\intermediates\loader\ohosTest\pkgSdkInfo.json cache by regenerate.
[2026-07-28T09:52:35.483] [DEBUG] debug-file - Update task entry:ohosTest@PackageHap input file:D:\HW\UTDesign\cases\libuv\libuv-golden-demo\entry\build\default\intermediates\loader_out\ohosTest\ets\sourceMaps.map cache by regenerate.
[2026-07-28T09:52:35.484] [DEBUG] debug-file - Update task entry:ohosTest@PackageHap input file:D:\HW\UTDesign\cases\libuv\libuv-golden-demo\entry\build\default\generated\profile\ohosTest\BuildProfile.ets cache by regenerate.
[2026-07-28T09:52:35.484] [DEBUG] debug-file - Update task entry:ohosTest@PackageHap output file:D:\HW\UTDesign\cases\libuv\libuv-golden-demo\entry\build\default\outputs\ohosTest\entry-ohosTest-unsigned.hap cache.
[2026-07-28T09:52:35.484] [DEBUG] debug-file - Update task entry:ohosTest@PackageHap output file:D:\HW\UTDesign\cases\libuv\libuv-golden-demo\entry\build\default\intermediates\source_map\ohosTest\sourceMaps.map cache.
[2026-07-28T09:52:35.484] [DEBUG] debug-file - Update task entry:ohosTest@PackageHap output file:D:\HW\UTDesign\cases\libuv\libuv-golden-demo\entry\build\default\outputs\ohosTest\mapping\sourceMaps.map cache.
[2026-07-28T09:52:35.485] [DEBUG] debug-file - Incremental task entry:ohosTest@PackageHap post-execution cost:5 ms .
[2026-07-28T09:52:35.485] [DEBUG] debug-file - Update task entry:ohosTest@SignHap input file:D:\HW\UTDesign\cases\libuv\libuv-golden-demo\entry\build\default\outputs\ohosTest\entry-ohosTest-unsigned.hap cache from map.
[2026-07-28T09:52:35.485] [DEBUG] debug-file - Update task entry:ohosTest@SignHap output file:D:\HW\UTDesign\cases\libuv\libuv-golden-demo\entry\build\default\outputs\ohosTest\entry-ohosTest-signed.hap cache.
[2026-07-28T09:52:35.485] [DEBUG] debug-file - Incremental task entry:ohosTest@SignHap post-execution cost:1 ms .
[2026-07-28T09:52:35.485] [DEBUG] debug-file - Update task entry:ohosTest@CollectDebugSymbol input file:D:\HW\UTDesign\cases\libuv\libuv-golden-demo\entry\build\default\intermediates\loader_out\ohosTest\ets\sourceMaps.map cache by regenerate.
[2026-07-28T09:52:35.486] [DEBUG] debug-file - Update task entry:ohosTest@CollectDebugSymbol input file:D:\HW\UTDesign\cases\libuv\libuv-golden-demo\entry\build\default\intermediates\libs\ohosTest cache by regenerate.
[2026-07-28T09:52:35.486] [DEBUG] debug-file - Update task entry:ohosTest@CollectDebugSymbol output file:D:\HW\UTDesign\cases\libuv\libuv-golden-demo\entry\build\default\outputs\ohosTest\symbol cache.
[2026-07-28T09:52:35.486] [DEBUG] debug-file - Incremental task entry:ohosTest@CollectDebugSymbol post-execution cost:2 ms .
[2026-07-28T09:52:35.534] [DEBUG] debug-file - Current worker pool is stopped or closed.
[2026-07-28T09:52:35.535] [DEBUG] debug-file - Clear worker 0.
[2026-07-28T09:52:35.535] [DEBUG] debug-file - Worker 0 has been cleared.
[2026-07-28T09:52:35.535] [DEBUG] debug-file - Current idle worker size: 2.
[2026-07-28T09:52:35.535] [DEBUG] debug-file - Current busy worker size: 0.
[2026-07-28T09:52:35.535] [DEBUG] debug-file - Clear worker 1.
[2026-07-28T09:52:35.536] [DEBUG] debug-file - Worker 1 has been cleared.
[2026-07-28T09:52:35.536] [DEBUG] debug-file - Current idle worker size: 1.
[2026-07-28T09:52:35.536] [DEBUG] debug-file - Current busy worker size: 0.
[2026-07-28T09:52:35.536] [DEBUG] debug-file - Clear worker 14.
[2026-07-28T09:52:35.536] [DEBUG] debug-file - Worker 14 has been cleared.
[2026-07-28T09:52:35.536] [DEBUG] debug-file - Current idle worker size: 0.
[2026-07-28T09:52:35.536] [DEBUG] debug-file - Current busy worker size: 0.
[2026-07-28T09:52:35.538] [DEBUG] debug-file - hvigor build process will be closed.
[2026-07-28T09:52:35.544] [DEBUG] debug-file - Current worker pool is terminated.
[2026-07-28T09:52:35.554] [DEBUG] debug-file - worker[1] exits with exit code 1.
[2026-07-28T09:52:35.555] [DEBUG] debug-file - worker[0] exits with exit code 1.
[2026-07-28T09:52:35.562] [DEBUG] debug-file - worker[14] exits with exit code 1.
[2026-07-28T09:55:33.239] [DEBUG] debug-file - env: nodejsVersion=v18.20.1
[2026-07-28T09:55:33.912] [DEBUG] debug-file - Hvigor init with startParameters:{
  hvigorfileTypeCheck: false,
  parallelExecution: true,
  incrementalExecution: true,
  printStackTrace: false,
  daemon: false,
  analyze: 0,
  logLevel: Level { level: 20000, levelStr: 'INFO', colour: 'green' },
  optimizationStrategy: 'memory',
  hotCompile: undefined,
  hotReloadBuild: undefined,
  customizedParam: undefined
}
[2026-07-28T09:55:36.681] [DEBUG] debug-file - hvigorfile, require result:  { default: { system: [Function: appTasks], plugins: [] } }
[2026-07-28T09:55:36.684] [DEBUG] debug-file - Starting plugin build process
[2026-07-28T09:55:36.979] [DEBUG] debug-file - Start initialize project's product build option map with build mode debug.
[2026-07-28T09:55:36.969] [DEBUG] debug-file - App plugin register hook start...
[2026-07-28T09:55:37.003] [DEBUG] debug-file - Obtain build option for product 'default'in this build.
[2026-07-28T09:55:37.044] [DEBUG] debug-file - Start recording SDK configuration permission data.
[2026-07-28T09:55:37.139] [DEBUG] debug-file - Project task initialization takes 15 ms 
[2026-07-28T09:55:37.165] [DEBUG] debug-file - Start initialize module-target build option map, moduleName=entry, buildMode=debug
[2026-07-28T09:55:37.151] [DEBUG] debug-file - failed to load cangjie to dynamically generate schemas: Error: Cannot find module '@ohos/cangjie-build-support/index'
Require stack:
- E:\DevEco Studio\tools\hvigor\hvigor-ohos-plugin\src\plugin\hooks\cangjie-register.js
- E:\DevEco Studio\tools\hvigor\hvigor-ohos-plugin\src\plugin\strategy\stage-init-strategy.js
- E:\DevEco Studio\tools\hvigor\hvigor-ohos-plugin\src\plugin\builder\abstract-plugin-builder.js
- E:\DevEco Studio\tools\hvigor\hvigor-ohos-plugin\src\plugin\builder\app-plugin-builder.js
- E:\DevEco Studio\tools\hvigor\hvigor-ohos-plugin\src\plugin\factory\plugin-factory.js
- E:\DevEco Studio\tools\hvigor\hvigor-ohos-plugin\index.js
- D:\HW\UTDesign\cases\libuv\libuv-golden-demo\hvigorfile.ts
- E:\DevEco Studio\tools\hvigor\hvigor\src\base\internal\lifecycle\configuration.js
- E:\DevEco Studio\tools\hvigor\hvigor\src\base\boot\index.js
- E:\DevEco Studio\tools\hvigor\hvigor\src\cli\main\cli.js
- E:\DevEco Studio\tools\hvigor\hvigor\bin\hvigor.js
[2026-07-28T09:55:37.174] [DEBUG] debug-file - project has submodules:entry
[2026-07-28T09:55:37.177] [DEBUG] debug-file - start to load updatedOhPackageInfo to the disk
[2026-07-28T09:55:37.193] [DEBUG] debug-file - Start to initialize dependency information.
[2026-07-28T09:55:37.270] [DEBUG] debug-file - Executing task :entry:default@GenerateMetadata
[2026-07-28T09:55:33.240] [DEBUG] debug-file - env: hvigor-config.json5 content = {
  modelVersion: '6.1.0',
  dependencies: {},
  execution: {},
  logging: {},
  debugging: {},
  nodeOptions: {}
}
[2026-07-28T09:55:37.237] [DEBUG] debug-file - Executing task :entry:default@PreBuild
[2026-07-28T09:55:33.919] [DEBUG] debug-file - Cache service initialization finished in 7 ms 
[2026-07-28T09:55:36.682] [DEBUG] debug-file - hvigorfile, binding system plugins [Function: appTasks]
[2026-07-28T09:55:36.684] [DEBUG] debug-file - App plugin prepare start...
[2026-07-28T09:55:36.980] [DEBUG] debug-file - Picking option from product 'default' with build mode 'debug'.
[2026-07-28T09:55:36.970] [DEBUG] debug-file - App plugin register hook end...
[2026-07-28T09:55:37.012] [DEBUG] debug-file - No signingConfig found, initRemoteHspCache failed.
[2026-07-28T09:55:37.121] [DEBUG] debug-file - Sdk init in 105 ms 
[2026-07-28T09:55:37.139] [DEBUG] debug-file - hvigorfile, begin to bind custom plugins...
[2026-07-28T09:55:37.165] [DEBUG] debug-file - Target 'default' config initialized
[2026-07-28T09:55:37.179] [DEBUG] debug-file - load to the disk finished
[2026-07-28T09:55:37.205] [DEBUG] debug-file - Module entry Collected Dependency: D:\HW\UTDesign\cases\libuv\libuv-golden-demo\entry\src\main\cpp\types\libentry
[2026-07-28T09:55:37.270] [DEBUG] debug-file - Task 'entry:default@GenerateMetadata' cost while wrapping incremental declarations: 1 ms 
[2026-07-28T09:55:33.242] [DEBUG] debug-file - env: daemon=false
[2026-07-28T09:55:37.241] [DEBUG] debug-file - Task 'entry:default@PreBuild' cost while wrapping incremental declarations: 1 ms 
[2026-07-28T09:55:33.921] [DEBUG] debug-file - hvigorfile, resolving D:\HW\UTDesign\cases\libuv\libuv-golden-demo\hvigorfile.ts
[2026-07-28T09:55:36.684] [DEBUG] debug-file - App plugin prepare end...
[2026-07-28T09:55:36.983] [DEBUG] debug-file - Product 'default' build option initialized
[2026-07-28T09:55:36.970] [DEBUG] debug-file - Plugin build process completed
[2026-07-28T09:55:37.019] [DEBUG] debug-file - Local scan or download HarmonyOS sdk components toolchains,ets,js,native,previewer
[2026-07-28T09:55:37.139] [DEBUG] debug-file - hvigorfile, no custom plugins were found in D:\HW\UTDesign\cases\libuv\libuv-golden-demo\hvigorfile.ts
[2026-07-28T09:55:37.166] [DEBUG] debug-file - Target 'ohosTest' config initialized
[2026-07-28T09:55:37.180] [DEBUG] debug-file - Start to initialize dependency information.
[2026-07-28T09:55:37.205] [DEBUG] debug-file - Module entry's total dependency: 1
[2026-07-28T09:55:37.271] [DEBUG] debug-file - Incremental task entry:default@GenerateMetadata pre-execution cost: 1 ms .
[2026-07-28T09:55:33.242] [DEBUG] debug-file - no-daemon, use the parent process.execArgv --max-old-space-size=8192,--max-semi-space-size=16,--expose-gc
[2026-07-28T09:55:37.261] [DEBUG] debug-file - Incremental task entry:default@PreBuild pre-execution cost: 13 ms .
[2026-07-28T09:55:36.684] [DEBUG] debug-file - App plugin creating...
[2026-07-28T09:55:36.983] [DEBUG] debug-file - End initialize project's product build option map with build mode 'debug'.
[2026-07-28T09:55:37.030] [DEBUG] debug-file - Local scan or download hmscore sdk components toolchains,ets,native
[2026-07-28T09:55:37.139] [DEBUG] debug-file - hvigorfile, resolve finished D:\HW\UTDesign\cases\libuv\libuv-golden-demo\hvigorfile.ts
[2026-07-28T09:55:37.166] [DEBUG] debug-file - Module 'entry' target 'default' build option initialized
[2026-07-28T09:55:37.190] [DEBUG] debug-file - Module libuv-golden-demo Collected Dependency: 
[2026-07-28T09:55:37.215] [DEBUG] debug-file - Configuration phase cost:3 s 295 ms 
[2026-07-28T09:55:37.271] [DEBUG] debug-file - entry : default@GenerateMetadata cost memory 0.0846710205078125
[2026-07-28T09:55:37.349] [DEBUG] debug-file - Executing task :entry:default@ProcessIntegratedHsp
[2026-07-28T09:55:37.261] [DEBUG] debug-file - entry : default@PreBuild cost memory 0.34629058837890625
[2026-07-28T09:55:37.324] [DEBUG] debug-file - Executing task :entry:default@GeneratePkgContextInfo
[2026-07-28T09:55:37.317] [DEBUG] debug-file - Executing task :entry:default@CreateBuildProfile
[2026-07-28T09:55:37.321] [DEBUG] debug-file - Executing task :entry:default@PreCheckSyscap
[2026-07-28T09:55:37.360] [DEBUG] debug-file - Use tool [Cmake]
 [
  'E:\\DevEco Studio\\sdk\\default\\openharmony\\native\\build-tools\\cmake\\bin\\cmake.exe',
  '-HD:\\HW\\UTDesign\\cases\\libuv\\libuv-golden-demo\\entry\\src\\main\\cpp',
  '-BD:\\HW\\UTDesign\\cases\\libuv\\libuv-golden-demo\\entry\\.cxx\\default\\default\\debug\\x86_64',
  '-DOHOS_ARCH=x86_64',
  '-DCMAKE_LIBRARY_OUTPUT_DIRECTORY=D:\\HW\\UTDesign\\cases\\libuv\\libuv-golden-demo\\entry\\build\\default\\intermediates\\cmake\\default\\obj\\x86_64',
  '-DCMAKE_BUILD_TYPE=Debug',
  '-DOHOS_SDK_NATIVE=E:\\DevEco Studio\\sdk\\default\\openharmony\\native',
  '-DCMAKE_SYSTEM_NAME=OHOS',
  '-DCMAKE_OHOS_ARCH_ABI=x86_64',
  '-DCMAKE_EXPORT_COMPILE_COMMANDS=ON',
  '-DCMAKE_TOOLCHAIN_FILE=E:\\DevEco Studio\\sdk\\default\\hms\\native\\build\\cmake\\hmos.toolchain.cmake',
  '-GNinja',
  '-DCMAKE_MAKE_PROGRAM=E:\\DevEco Studio\\sdk\\default\\openharmony\\native\\build-tools\\cmake\\bin\\ninja.exe',
  '-DCMAKE_FIND_ROOT_PATH=D:\\HW\\UTDesign\\cases\\libuv\\libuv-golden-demo\\entry\\.cxx\\default\\default\\debug\\hvigor\\x86_64',
  '-DPACKAGE_FIND_FILE=D:\\HW\\UTDesign\\cases\\libuv\\libuv-golden-demo\\entry\\.cxx\\default\\default\\debug\\hvigor\\x86_64\\summary.cmake',
  '--no-warn-unused-cli',
  '-DCMAKE_CXX_FLAGS=-std=c++17',
  '-DHMOS_SDK_NATIVE=E:\\DevEco Studio\\sdk\\default\\hms\\native',
  '-DOHOS_COMPATIBLE_SDK_VERSION=6.1.0(23)'
]
[2026-07-28T09:55:37.354] [DEBUG] debug-file - Executing task :entry:default@BuildNativeWithCmake
[2026-07-28T09:55:37.140] [DEBUG] debug-file - hvigorfile, resolving D:\HW\UTDesign\cases\libuv\libuv-golden-demo\entry\hvigorfile.ts
[2026-07-28T09:55:37.220] [DEBUG] debug-file - Configuration task cost before running: 3 s 319 ms 
[2026-07-28T09:55:37.166] [DEBUG] debug-file - Module 'entry' target 'ohosTest' build option initialized
[2026-07-28T09:55:37.190] [DEBUG] debug-file - Module libuv-golden-demo's total dependency: 0
[2026-07-28T09:55:37.272] [INFO] debug-file - UP-TO-DATE :entry:default@GenerateMetadata...  
[2026-07-28T09:55:37.350] [DEBUG] debug-file - entry:default@ProcessIntegratedHsp is not up-to-date, since the output file 'D:\HW\UTDesign\cases\libuv\libuv-golden-demo\build\cache\default\integrated_hsp\integratedHspCache.json' does not exist.
[2026-07-28T09:55:37.264] [INFO] debug-file - UP-TO-DATE :entry:default@PreBuild...  
[2026-07-28T09:55:37.335] [DEBUG] debug-file - Task 'entry:default@GeneratePkgContextInfo' cost while wrapping incremental declarations: 1 ms 
[2026-07-28T09:55:37.321] [DEBUG] debug-file - entry : default@PreCheckSyscap cost memory 0.013519287109375
[2026-07-28T09:55:37.317] [DEBUG] debug-file - Task 'entry:default@CreateBuildProfile' cost while wrapping incremental declarations: 1 ms 
[2026-07-28T09:55:37.149] [DEBUG] debug-file - hvigorfile, require result:  { default: { system: [Function: hapTasks], plugins: [] } }
[2026-07-28T09:55:37.166] [DEBUG] debug-file - End initialize module-target build option map, moduleName=entry
[2026-07-28T09:55:37.273] [DEBUG] debug-file - Executing task :entry:default@ConfigureCmake
[2026-07-28T09:55:37.351] [DEBUG] debug-file - Incremental task entry:default@ProcessIntegratedHsp pre-execution cost: 1 ms .
[2026-07-28T09:55:37.266] [DEBUG] debug-file - Executing task :entry:default@CreateModuleInfo
[2026-07-28T09:55:37.336] [DEBUG] debug-file - entry : default@GeneratePkgContextInfo cost memory 0.9093017578125
[2026-07-28T09:55:37.321] [DEBUG] debug-file - runTaskFromQueue task cost before running: 3 s 420 ms 
[2026-07-28T09:55:37.319] [DEBUG] debug-file - Incremental task entry:default@CreateBuildProfile pre-execution cost: 1 ms .
[2026-07-28T09:55:37.149] [DEBUG] debug-file - hvigorfile, binding system plugins [Function: hapTasks]
[2026-07-28T09:55:37.166] [DEBUG] debug-file - Start initialize module-target build option map, moduleName=entry, buildMode=release
[2026-07-28T09:55:37.309] [DEBUG] debug-file - entry : default@ConfigureCmake cost memory -10.801551818847656
[2026-07-28T09:55:37.351] [DEBUG] debug-file - entry : default@ProcessIntegratedHsp cost memory 0.04926300048828125
[2026-07-28T09:55:37.266] [DEBUG] debug-file - Task 'entry:default@CreateModuleInfo' cost while wrapping incremental declarations: 1 ms 
[2026-07-28T09:55:37.336] [DEBUG] debug-file - runTaskFromQueue task cost before running: 3 s 435 ms 
[2026-07-28T09:55:37.321] [INFO] debug-file - Finished :entry:default@PreCheckSyscap... after 1 ms 
[2026-07-28T09:55:37.319] [DEBUG] debug-file - entry : default@CreateBuildProfile cost memory 0.10579681396484375
[2026-07-28T09:55:37.149] [DEBUG] debug-file - Starting plugin build process
[2026-07-28T09:55:37.166] [DEBUG] debug-file - Target 'default' config initialized
[2026-07-28T09:55:37.351] [DEBUG] debug-file - runTaskFromQueue task cost before running: 3 s 450 ms 
[2026-07-28T09:55:37.267] [DEBUG] debug-file - entry : default@CreateModuleInfo cost memory 0.2524871826171875
[2026-07-28T09:55:37.309] [DEBUG] debug-file - runTaskFromQueue task cost before running: 3 s 408 ms 
[2026-07-28T09:55:37.336] [INFO] debug-file - Finished :entry:default@GeneratePkgContextInfo... after 13 ms 
[2026-07-28T09:55:37.319] [INFO] debug-file - UP-TO-DATE :entry:default@CreateBuildProfile...  
[2026-07-28T09:55:37.149] [DEBUG] debug-file - Hap plugin creating...
[2026-07-28T09:55:37.167] [DEBUG] debug-file - Target 'ohosTest' config initialized
[2026-07-28T09:55:37.351] [INFO] debug-file - Finished :entry:default@ProcessIntegratedHsp... after 2 ms 
[2026-07-28T09:55:37.267] [DEBUG] debug-file - runTaskFromQueue task cost before running: 3 s 366 ms 
[2026-07-28T09:55:37.337] [DEBUG] debug-file - Executing task :entry:default@GeneratePkgSdkInfo
[2026-07-28T09:55:37.310] [INFO] debug-file - Finished :entry:default@ConfigureCmake... after 37 ms 
[2026-07-28T09:55:37.167] [DEBUG] debug-file - Module 'entry' target 'default' build option initialized
[2026-07-28T09:55:37.267] [INFO] debug-file - Finished :entry:default@CreateModuleInfo... after 2 ms 
[2026-07-28T09:55:37.341] [DEBUG] debug-file - Task 'entry:default@GeneratePkgSdkInfo' cost while wrapping incremental declarations: 1 ms 
[2026-07-28T09:55:37.311] [DEBUG] debug-file - Executing task :entry:default@MergeProfile
[2026-07-28T09:55:37.167] [DEBUG] debug-file - Module 'entry' target 'ohosTest' build option initialized
[2026-07-28T09:55:37.341] [DEBUG] debug-file - Incremental task entry:default@GeneratePkgSdkInfo pre-execution cost: 1 ms .
[2026-07-28T09:55:37.311] [DEBUG] debug-file - Task 'entry:default@MergeProfile' cost while wrapping incremental declarations: 1 ms 
[2026-07-28T09:55:37.341] [DEBUG] debug-file - entry : default@GeneratePkgSdkInfo cost memory 0.266265869140625
[2026-07-28T09:55:37.167] [DEBUG] debug-file - End initialize module-target build option map, moduleName=entry
[2026-07-28T09:55:37.313] [DEBUG] debug-file - Incremental task entry:default@MergeProfile pre-execution cost: 2 ms .
[2026-07-28T09:55:37.342] [INFO] debug-file - UP-TO-DATE :entry:default@GeneratePkgSdkInfo...  
[2026-07-28T09:55:37.167] [DEBUG] debug-file - Start initialize module-target build option map, moduleName=entry, buildMode=debug
[2026-07-28T09:55:37.314] [DEBUG] debug-file - entry : default@MergeProfile cost memory 0.1295318603515625
[2026-07-28T09:55:37.167] [DEBUG] debug-file - Target 'default' config initialized
[2026-07-28T09:55:37.314] [INFO] debug-file - UP-TO-DATE :entry:default@MergeProfile...  
[2026-07-28T09:55:37.167] [DEBUG] debug-file - Target 'ohosTest' config initialized
[2026-07-28T09:55:37.375] [DEBUG] debug-file - - a file changed
[2026-07-28T09:55:37.168] [DEBUG] debug-file - Module 'entry' target 'default' build option initialized
[2026-07-28T09:55:37.375] [DEBUG] debug-file -   - D:\HW\UTDesign\cases\libuv\libuv-golden-demo\library\CMakeLists.txt (LAST_MODIFIED_CHANGED)
[2026-07-28T09:55:37.378] [DEBUG] debug-file - Create  resident worker with id: 0.
[2026-07-28T09:55:37.390] [DEBUG] debug-file - Executing task :entry:default@MakePackInfo
[2026-07-28T09:55:37.396] [DEBUG] debug-file - Executing task :entry:default@SyscapTransform
[2026-07-28T09:55:37.435] [DEBUG] debug-file - Executing task :entry:default@ProcessRouterMap
[2026-07-28T09:55:37.428] [DEBUG] debug-file - Executing task :entry:default@ProcessProfile
[2026-07-28T09:55:37.441] [DEBUG] debug-file - Executing task :entry:default@ProcessShareConfig
[2026-07-28T09:55:37.446] [DEBUG] debug-file - Executing task :entry:default@ProcessStartupConfig
[2026-07-28T09:55:37.454] [DEBUG] debug-file - Executing task :entry:default@ProcessResource
[2026-07-28T09:55:37.168] [DEBUG] debug-file - Module 'entry' target 'ohosTest' build option initialized
[2026-07-28T09:55:37.463] [DEBUG] debug-file - Executing task :entry:default@GenerateLoaderJson
[2026-07-28T09:55:37.376] [DEBUG] debug-file - Since there is no instance or instance is terminated, create a new worker pool.
[2026-07-28T09:55:37.484] [DEBUG] debug-file - Executing task :entry:default@CompileResource
[2026-07-28T09:55:37.381] [DEBUG] debug-file - Create  resident worker with id: 1.
[2026-07-28T09:55:37.392] [DEBUG] debug-file - Incremental task entry:default@MakePackInfo pre-execution cost: 2 ms .
[2026-07-28T09:55:37.397] [DEBUG] debug-file - File: 'D:\HW\UTDesign\cases\libuv\libuv-golden-demo\entry\src\main\syscap.json' from 'sysCapJsonPath' is not exists, just ignore.
[2026-07-28T09:55:37.438] [DEBUG] debug-file - Incremental task entry:default@ProcessRouterMap pre-execution cost: 3 ms .
[2026-07-28T09:55:37.429] [DEBUG] debug-file - Task 'entry:default@ProcessProfile' cost while wrapping incremental declarations: 1 ms 
[2026-07-28T09:55:37.443] [DEBUG] debug-file - Incremental task entry:default@ProcessShareConfig pre-execution cost: 2 ms .
[2026-07-28T09:55:37.500] [DEBUG] debug-file - Executing task :entry:default@CompileArkTS
[2026-07-28T09:55:37.446] [DEBUG] debug-file - Task 'entry:default@ProcessStartupConfig' cost while wrapping incremental declarations: 1 ms 
[2026-07-28T09:55:37.454] [DEBUG] debug-file - Task 'entry:default@ProcessResource' cost while wrapping incremental declarations: 1 ms 
[2026-07-28T09:55:37.168] [DEBUG] debug-file - End initialize module-target build option map, moduleName=entry
[2026-07-28T09:55:37.521] [DEBUG] debug-file - Executing task :entry:default@BuildJS
[2026-07-28T09:55:37.464] [DEBUG] debug-file - Task 'entry:default@GenerateLoaderJson' cost while wrapping incremental declarations: 1 ms 
[2026-07-28T09:55:37.376] [DEBUG] debug-file - Worker pool is initialized with config:  {
  minPoolNum: 2,
  maxPoolNum: undefined,
  maxCoreSize: undefined,
  cacheCapacity: undefined,
  cacheTtl: undefined
}
[2026-07-28T09:55:37.385] [DEBUG] debug-file - default@BuildNativeWithCmake work[0] is submitted.
[2026-07-28T09:55:37.392] [DEBUG] debug-file - entry : default@MakePackInfo cost memory 0.11118316650390625
[2026-07-28T09:55:37.495] [DEBUG] debug-file - Incremental task entry:default@CompileResource pre-execution cost: 9 ms .
[2026-07-28T09:55:37.397] [DEBUG] debug-file - Task 'entry:default@SyscapTransform' cost while wrapping incremental declarations: 1 ms 
[2026-07-28T09:55:37.439] [DEBUG] debug-file - entry : default@ProcessRouterMap cost memory 0.14130401611328125
[2026-07-28T09:55:37.431] [DEBUG] debug-file - Incremental task entry:default@ProcessProfile pre-execution cost: 2 ms .
[2026-07-28T09:55:37.443] [DEBUG] debug-file - entry : default@ProcessShareConfig cost memory 0.11490631103515625
[2026-07-28T09:55:37.502] [DEBUG] debug-file - obfuscationOptions: undefined
[2026-07-28T09:55:37.447] [DEBUG] debug-file - entry:default@ProcessStartupConfig is not up-to-date, since the output file 'D:\HW\UTDesign\cases\libuv\libuv-golden-demo\entry\build\default\intermediates\startup\default\startup_config.json' does not exist.
[2026-07-28T09:55:37.456] [DEBUG] debug-file - Incremental task entry:default@ProcessResource pre-execution cost: 2 ms .
[2026-07-28T09:55:37.521] [DEBUG] debug-file - Task 'entry:default@BuildJS' cost while wrapping incremental declarations: 1 ms 
[2026-07-28T09:55:37.477] [DEBUG] debug-file - Incremental task entry:default@GenerateLoaderJson pre-execution cost: 7 ms .
[2026-07-28T09:55:37.386] [DEBUG] debug-file - default@BuildNativeWithCmake work[0] is pushed to ready queue.
[2026-07-28T09:55:37.168] [DEBUG] debug-file - Obtain build option for module 'entry' target 'default'in this build.
[2026-07-28T09:55:37.393] [INFO] debug-file - UP-TO-DATE :entry:default@MakePackInfo...  
[2026-07-28T09:55:37.495] [DEBUG] debug-file - entry : default@CompileResource cost memory 0.5656356811523438
[2026-07-28T09:55:37.422] [DEBUG] debug-file - entry:default@SyscapTransform is not up-to-date, since the output file 'D:\HW\UTDesign\cases\libuv\libuv-golden-demo\entry\build\default\intermediates\syscap\default\rpcid.sc' does not exist.
[2026-07-28T09:55:37.439] [INFO] debug-file - UP-TO-DATE :entry:default@ProcessRouterMap...  
[2026-07-28T09:55:37.431] [DEBUG] debug-file - entry : default@ProcessProfile cost memory 0.1289520263671875
[2026-07-28T09:55:37.444] [INFO] debug-file - UP-TO-DATE :entry:default@ProcessShareConfig...  
[2026-07-28T09:55:37.507] [DEBUG] debug-file - Task 'entry:default@CompileArkTS' cost while wrapping incremental declarations: 1 ms 
[2026-07-28T09:55:37.447] [DEBUG] debug-file - Incremental task entry:default@ProcessStartupConfig pre-execution cost: 1 ms .
[2026-07-28T09:55:37.456] [DEBUG] debug-file - entry : default@ProcessResource cost memory 0.14377593994140625
[2026-07-28T09:55:37.477] [DEBUG] debug-file - entry : default@GenerateLoaderJson cost memory 0.6286544799804688
[2026-07-28T09:55:37.525] [DEBUG] debug-file - entry : default@BuildJS cost memory 0.160614013671875
[2026-07-28T09:55:37.386] [DEBUG] debug-file - A work dispatched to worker[15] failed because unable to get work from ready queue.
[2026-07-28T09:55:37.173] [DEBUG] debug-file - Module entry task initialization takes 4 ms 
[2026-07-28T09:55:37.496] [INFO] debug-file - UP-TO-DATE :entry:default@CompileResource...  
[2026-07-28T09:55:37.423] [DEBUG] debug-file - Incremental task entry:default@SyscapTransform pre-execution cost: 26 ms .
[2026-07-28T09:55:37.432] [INFO] debug-file - UP-TO-DATE :entry:default@ProcessProfile...  
[2026-07-28T09:55:37.515] [DEBUG] debug-file - Incremental task entry:default@CompileArkTS pre-execution cost: 7 ms .
[2026-07-28T09:55:37.448] [DEBUG] debug-file - entry : default@ProcessStartupConfig cost memory 0.08708953857421875
[2026-07-28T09:55:37.459] [INFO] debug-file - UP-TO-DATE :entry:default@ProcessResource...  
[2026-07-28T09:55:37.480] [INFO] debug-file - UP-TO-DATE :entry:default@GenerateLoaderJson...  
[2026-07-28T09:55:37.525] [DEBUG] debug-file - runTaskFromQueue task cost before running: 3 s 624 ms 
[2026-07-28T09:55:37.386] [DEBUG] debug-file - Create  resident worker with id: 14.
[2026-07-28T09:55:37.173] [DEBUG] debug-file - Hap plugin register hook start...
[2026-07-28T09:55:37.423] [DEBUG] debug-file - entry : default@SyscapTransform cost memory 0.13074493408203125
[2026-07-28T09:55:37.516] [DEBUG] debug-file - entry : default@CompileArkTS cost memory 0.7729034423828125
[2026-07-28T09:55:37.448] [DEBUG] debug-file - runTaskFromQueue task cost before running: 3 s 547 ms 
[2026-07-28T09:55:37.482] [DEBUG] debug-file - restool module names: entry; moduleName=entry, taskName=default@CompileResource
[2026-07-28T09:55:37.525] [INFO] debug-file - Finished :entry:default@BuildJS... after 5 ms 
[2026-07-28T09:55:37.388] [DEBUG] debug-file - default@BuildNativeWithCmake work[0] has been dispatched to worker[14].
[2026-07-28T09:55:37.173] [DEBUG] debug-file - Hap plugin register hook end...
[2026-07-28T09:55:37.423] [DEBUG] debug-file - runTaskFromQueue task cost before running: 3 s 522 ms 
[2026-07-28T09:55:37.518] [INFO] debug-file - UP-TO-DATE :entry:default@CompileArkTS...  
[2026-07-28T09:55:37.448] [INFO] debug-file - Finished :entry:default@ProcessStartupConfig... after 2 ms 
[2026-07-28T09:55:37.388] [DEBUG] debug-file - default@BuildNativeWithCmake work[0] is dispatched.
[2026-07-28T09:55:37.173] [DEBUG] debug-file - Plugin build process completed
[2026-07-28T09:55:37.424] [INFO] debug-file - Finished :entry:default@SyscapTransform... after 28 ms 
[2026-07-28T09:55:37.450] [DEBUG] debug-file - restool module names: entry; moduleName=entry, taskName=default@ProcessResource
[2026-07-28T09:55:37.388] [DEBUG] debug-file - entry : default@BuildNativeWithCmake cost memory 1.3884429931640625
[2026-07-28T09:55:37.173] [DEBUG] debug-file - hvigorfile, begin to bind custom plugins...
[2026-07-28T09:55:37.173] [DEBUG] debug-file - hvigorfile, no custom plugins were found in D:\HW\UTDesign\cases\libuv\libuv-golden-demo\entry\hvigorfile.ts
[2026-07-28T09:55:37.173] [DEBUG] debug-file - hvigorfile, resolve finished D:\HW\UTDesign\cases\libuv\libuv-golden-demo\entry\hvigorfile.ts
[2026-07-28T09:55:39.206] [DEBUG] debug-file - Not searching for unused variables given on the command line.

[2026-07-28T09:55:39.287] [DEBUG] debug-file - -- summary of build options:
    Install prefix:  C:/Program Files (x86)/libuv_harmony_demo
    Target system:   OHOS
    Compiler:
      C compiler:    E:/DevEco Studio/sdk/default/openharmony/native/llvm/bin/clang.exe (Clang)
      CFLAGS:         -fdata-sections -ffunction-sections -funwind-tables -fstack-protector-strong -no-canonical-prefixes -fno-addrsig -Wa,--noexecstack -Wformat -Werror=format-security -Wunguarded-availability  -D__MUSL__


[2026-07-28T09:55:39.287] [DEBUG] debug-file - -- Configuring done (0.1s)

[2026-07-28T09:55:39.332] [DEBUG] debug-file - -- Generating done (0.0s)

[2026-07-28T09:55:39.377] [DEBUG] debug-file - -- Build files have been written to: D:/HW/UTDesign/cases/libuv/libuv-golden-demo/entry/.cxx/default/default/debug/x86_64

[2026-07-28T09:55:39.385] [DEBUG] debug-file - worker[14] has one work done.
[2026-07-28T09:55:39.423] [DEBUG] debug-file - default@BuildNativeWithCmake work[0] done.
[2026-07-28T09:55:39.423] [DEBUG] debug-file - A work dispatched to worker[14] failed because unable to get work from ready queue.
[2026-07-28T09:55:39.423] [INFO] debug-file - Finished :entry:default@BuildNativeWithCmake... after 415 ms 
[2026-07-28T09:55:39.426] [DEBUG] debug-file - Executing task :entry:default@BuildNativeWithNinja
[2026-07-28T09:55:39.427] [DEBUG] debug-file - Use tool [Ninja]
 [
  'E:\\DevEco Studio\\sdk\\default\\openharmony\\native\\build-tools\\cmake\\bin\\ninja.exe',
  '-C',
  'D:\\HW\\UTDesign\\cases\\libuv\\libuv-golden-demo\\entry\\.cxx\\default\\default\\debug\\x86_64'
]
[2026-07-28T09:55:39.427] [DEBUG] debug-file - default@BuildNativeWithNinja work[1] is submitted.
[2026-07-28T09:55:39.427] [DEBUG] debug-file - default@BuildNativeWithNinja work[1] is pushed to ready queue.
[2026-07-28T09:55:39.427] [DEBUG] debug-file - A work dispatched to worker[15] failed because unable to get work from ready queue.
[2026-07-28T09:55:39.427] [DEBUG] debug-file - default@BuildNativeWithNinja work[1] has been dispatched to worker[14].
[2026-07-28T09:55:39.427] [DEBUG] debug-file - default@BuildNativeWithNinja work[1] is dispatched.
[2026-07-28T09:55:39.439] [DEBUG] debug-file - OHOS_STL is c++_shared
[2026-07-28T09:55:39.440] [DEBUG] debug-file - Copy STL libc++_shared.so to D:\HW\UTDesign\cases\libuv\libuv-golden-demo\entry\build\default\intermediates\cmake\default\obj\x86_64 due to OHOS_STL is 'c++_shared'
[2026-07-28T09:55:39.440] [DEBUG] debug-file - entry : default@BuildNativeWithNinja cost memory 1.8356170654296875
[2026-07-28T09:55:40.591] [DEBUG] debug-file - ninja: Entering directory `D:\HW\UTDesign\cases\libuv\libuv-golden-demo\entry\.cxx\default\default\debug\x86_64'
[1/37] Building C object libuv-build/CMakeFiles/uv_a.dir/src/strtok.c.o

[2026-07-28T09:55:40.660] [DEBUG] debug-file - clang: warning: argument unused during compilation: '--gcc-toolchain=E:/DevEco Studio/sdk/default/openharmony/native/llvm' [-Wunused-command-line-argument]
[2/37] Building C object libuv-build/CMakeFiles/uv_a.dir/src/version.c.o

[2026-07-28T09:55:40.723] [DEBUG] debug-file - clang: warning: argument unused during compilation: '--gcc-toolchain=E:/DevEco Studio/sdk/default/openharmony/native/llvm' [-Wunused-command-line-argument]
[3/37] Building C object libuv-build/CMakeFiles/uv_a.dir/src/strscpy.c.o

[2026-07-28T09:55:40.764] [DEBUG] debug-file - clang: warning: argument unused during compilation: '--gcc-toolchain=E:/DevEco Studio/sdk/default/openharmony/native/llvm' [-Wunused-command-line-argument]
[4/37] Building C object libuv-build/CMakeFiles/uv_a.dir/src/uv-data-getter-setters.c.o

[2026-07-28T09:55:40.804] [DEBUG] debug-file - clang: warning: argument unused during compilation: '--gcc-toolchain=E:/DevEco Studio/sdk/default/openharmony/native/llvm' [-Wunused-command-line-argument]
[5/37] Building C object libuv-build/CMakeFiles/uv_a.dir/src/thread-common.c.o

[2026-07-28T09:55:40.851] [DEBUG] debug-file - clang: warning: argument unused during compilation: '--gcc-toolchain=E:/DevEco Studio/sdk/default/openharmony/native/llvm' [-Wunused-command-line-argument]
[6/37] Building C object libuv-build/CMakeFiles/uv_a.dir/src/fs-poll.c.o

[2026-07-28T09:55:40.894] [DEBUG] debug-file - clang: warning: argument unused during compilation: '--gcc-toolchain=E:/DevEco Studio/sdk/default/openharmony/native/llvm' [-Wunused-command-line-argument]
[7/37] Building C object libuv-build/CMakeFiles/uv_a.dir/src/inet.c.o

[2026-07-28T09:55:40.943] [DEBUG] debug-file - clang: warning: argument unused during compilation: '--gcc-toolchain=E:/DevEco Studio/sdk/default/openharmony/native/llvm' [-Wunused-command-line-argument]
[8/37] Building C object libuv-build/CMakeFiles/uv_a.dir/src/unix/dl.c.o

[2026-07-28T09:55:40.991] [DEBUG] debug-file - clang: warning: argument unused during compilation: '--gcc-toolchain=E:/DevEco Studio/sdk/default/openharmony/native/llvm' [-Wunused-command-line-argument]
[9/37] Building C object libuv-build/CMakeFiles/uv_a.dir/src/random.c.o

[2026-07-28T09:55:41.039] [DEBUG] debug-file - clang: warning: argument unused during compilation: '--gcc-toolchain=E:/DevEco Studio/sdk/default/openharmony/native/llvm' [-Wunused-command-line-argument]
[10/37] Building C object libuv-build/CMakeFiles/uv_a.dir/src/idna.c.o

[2026-07-28T09:55:41.080] [DEBUG] debug-file - clang: warning: argument unused during compilation: '--gcc-toolchain=E:/DevEco Studio/sdk/default/openharmony/native/llvm' [-Wunused-command-line-argument]
[11/37] Building C object libuv-build/CMakeFiles/uv_a.dir/src/timer.c.o

[2026-07-28T09:55:41.124] [DEBUG] debug-file - clang: warning: argument unused during compilation: '--gcc-toolchain=E:/DevEco Studio/sdk/default/openharmony/native/llvm' [-Wunused-command-line-argument]
[12/37] Building C object libuv-build/CMakeFiles/uv_a.dir/src/unix/getaddrinfo.c.o

[2026-07-28T09:55:41.185] [DEBUG] debug-file - clang: warning: argument unused during compilation: '--gcc-toolchain=E:/DevEco Studio/sdk/default/openharmony/native/llvm' [-Wunused-command-line-argument]
[13/37] Building C object libuv-build/CMakeFiles/uv_a.dir/src/threadpool.c.o

[2026-07-28T09:55:41.261] [DEBUG] debug-file - clang: warning: argument unused during compilation: '--gcc-toolchain=E:/DevEco Studio/sdk/default/openharmony/native/llvm' [-Wunused-command-line-argument]
[14/37] Building C object libuv-build/CMakeFiles/uv_a.dir/src/unix/async.c.o

[2026-07-28T09:55:41.304] [DEBUG] debug-file - clang: warning: argument unused during compilation: '--gcc-toolchain=E:/DevEco Studio/sdk/default/openharmony/native/llvm' [-Wunused-command-line-argument]
[15/37] Building C object libuv-build/CMakeFiles/uv_a.dir/src/uv-common.c.o

[2026-07-28T09:55:41.350] [DEBUG] debug-file - clang: warning: argument unused during compilation: '--gcc-toolchain=E:/DevEco Studio/sdk/default/openharmony/native/llvm' [-Wunused-command-line-argument]
[16/37] Building C object libuv-build/CMakeFiles/uv_a.dir/src/unix/core.c.o

[2026-07-28T09:55:41.395] [DEBUG] debug-file - clang: warning: argument unused during compilation: '--gcc-toolchain=E:/DevEco Studio/sdk/default/openharmony/native/llvm' [-Wunused-command-line-argument]
[17/37] Building C object libuv-build/CMakeFiles/uv_a.dir/src/unix/fs.c.o

[2026-07-28T09:55:41.631] [DEBUG] debug-file - clang: warning: argument unused during compilation: '--gcc-toolchain=E:/DevEco Studio/sdk/default/openharmony/native/llvm' [-Wunused-command-line-argument]
[18/37] Building C object libuv-build/CMakeFiles/uv_a.dir/src/unix/procfs-exepath.c.o

[2026-07-28T09:55:41.642] [DEBUG] debug-file - clang: warning: argument unused during compilation: '--gcc-toolchain=E:/DevEco Studio/sdk/default/openharmony/native/llvm' [-Wunused-command-line-argument]
[19/37] Building C object libuv-build/CMakeFiles/uv_a.dir/src/unix/poll.c.o

[2026-07-28T09:55:41.645] [DEBUG] debug-file - clang: warning: argument unused during compilation: '--gcc-toolchain=E:/DevEco Studio/sdk/default/openharmony/native/llvm' [-Wunused-command-line-argument]
[20/37] Building C object libuv-build/CMakeFiles/uv_a.dir/src/unix/random-getrandom.c.o

[2026-07-28T09:55:41.647] [DEBUG] debug-file - clang: warning: argument unused during compilation: '--gcc-toolchain=E:/DevEco Studio/sdk/default/openharmony/native/llvm' [-Wunused-command-line-argument]
[21/37] Building C object libuv-build/CMakeFiles/uv_a.dir/src/unix/loop-watcher.c.o

[2026-07-28T09:55:41.648] [DEBUG] debug-file - clang: warning: argument unused during compilation: '--gcc-toolchain=E:/DevEco Studio/sdk/default/openharmony/native/llvm' [-Wunused-command-line-argument]
[22/37] Building C object libuv-build/CMakeFiles/uv_a.dir/src/unix/random-devurandom.c.o

[2026-07-28T09:55:41.649] [DEBUG] debug-file - clang: warning: argument unused during compilation: '--gcc-toolchain=E:/DevEco Studio/sdk/default/openharmony/native/llvm' [-Wunused-command-line-argument]
[23/37] Building C object libuv-build/CMakeFiles/uv_a.dir/src/unix/getnameinfo.c.o

[2026-07-28T09:55:41.650] [DEBUG] debug-file - clang: warning: argument unused during compilation: '--gcc-toolchain=E:/DevEco Studio/sdk/default/openharmony/native/llvm' [-Wunused-command-line-argument]
[24/37] Building C object libuv-build/CMakeFiles/uv_a.dir/src/unix/random-sysctl-linux.c.o

[2026-07-28T09:55:41.657] [DEBUG] debug-file - clang: warning: argument unused during compilation: '--gcc-toolchain=E:/DevEco Studio/sdk/default/openharmony/native/llvm' [-Wunused-command-line-argument]
[25/37] Building C object libuv-build/CMakeFiles/uv_a.dir/src/unix/process.c.o

[2026-07-28T09:55:41.661] [DEBUG] debug-file - clang: warning: argument unused during compilation: '--gcc-toolchain=E:/DevEco Studio/sdk/default/openharmony/native/llvm' [-Wunused-command-line-argument]
[26/37] Building C object libuv-build/CMakeFiles/uv_a.dir/src/unix/loop.c.o

[2026-07-28T09:55:41.662] [DEBUG] debug-file - clang: warning: argument unused during compilation: '--gcc-toolchain=E:/DevEco Studio/sdk/default/openharmony/native/llvm' [-Wunused-command-line-argument]
[27/37] Building C object libuv-build/CMakeFiles/uv_a.dir/src/unix/tty.c.o

[2026-07-28T09:55:41.666] [DEBUG] debug-file - clang: warning: argument unused during compilation: '--gcc-toolchain=E:/DevEco Studio/sdk/default/openharmony/native/llvm' [-Wunused-command-line-argument]
[28/37] Building C object libuv-build/CMakeFiles/uv_a.dir/src/unix/tcp.c.o

[2026-07-28T09:55:41.667] [DEBUG] debug-file - clang: warning: argument unused during compilation: '--gcc-toolchain=E:/DevEco Studio/sdk/default/openharmony/native/llvm' [-Wunused-command-line-argument]
[29/37] Building C object libuv-build/CMakeFiles/uv_a.dir/src/unix/pipe.c.o

[2026-07-28T09:55:41.668] [DEBUG] debug-file - clang: warning: argument unused during compilation: '--gcc-toolchain=E:/DevEco Studio/sdk/default/openharmony/native/llvm' [-Wunused-command-line-argument]
[30/37] Building C object libuv-build/CMakeFiles/uv_a.dir/src/unix/thread.c.o

[2026-07-28T09:55:41.675] [DEBUG] debug-file - clang: warning: argument unused during compilation: '--gcc-toolchain=E:/DevEco Studio/sdk/default/openharmony/native/llvm' [-Wunused-command-line-argument]
[31/37] Building C object libuv-build/CMakeFiles/uv_a.dir/src/unix/proctitle.c.o

[2026-07-28T09:55:41.676] [DEBUG] debug-file - clang: warning: argument unused during compilation: '--gcc-toolchain=E:/DevEco Studio/sdk/default/openharmony/native/llvm' [-Wunused-command-line-argument]
[32/37] Building C object libuv-build/CMakeFiles/uv_a.dir/src/unix/signal.c.o

[2026-07-28T09:55:41.691] [DEBUG] debug-file - clang: warning: argument unused during compilation: '--gcc-toolchain=E:/DevEco Studio/sdk/default/openharmony/native/llvm' [-Wunused-command-line-argument]
[33/37] Building C object libuv-build/CMakeFiles/uv_a.dir/src/unix/stream.c.o
clang: warning: argument unused during compilation: '--gcc-toolchain=E:/DevEco Studio/sdk/default/openharmony/native/llvm' [-Wunused-command-line-argument]
D:/HW/UTDesign/cases/libuv/libuv-golden-demo/library/src/unix/stream.c:990:56: warning: comparison of integers of different signs: 'unsigned long' and 'long' [-Wsign-compare]
  for (cmsg = CMSG_FIRSTHDR(msg); cmsg != NULL; cmsg = CMSG_NXTHDR(msg, cmsg)) {
                                                       ^~~~~~~~~~~~~~~~~~~~~~
E:/DevEco Studio/sdk/default/openharmony/native/sysroot/usr/include/sys/socket.h:360:44: note: expanded from macro 'CMSG_NXTHDR'
        __CMSG_LEN(cmsg) + sizeof(struct cmsghdr) >= __MHDR_END(mhdr) - (unsigned char *)(cmsg) \
        ~~~~~~~~~~~~~~~~~~~~~~~~~~~~~~~~~~~~~~~~~ ^  ~~~~~~~~~~~~~~~~~~~~~~~~~~~~~~~~~~~~~~~~~~
1 warning generated.
[34/37] Building C object libuv-build/CMakeFiles/uv_a.dir/src/unix/udp.c.o

[2026-07-28T09:55:41.747] [DEBUG] debug-file - clang: warning: argument unused during compilation: '--gcc-toolchain=E:/DevEco Studio/sdk/default/openharmony/native/llvm' [-Wunused-command-line-argument]
[35/37] Building C object libuv-build/CMakeFiles/uv_a.dir/src/unix/linux.c.o

[2026-07-28T09:55:41.940] [DEBUG] debug-file - clang: warning: argument unused during compilation: '--gcc-toolchain=E:/DevEco Studio/sdk/default/openharmony/native/llvm' [-Wunused-command-line-argument]
[36/37] Linking C static library libuv-build\libuv.a

[2026-07-28T09:55:42.271] [DEBUG] debug-file - [37/37] Linking CXX shared library D:\HW\UTDesign\cases\libuv\libuv-golden-demo\entry\build\default\intermediates\cmake\default\obj\x86_64\libentry.so

[2026-07-28T09:55:42.280] [DEBUG] debug-file - worker[14] has one work done.
[2026-07-28T09:55:42.304] [DEBUG] debug-file - External build set its own library output location for libuv.a, which will be hard linked or copy to the expected location.
[2026-07-28T09:55:42.311] [DEBUG] debug-file - Link D:\HW\UTDesign\cases\libuv\libuv-golden-demo\entry\.cxx\default\default\debug\x86_64\libuv-build\libuv.a to D:\HW\UTDesign\cases\libuv\libuv-golden-demo\entry\build\default\intermediates\cmake\default\obj\x86_64\libuv.a successfully.
[2026-07-28T09:55:42.312] [DEBUG] debug-file - default@BuildNativeWithNinja work[1] done.
[2026-07-28T09:55:42.319] [DEBUG] debug-file - Executing task :entry:default@ProcessLibs
[2026-07-28T09:55:42.312] [DEBUG] debug-file - A work dispatched to worker[14] failed because unable to get work from ready queue.
[2026-07-28T09:55:42.339] [DEBUG] debug-file - Check content hash for D:\HW\UTDesign\cases\libuv\libuv-golden-demo\entry\build\default\intermediates\cmake\default\obj\x86_64\libuv.a
[2026-07-28T09:55:42.313] [INFO] debug-file - Finished :entry:default@BuildNativeWithNinja... after 2 s 855 ms 
[2026-07-28T09:55:42.347] [DEBUG] debug-file - Check content hash for D:\HW\UTDesign\cases\libuv\libuv-golden-demo\entry\build\default\intermediates\cmake\default\obj\x86_64\libentry.so
[2026-07-28T09:55:42.351] [DEBUG] debug-file - Check content hash for D:\HW\UTDesign\cases\libuv\libuv-golden-demo\entry\build\default\intermediates\cmake\default\obj\x86_64\libc++_shared.so
[2026-07-28T09:55:42.357] [DEBUG] debug-file - Incremental task entry:default@ProcessLibs pre-execution cost: 2 ms .
[2026-07-28T09:55:42.357] [DEBUG] debug-file - entry : default@ProcessLibs cost memory 1.4955978393554688
[2026-07-28T09:55:42.360] [DEBUG] debug-file - Executing task :entry:default@DoNativeStrip
[2026-07-28T09:55:42.376] [DEBUG] debug-file - Executing task :entry:default@PackageHap
[2026-07-28T09:55:42.364] [DEBUG] debug-file - Executing task :entry:default@CacheNativeLibs
[2026-07-28T09:55:42.405] [DEBUG] debug-file - Executing task :entry:default@SignHap
[2026-07-28T09:55:42.392] [DEBUG] debug-file - Executing task :entry:default@PackingCheck
[2026-07-28T09:55:42.409] [DEBUG] debug-file - Executing task :entry:default@CollectDebugSymbol
[2026-07-28T09:55:42.358] [INFO] debug-file - UP-TO-DATE :entry:default@ProcessLibs...  
[2026-07-28T09:55:42.360] [DEBUG] debug-file - File: 'D:\HW\UTDesign\cases\libuv\libuv-golden-demo\entry\build\default\intermediates\binxo\default' from 'doBinxoNativeLibs' is not exists, just ignore.
[2026-07-28T09:55:42.387] [DEBUG] debug-file - Incremental task entry:default@PackageHap pre-execution cost: 10 ms .
[2026-07-28T09:55:42.364] [DEBUG] debug-file - File: 'D:\HW\UTDesign\cases\libuv\libuv-golden-demo\entry\build\default\intermediates\binxo\default' from 'cacheBinxoNativeLibs' is not exists, just ignore.
[2026-07-28T09:55:42.405] [WARN] debug-file - No signingConfig found for product default
[2026-07-28T09:55:42.402] [DEBUG] debug-file - entry : default@PackingCheck cost memory 0.5125503540039062
[2026-07-28T09:55:42.410] [DEBUG] debug-file - entry : default@CollectDebugSymbol cost memory 0.1010589599609375
[2026-07-28T09:55:42.360] [DEBUG] debug-file - Task 'entry:default@DoNativeStrip' cost while wrapping incremental declarations: 1 ms 
[2026-07-28T09:55:42.387] [DEBUG] debug-file - entry : default@PackageHap cost memory 0.47580718994140625
[2026-07-28T09:55:42.364] [DEBUG] debug-file - Task 'entry:default@CacheNativeLibs' cost while wrapping incremental declarations: 1 ms 
[2026-07-28T09:55:42.406] [DEBUG] debug-file - entry:default@SignHap is not up-to-date, since the output file 'D:\HW\UTDesign\cases\libuv\libuv-golden-demo\entry\build\default\outputs\default\entry-default-signed.hap' does not exist.
[2026-07-28T09:55:42.402] [DEBUG] debug-file - runTaskFromQueue task cost before running: 8 s 501 ms 
[2026-07-28T09:55:42.410] [DEBUG] debug-file - runTaskFromQueue task cost before running: 8 s 509 ms 
[2026-07-28T09:55:42.388] [INFO] debug-file - UP-TO-DATE :entry:default@PackageHap...  
[2026-07-28T09:55:42.362] [DEBUG] debug-file - Incremental task entry:default@DoNativeStrip pre-execution cost: 2 ms .
[2026-07-28T09:55:42.366] [DEBUG] debug-file - Incremental task entry:default@CacheNativeLibs pre-execution cost: 2 ms .
[2026-07-28T09:55:42.406] [DEBUG] debug-file - Incremental task entry:default@SignHap pre-execution cost: 1 ms .
[2026-07-28T09:55:42.402] [INFO] debug-file - Finished :entry:default@PackingCheck... after 11 ms 
[2026-07-28T09:55:42.410] [INFO] debug-file - Finished :entry:default@CollectDebugSymbol... after 2 ms 
[2026-07-28T09:55:42.362] [DEBUG] debug-file - entry : default@DoNativeStrip cost memory 0.157623291015625
[2026-07-28T09:55:42.366] [DEBUG] debug-file - entry : default@CacheNativeLibs cost memory 0.1878509521484375
[2026-07-28T09:55:42.406] [DEBUG] debug-file - entry : default@SignHap cost memory 0.078857421875
[2026-07-28T09:55:42.411] [DEBUG] debug-file - Executing task :entry:assembleHap
[2026-07-28T09:55:42.362] [INFO] debug-file - UP-TO-DATE :entry:default@DoNativeStrip...  
[2026-07-28T09:55:42.367] [INFO] debug-file - UP-TO-DATE :entry:default@CacheNativeLibs...  
[2026-07-28T09:55:42.407] [DEBUG] debug-file - runTaskFromQueue task cost before running: 8 s 506 ms 
[2026-07-28T09:55:42.411] [DEBUG] debug-file - entry : assembleHap cost memory 0.010406494140625
[2026-07-28T09:55:42.368] [DEBUG] debug-file - Executing task :entry:default@GeneratePkgModuleJson
[2026-07-28T09:55:42.407] [INFO] debug-file - Finished :entry:default@SignHap... after 2 ms 
[2026-07-28T09:55:42.411] [DEBUG] debug-file - runTaskFromQueue task cost before running: 8 s 510 ms 
[2026-07-28T09:55:42.368] [DEBUG] debug-file - File: 'D:\HW\UTDesign\cases\libuv\libuv-golden-demo\entry\build\default\intermediates\preload\default\preload.json' from 'preloadSoJsonPath' is not exists, just ignore.
[2026-07-28T09:55:42.411] [INFO] debug-file - Finished :entry:assembleHap... after 1 ms 
[2026-07-28T09:55:42.369] [DEBUG] debug-file - Error occurs while handling @Input 'shouldDeduplicateHar': The "data" argument must be of type string or an instance of Buffer, TypedArray, or DataView. Received undefined
[2026-07-28T09:55:42.428] [INFO] debug-file - BUILD SUCCESSFUL in 8 s 527 ms 
[2026-07-28T09:55:42.369] [DEBUG] debug-file - Task 'entry:default@GeneratePkgModuleJson' cost while wrapping incremental declarations: 1 ms 
[2026-07-28T09:55:42.430] [DEBUG] debug-file - There is no need to refresh cache, since the incremental task entry:default@PreBuild is up-to-date.
[2026-07-28T09:55:42.369] [DEBUG] debug-file - Incremental task entry:default@GeneratePkgModuleJson pre-execution cost: 1 ms .
[2026-07-28T09:55:42.430] [DEBUG] debug-file - Update task entry:default@CreateModuleInfo output file:D:\HW\UTDesign\cases\libuv\libuv-golden-demo\entry\build\default\generated\profile\default\ModuleInfo.ts cache.
[2026-07-28T09:55:42.370] [DEBUG] debug-file - entry : default@GeneratePkgModuleJson cost memory 0.09040069580078125
[2026-07-28T09:55:42.431] [DEBUG] debug-file - Incremental task entry:default@CreateModuleInfo post-execution cost:2 ms .
[2026-07-28T09:55:42.370] [INFO] debug-file - UP-TO-DATE :entry:default@GeneratePkgModuleJson...  
[2026-07-28T09:55:42.431] [DEBUG] debug-file - There is no need to refresh cache, since the incremental task entry:default@GenerateMetadata is up-to-date.
[2026-07-28T09:55:42.371] [DEBUG] debug-file - Executing task :entry:default@ProcessCompiledResources
[2026-07-28T09:55:42.431] [DEBUG] debug-file - There is no need to refresh cache, since the incremental task entry:default@MergeProfile is up-to-date.
[2026-07-28T09:55:42.371] [DEBUG] debug-file - File: 'D:\HW\UTDesign\cases\libuv\libuv-golden-demo\entry\build\default\intermediates\preload\default\preload.json' from 'preloadSoJsonPath' is not exists, just ignore.
[2026-07-28T09:55:42.431] [DEBUG] debug-file - There is no need to refresh cache, since the incremental task entry:default@CreateBuildProfile is up-to-date.
[2026-07-28T09:55:42.371] [DEBUG] debug-file - Task 'entry:default@ProcessCompiledResources' cost while wrapping incremental declarations: 1 ms 
[2026-07-28T09:55:42.431] [DEBUG] debug-file - Update task entry:default@GeneratePkgContextInfo output file:D:\HW\UTDesign\cases\libuv\libuv-golden-demo\entry\build\default\intermediates\loader\default\pkgContextInfo.json cache.
[2026-07-28T09:55:42.371] [DEBUG] debug-file - entry : default@ProcessCompiledResources cost memory 0.051422119140625
[2026-07-28T09:55:42.432] [DEBUG] debug-file - Incremental task entry:default@GeneratePkgContextInfo post-execution cost:1 ms .
[2026-07-28T09:55:42.371] [DEBUG] debug-file - runTaskFromQueue task cost before running: 8 s 470 ms 
[2026-07-28T09:55:42.432] [DEBUG] debug-file - There is no need to refresh cache, since the incremental task entry:default@GeneratePkgSdkInfo is up-to-date.
[2026-07-28T09:55:42.371] [INFO] debug-file - Finished :entry:default@ProcessCompiledResources... after 1 ms 
[2026-07-28T09:55:42.433] [DEBUG] debug-file - Update task entry:default@ProcessIntegratedHsp output file:D:\HW\UTDesign\cases\libuv\libuv-golden-demo\build\cache\default\integrated_hsp\integratedHspCache.json cache.
[2026-07-28T09:55:42.433] [DEBUG] debug-file - Incremental task entry:default@ProcessIntegratedHsp post-execution cost:1 ms .
[2026-07-28T09:55:42.433] [DEBUG] debug-file - There is no need to refresh cache, since the incremental task entry:default@MakePackInfo is up-to-date.
[2026-07-28T09:55:42.434] [DEBUG] debug-file - Update task entry:default@SyscapTransform input file:E:\DevEco Studio\sdk\default\openharmony\toolchains\syscap_tool.exe cache by regenerate.
[2026-07-28T09:55:42.434] [DEBUG] debug-file - Update task entry:default@SyscapTransform input file:E:\DevEco Studio\sdk\default\openharmony\ets\api\device-define cache by regenerate.
[2026-07-28T09:55:42.436] [DEBUG] debug-file - Update task entry:default@SyscapTransform output file:D:\HW\UTDesign\cases\libuv\libuv-golden-demo\entry\build\default\intermediates\syscap\default\rpcid.sc cache.
[2026-07-28T09:55:42.436] [DEBUG] debug-file - Incremental task entry:default@SyscapTransform post-execution cost:3 ms .
[2026-07-28T09:55:42.436] [DEBUG] debug-file - There is no need to refresh cache, since the incremental task entry:default@ProcessProfile is up-to-date.
[2026-07-28T09:55:42.436] [DEBUG] debug-file - There is no need to refresh cache, since the incremental task entry:default@ProcessRouterMap is up-to-date.
[2026-07-28T09:55:42.436] [DEBUG] debug-file - There is no need to refresh cache, since the incremental task entry:default@ProcessShareConfig is up-to-date.
[2026-07-28T09:55:42.437] [DEBUG] debug-file - Update task entry:default@ProcessStartupConfig output file:D:\HW\UTDesign\cases\libuv\libuv-golden-demo\entry\build\default\intermediates\startup\default\startup_config.json cache.
[2026-07-28T09:55:42.437] [DEBUG] debug-file - Incremental task entry:default@ProcessStartupConfig post-execution cost:1 ms .
[2026-07-28T09:55:42.437] [DEBUG] debug-file - There is no need to refresh cache, since the incremental task entry:default@ProcessResource is up-to-date.
[2026-07-28T09:55:42.437] [DEBUG] debug-file - There is no need to refresh cache, since the incremental task entry:default@GenerateLoaderJson is up-to-date.
[2026-07-28T09:55:42.437] [DEBUG] debug-file - There is no need to refresh cache, since the incremental task entry:default@CompileResource is up-to-date.
[2026-07-28T09:55:42.437] [DEBUG] debug-file - There is no need to refresh cache, since the incremental task entry:default@CompileArkTS is up-to-date.
[2026-07-28T09:55:42.439] [DEBUG] debug-file - Update task entry:default@BuildJS input file:D:\HW\UTDesign\cases\libuv\libuv-golden-demo\entry\build\default\intermediates\loader\default cache by regenerate.
[2026-07-28T09:55:42.439] [DEBUG] debug-file - Update task entry:default@BuildJS input file:D:\HW\UTDesign\cases\libuv\libuv-golden-demo\entry\build\default\intermediates\res\default\ResourceTable.txt cache by regenerate.
[2026-07-28T09:55:42.439] [DEBUG] debug-file - Update task entry:default@BuildJS input file:D:\HW\UTDesign\cases\libuv\libuv-golden-demo\entry\build\default\intermediates\res\default\ark_module.json cache by regenerate.
[2026-07-28T09:55:42.439] [DEBUG] debug-file - Update task entry:default@BuildJS input file:D:\HW\UTDesign\cases\libuv\libuv-golden-demo\entry\build\default\intermediates\res\default\resources\base\profile cache by regenerate.
[2026-07-28T09:55:42.440] [DEBUG] debug-file - Update task entry:default@BuildJS output file:D:\HW\UTDesign\cases\libuv\libuv-golden-demo\entry\build\default\intermediates\loader_out\default\js cache.
[2026-07-28T09:55:42.440] [DEBUG] debug-file - Incremental task entry:default@BuildJS post-execution cost:3 ms .
[2026-07-28T09:55:42.440] [DEBUG] debug-file - There is no need to refresh cache, since the incremental task entry:default@ProcessLibs is up-to-date.
[2026-07-28T09:55:42.440] [DEBUG] debug-file - There is no need to refresh cache, since the incremental task entry:default@DoNativeStrip is up-to-date.
[2026-07-28T09:55:42.441] [DEBUG] debug-file - There is no need to refresh cache, since the incremental task entry:default@CacheNativeLibs is up-to-date.
[2026-07-28T09:55:42.441] [DEBUG] debug-file - There is no need to refresh cache, since the incremental task entry:default@GeneratePkgModuleJson is up-to-date.
[2026-07-28T09:55:42.441] [DEBUG] debug-file - Incremental task entry:default@ProcessCompiledResources post-execution cost:1 ms .
[2026-07-28T09:55:42.441] [DEBUG] debug-file - There is no need to refresh cache, since the incremental task entry:default@PackageHap is up-to-date.
[2026-07-28T09:55:42.441] [DEBUG] debug-file - Update task entry:default@SignHap input file:D:\HW\UTDesign\cases\libuv\libuv-golden-demo\entry\build\default\outputs\default\entry-default-unsigned.hap cache by regenerate.
[2026-07-28T09:55:42.441] [DEBUG] debug-file - Update task entry:default@SignHap output file:D:\HW\UTDesign\cases\libuv\libuv-golden-demo\entry\build\default\outputs\default\entry-default-signed.hap cache.
[2026-07-28T09:55:42.441] [DEBUG] debug-file - Incremental task entry:default@SignHap post-execution cost:1 ms .
[2026-07-28T09:55:42.442] [DEBUG] debug-file - Update task entry:default@CollectDebugSymbol input file:D:\HW\UTDesign\cases\libuv\libuv-golden-demo\entry\build\default\intermediates\loader_out\default\ets\sourceMaps.map cache by regenerate.
[2026-07-28T09:55:42.442] [DEBUG] debug-file - Update task entry:default@CollectDebugSymbol input file:D:\HW\UTDesign\cases\libuv\libuv-golden-demo\entry\build\default\intermediates\libs\default cache by regenerate.
[2026-07-28T09:55:42.443] [DEBUG] debug-file - Update task entry:default@CollectDebugSymbol output file:D:\HW\UTDesign\cases\libuv\libuv-golden-demo\entry\build\default\outputs\default\symbol cache.
[2026-07-28T09:55:42.443] [DEBUG] debug-file - Incremental task entry:default@CollectDebugSymbol post-execution cost:2 ms .
[2026-07-28T09:55:42.480] [DEBUG] debug-file - Current worker pool is stopped or closed.
[2026-07-28T09:55:42.480] [DEBUG] debug-file - Clear worker 0.
[2026-07-28T09:55:42.480] [DEBUG] debug-file - Worker 0 has been cleared.
[2026-07-28T09:55:42.480] [DEBUG] debug-file - Current idle worker size: 2.
[2026-07-28T09:55:42.480] [DEBUG] debug-file - Current busy worker size: 0.
[2026-07-28T09:55:42.481] [DEBUG] debug-file - Clear worker 1.
[2026-07-28T09:55:42.481] [DEBUG] debug-file - Worker 1 has been cleared.
[2026-07-28T09:55:42.481] [DEBUG] debug-file - Current idle worker size: 1.
[2026-07-28T09:55:42.481] [DEBUG] debug-file - Current busy worker size: 0.
[2026-07-28T09:55:42.481] [DEBUG] debug-file - Clear worker 14.
[2026-07-28T09:55:42.481] [DEBUG] debug-file - Worker 14 has been cleared.
[2026-07-28T09:55:42.481] [DEBUG] debug-file - Current idle worker size: 0.
[2026-07-28T09:55:42.481] [DEBUG] debug-file - Current busy worker size: 0.
[2026-07-28T09:55:42.484] [DEBUG] debug-file - hvigor build process will be closed.
[2026-07-28T09:55:42.490] [DEBUG] debug-file - Current worker pool is terminated.
[2026-07-28T09:55:42.497] [DEBUG] debug-file - worker[0] exits with exit code 1.
[2026-07-28T09:55:42.500] [DEBUG] debug-file - worker[1] exits with exit code 1.
[2026-07-28T09:55:42.516] [DEBUG] debug-file - worker[14] exits with exit code 1.
[2026-07-28T09:55:43.823] [DEBUG] debug-file - env: nodejsVersion=v18.20.1
[2026-07-28T09:55:44.441] [DEBUG] debug-file - Hvigor init with startParameters:{
  hvigorfileTypeCheck: false,
  parallelExecution: true,
  incrementalExecution: true,
  printStackTrace: false,
  daemon: false,
  analyze: 0,
  logLevel: Level { level: 20000, levelStr: 'INFO', colour: 'green' },
  optimizationStrategy: 'memory',
  hotCompile: undefined,
  hotReloadBuild: undefined,
  customizedParam: undefined
}
[2026-07-28T09:55:47.150] [DEBUG] debug-file - hvigorfile, require result:  { default: { system: [Function: appTasks], plugins: [] } }
[2026-07-28T09:55:47.153] [DEBUG] debug-file - Starting plugin build process
[2026-07-28T09:55:47.385] [DEBUG] debug-file - Start initialize project's product build option map with build mode debug.
[2026-07-28T09:55:47.383] [DEBUG] debug-file - App plugin register hook start...
[2026-07-28T09:55:47.390] [DEBUG] debug-file - Obtain build option for product 'default'in this build.
[2026-07-28T09:55:47.402] [DEBUG] debug-file - Start recording SDK configuration permission data.
[2026-07-28T09:55:47.463] [DEBUG] debug-file - failed to load cangjie to dynamically generate schemas: Error: Cannot find module '@ohos/cangjie-build-support/index'
Require stack:
- E:\DevEco Studio\tools\hvigor\hvigor-ohos-plugin\src\plugin\hooks\cangjie-register.js
- E:\DevEco Studio\tools\hvigor\hvigor-ohos-plugin\src\plugin\strategy\stage-init-strategy.js
- E:\DevEco Studio\tools\hvigor\hvigor-ohos-plugin\src\plugin\builder\abstract-plugin-builder.js
- E:\DevEco Studio\tools\hvigor\hvigor-ohos-plugin\src\plugin\builder\app-plugin-builder.js
- E:\DevEco Studio\tools\hvigor\hvigor-ohos-plugin\src\plugin\factory\plugin-factory.js
- E:\DevEco Studio\tools\hvigor\hvigor-ohos-plugin\index.js
- D:\HW\UTDesign\cases\libuv\libuv-golden-demo\hvigorfile.ts
- E:\DevEco Studio\tools\hvigor\hvigor\src\base\internal\lifecycle\configuration.js
- E:\DevEco Studio\tools\hvigor\hvigor\src\base\boot\index.js
- E:\DevEco Studio\tools\hvigor\hvigor\src\cli\main\cli.js
- E:\DevEco Studio\tools\hvigor\hvigor\bin\hvigor.js
[2026-07-28T09:55:47.479] [DEBUG] debug-file - Start initialize module-target build option map, moduleName=entry, buildMode=debug
[2026-07-28T09:55:47.452] [DEBUG] debug-file - Project task initialization takes 9 ms 
[2026-07-28T09:55:47.490] [DEBUG] debug-file - project has submodules:entry
[2026-07-28T09:55:47.516] [DEBUG] debug-file - Start to initialize dependency information.
[2026-07-28T09:55:47.493] [DEBUG] debug-file - start to load updatedOhPackageInfo to the disk
[2026-07-28T09:55:47.568] [DEBUG] debug-file - Executing task :entry:ohosTest@GenerateMetadata
[2026-07-28T09:55:47.543] [DEBUG] debug-file - Executing task :entry:ohosTest@PreBuild
[2026-07-28T09:55:43.825] [DEBUG] debug-file - env: hvigor-config.json5 content = {
  modelVersion: '6.1.0',
  dependencies: {},
  execution: {},
  logging: {},
  debugging: {},
  nodeOptions: {}
}
[2026-07-28T09:55:44.450] [DEBUG] debug-file - Cache service initialization finished in 8 ms 
[2026-07-28T09:55:47.151] [DEBUG] debug-file - hvigorfile, binding system plugins [Function: appTasks]
[2026-07-28T09:55:47.153] [DEBUG] debug-file - App plugin prepare start...
[2026-07-28T09:55:47.385] [DEBUG] debug-file - Picking option from product 'default' with build mode 'debug'.
[2026-07-28T09:55:47.383] [DEBUG] debug-file - App plugin register hook end...
[2026-07-28T09:55:47.393] [DEBUG] debug-file - No signingConfig found, initRemoteHspCache failed.
[2026-07-28T09:55:47.442] [DEBUG] debug-file - Sdk init in 48 ms 
[2026-07-28T09:55:47.479] [DEBUG] debug-file - Target 'default' config initialized
[2026-07-28T09:55:47.453] [DEBUG] debug-file - hvigorfile, begin to bind custom plugins...
[2026-07-28T09:55:47.525] [DEBUG] debug-file - Module entry Collected Dependency: D:\HW\UTDesign\cases\libuv\libuv-golden-demo\entry\src\main\cpp\types\libentry
[2026-07-28T09:55:47.498] [DEBUG] debug-file - load to the disk finished
[2026-07-28T09:55:47.569] [DEBUG] debug-file - Task 'entry:ohosTest@GenerateMetadata' cost while wrapping incremental declarations: 1 ms 
[2026-07-28T09:55:47.545] [DEBUG] debug-file - Task 'entry:ohosTest@PreBuild' cost while wrapping incremental declarations: 1 ms 
[2026-07-28T09:55:43.830] [DEBUG] debug-file - env: daemon=false
[2026-07-28T09:55:44.452] [DEBUG] debug-file - hvigorfile, resolving D:\HW\UTDesign\cases\libuv\libuv-golden-demo\hvigorfile.ts
[2026-07-28T09:55:47.153] [DEBUG] debug-file - App plugin prepare end...
[2026-07-28T09:55:47.386] [DEBUG] debug-file - Product 'default' build option initialized
[2026-07-28T09:55:47.383] [DEBUG] debug-file - Plugin build process completed
[2026-07-28T09:55:47.395] [DEBUG] debug-file - Local scan or download HarmonyOS sdk components toolchains,ets,js,native,previewer
[2026-07-28T09:55:47.480] [DEBUG] debug-file - Target 'ohosTest' config initialized
[2026-07-28T09:55:47.453] [DEBUG] debug-file - hvigorfile, no custom plugins were found in D:\HW\UTDesign\cases\libuv\libuv-golden-demo\hvigorfile.ts
[2026-07-28T09:55:47.525] [DEBUG] debug-file - Module entry's total dependency: 1
[2026-07-28T09:55:47.499] [DEBUG] debug-file - Start to initialize dependency information.
[2026-07-28T09:55:47.571] [DEBUG] debug-file - Incremental task entry:ohosTest@GenerateMetadata pre-execution cost: 3 ms .
[2026-07-28T09:55:43.831] [DEBUG] debug-file - no-daemon, use the parent process.execArgv --max-old-space-size=8192,--max-semi-space-size=16,--expose-gc
[2026-07-28T09:55:47.555] [DEBUG] debug-file - Incremental task entry:ohosTest@PreBuild pre-execution cost: 7 ms .
[2026-07-28T09:55:47.153] [DEBUG] debug-file - App plugin creating...
[2026-07-28T09:55:47.386] [DEBUG] debug-file - End initialize project's product build option map with build mode 'debug'.
[2026-07-28T09:55:47.398] [DEBUG] debug-file - Local scan or download hmscore sdk components toolchains,ets,native
[2026-07-28T09:55:47.480] [DEBUG] debug-file - Module 'entry' target 'default' build option initialized
[2026-07-28T09:55:47.453] [DEBUG] debug-file - hvigorfile, resolve finished D:\HW\UTDesign\cases\libuv\libuv-golden-demo\hvigorfile.ts
[2026-07-28T09:55:47.531] [DEBUG] debug-file - Configuration phase cost:3 s 82 ms 
[2026-07-28T09:55:47.513] [DEBUG] debug-file - Module libuv-golden-demo Collected Dependency: 
[2026-07-28T09:55:47.571] [DEBUG] debug-file - entry : ohosTest@GenerateMetadata cost memory 0.0849609375
[2026-07-28T09:55:47.625] [DEBUG] debug-file - Executing task :entry:ohosTest@CreateBuildProfile
[2026-07-28T09:55:47.632] [DEBUG] debug-file - Executing task :entry:ohosTest@GeneratePkgContextInfo
[2026-07-28T09:55:47.656] [DEBUG] debug-file - Executing task :entry:ohosTest@ProcessIntegratedHsp
[2026-07-28T09:55:47.628] [DEBUG] debug-file - Executing task :entry:ohosTest@PreCheckSyscap
[2026-07-28T09:55:47.555] [DEBUG] debug-file - entry : ohosTest@PreBuild cost memory 0.3424835205078125
[2026-07-28T09:55:47.454] [DEBUG] debug-file - hvigorfile, resolving D:\HW\UTDesign\cases\libuv\libuv-golden-demo\entry\hvigorfile.ts
[2026-07-28T09:55:47.480] [DEBUG] debug-file - Module 'entry' target 'ohosTest' build option initialized
[2026-07-28T09:55:47.534] [DEBUG] debug-file - Configuration task cost before running: 3 s 109 ms 
[2026-07-28T09:55:47.513] [DEBUG] debug-file - Module libuv-golden-demo's total dependency: 0
[2026-07-28T09:55:47.572] [INFO] debug-file - UP-TO-DATE :entry:ohosTest@GenerateMetadata...  
[2026-07-28T09:55:47.644] [DEBUG] debug-file - Task 'entry:ohosTest@GeneratePkgContextInfo' cost while wrapping incremental declarations: 1 ms 
[2026-07-28T09:55:47.657] [DEBUG] debug-file - entry:ohosTest@ProcessIntegratedHsp is not up-to-date, since the output file 'D:\HW\UTDesign\cases\libuv\libuv-golden-demo\build\cache\default\integrated_hsp\integratedHspCache.json' does not exist.
[2026-07-28T09:55:47.625] [DEBUG] debug-file - Task 'entry:ohosTest@CreateBuildProfile' cost while wrapping incremental declarations: 1 ms 
[2026-07-28T09:55:47.629] [DEBUG] debug-file - entry : ohosTest@PreCheckSyscap cost memory 0.01354217529296875
[2026-07-28T09:55:47.559] [INFO] debug-file - UP-TO-DATE :entry:ohosTest@PreBuild...  
[2026-07-28T09:55:47.480] [DEBUG] debug-file - End initialize module-target build option map, moduleName=entry
[2026-07-28T09:55:47.461] [DEBUG] debug-file - hvigorfile, require result:  { default: { system: [Function: hapTasks], plugins: [] } }
[2026-07-28T09:55:47.573] [DEBUG] debug-file - Executing task :entry:ohosTest@ConfigureCmake
[2026-07-28T09:55:47.644] [DEBUG] debug-file - entry : ohosTest@GeneratePkgContextInfo cost memory 0.6310958862304688
[2026-07-28T09:55:47.659] [DEBUG] debug-file - Executing task :entry:ohosTest@BuildNativeWithCmake
[2026-07-28T09:55:47.664] [DEBUG] debug-file - Use tool [Cmake]
 [
  'E:\\DevEco Studio\\sdk\\default\\openharmony\\native\\build-tools\\cmake\\bin\\cmake.exe',
  '-HD:\\HW\\UTDesign\\cases\\libuv\\libuv-golden-demo\\entry\\src\\ohosTest\\cpp',
  '-BD:\\HW\\UTDesign\\cases\\libuv\\libuv-golden-demo\\entry\\.cxx\\default\\ohosTest\\debug\\x86_64',
  '-DOHOS_ARCH=x86_64',
  '-DCMAKE_LIBRARY_OUTPUT_DIRECTORY=D:\\HW\\UTDesign\\cases\\libuv\\libuv-golden-demo\\entry\\build\\default\\intermediates\\cmake\\ohosTest\\obj\\x86_64',
  '-DCMAKE_BUILD_TYPE=Debug',
  '-DOHOS_SDK_NATIVE=E:\\DevEco Studio\\sdk\\default\\openharmony\\native',
  '-DCMAKE_SYSTEM_NAME=OHOS',
  '-DCMAKE_OHOS_ARCH_ABI=x86_64',
  '-DCMAKE_EXPORT_COMPILE_COMMANDS=ON',
  '-DCMAKE_TOOLCHAIN_FILE=E:\\DevEco Studio\\sdk\\default\\hms\\native\\build\\cmake\\hmos.toolchain.cmake',
  '-GNinja',
  '-DCMAKE_MAKE_PROGRAM=E:\\DevEco Studio\\sdk\\default\\openharmony\\native\\build-tools\\cmake\\bin\\ninja.exe',
  '-DCMAKE_FIND_ROOT_PATH=D:\\HW\\UTDesign\\cases\\libuv\\libuv-golden-demo\\entry\\.cxx\\default\\ohosTest\\debug\\hvigor\\x86_64',
  '-DPACKAGE_FIND_FILE=D:\\HW\\UTDesign\\cases\\libuv\\libuv-golden-demo\\entry\\.cxx\\default\\ohosTest\\debug\\hvigor\\x86_64\\summary.cmake',
  '--no-warn-unused-cli',
  '-DCMAKE_CXX_FLAGS=-std=c++17',
  '-DHMOS_SDK_NATIVE=E:\\DevEco Studio\\sdk\\default\\hms\\native',
  '-DOHOS_COMPATIBLE_SDK_VERSION=6.1.0(23)'
]
[2026-07-28T09:55:47.626] [DEBUG] debug-file - Incremental task entry:ohosTest@CreateBuildProfile pre-execution cost: 1 ms .
[2026-07-28T09:55:47.657] [DEBUG] debug-file - Incremental task entry:ohosTest@ProcessIntegratedHsp pre-execution cost: 1 ms .
[2026-07-28T09:55:47.629] [DEBUG] debug-file - runTaskFromQueue task cost before running: 3 s 203 ms 
[2026-07-28T09:55:47.481] [DEBUG] debug-file - Start initialize module-target build option map, moduleName=entry, buildMode=release
[2026-07-28T09:55:47.561] [DEBUG] debug-file - Executing task :entry:ohosTest@CreateModuleInfo
[2026-07-28T09:55:47.461] [DEBUG] debug-file - hvigorfile, binding system plugins [Function: hapTasks]
[2026-07-28T09:55:47.644] [DEBUG] debug-file - runTaskFromQueue task cost before running: 3 s 219 ms 
[2026-07-28T09:55:47.615] [DEBUG] debug-file - entry : ohosTest@ConfigureCmake cost memory -10.828346252441406
[2026-07-28T09:55:47.626] [DEBUG] debug-file - entry : ohosTest@CreateBuildProfile cost memory 0.102874755859375
[2026-07-28T09:55:47.657] [DEBUG] debug-file - entry : ohosTest@ProcessIntegratedHsp cost memory 0.04956817626953125
[2026-07-28T09:55:47.629] [INFO] debug-file - Finished :entry:ohosTest@PreCheckSyscap... after 1 ms 
[2026-07-28T09:55:47.481] [DEBUG] debug-file - Target 'default' config initialized
[2026-07-28T09:55:47.561] [DEBUG] debug-file - Task 'entry:ohosTest@CreateModuleInfo' cost while wrapping incremental declarations: 1 ms 
[2026-07-28T09:55:47.461] [DEBUG] debug-file - Starting plugin build process
[2026-07-28T09:55:47.644] [INFO] debug-file - Finished :entry:ohosTest@GeneratePkgContextInfo... after 12 ms 
[2026-07-28T09:55:47.616] [DEBUG] debug-file - runTaskFromQueue task cost before running: 3 s 190 ms 
[2026-07-28T09:55:47.627] [INFO] debug-file - UP-TO-DATE :entry:ohosTest@CreateBuildProfile...  
[2026-07-28T09:55:47.657] [DEBUG] debug-file - runTaskFromQueue task cost before running: 3 s 231 ms 
[2026-07-28T09:55:47.481] [DEBUG] debug-file - Target 'ohosTest' config initialized
[2026-07-28T09:55:47.562] [DEBUG] debug-file - entry : ohosTest@CreateModuleInfo cost memory 0.03800201416015625
[2026-07-28T09:55:47.461] [DEBUG] debug-file - Hap plugin creating...
[2026-07-28T09:55:47.645] [DEBUG] debug-file - Executing task :entry:ohosTest@GeneratePkgSdkInfo
[2026-07-28T09:55:47.616] [INFO] debug-file - Finished :entry:ohosTest@ConfigureCmake... after 43 ms 
[2026-07-28T09:55:47.657] [INFO] debug-file - Finished :entry:ohosTest@ProcessIntegratedHsp... after 1 ms 
[2026-07-28T09:55:47.482] [DEBUG] debug-file - Module 'entry' target 'default' build option initialized
[2026-07-28T09:55:47.562] [DEBUG] debug-file - runTaskFromQueue task cost before running: 3 s 137 ms 
[2026-07-28T09:55:47.650] [DEBUG] debug-file - Task 'entry:ohosTest@GeneratePkgSdkInfo' cost while wrapping incremental declarations: 1 ms 
[2026-07-28T09:55:47.619] [DEBUG] debug-file - Executing task :entry:ohosTest@MergeProfile
[2026-07-28T09:55:47.482] [DEBUG] debug-file - Module 'entry' target 'ohosTest' build option initialized
[2026-07-28T09:55:47.563] [INFO] debug-file - Finished :entry:ohosTest@CreateModuleInfo... after 2 ms 
[2026-07-28T09:55:47.651] [DEBUG] debug-file - Incremental task entry:ohosTest@GeneratePkgSdkInfo pre-execution cost: 1 ms .
[2026-07-28T09:55:47.620] [DEBUG] debug-file - Task 'entry:ohosTest@MergeProfile' cost while wrapping incremental declarations: 1 ms 
[2026-07-28T09:55:47.482] [DEBUG] debug-file - End initialize module-target build option map, moduleName=entry
[2026-07-28T09:55:47.651] [DEBUG] debug-file - entry : ohosTest@GeneratePkgSdkInfo cost memory 0.26517486572265625
[2026-07-28T09:55:47.622] [DEBUG] debug-file - Incremental task entry:ohosTest@MergeProfile pre-execution cost: 2 ms .
[2026-07-28T09:55:47.482] [DEBUG] debug-file - Start initialize module-target build option map, moduleName=entry, buildMode=debug
[2026-07-28T09:55:47.651] [INFO] debug-file - UP-TO-DATE :entry:ohosTest@GeneratePkgSdkInfo...  
[2026-07-28T09:55:47.622] [DEBUG] debug-file - entry : ohosTest@MergeProfile cost memory 0.125762939453125
[2026-07-28T09:55:47.482] [DEBUG] debug-file - Target 'default' config initialized
[2026-07-28T09:55:47.622] [INFO] debug-file - UP-TO-DATE :entry:ohosTest@MergeProfile...  
[2026-07-28T09:55:47.482] [DEBUG] debug-file - Target 'ohosTest' config initialized
[2026-07-28T09:55:47.675] [DEBUG] debug-file - - a file changed
[2026-07-28T09:55:47.482] [DEBUG] debug-file - Module 'entry' target 'default' build option initialized
[2026-07-28T09:55:47.675] [DEBUG] debug-file -   - D:\HW\UTDesign\cases\libuv\libuv-golden-demo\library\CMakeLists.txt (LAST_MODIFIED_CHANGED)
[2026-07-28T09:55:47.692] [DEBUG] debug-file - Executing task :entry:ohosTest@SyscapTransform
[2026-07-28T09:55:47.688] [DEBUG] debug-file - Executing task :entry:ohosTest@MakePackInfo
[2026-07-28T09:55:47.677] [DEBUG] debug-file - Create  resident worker with id: 0.
[2026-07-28T09:55:47.724] [DEBUG] debug-file - Executing task :entry:ohosTest@ProcessProfile
[2026-07-28T09:55:47.745] [DEBUG] debug-file - Executing task :entry:ohosTest@ProcessStartupConfig
[2026-07-28T09:55:47.755] [DEBUG] debug-file - Executing task :entry:ohosTest@ProcessResource
[2026-07-28T09:55:47.739] [DEBUG] debug-file - Executing task :entry:ohosTest@ProcessShareConfig
[2026-07-28T09:55:47.482] [DEBUG] debug-file - Module 'entry' target 'ohosTest' build option initialized
[2026-07-28T09:55:47.732] [DEBUG] debug-file - Executing task :entry:ohosTest@ProcessRouterMap
[2026-07-28T09:55:47.768] [DEBUG] debug-file - Executing task :entry:ohosTest@GenerateLoaderJson
[2026-07-28T09:55:47.801] [DEBUG] debug-file - Executing task :entry:ohosTest@OhosTestCompileArkTS
[2026-07-28T09:55:47.787] [DEBUG] debug-file - Executing task :entry:ohosTest@CompileResource
[2026-07-28T09:55:47.830] [DEBUG] debug-file - Executing task :entry:ohosTest@OhosTestBuildJS
[2026-07-28T09:55:47.842] [DEBUG] debug-file - Executing task :entry:ohosTest@OhosTestCopyMockConfigJson
[2026-07-28T09:55:47.675] [DEBUG] debug-file - Since there is no instance or instance is terminated, create a new worker pool.
[2026-07-28T09:55:47.693] [DEBUG] debug-file - File: 'D:\HW\UTDesign\cases\libuv\libuv-golden-demo\entry\src\ohosTest\syscap.json' from 'sysCapJsonPath' is not exists, just ignore.
[2026-07-28T09:55:47.689] [DEBUG] debug-file - Incremental task entry:ohosTest@MakePackInfo pre-execution cost: 2 ms .
[2026-07-28T09:55:47.679] [DEBUG] debug-file - Create  resident worker with id: 1.
[2026-07-28T09:55:47.726] [DEBUG] debug-file - Task 'entry:ohosTest@ProcessProfile' cost while wrapping incremental declarations: 1 ms 
[2026-07-28T09:55:47.746] [DEBUG] debug-file - Task 'entry:ohosTest@ProcessStartupConfig' cost while wrapping incremental declarations: 1 ms 
[2026-07-28T09:55:47.755] [DEBUG] debug-file - Task 'entry:ohosTest@ProcessResource' cost while wrapping incremental declarations: 1 ms 
[2026-07-28T09:55:47.742] [DEBUG] debug-file - Incremental task entry:ohosTest@ProcessShareConfig pre-execution cost: 3 ms .
[2026-07-28T09:55:47.482] [DEBUG] debug-file - End initialize module-target build option map, moduleName=entry
[2026-07-28T09:55:47.735] [DEBUG] debug-file - Incremental task entry:ohosTest@ProcessRouterMap pre-execution cost: 2 ms .
[2026-07-28T09:55:47.769] [DEBUG] debug-file - Task 'entry:ohosTest@GenerateLoaderJson' cost while wrapping incremental declarations: 1 ms 
[2026-07-28T09:55:47.802] [DEBUG] debug-file - obfuscationOptions: undefined
[2026-07-28T09:55:47.796] [DEBUG] debug-file - Incremental task entry:ohosTest@CompileResource pre-execution cost: 8 ms .
[2026-07-28T09:55:47.831] [DEBUG] debug-file - Task 'entry:ohosTest@OhosTestBuildJS' cost while wrapping incremental declarations: 1 ms 
[2026-07-28T09:55:47.843] [DEBUG] debug-file - File: 'D:\HW\UTDesign\cases\libuv\libuv-golden-demo\entry\build\default\intermediates\res\ohosTest\mock-config.json' from 'mockConfigJsonFile' is not exists, just ignore.
[2026-07-28T09:55:47.675] [DEBUG] debug-file - Worker pool is initialized with config:  {
  minPoolNum: 2,
  maxPoolNum: undefined,
  maxCoreSize: undefined,
  cacheCapacity: undefined,
  cacheTtl: undefined
}
[2026-07-28T09:55:47.693] [DEBUG] debug-file - Task 'entry:ohosTest@SyscapTransform' cost while wrapping incremental declarations: 1 ms 
[2026-07-28T09:55:47.690] [DEBUG] debug-file - entry : ohosTest@MakePackInfo cost memory 0.10976409912109375
[2026-07-28T09:55:47.683] [DEBUG] debug-file - ohosTest@BuildNativeWithCmake work[0] is submitted.
[2026-07-28T09:55:47.728] [DEBUG] debug-file - Incremental task entry:ohosTest@ProcessProfile pre-execution cost: 2 ms .
[2026-07-28T09:55:47.747] [DEBUG] debug-file - entry:ohosTest@ProcessStartupConfig is not up-to-date, since the output file 'D:\HW\UTDesign\cases\libuv\libuv-golden-demo\entry\build\default\intermediates\startup\ohosTest\startup_config.json' does not exist.
[2026-07-28T09:55:47.758] [DEBUG] debug-file - Incremental task entry:ohosTest@ProcessResource pre-execution cost: 2 ms .
[2026-07-28T09:55:47.742] [DEBUG] debug-file - entry : ohosTest@ProcessShareConfig cost memory 0.114990234375
[2026-07-28T09:55:47.483] [DEBUG] debug-file - Obtain build option for module 'entry' target 'ohosTest'in this build.
[2026-07-28T09:55:47.735] [DEBUG] debug-file - entry : ohosTest@ProcessRouterMap cost memory 0.13954925537109375
[2026-07-28T09:55:47.780] [DEBUG] debug-file - Incremental task entry:ohosTest@GenerateLoaderJson pre-execution cost: 6 ms .
[2026-07-28T09:55:47.807] [DEBUG] debug-file - Task 'entry:ohosTest@OhosTestCompileArkTS' cost while wrapping incremental declarations: 1 ms 
[2026-07-28T09:55:47.796] [DEBUG] debug-file - entry : ohosTest@CompileResource cost memory 0.6448135375976562
[2026-07-28T09:55:47.838] [DEBUG] debug-file - entry : ohosTest@OhosTestBuildJS cost memory 0.1716156005859375
[2026-07-28T09:55:47.843] [DEBUG] debug-file - Task 'entry:ohosTest@OhosTestCopyMockConfigJson' cost while wrapping incremental declarations: 1 ms 
[2026-07-28T09:55:47.716] [DEBUG] debug-file - entry:ohosTest@SyscapTransform is not up-to-date, since the output file 'D:\HW\UTDesign\cases\libuv\libuv-golden-demo\entry\build\default\intermediates\syscap\ohosTest\rpcid.sc' does not exist.
[2026-07-28T09:55:47.690] [INFO] debug-file - UP-TO-DATE :entry:ohosTest@MakePackInfo...  
[2026-07-28T09:55:47.683] [DEBUG] debug-file - ohosTest@BuildNativeWithCmake work[0] is pushed to ready queue.
[2026-07-28T09:55:47.728] [DEBUG] debug-file - entry : ohosTest@ProcessProfile cost memory 0.12357330322265625
[2026-07-28T09:55:47.747] [DEBUG] debug-file - Incremental task entry:ohosTest@ProcessStartupConfig pre-execution cost: 1 ms .
[2026-07-28T09:55:47.758] [DEBUG] debug-file - entry : ohosTest@ProcessResource cost memory 0.14720916748046875
[2026-07-28T09:55:47.743] [INFO] debug-file - UP-TO-DATE :entry:ohosTest@ProcessShareConfig...  
[2026-07-28T09:55:47.488] [DEBUG] debug-file - Module entry task initialization takes 5 ms 
[2026-07-28T09:55:47.736] [INFO] debug-file - UP-TO-DATE :entry:ohosTest@ProcessRouterMap...  
[2026-07-28T09:55:47.780] [DEBUG] debug-file - entry : ohosTest@GenerateLoaderJson cost memory 0.7683181762695312
[2026-07-28T09:55:47.826] [DEBUG] debug-file - Incremental task entry:ohosTest@OhosTestCompileArkTS pre-execution cost: 17 ms .
[2026-07-28T09:55:47.796] [INFO] debug-file - UP-TO-DATE :entry:ohosTest@CompileResource...  
[2026-07-28T09:55:47.838] [DEBUG] debug-file - runTaskFromQueue task cost before running: 3 s 413 ms 
[2026-07-28T09:55:47.843] [DEBUG] debug-file - entry:ohosTest@OhosTestCopyMockConfigJson is not up-to-date, since the output file 'D:\HW\UTDesign\cases\libuv\libuv-golden-demo\entry\build\default\intermediates\res\ohosTest\resources\rawfile\mock\mock-config.json' does not exist.
[2026-07-28T09:55:47.717] [DEBUG] debug-file - Incremental task entry:ohosTest@SyscapTransform pre-execution cost: 23 ms .
[2026-07-28T09:55:47.684] [DEBUG] debug-file - A work dispatched to worker[15] failed because unable to get work from ready queue.
[2026-07-28T09:55:47.728] [INFO] debug-file - UP-TO-DATE :entry:ohosTest@ProcessProfile...  
[2026-07-28T09:55:47.747] [DEBUG] debug-file - entry : ohosTest@ProcessStartupConfig cost memory 0.0872650146484375
[2026-07-28T09:55:47.762] [INFO] debug-file - UP-TO-DATE :entry:ohosTest@ProcessResource...  
[2026-07-28T09:55:47.488] [DEBUG] debug-file - Hap plugin register hook start...
[2026-07-28T09:55:47.784] [INFO] debug-file - UP-TO-DATE :entry:ohosTest@GenerateLoaderJson...  
[2026-07-28T09:55:47.826] [DEBUG] debug-file - entry : ohosTest@OhosTestCompileArkTS cost memory 1.2201919555664062
[2026-07-28T09:55:47.839] [INFO] debug-file - Finished :entry:ohosTest@OhosTestBuildJS... after 9 ms 
[2026-07-28T09:55:47.844] [DEBUG] debug-file - Incremental task entry:ohosTest@OhosTestCopyMockConfigJson pre-execution cost: 1 ms .
[2026-07-28T09:55:47.717] [DEBUG] debug-file - entry : ohosTest@SyscapTransform cost memory 0.1309356689453125
[2026-07-28T09:55:47.684] [DEBUG] debug-file - Create  resident worker with id: 14.
[2026-07-28T09:55:47.747] [DEBUG] debug-file - runTaskFromQueue task cost before running: 3 s 322 ms 
[2026-07-28T09:55:47.488] [DEBUG] debug-file - Hap plugin register hook end...
[2026-07-28T09:55:47.786] [DEBUG] debug-file - restool module names: entry,entry_test; moduleName=entry, taskName=ohosTest@CompileResource
[2026-07-28T09:55:47.828] [INFO] debug-file - UP-TO-DATE :entry:ohosTest@OhosTestCompileArkTS...  
[2026-07-28T09:55:47.844] [DEBUG] debug-file - Failed to generate mock-config.json during compilation.
[2026-07-28T09:55:47.717] [DEBUG] debug-file - runTaskFromQueue task cost before running: 3 s 292 ms 
[2026-07-28T09:55:47.685] [DEBUG] debug-file - ohosTest@BuildNativeWithCmake work[0] has been dispatched to worker[14].
[2026-07-28T09:55:47.748] [INFO] debug-file - Finished :entry:ohosTest@ProcessStartupConfig... after 2 ms 
[2026-07-28T09:55:47.488] [DEBUG] debug-file - Plugin build process completed
[2026-07-28T09:55:47.844] [DEBUG] debug-file - entry : ohosTest@OhosTestCopyMockConfigJson cost memory 0.08991241455078125
[2026-07-28T09:55:47.718] [INFO] debug-file - Finished :entry:ohosTest@SyscapTransform... after 26 ms 
[2026-07-28T09:55:47.685] [DEBUG] debug-file - ohosTest@BuildNativeWithCmake work[0] is dispatched.
[2026-07-28T09:55:47.750] [DEBUG] debug-file - restool module names: entry,entry_test; moduleName=entry, taskName=ohosTest@ProcessResource
[2026-07-28T09:55:47.488] [DEBUG] debug-file - hvigorfile, begin to bind custom plugins...
[2026-07-28T09:55:47.844] [DEBUG] debug-file - runTaskFromQueue task cost before running: 3 s 418 ms 
[2026-07-28T09:55:47.685] [DEBUG] debug-file - entry : ohosTest@BuildNativeWithCmake cost memory 1.4781036376953125
[2026-07-28T09:55:47.488] [DEBUG] debug-file - hvigorfile, no custom plugins were found in D:\HW\UTDesign\cases\libuv\libuv-golden-demo\entry\hvigorfile.ts
[2026-07-28T09:55:47.844] [INFO] debug-file - Finished :entry:ohosTest@OhosTestCopyMockConfigJson... after 2 ms 
[2026-07-28T09:55:47.488] [DEBUG] debug-file - hvigorfile, resolve finished D:\HW\UTDesign\cases\libuv\libuv-golden-demo\entry\hvigorfile.ts
[2026-07-28T09:55:49.788] [DEBUG] debug-file - Not searching for unused variables given on the command line.

[2026-07-28T09:55:49.856] [DEBUG] debug-file - -- summary of build options:
    Install prefix:  C:/Program Files (x86)/libuv_harmony_test
    Target system:   OHOS
    Compiler:
      C compiler:    E:/DevEco Studio/sdk/default/openharmony/native/llvm/bin/clang.exe (Clang)
      CFLAGS:         -fdata-sections -ffunction-sections -funwind-tables -fstack-protector-strong -no-canonical-prefixes -fno-addrsig -Wa,--noexecstack -Wformat -Werror=format-security -Wunguarded-availability  -D__MUSL__


[2026-07-28T09:55:49.857] [DEBUG] debug-file - -- Configuring done (0.1s)

[2026-07-28T09:55:49.940] [DEBUG] debug-file - -- Generating done (0.1s)

[2026-07-28T09:55:50.029] [DEBUG] debug-file - -- Build files have been written to: D:/HW/UTDesign/cases/libuv/libuv-golden-demo/entry/.cxx/default/ohosTest/debug/x86_64

[2026-07-28T09:55:50.049] [DEBUG] debug-file - worker[14] has one work done.
[2026-07-28T09:55:50.095] [DEBUG] debug-file - ohosTest@BuildNativeWithCmake work[0] done.
[2026-07-28T09:55:50.096] [DEBUG] debug-file - A work dispatched to worker[14] failed because unable to get work from ready queue.
[2026-07-28T09:55:50.099] [INFO] debug-file - Finished :entry:ohosTest@BuildNativeWithCmake... after 474 ms 
[2026-07-28T09:55:50.105] [DEBUG] debug-file - Executing task :entry:ohosTest@BuildNativeWithNinja
[2026-07-28T09:55:50.107] [DEBUG] debug-file - Use tool [Ninja]
 [
  'E:\\DevEco Studio\\sdk\\default\\openharmony\\native\\build-tools\\cmake\\bin\\ninja.exe',
  '-C',
  'D:\\HW\\UTDesign\\cases\\libuv\\libuv-golden-demo\\entry\\.cxx\\default\\ohosTest\\debug\\x86_64'
]
[2026-07-28T09:55:50.107] [DEBUG] debug-file - ohosTest@BuildNativeWithNinja work[1] is submitted.
[2026-07-28T09:55:50.107] [DEBUG] debug-file - ohosTest@BuildNativeWithNinja work[1] is pushed to ready queue.
[2026-07-28T09:55:50.108] [DEBUG] debug-file - A work dispatched to worker[15] failed because unable to get work from ready queue.
[2026-07-28T09:55:50.108] [DEBUG] debug-file - ohosTest@BuildNativeWithNinja work[1] has been dispatched to worker[14].
[2026-07-28T09:55:50.108] [DEBUG] debug-file - ohosTest@BuildNativeWithNinja work[1] is dispatched.
[2026-07-28T09:55:50.137] [DEBUG] debug-file - OHOS_STL is c++_shared
[2026-07-28T09:55:50.138] [DEBUG] debug-file - Copy STL libc++_shared.so to D:\HW\UTDesign\cases\libuv\libuv-golden-demo\entry\build\default\intermediates\cmake\ohosTest\obj\x86_64 due to OHOS_STL is 'c++_shared'
[2026-07-28T09:55:50.138] [DEBUG] debug-file - entry : ohosTest@BuildNativeWithNinja cost memory 1.5972671508789062
[2026-07-28T09:55:51.179] [DEBUG] debug-file - ninja: Entering directory `D:\HW\UTDesign\cases\libuv\libuv-golden-demo\entry\.cxx\default\ohosTest\debug\x86_64'
[1/37] Building C object libuv-test-build/CMakeFiles/uv_a.dir/src/strtok.c.o

[2026-07-28T09:55:51.257] [DEBUG] debug-file - clang: warning: argument unused during compilation: '--gcc-toolchain=E:/DevEco Studio/sdk/default/openharmony/native/llvm' [-Wunused-command-line-argument]
[2/37] Building C object libuv-test-build/CMakeFiles/uv_a.dir/src/version.c.o

[2026-07-28T09:55:51.300] [DEBUG] debug-file - clang: warning: argument unused during compilation: '--gcc-toolchain=E:/DevEco Studio/sdk/default/openharmony/native/llvm' [-Wunused-command-line-argument]
[3/37] Building C object libuv-test-build/CMakeFiles/uv_a.dir/src/strscpy.c.o

[2026-07-28T09:55:51.347] [DEBUG] debug-file - clang: warning: argument unused during compilation: '--gcc-toolchain=E:/DevEco Studio/sdk/default/openharmony/native/llvm' [-Wunused-command-line-argument]
[4/37] Building C object libuv-test-build/CMakeFiles/uv_a.dir/src/random.c.o

[2026-07-28T09:55:51.406] [DEBUG] debug-file - clang: warning: argument unused during compilation: '--gcc-toolchain=E:/DevEco Studio/sdk/default/openharmony/native/llvm' [-Wunused-command-line-argument]
[5/37] Building C object libuv-test-build/CMakeFiles/uv_a.dir/src/inet.c.o

[2026-07-28T09:55:51.461] [DEBUG] debug-file - clang: warning: argument unused during compilation: '--gcc-toolchain=E:/DevEco Studio/sdk/default/openharmony/native/llvm' [-Wunused-command-line-argument]
[6/37] Building C object libuv-test-build/CMakeFiles/uv_a.dir/src/uv-data-getter-setters.c.o

[2026-07-28T09:55:51.511] [DEBUG] debug-file - clang: warning: argument unused during compilation: '--gcc-toolchain=E:/DevEco Studio/sdk/default/openharmony/native/llvm' [-Wunused-command-line-argument]
[7/37] Building C object libuv-test-build/CMakeFiles/uv_a.dir/src/fs-poll.c.o

[2026-07-28T09:55:51.556] [DEBUG] debug-file - clang: warning: argument unused during compilation: '--gcc-toolchain=E:/DevEco Studio/sdk/default/openharmony/native/llvm' [-Wunused-command-line-argument]
[8/37] Building C object libuv-test-build/CMakeFiles/uv_a.dir/src/unix/dl.c.o

[2026-07-28T09:55:51.596] [DEBUG] debug-file - clang: warning: argument unused during compilation: '--gcc-toolchain=E:/DevEco Studio/sdk/default/openharmony/native/llvm' [-Wunused-command-line-argument]
[9/37] Building C object libuv-test-build/CMakeFiles/uv_a.dir/src/timer.c.o

[2026-07-28T09:55:51.648] [DEBUG] debug-file - clang: warning: argument unused during compilation: '--gcc-toolchain=E:/DevEco Studio/sdk/default/openharmony/native/llvm' [-Wunused-command-line-argument]
[10/37] Building C object libuv-test-build/CMakeFiles/uv_a.dir/src/thread-common.c.o

[2026-07-28T09:55:51.699] [DEBUG] debug-file - clang: warning: argument unused during compilation: '--gcc-toolchain=E:/DevEco Studio/sdk/default/openharmony/native/llvm' [-Wunused-command-line-argument]
[11/37] Building C object libuv-test-build/CMakeFiles/uv_a.dir/src/idna.c.o

[2026-07-28T09:55:51.746] [DEBUG] debug-file - clang: warning: argument unused during compilation: '--gcc-toolchain=E:/DevEco Studio/sdk/default/openharmony/native/llvm' [-Wunused-command-line-argument]
[12/37] Building C object libuv-test-build/CMakeFiles/uv_a.dir/src/unix/getaddrinfo.c.o

[2026-07-28T09:55:51.806] [DEBUG] debug-file - clang: warning: argument unused during compilation: '--gcc-toolchain=E:/DevEco Studio/sdk/default/openharmony/native/llvm' [-Wunused-command-line-argument]
[13/37] Building C object libuv-test-build/CMakeFiles/uv_a.dir/src/threadpool.c.o

[2026-07-28T09:55:51.868] [DEBUG] debug-file - clang: warning: argument unused during compilation: '--gcc-toolchain=E:/DevEco Studio/sdk/default/openharmony/native/llvm' [-Wunused-command-line-argument]
[14/37] Building C object libuv-test-build/CMakeFiles/uv_a.dir/src/unix/async.c.o

[2026-07-28T09:55:51.919] [DEBUG] debug-file - clang: warning: argument unused during compilation: '--gcc-toolchain=E:/DevEco Studio/sdk/default/openharmony/native/llvm' [-Wunused-command-line-argument]
[15/37] Building C object libuv-test-build/CMakeFiles/uv_a.dir/src/unix/getnameinfo.c.o

[2026-07-28T09:55:51.972] [DEBUG] debug-file - clang: warning: argument unused during compilation: '--gcc-toolchain=E:/DevEco Studio/sdk/default/openharmony/native/llvm' [-Wunused-command-line-argument]
[16/37] Building C object libuv-test-build/CMakeFiles/uv_a.dir/src/uv-common.c.o

[2026-07-28T09:55:52.049] [DEBUG] debug-file - clang: warning: argument unused during compilation: '--gcc-toolchain=E:/DevEco Studio/sdk/default/openharmony/native/llvm' [-Wunused-command-line-argument]
[17/37] Building C object libuv-test-build/CMakeFiles/uv_a.dir/src/unix/core.c.o

[2026-07-28T09:55:52.127] [DEBUG] debug-file - clang: warning: argument unused during compilation: '--gcc-toolchain=E:/DevEco Studio/sdk/default/openharmony/native/llvm' [-Wunused-command-line-argument]
[18/37] Building C object libuv-test-build/CMakeFiles/uv_a.dir/src/unix/fs.c.o

[2026-07-28T09:55:52.343] [DEBUG] debug-file - clang: warning: argument unused during compilation: '--gcc-toolchain=E:/DevEco Studio/sdk/default/openharmony/native/llvm' [-Wunused-command-line-argument]
[19/37] Building C object libuv-test-build/CMakeFiles/uv_a.dir/src/unix/random-sysctl-linux.c.o

[2026-07-28T09:55:52.344] [DEBUG] debug-file - clang: warning: argument unused during compilation: '--gcc-toolchain=E:/DevEco Studio/sdk/default/openharmony/native/llvm' [-Wunused-command-line-argument]
[20/37] Building C object libuv-test-build/CMakeFiles/uv_a.dir/src/unix/random-getrandom.c.o

[2026-07-28T09:55:52.347] [DEBUG] debug-file - clang: warning: argument unused during compilation: '--gcc-toolchain=E:/DevEco Studio/sdk/default/openharmony/native/llvm' [-Wunused-command-line-argument]
[21/37] Building C object libuv-test-build/CMakeFiles/uv_a.dir/src/unix/random-devurandom.c.o

[2026-07-28T09:55:52.348] [DEBUG] debug-file - clang: warning: argument unused during compilation: '--gcc-toolchain=E:/DevEco Studio/sdk/default/openharmony/native/llvm' [-Wunused-command-line-argument]
[22/37] Building C object libuv-test-build/CMakeFiles/uv_a.dir/src/unix/procfs-exepath.c.o

[2026-07-28T09:55:52.350] [DEBUG] debug-file - clang: warning: argument unused during compilation: '--gcc-toolchain=E:/DevEco Studio/sdk/default/openharmony/native/llvm' [-Wunused-command-line-argument]
[23/37] Building C object libuv-test-build/CMakeFiles/uv_a.dir/src/unix/poll.c.o

[2026-07-28T09:55:52.353] [DEBUG] debug-file - clang: warning: argument unused during compilation: '--gcc-toolchain=E:/DevEco Studio/sdk/default/openharmony/native/llvm' [-Wunused-command-line-argument]
[24/37] Building C object libuv-test-build/CMakeFiles/uv_a.dir/src/unix/loop.c.o

[2026-07-28T09:55:52.360] [DEBUG] debug-file - clang: warning: argument unused during compilation: '--gcc-toolchain=E:/DevEco Studio/sdk/default/openharmony/native/llvm' [-Wunused-command-line-argument]
[25/37] Building C object libuv-test-build/CMakeFiles/uv_a.dir/src/unix/loop-watcher.c.o

[2026-07-28T09:55:52.364] [DEBUG] debug-file - clang: warning: argument unused during compilation: '--gcc-toolchain=E:/DevEco Studio/sdk/default/openharmony/native/llvm' [-Wunused-command-line-argument]
[26/37] Building C object libuv-test-build/CMakeFiles/uv_a.dir/src/unix/proctitle.c.o

[2026-07-28T09:55:52.365] [DEBUG] debug-file - clang: warning: argument unused during compilation: '--gcc-toolchain=E:/DevEco Studio/sdk/default/openharmony/native/llvm' [-Wunused-command-line-argument]
[27/37] Building C object libuv-test-build/CMakeFiles/uv_a.dir/src/unix/pipe.c.o

[2026-07-28T09:55:52.373] [DEBUG] debug-file - clang: warning: argument unused during compilation: '--gcc-toolchain=E:/DevEco Studio/sdk/default/openharmony/native/llvm' [-Wunused-command-line-argument]
[28/37] Building C object libuv-test-build/CMakeFiles/uv_a.dir/src/unix/tcp.c.o

[2026-07-28T09:55:52.376] [DEBUG] debug-file - clang: warning: argument unused during compilation: '--gcc-toolchain=E:/DevEco Studio/sdk/default/openharmony/native/llvm' [-Wunused-command-line-argument]
[29/37] Building C object libuv-test-build/CMakeFiles/uv_a.dir/src/unix/thread.c.o

[2026-07-28T09:55:52.377] [DEBUG] debug-file - clang: warning: argument unused during compilation: '--gcc-toolchain=E:/DevEco Studio/sdk/default/openharmony/native/llvm' [-Wunused-command-line-argument]
[30/37] Building C object libuv-test-build/CMakeFiles/uv_a.dir/src/unix/tty.c.o

[2026-07-28T09:55:52.379] [DEBUG] debug-file - clang: warning: argument unused during compilation: '--gcc-toolchain=E:/DevEco Studio/sdk/default/openharmony/native/llvm' [-Wunused-command-line-argument]
[31/37] Building C object libuv-test-build/CMakeFiles/uv_a.dir/src/unix/process.c.o

[2026-07-28T09:55:52.393] [DEBUG] debug-file - clang: warning: argument unused during compilation: '--gcc-toolchain=E:/DevEco Studio/sdk/default/openharmony/native/llvm' [-Wunused-command-line-argument]
[32/37] Building C object libuv-test-build/CMakeFiles/uv_a.dir/src/unix/signal.c.o

[2026-07-28T09:55:52.399] [DEBUG] debug-file - clang: warning: argument unused during compilation: '--gcc-toolchain=E:/DevEco Studio/sdk/default/openharmony/native/llvm' [-Wunused-command-line-argument]
[33/37] Building C object libuv-test-build/CMakeFiles/uv_a.dir/src/unix/stream.c.o
clang: warning: argument unused during compilation: '--gcc-toolchain=E:/DevEco Studio/sdk/default/openharmony/native/llvm' [-Wunused-command-line-argument]
D:/HW/UTDesign/cases/libuv/libuv-golden-demo/library/src/unix/stream.c:990:56: warning: comparison of integers of different signs: 'unsigned long' and 'long' [-Wsign-compare]
  for (cmsg = CMSG_FIRSTHDR(msg); cmsg != NULL; cmsg = CMSG_NXTHDR(msg, cmsg)) {
                                                       ^~~~~~~~~~~~~~~~~~~~~~
E:/DevEco Studio/sdk/default/openharmony/native/sysroot/usr/include/sys/socket.h:360:44: note: expanded from macro 'CMSG_NXTHDR'
        __CMSG_LEN(cmsg) + sizeof(struct cmsghdr) >= __MHDR_END(mhdr) - (unsigned char *)(cmsg) \
        ~~~~~~~~~~~~~~~~~~~~~~~~~~~~~~~~~~~~~~~~~ ^  ~~~~~~~~~~~~~~~~~~~~~~~~~~~~~~~~~~~~~~~~~~
1 warning generated.
[34/37] Building C object libuv-test-build/CMakeFiles/uv_a.dir/src/unix/udp.c.o

[2026-07-28T09:55:52.469] [DEBUG] debug-file - clang: warning: argument unused during compilation: '--gcc-toolchain=E:/DevEco Studio/sdk/default/openharmony/native/llvm' [-Wunused-command-line-argument]
[35/37] Building C object libuv-test-build/CMakeFiles/uv_a.dir/src/unix/linux.c.o

[2026-07-28T09:55:52.792] [DEBUG] debug-file - clang: warning: argument unused during compilation: '--gcc-toolchain=E:/DevEco Studio/sdk/default/openharmony/native/llvm' [-Wunused-command-line-argument]
[36/37] Linking C static library libuv-test-build\libuv.a

[2026-07-28T09:55:53.112] [DEBUG] debug-file - [37/37] Linking CXX shared library D:\HW\UTDesign\cases\libuv\libuv-golden-demo\entry\build\default\intermediates\cmake\ohosTest\obj\x86_64\libentry_test.so

[2026-07-28T09:55:53.119] [DEBUG] debug-file - worker[14] has one work done.
[2026-07-28T09:55:53.134] [DEBUG] debug-file - External build set its own library output location for libuv.a, which will be hard linked or copy to the expected location.
[2026-07-28T09:55:53.137] [DEBUG] debug-file - Link D:\HW\UTDesign\cases\libuv\libuv-golden-demo\entry\.cxx\default\ohosTest\debug\x86_64\libuv-test-build\libuv.a to D:\HW\UTDesign\cases\libuv\libuv-golden-demo\entry\build\default\intermediates\cmake\ohosTest\obj\x86_64\libuv.a successfully.
[2026-07-28T09:55:53.137] [DEBUG] debug-file - ohosTest@BuildNativeWithNinja work[1] done.
[2026-07-28T09:55:53.137] [DEBUG] debug-file - A work dispatched to worker[14] failed because unable to get work from ready queue.
[2026-07-28T09:55:53.140] [DEBUG] debug-file - Executing task :entry:ohosTest@ProcessLibs
[2026-07-28T09:55:53.137] [INFO] debug-file - Finished :entry:ohosTest@BuildNativeWithNinja... after 3 s 14 ms 
[2026-07-28T09:55:53.153] [DEBUG] debug-file - Check content hash for D:\HW\UTDesign\cases\libuv\libuv-golden-demo\entry\build\default\intermediates\cmake\ohosTest\obj\x86_64\libuv.a
[2026-07-28T09:55:53.163] [DEBUG] debug-file - Check content hash for D:\HW\UTDesign\cases\libuv\libuv-golden-demo\entry\build\default\intermediates\cmake\ohosTest\obj\x86_64\libentry_test.so
[2026-07-28T09:55:53.170] [DEBUG] debug-file - Check content hash for D:\HW\UTDesign\cases\libuv\libuv-golden-demo\entry\build\default\intermediates\cmake\ohosTest\obj\x86_64\libc++_shared.so
[2026-07-28T09:55:53.176] [DEBUG] debug-file - Incremental task entry:ohosTest@ProcessLibs pre-execution cost: 2 ms .
[2026-07-28T09:55:53.176] [DEBUG] debug-file - entry : ohosTest@ProcessLibs cost memory 1.4131851196289062
[2026-07-28T09:55:53.187] [DEBUG] debug-file - Executing task :entry:ohosTest@CacheNativeLibs
[2026-07-28T09:55:53.179] [DEBUG] debug-file - Executing task :entry:ohosTest@DoNativeStrip
[2026-07-28T09:55:53.204] [DEBUG] debug-file - Executing task :entry:ohosTest@PackageHap
[2026-07-28T09:55:53.227] [DEBUG] debug-file - Executing task :entry:ohosTest@SignHap
[2026-07-28T09:55:53.217] [DEBUG] debug-file - Executing task :entry:ohosTest@PackingCheck
[2026-07-28T09:55:53.233] [DEBUG] debug-file - Executing task :entry:ohosTest@CollectDebugSymbol
[2026-07-28T09:55:53.177] [INFO] debug-file - UP-TO-DATE :entry:ohosTest@ProcessLibs...  
[2026-07-28T09:55:53.187] [DEBUG] debug-file - File: 'D:\HW\UTDesign\cases\libuv\libuv-golden-demo\entry\build\default\intermediates\binxo\ohosTest' from 'cacheBinxoNativeLibs' is not exists, just ignore.
[2026-07-28T09:55:53.180] [DEBUG] debug-file - File: 'D:\HW\UTDesign\cases\libuv\libuv-golden-demo\entry\build\default\intermediates\binxo\ohosTest' from 'doBinxoNativeLibs' is not exists, just ignore.
[2026-07-28T09:55:53.227] [WARN] debug-file - No signingConfig found for product default
[2026-07-28T09:55:53.212] [DEBUG] debug-file - Incremental task entry:ohosTest@PackageHap pre-execution cost: 7 ms .
[2026-07-28T09:55:53.224] [DEBUG] debug-file - entry : ohosTest@PackingCheck cost memory 0.7136001586914062
[2026-07-28T09:55:53.235] [DEBUG] debug-file - entry : ohosTest@CollectDebugSymbol cost memory 0.101409912109375
[2026-07-28T09:55:53.187] [DEBUG] debug-file - Task 'entry:ohosTest@CacheNativeLibs' cost while wrapping incremental declarations: 1 ms 
[2026-07-28T09:55:53.180] [DEBUG] debug-file - Task 'entry:ohosTest@DoNativeStrip' cost while wrapping incremental declarations: 1 ms 
[2026-07-28T09:55:53.213] [DEBUG] debug-file - entry : ohosTest@PackageHap cost memory 0.4854278564453125
[2026-07-28T09:55:53.224] [DEBUG] debug-file - runTaskFromQueue task cost before running: 8 s 798 ms 
[2026-07-28T09:55:53.228] [DEBUG] debug-file - entry:ohosTest@SignHap is not up-to-date, since the output file 'D:\HW\UTDesign\cases\libuv\libuv-golden-demo\entry\build\default\outputs\ohosTest\entry-ohosTest-signed.hap' does not exist.
[2026-07-28T09:55:53.235] [DEBUG] debug-file - runTaskFromQueue task cost before running: 8 s 809 ms 
[2026-07-28T09:55:53.189] [DEBUG] debug-file - Incremental task entry:ohosTest@CacheNativeLibs pre-execution cost: 2 ms .
[2026-07-28T09:55:53.184] [DEBUG] debug-file - Incremental task entry:ohosTest@DoNativeStrip pre-execution cost: 4 ms .
[2026-07-28T09:55:53.213] [INFO] debug-file - UP-TO-DATE :entry:ohosTest@PackageHap...  
[2026-07-28T09:55:53.224] [INFO] debug-file - Finished :entry:ohosTest@PackingCheck... after 7 ms 
[2026-07-28T09:55:53.189] [DEBUG] debug-file - entry : ohosTest@CacheNativeLibs cost memory 0.18569183349609375
[2026-07-28T09:55:53.228] [DEBUG] debug-file - Incremental task entry:ohosTest@SignHap pre-execution cost: 1 ms .
[2026-07-28T09:55:53.235] [INFO] debug-file - Finished :entry:ohosTest@CollectDebugSymbol... after 3 ms 
[2026-07-28T09:55:53.185] [DEBUG] debug-file - entry : ohosTest@DoNativeStrip cost memory 0.15587615966796875
[2026-07-28T09:55:53.189] [INFO] debug-file - UP-TO-DATE :entry:ohosTest@CacheNativeLibs...  
[2026-07-28T09:55:53.229] [DEBUG] debug-file - entry : ohosTest@SignHap cost memory 0.07940673828125
[2026-07-28T09:55:53.235] [DEBUG] debug-file - Executing task :entry:assembleHap
[2026-07-28T09:55:53.185] [INFO] debug-file - UP-TO-DATE :entry:ohosTest@DoNativeStrip...  
[2026-07-28T09:55:53.190] [DEBUG] debug-file - Executing task :entry:ohosTest@GeneratePkgModuleJson
[2026-07-28T09:55:53.229] [DEBUG] debug-file - runTaskFromQueue task cost before running: 8 s 803 ms 
[2026-07-28T09:55:53.235] [DEBUG] debug-file - entry : assembleHap cost memory 0.01038360595703125
[2026-07-28T09:55:53.191] [DEBUG] debug-file - File: 'D:\HW\UTDesign\cases\libuv\libuv-golden-demo\entry\build\default\intermediates\preload\ohosTest\preload.json' from 'preloadSoJsonPath' is not exists, just ignore.
[2026-07-28T09:55:53.229] [INFO] debug-file - Finished :entry:ohosTest@SignHap... after 3 ms 
[2026-07-28T09:55:53.235] [DEBUG] debug-file - runTaskFromQueue task cost before running: 8 s 810 ms 
[2026-07-28T09:55:53.192] [DEBUG] debug-file - Error occurs while handling @Input 'shouldDeduplicateHar': The "data" argument must be of type string or an instance of Buffer, TypedArray, or DataView. Received undefined
[2026-07-28T09:55:53.236] [INFO] debug-file - Finished :entry:assembleHap... after 1 ms 
[2026-07-28T09:55:53.192] [DEBUG] debug-file - Task 'entry:ohosTest@GeneratePkgModuleJson' cost while wrapping incremental declarations: 2 ms 
[2026-07-28T09:55:53.251] [INFO] debug-file - BUILD SUCCESSFUL in 8 s 825 ms 
[2026-07-28T09:55:53.193] [DEBUG] debug-file - Incremental task entry:ohosTest@GeneratePkgModuleJson pre-execution cost: 1 ms .
[2026-07-28T09:55:53.253] [DEBUG] debug-file - There is no need to refresh cache, since the incremental task entry:ohosTest@PreBuild is up-to-date.
[2026-07-28T09:55:53.193] [DEBUG] debug-file - entry : ohosTest@GeneratePkgModuleJson cost memory 0.09003448486328125
[2026-07-28T09:55:53.253] [DEBUG] debug-file - Update task entry:ohosTest@CreateModuleInfo output file:D:\HW\UTDesign\cases\libuv\libuv-golden-demo\entry\build\default\generated\profile\ohosTest\ModuleInfo.ts cache.
[2026-07-28T09:55:53.193] [INFO] debug-file - UP-TO-DATE :entry:ohosTest@GeneratePkgModuleJson...  
[2026-07-28T09:55:53.253] [DEBUG] debug-file - Incremental task entry:ohosTest@CreateModuleInfo post-execution cost:1 ms .
[2026-07-28T09:55:53.195] [DEBUG] debug-file - Executing task :entry:ohosTest@ProcessCompiledResources
[2026-07-28T09:55:53.253] [DEBUG] debug-file - There is no need to refresh cache, since the incremental task entry:ohosTest@GenerateMetadata is up-to-date.
[2026-07-28T09:55:53.195] [DEBUG] debug-file - File: 'D:\HW\UTDesign\cases\libuv\libuv-golden-demo\entry\build\default\intermediates\preload\ohosTest\preload.json' from 'preloadSoJsonPath' is not exists, just ignore.
[2026-07-28T09:55:53.253] [DEBUG] debug-file - There is no need to refresh cache, since the incremental task entry:ohosTest@MergeProfile is up-to-date.
[2026-07-28T09:55:53.195] [DEBUG] debug-file - Task 'entry:ohosTest@ProcessCompiledResources' cost while wrapping incremental declarations: 1 ms 
[2026-07-28T09:55:53.253] [DEBUG] debug-file - There is no need to refresh cache, since the incremental task entry:ohosTest@CreateBuildProfile is up-to-date.
[2026-07-28T09:55:53.196] [DEBUG] debug-file - entry : ohosTest@ProcessCompiledResources cost memory 0.05161285400390625
[2026-07-28T09:55:53.253] [DEBUG] debug-file - Update task entry:ohosTest@GeneratePkgContextInfo output file:D:\HW\UTDesign\cases\libuv\libuv-golden-demo\entry\build\default\intermediates\loader\ohosTest\pkgContextInfo.json cache.
[2026-07-28T09:55:53.196] [DEBUG] debug-file - runTaskFromQueue task cost before running: 8 s 770 ms 
[2026-07-28T09:55:53.254] [DEBUG] debug-file - Incremental task entry:ohosTest@GeneratePkgContextInfo post-execution cost:1 ms .
[2026-07-28T09:55:53.196] [INFO] debug-file - Finished :entry:ohosTest@ProcessCompiledResources... after 1 ms 
[2026-07-28T09:55:53.254] [DEBUG] debug-file - There is no need to refresh cache, since the incremental task entry:ohosTest@GeneratePkgSdkInfo is up-to-date.
[2026-07-28T09:55:53.254] [DEBUG] debug-file - Update task entry:ohosTest@ProcessIntegratedHsp output file:D:\HW\UTDesign\cases\libuv\libuv-golden-demo\build\cache\default\integrated_hsp\integratedHspCache.json cache.
[2026-07-28T09:55:53.254] [DEBUG] debug-file - Incremental task entry:ohosTest@ProcessIntegratedHsp post-execution cost:1 ms .
[2026-07-28T09:55:53.254] [DEBUG] debug-file - There is no need to refresh cache, since the incremental task entry:ohosTest@MakePackInfo is up-to-date.
[2026-07-28T09:55:53.254] [DEBUG] debug-file - Update task entry:ohosTest@SyscapTransform input file:E:\DevEco Studio\sdk\default\openharmony\toolchains\syscap_tool.exe cache by regenerate.
[2026-07-28T09:55:53.254] [DEBUG] debug-file - Update task entry:ohosTest@SyscapTransform input file:E:\DevEco Studio\sdk\default\openharmony\ets\api\device-define cache by regenerate.
[2026-07-28T09:55:53.255] [DEBUG] debug-file - Update task entry:ohosTest@SyscapTransform output file:D:\HW\UTDesign\cases\libuv\libuv-golden-demo\entry\build\default\intermediates\syscap\ohosTest\rpcid.sc cache.
[2026-07-28T09:55:53.255] [DEBUG] debug-file - Incremental task entry:ohosTest@SyscapTransform post-execution cost:2 ms .
[2026-07-28T09:55:53.255] [DEBUG] debug-file - There is no need to refresh cache, since the incremental task entry:ohosTest@ProcessProfile is up-to-date.
[2026-07-28T09:55:53.255] [DEBUG] debug-file - There is no need to refresh cache, since the incremental task entry:ohosTest@ProcessRouterMap is up-to-date.
[2026-07-28T09:55:53.255] [DEBUG] debug-file - There is no need to refresh cache, since the incremental task entry:ohosTest@ProcessShareConfig is up-to-date.
[2026-07-28T09:55:53.256] [DEBUG] debug-file - Update task entry:ohosTest@ProcessStartupConfig output file:D:\HW\UTDesign\cases\libuv\libuv-golden-demo\entry\build\default\intermediates\startup\ohosTest\startup_config.json cache.
[2026-07-28T09:55:53.256] [DEBUG] debug-file - Incremental task entry:ohosTest@ProcessStartupConfig post-execution cost:1 ms .
[2026-07-28T09:55:53.256] [DEBUG] debug-file - There is no need to refresh cache, since the incremental task entry:ohosTest@ProcessResource is up-to-date.
[2026-07-28T09:55:53.256] [DEBUG] debug-file - There is no need to refresh cache, since the incremental task entry:ohosTest@GenerateLoaderJson is up-to-date.
[2026-07-28T09:55:53.256] [DEBUG] debug-file - There is no need to refresh cache, since the incremental task entry:ohosTest@CompileResource is up-to-date.
[2026-07-28T09:55:53.256] [DEBUG] debug-file - There is no need to refresh cache, since the incremental task entry:ohosTest@OhosTestCompileArkTS is up-to-date.
[2026-07-28T09:55:53.257] [DEBUG] debug-file - Update task entry:ohosTest@OhosTestBuildJS input file:D:\HW\UTDesign\cases\libuv\libuv-golden-demo\entry\build\default\intermediates\loader\ohosTest cache by regenerate.
[2026-07-28T09:55:53.257] [DEBUG] debug-file - Update task entry:ohosTest@OhosTestBuildJS input file:D:\HW\UTDesign\cases\libuv\libuv-golden-demo\entry\build\default\intermediates\res\ohosTest\ResourceTable.txt cache by regenerate.
[2026-07-28T09:55:53.258] [DEBUG] debug-file - Update task entry:ohosTest@OhosTestBuildJS input file:D:\HW\UTDesign\cases\libuv\libuv-golden-demo\entry\build\default\intermediates\res\ohosTest\ark_module.json cache by regenerate.
[2026-07-28T09:55:53.258] [DEBUG] debug-file - Update task entry:ohosTest@OhosTestBuildJS input file:D:\HW\UTDesign\cases\libuv\libuv-golden-demo\entry\build\default\intermediates\res\ohosTest\resources\base\profile cache by regenerate.
[2026-07-28T09:55:53.258] [DEBUG] debug-file - Update task entry:ohosTest@OhosTestBuildJS input file:D:\HW\UTDesign\cases\libuv\libuv-golden-demo\entry\src\ohosTest cache by regenerate.
[2026-07-28T09:55:53.261] [DEBUG] debug-file - Update task entry:ohosTest@OhosTestBuildJS output file:D:\HW\UTDesign\cases\libuv\libuv-golden-demo\entry\build\default\intermediates\loader_out\ohosTest\js cache.
[2026-07-28T09:55:53.261] [DEBUG] debug-file - Incremental task entry:ohosTest@OhosTestBuildJS post-execution cost:6 ms .
[2026-07-28T09:55:53.261] [DEBUG] debug-file - Update task entry:ohosTest@OhosTestCopyMockConfigJson output file:D:\HW\UTDesign\cases\libuv\libuv-golden-demo\entry\build\default\intermediates\res\ohosTest\resources\rawfile\mock\mock-config.json cache.
[2026-07-28T09:55:53.262] [DEBUG] debug-file - Incremental task entry:ohosTest@OhosTestCopyMockConfigJson post-execution cost:1 ms .
[2026-07-28T09:55:53.262] [DEBUG] debug-file - There is no need to refresh cache, since the incremental task entry:ohosTest@ProcessLibs is up-to-date.
[2026-07-28T09:55:53.262] [DEBUG] debug-file - There is no need to refresh cache, since the incremental task entry:ohosTest@DoNativeStrip is up-to-date.
[2026-07-28T09:55:53.262] [DEBUG] debug-file - There is no need to refresh cache, since the incremental task entry:ohosTest@CacheNativeLibs is up-to-date.
[2026-07-28T09:55:53.262] [DEBUG] debug-file - There is no need to refresh cache, since the incremental task entry:ohosTest@GeneratePkgModuleJson is up-to-date.
[2026-07-28T09:55:53.262] [DEBUG] debug-file - Incremental task entry:ohosTest@ProcessCompiledResources post-execution cost:1 ms .
[2026-07-28T09:55:53.262] [DEBUG] debug-file - There is no need to refresh cache, since the incremental task entry:ohosTest@PackageHap is up-to-date.
[2026-07-28T09:55:53.262] [DEBUG] debug-file - Update task entry:ohosTest@SignHap input file:D:\HW\UTDesign\cases\libuv\libuv-golden-demo\entry\build\default\outputs\ohosTest\entry-ohosTest-unsigned.hap cache by regenerate.
[2026-07-28T09:55:53.262] [DEBUG] debug-file - Update task entry:ohosTest@SignHap output file:D:\HW\UTDesign\cases\libuv\libuv-golden-demo\entry\build\default\outputs\ohosTest\entry-ohosTest-signed.hap cache.
[2026-07-28T09:55:53.262] [DEBUG] debug-file - Incremental task entry:ohosTest@SignHap post-execution cost:1 ms .
[2026-07-28T09:55:53.263] [DEBUG] debug-file - Update task entry:ohosTest@CollectDebugSymbol input file:D:\HW\UTDesign\cases\libuv\libuv-golden-demo\entry\build\default\intermediates\loader_out\ohosTest\ets\sourceMaps.map cache by regenerate.
[2026-07-28T09:55:53.263] [DEBUG] debug-file - Update task entry:ohosTest@CollectDebugSymbol input file:D:\HW\UTDesign\cases\libuv\libuv-golden-demo\entry\build\default\intermediates\libs\ohosTest cache by regenerate.
[2026-07-28T09:55:53.264] [DEBUG] debug-file - Update task entry:ohosTest@CollectDebugSymbol output file:D:\HW\UTDesign\cases\libuv\libuv-golden-demo\entry\build\default\outputs\ohosTest\symbol cache.
[2026-07-28T09:55:53.264] [DEBUG] debug-file - Incremental task entry:ohosTest@CollectDebugSymbol post-execution cost:2 ms .
[2026-07-28T09:55:53.299] [DEBUG] debug-file - Current worker pool is stopped or closed.
[2026-07-28T09:55:53.300] [DEBUG] debug-file - Clear worker 0.
[2026-07-28T09:55:53.300] [DEBUG] debug-file - Worker 0 has been cleared.
[2026-07-28T09:55:53.300] [DEBUG] debug-file - Current idle worker size: 2.
[2026-07-28T09:55:53.300] [DEBUG] debug-file - Current busy worker size: 0.
[2026-07-28T09:55:53.300] [DEBUG] debug-file - Clear worker 1.
[2026-07-28T09:55:53.300] [DEBUG] debug-file - Worker 1 has been cleared.
[2026-07-28T09:55:53.300] [DEBUG] debug-file - Current idle worker size: 1.
[2026-07-28T09:55:53.300] [DEBUG] debug-file - Current busy worker size: 0.
[2026-07-28T09:55:53.300] [DEBUG] debug-file - Clear worker 14.
[2026-07-28T09:55:53.300] [DEBUG] debug-file - Worker 14 has been cleared.
[2026-07-28T09:55:53.300] [DEBUG] debug-file - Current idle worker size: 0.
[2026-07-28T09:55:53.300] [DEBUG] debug-file - Current busy worker size: 0.
[2026-07-28T09:55:53.302] [DEBUG] debug-file - hvigor build process will be closed.
[2026-07-28T09:55:53.308] [DEBUG] debug-file - Current worker pool is terminated.
[2026-07-28T09:55:53.311] [DEBUG] debug-file - worker[0] exits with exit code 1.
[2026-07-28T09:55:53.311] [DEBUG] debug-file - worker[1] exits with exit code 1.
[2026-07-28T09:55:53.319] [DEBUG] debug-file - worker[14] exits with exit code 1.
